=> creating model 'resnet18'
Epoch: [0][  0/101]	Time  5.110 ( 5.110)	Data  0.472 ( 0.472)	Loss 7.9787e-01 (7.9787e-01)	Acc@1  42.19 ( 42.19)	Acc@2 100.00 (100.00)
Epoch: [0][ 10/101]	Time  0.398 ( 0.805)	Data  0.000 ( 0.044)	Loss 6.0382e-01 (9.0154e-01)	Acc@1  67.19 ( 59.06)	Acc@2 100.00 (100.00)
Epoch: [0][ 20/101]	Time  0.389 ( 0.613)	Data  0.000 ( 0.035)	Loss 5.3381e-01 (7.3531e-01)	Acc@1  72.66 ( 64.94)	Acc@2 100.00 (100.00)
Epoch: [0][ 30/101]	Time  0.411 ( 0.544)	Data  0.000 ( 0.032)	Loss 3.9608e-01 (6.4936e-01)	Acc@1  84.38 ( 69.32)	Acc@2 100.00 (100.00)
Epoch: [0][ 40/101]	Time  0.409 ( 0.509)	Data  0.000 ( 0.030)	Loss 3.9456e-01 (5.8727e-01)	Acc@1  83.20 ( 72.28)	Acc@2 100.00 (100.00)
Epoch: [0][ 50/101]	Time  0.400 ( 0.487)	Data  0.000 ( 0.029)	Loss 3.7216e-01 (5.4761e-01)	Acc@1  85.94 ( 74.28)	Acc@2 100.00 (100.00)
Epoch: [0][ 60/101]	Time  0.398 ( 0.473)	Data  0.000 ( 0.029)	Loss 2.7981e-01 (5.1388e-01)	Acc@1  86.72 ( 76.03)	Acc@2 100.00 (100.00)
Epoch: [0][ 70/101]	Time  0.404 ( 0.463)	Data  0.000 ( 0.028)	Loss 3.2906e-01 (4.8679e-01)	Acc@1  83.98 ( 77.35)	Acc@2 100.00 (100.00)
Epoch: [0][ 80/101]	Time  0.405 ( 0.455)	Data  0.000 ( 0.028)	Loss 3.3017e-01 (4.6806e-01)	Acc@1  85.16 ( 78.26)	Acc@2 100.00 (100.00)
Epoch: [0][ 90/101]	Time  0.400 ( 0.449)	Data  0.000 ( 0.027)	Loss 3.1650e-01 (4.5165e-01)	Acc@1  85.16 ( 79.06)	Acc@2 100.00 (100.00)
Epoch: [0][100/101]	Time  2.956 ( 0.470)	Data  0.000 ( 0.027)	Loss 1.7541e-01 (4.3496e-01)	Acc@1  91.78 ( 79.86)	Acc@2 100.00 (100.00)
Test: [ 0/34]	Time  0.598 ( 0.598)	Loss 1.3628e-01 (1.3628e-01)	Acc@1  94.53 ( 94.53)	Acc@2 100.00 (100.00)
Test: [10/34]	Time  0.119 ( 0.163)	Loss 1.6708e-01 (1.2014e-01)	Acc@1  93.75 ( 95.56)	Acc@2 100.00 (100.00)
Test: [20/34]	Time  0.124 ( 0.144)	Loss 3.1433e-01 (1.2698e-01)	Acc@1  86.33 ( 95.22)	Acc@2 100.00 (100.00)
Test: [30/34]	Time  0.119 ( 0.136)	Loss 1.7297e-01 (1.9777e-01)	Acc@1  92.97 ( 92.35)	Acc@2 100.00 (100.00)
 * Acc@1 90.907 Acc@2 100.000
Epoch: [1][  0/101]	Time  0.590 ( 0.590)	Data  0.437 ( 0.437)	Loss 3.1462e-01 (3.1462e-01)	Acc@1  85.94 ( 85.94)	Acc@2 100.00 (100.00)
Epoch: [1][ 10/101]	Time  0.395 ( 0.415)	Data  0.000 ( 0.061)	Loss 2.7835e-01 (2.8345e-01)	Acc@1  87.89 ( 87.71)	Acc@2 100.00 (100.00)
Epoch: [1][ 20/101]	Time  0.393 ( 0.408)	Data  0.000 ( 0.044)	Loss 2.3665e-01 (2.8893e-01)	Acc@1  88.67 ( 87.46)	Acc@2 100.00 (100.00)
Epoch: [1][ 30/101]	Time  0.418 ( 0.406)	Data  0.000 ( 0.037)	Loss 2.0345e-01 (2.8348e-01)	Acc@1  92.19 ( 87.68)	Acc@2 100.00 (100.00)
Epoch: [1][ 40/101]	Time  0.396 ( 0.404)	Data  0.000 ( 0.034)	Loss 2.3777e-01 (2.7272e-01)	Acc@1  90.62 ( 87.88)	Acc@2 100.00 (100.00)
Epoch: [1][ 50/101]	Time  0.398 ( 0.403)	Data  0.000 ( 0.032)	Loss 2.9538e-01 (2.7157e-01)	Acc@1  87.89 ( 87.97)	Acc@2 100.00 (100.00)
Epoch: [1][ 60/101]	Time  0.399 ( 0.403)	Data  0.000 ( 0.031)	Loss 2.4557e-01 (2.6442e-01)	Acc@1  88.28 ( 88.40)	Acc@2 100.00 (100.00)
Epoch: [1][ 70/101]	Time  0.410 ( 0.403)	Data  0.000 ( 0.030)	Loss 2.4243e-01 (2.5897e-01)	Acc@1  89.06 ( 88.64)	Acc@2 100.00 (100.00)
Epoch: [1][ 80/101]	Time  0.396 ( 0.403)	Data  0.000 ( 0.030)	Loss 1.9663e-01 (2.5504e-01)	Acc@1  91.80 ( 88.75)	Acc@2 100.00 (100.00)
Epoch: [1][ 90/101]	Time  0.398 ( 0.403)	Data  0.000 ( 0.029)	Loss 1.7498e-01 (2.4909e-01)	Acc@1  92.58 ( 89.08)	Acc@2 100.00 (100.00)
Epoch: [1][100/101]	Time  0.344 ( 0.403)	Data  0.000 ( 0.029)	Loss 2.5775e-01 (2.4729e-01)	Acc@1  89.04 ( 89.18)	Acc@2 100.00 (100.00)
Test: [ 0/34]	Time  0.538 ( 0.538)	Loss 6.6694e-02 (6.6694e-02)	Acc@1  97.27 ( 97.27)	Acc@2 100.00 (100.00)
Test: [10/34]	Time  0.125 ( 0.163)	Loss 6.9081e-02 (5.9591e-02)	Acc@1  98.05 ( 98.19)	Acc@2 100.00 (100.00)
Test: [20/34]	Time  0.120 ( 0.143)	Loss 6.4716e-02 (7.0825e-02)	Acc@1  98.44 ( 97.71)	Acc@2 100.00 (100.00)
Test: [30/34]	Time  0.122 ( 0.136)	Loss 1.5269e-01 (9.1636e-02)	Acc@1  93.36 ( 96.62)	Acc@2 100.00 (100.00)
 * Acc@1 96.624 Acc@2 100.000
Epoch: [2][  0/101]	Time  0.581 ( 0.581)	Data  0.429 ( 0.429)	Loss 1.7722e-01 (1.7722e-01)	Acc@1  91.41 ( 91.41)	Acc@2 100.00 (100.00)
Epoch: [2][ 10/101]	Time  0.403 ( 0.417)	Data  0.000 ( 0.061)	Loss 2.4049e-01 (1.9860e-01)	Acc@1  87.89 ( 91.51)	Acc@2 100.00 (100.00)
Epoch: [2][ 20/101]	Time  0.398 ( 0.408)	Data  0.000 ( 0.043)	Loss 1.7289e-01 (1.8828e-01)	Acc@1  92.97 ( 92.02)	Acc@2 100.00 (100.00)
Epoch: [2][ 30/101]	Time  0.394 ( 0.406)	Data  0.000 ( 0.038)	Loss 1.9371e-01 (1.8535e-01)	Acc@1  92.58 ( 92.28)	Acc@2 100.00 (100.00)
Epoch: [2][ 40/101]	Time  0.406 ( 0.404)	Data  0.000 ( 0.034)	Loss 1.7078e-01 (1.8736e-01)	Acc@1  92.58 ( 92.03)	Acc@2 100.00 (100.00)
Epoch: [2][ 50/101]	Time  0.402 ( 0.404)	Data  0.000 ( 0.033)	Loss 1.8738e-01 (1.8686e-01)	Acc@1  91.41 ( 91.97)	Acc@2 100.00 (100.00)
Epoch: [2][ 60/101]	Time  0.409 ( 0.404)	Data  0.000 ( 0.031)	Loss 1.4927e-01 (1.8299e-01)	Acc@1  92.58 ( 92.19)	Acc@2 100.00 (100.00)
Epoch: [2][ 70/101]	Time  0.406 ( 0.405)	Data  0.000 ( 0.030)	Loss 1.7613e-01 (1.7967e-01)	Acc@1  91.41 ( 92.37)	Acc@2 100.00 (100.00)
Epoch: [2][ 80/101]	Time  0.417 ( 0.405)	Data  0.000 ( 0.030)	Loss 1.3038e-01 (1.7697e-01)	Acc@1  93.75 ( 92.51)	Acc@2 100.00 (100.00)
Epoch: [2][ 90/101]	Time  0.420 ( 0.405)	Data  0.000 ( 0.029)	Loss 1.3735e-01 (1.7424e-01)	Acc@1  95.31 ( 92.64)	Acc@2 100.00 (100.00)
Epoch: [2][100/101]	Time  0.365 ( 0.405)	Data  0.000 ( 0.029)	Loss 1.2934e-01 (1.7039e-01)	Acc@1  95.89 ( 92.85)	Acc@2 100.00 (100.00)
Test: [ 0/34]	Time  0.526 ( 0.526)	Loss 3.7255e-02 (3.7255e-02)	Acc@1  98.83 ( 98.83)	Acc@2 100.00 (100.00)
Test: [10/34]	Time  0.122 ( 0.162)	Loss 7.8534e-02 (5.8954e-02)	Acc@1  97.27 ( 98.08)	Acc@2 100.00 (100.00)
Test: [20/34]	Time  0.121 ( 0.143)	Loss 1.7733e-02 (6.4631e-02)	Acc@1  99.61 ( 97.94)	Acc@2 100.00 (100.00)
Test: [30/34]	Time  0.120 ( 0.136)	Loss 5.2774e-02 (8.0415e-02)	Acc@1  97.66 ( 97.33)	Acc@2 100.00 (100.00)
 * Acc@1 97.054 Acc@2 100.000
Epoch: [3][  0/101]	Time  0.555 ( 0.555)	Data  0.411 ( 0.411)	Loss 1.0122e-01 (1.0122e-01)	Acc@1  95.70 ( 95.70)	Acc@2 100.00 (100.00)
Epoch: [3][ 10/101]	Time  0.403 ( 0.422)	Data  0.000 ( 0.061)	Loss 1.4782e-01 (1.5959e-01)	Acc@1  91.41 ( 92.79)	Acc@2 100.00 (100.00)
Epoch: [3][ 20/101]	Time  0.423 ( 0.416)	Data  0.000 ( 0.043)	Loss 1.7428e-01 (1.6100e-01)	Acc@1  93.36 ( 92.76)	Acc@2 100.00 (100.00)
Epoch: [3][ 30/101]	Time  0.398 ( 0.414)	Data  0.000 ( 0.038)	Loss 1.7924e-01 (1.6217e-01)	Acc@1  93.36 ( 92.88)	Acc@2 100.00 (100.00)
Epoch: [3][ 40/101]	Time  0.415 ( 0.413)	Data  0.000 ( 0.034)	Loss 1.3748e-01 (1.5566e-01)	Acc@1  93.36 ( 93.22)	Acc@2 100.00 (100.00)
Epoch: [3][ 50/101]	Time  0.392 ( 0.411)	Data  0.000 ( 0.033)	Loss 1.4282e-01 (1.5186e-01)	Acc@1  93.75 ( 93.37)	Acc@2 100.00 (100.00)
Epoch: [3][ 60/101]	Time  0.409 ( 0.411)	Data  0.000 ( 0.031)	Loss 1.6415e-01 (1.4743e-01)	Acc@1  92.58 ( 93.53)	Acc@2 100.00 (100.00)
Epoch: [3][ 70/101]	Time  0.399 ( 0.409)	Data  0.000 ( 0.031)	Loss 2.0899e-01 (1.4679e-01)	Acc@1  92.58 ( 93.62)	Acc@2 100.00 (100.00)
Epoch: [3][ 80/101]	Time  0.395 ( 0.408)	Data  0.000 ( 0.030)	Loss 1.4520e-01 (1.4510e-01)	Acc@1  95.70 ( 93.75)	Acc@2 100.00 (100.00)
Epoch: [3][ 90/101]	Time  0.397 ( 0.408)	Data  0.000 ( 0.029)	Loss 1.5214e-01 (1.4384e-01)	Acc@1  93.75 ( 93.80)	Acc@2 100.00 (100.00)
Epoch: [3][100/101]	Time  0.373 ( 0.407)	Data  0.000 ( 0.029)	Loss 1.2425e-01 (1.4126e-01)	Acc@1  95.21 ( 93.94)	Acc@2 100.00 (100.00)
Test: [ 0/34]	Time  0.571 ( 0.571)	Loss 4.0903e-03 (4.0903e-03)	Acc@1 100.00 (100.00)	Acc@2 100.00 (100.00)
Test: [10/34]	Time  0.119 ( 0.162)	Loss 1.2132e-02 (5.9153e-03)	Acc@1  99.61 ( 99.82)	Acc@2 100.00 (100.00)
Test: [20/34]	Time  0.118 ( 0.143)	Loss 7.3188e-02 (1.6327e-02)	Acc@1  97.27 ( 99.44)	Acc@2 100.00 (100.00)
Test: [30/34]	Time  0.120 ( 0.136)	Loss 7.1661e-02 (4.9068e-02)	Acc@1  96.88 ( 98.21)	Acc@2 100.00 (100.00)
 * Acc@1 98.067 Acc@2 100.000
Epoch: [4][  0/101]	Time  0.617 ( 0.617)	Data  0.471 ( 0.471)	Loss 1.0285e-01 (1.0285e-01)	Acc@1  95.70 ( 95.70)	Acc@2 100.00 (100.00)
Epoch: [4][ 10/101]	Time  0.405 ( 0.423)	Data  0.000 ( 0.065)	Loss 9.6485e-02 (1.0662e-01)	Acc@1  96.88 ( 96.02)	Acc@2 100.00 (100.00)
Epoch: [4][ 20/101]	Time  0.409 ( 0.417)	Data  0.000 ( 0.047)	Loss 1.2516e-01 (1.1484e-01)	Acc@1  94.53 ( 95.44)	Acc@2 100.00 (100.00)
Epoch: [4][ 30/101]	Time  0.422 ( 0.414)	Data  0.000 ( 0.040)	Loss 1.0812e-01 (1.1254e-01)	Acc@1  94.53 ( 95.41)	Acc@2 100.00 (100.00)
Epoch: [4][ 40/101]	Time  0.404 ( 0.413)	Data  0.000 ( 0.036)	Loss 1.3436e-01 (1.1934e-01)	Acc@1  94.92 ( 95.11)	Acc@2 100.00 (100.00)
Epoch: [4][ 50/101]	Time  0.409 ( 0.412)	Data  0.000 ( 0.034)	Loss 1.1247e-01 (1.2064e-01)	Acc@1  96.48 ( 95.07)	Acc@2 100.00 (100.00)
Epoch: [4][ 60/101]	Time  0.406 ( 0.411)	Data  0.000 ( 0.033)	Loss 1.0302e-01 (1.2012e-01)	Acc@1  96.09 ( 95.05)	Acc@2 100.00 (100.00)
Epoch: [4][ 70/101]	Time  0.451 ( 0.412)	Data  0.000 ( 0.032)	Loss 1.2080e-01 (1.1982e-01)	Acc@1  94.92 ( 95.03)	Acc@2 100.00 (100.00)
Epoch: [4][ 80/101]	Time  0.413 ( 0.412)	Data  0.000 ( 0.031)	Loss 1.3592e-01 (1.1904e-01)	Acc@1  95.31 ( 95.04)	Acc@2 100.00 (100.00)
Epoch: [4][ 90/101]	Time  0.406 ( 0.411)	Data  0.000 ( 0.030)	Loss 1.1162e-01 (1.1816e-01)	Acc@1  95.70 ( 95.06)	Acc@2 100.00 (100.00)
Epoch: [4][100/101]	Time  0.368 ( 0.410)	Data  0.000 ( 0.030)	Loss 1.6304e-01 (1.1962e-01)	Acc@1  93.15 ( 94.99)	Acc@2 100.00 (100.00)
Test: [ 0/34]	Time  0.587 ( 0.587)	Loss 4.4465e-03 (4.4465e-03)	Acc@1  99.61 ( 99.61)	Acc@2 100.00 (100.00)
Test: [10/34]	Time  0.125 ( 0.165)	Loss 2.8750e-02 (1.4059e-02)	Acc@1  98.44 ( 99.57)	Acc@2 100.00 (100.00)
Test: [20/34]	Time  0.122 ( 0.145)	Loss 3.4232e-02 (1.7962e-02)	Acc@1  99.22 ( 99.48)	Acc@2 100.00 (100.00)
Test: [30/34]	Time  0.122 ( 0.138)	Loss 4.3759e-02 (3.6971e-02)	Acc@1  98.05 ( 98.89)	Acc@2 100.00 (100.00)
 * Acc@1 98.789 Acc@2 100.000
Epoch: [5][  0/101]	Time  0.560 ( 0.560)	Data  0.412 ( 0.412)	Loss 1.3783e-01 (1.3783e-01)	Acc@1  93.75 ( 93.75)	Acc@2 100.00 (100.00)
Epoch: [5][ 10/101]	Time  0.416 ( 0.424)	Data  0.000 ( 0.060)	Loss 1.0498e-01 (1.1440e-01)	Acc@1  96.09 ( 95.31)	Acc@2 100.00 (100.00)
Epoch: [5][ 20/101]	Time  0.401 ( 0.417)	Data  0.000 ( 0.044)	Loss 8.8351e-02 (1.1123e-01)	Acc@1  95.70 ( 95.50)	Acc@2 100.00 (100.00)
Epoch: [5][ 30/101]	Time  0.414 ( 0.414)	Data  0.000 ( 0.038)	Loss 6.9007e-02 (1.1188e-01)	Acc@1  97.66 ( 95.49)	Acc@2 100.00 (100.00)
Epoch: [5][ 40/101]	Time  0.402 ( 0.413)	Data  0.000 ( 0.035)	Loss 8.1867e-02 (1.0788e-01)	Acc@1  95.70 ( 95.61)	Acc@2 100.00 (100.00)
Epoch: [5][ 50/101]	Time  0.416 ( 0.412)	Data  0.000 ( 0.033)	Loss 1.0056e-01 (1.0745e-01)	Acc@1  96.48 ( 95.66)	Acc@2 100.00 (100.00)
Epoch: [5][ 60/101]	Time  0.408 ( 0.412)	Data  0.000 ( 0.032)	Loss 9.4695e-02 (1.0507e-01)	Acc@1  94.53 ( 95.78)	Acc@2 100.00 (100.00)
Epoch: [5][ 70/101]	Time  0.417 ( 0.411)	Data  0.000 ( 0.031)	Loss 9.5207e-02 (1.0424e-01)	Acc@1  95.70 ( 95.85)	Acc@2 100.00 (100.00)
Epoch: [5][ 80/101]	Time  0.412 ( 0.411)	Data  0.000 ( 0.030)	Loss 1.0953e-01 (1.0408e-01)	Acc@1  94.53 ( 95.82)	Acc@2 100.00 (100.00)
Epoch: [5][ 90/101]	Time  0.423 ( 0.411)	Data  0.000 ( 0.030)	Loss 5.0999e-02 (1.0177e-01)	Acc@1  97.66 ( 95.89)	Acc@2 100.00 (100.00)
Epoch: [5][100/101]	Time  0.361 ( 0.410)	Data  0.000 ( 0.029)	Loss 7.5333e-02 (1.0022e-01)	Acc@1  97.26 ( 95.93)	Acc@2 100.00 (100.00)
Test: [ 0/34]	Time  0.585 ( 0.585)	Loss 1.5205e-03 (1.5205e-03)	Acc@1 100.00 (100.00)	Acc@2 100.00 (100.00)
Test: [10/34]	Time  0.121 ( 0.165)	Loss 2.7931e-02 (8.7836e-03)	Acc@1  98.83 ( 99.75)	Acc@2 100.00 (100.00)
Test: [20/34]	Time  0.128 ( 0.145)	Loss 7.1194e-03 (8.9939e-03)	Acc@1  99.61 ( 99.74)	Acc@2 100.00 (100.00)
Test: [30/34]	Time  0.122 ( 0.138)	Loss 1.0709e-02 (1.4963e-02)	Acc@1  99.61 ( 99.55)	Acc@2 100.00 (100.00)
 * Acc@1 99.534 Acc@2 100.000
Epoch: [6][  0/101]	Time  0.589 ( 0.589)	Data  0.435 ( 0.435)	Loss 5.5967e-02 (5.5967e-02)	Acc@1  98.83 ( 98.83)	Acc@2 100.00 (100.00)
Epoch: [6][ 10/101]	Time  0.406 ( 0.425)	Data  0.000 ( 0.063)	Loss 1.2360e-01 (8.5764e-02)	Acc@1  95.31 ( 96.70)	Acc@2 100.00 (100.00)
Epoch: [6][ 20/101]	Time  0.419 ( 0.418)	Data  0.000 ( 0.045)	Loss 8.2916e-02 (8.8571e-02)	Acc@1  96.88 ( 96.43)	Acc@2 100.00 (100.00)
Epoch: [6][ 30/101]	Time  0.414 ( 0.416)	Data  0.000 ( 0.039)	Loss 1.1465e-01 (9.0883e-02)	Acc@1  94.53 ( 96.27)	Acc@2 100.00 (100.00)
Epoch: [6][ 40/101]	Time  0.409 ( 0.414)	Data  0.000 ( 0.035)	Loss 1.0563e-01 (9.1689e-02)	Acc@1  94.53 ( 96.18)	Acc@2 100.00 (100.00)
Epoch: [6][ 50/101]	Time  0.409 ( 0.414)	Data  0.000 ( 0.034)	Loss 1.2083e-01 (9.3063e-02)	Acc@1  94.92 ( 96.08)	Acc@2 100.00 (100.00)
Epoch: [6][ 60/101]	Time  0.423 ( 0.415)	Data  0.000 ( 0.032)	Loss 7.4896e-02 (9.5414e-02)	Acc@1  97.27 ( 96.03)	Acc@2 100.00 (100.00)
Epoch: [6][ 70/101]	Time  0.426 ( 0.415)	Data  0.000 ( 0.031)	Loss 7.3215e-02 (9.5643e-02)	Acc@1  97.27 ( 96.03)	Acc@2 100.00 (100.00)
Epoch: [6][ 80/101]	Time  0.411 ( 0.414)	Data  0.000 ( 0.031)	Loss 1.2130e-01 (9.7664e-02)	Acc@1  94.92 ( 95.94)	Acc@2 100.00 (100.00)
Epoch: [6][ 90/101]	Time  0.444 ( 0.414)	Data  0.000 ( 0.030)	Loss 9.1203e-02 (9.7206e-02)	Acc@1  96.09 ( 95.98)	Acc@2 100.00 (100.00)
Epoch: [6][100/101]	Time  0.358 ( 0.413)	Data  0.000 ( 0.030)	Loss 6.7683e-02 (9.5247e-02)	Acc@1  98.63 ( 96.07)	Acc@2 100.00 (100.00)
Test: [ 0/34]	Time  0.545 ( 0.545)	Loss 4.3036e-02 (4.3036e-02)	Acc@1  98.83 ( 98.83)	Acc@2 100.00 (100.00)
Test: [10/34]	Time  0.122 ( 0.162)	Loss 4.6858e-02 (3.4768e-02)	Acc@1  98.44 ( 98.93)	Acc@2 100.00 (100.00)
Test: [20/34]	Time  0.129 ( 0.144)	Loss 3.0164e-03 (3.1883e-02)	Acc@1 100.00 ( 99.03)	Acc@2 100.00 (100.00)
Test: [30/34]	Time  0.122 ( 0.137)	Loss 6.8541e-03 (2.7781e-02)	Acc@1 100.00 ( 99.21)	Acc@2 100.00 (100.00)
 * Acc@1 99.243 Acc@2 100.000
Epoch: [7][  0/101]	Time  0.617 ( 0.617)	Data  0.471 ( 0.471)	Loss 5.0761e-02 (5.0761e-02)	Acc@1  98.05 ( 98.05)	Acc@2 100.00 (100.00)
Epoch: [7][ 10/101]	Time  0.405 ( 0.430)	Data  0.000 ( 0.067)	Loss 8.0258e-02 (7.9693e-02)	Acc@1  96.48 ( 96.98)	Acc@2 100.00 (100.00)
Epoch: [7][ 20/101]	Time  0.406 ( 0.421)	Data  0.000 ( 0.047)	Loss 6.9690e-02 (8.7058e-02)	Acc@1  96.48 ( 96.52)	Acc@2 100.00 (100.00)
Epoch: [7][ 30/101]	Time  0.391 ( 0.417)	Data  0.000 ( 0.040)	Loss 1.5282e-01 (8.9477e-02)	Acc@1  94.53 ( 96.48)	Acc@2 100.00 (100.00)
Epoch: [7][ 40/101]	Time  0.414 ( 0.416)	Data  0.000 ( 0.036)	Loss 1.2103e-01 (8.9974e-02)	Acc@1  95.31 ( 96.47)	Acc@2 100.00 (100.00)
Epoch: [7][ 50/101]	Time  0.407 ( 0.417)	Data  0.000 ( 0.034)	Loss 5.3159e-02 (8.9589e-02)	Acc@1  98.05 ( 96.50)	Acc@2 100.00 (100.00)
Epoch: [7][ 60/101]	Time  0.427 ( 0.417)	Data  0.000 ( 0.033)	Loss 1.0776e-01 (8.8639e-02)	Acc@1  94.53 ( 96.47)	Acc@2 100.00 (100.00)
Epoch: [7][ 70/101]	Time  0.407 ( 0.417)	Data  0.000 ( 0.032)	Loss 9.0502e-02 (8.8191e-02)	Acc@1  96.48 ( 96.49)	Acc@2 100.00 (100.00)
Epoch: [7][ 80/101]	Time  0.435 ( 0.417)	Data  0.000 ( 0.031)	Loss 7.7419e-02 (8.8819e-02)	Acc@1  96.09 ( 96.40)	Acc@2 100.00 (100.00)
Epoch: [7][ 90/101]	Time  0.394 ( 0.416)	Data  0.000 ( 0.031)	Loss 7.6887e-02 (8.8690e-02)	Acc@1  96.48 ( 96.38)	Acc@2 100.00 (100.00)
Epoch: [7][100/101]	Time  0.420 ( 0.416)	Data  0.000 ( 0.030)	Loss 9.1083e-02 (8.8527e-02)	Acc@1  97.95 ( 96.38)	Acc@2 100.00 (100.00)
Test: [ 0/34]	Time  0.556 ( 0.556)	Loss 2.3122e-02 (2.3122e-02)	Acc@1  99.22 ( 99.22)	Acc@2 100.00 (100.00)
Test: [10/34]	Time  0.119 ( 0.165)	Loss 5.3624e-02 (4.3468e-02)	Acc@1  98.83 ( 98.97)	Acc@2 100.00 (100.00)
Test: [20/34]	Time  0.123 ( 0.147)	Loss 1.0101e-02 (4.3792e-02)	Acc@1  99.61 ( 98.94)	Acc@2 100.00 (100.00)
Test: [30/34]	Time  0.120 ( 0.139)	Loss 3.1218e-02 (5.1192e-02)	Acc@1  98.44 ( 98.49)	Acc@2 100.00 (100.00)
 * Acc@1 98.486 Acc@2 100.000
Epoch: [8][  0/101]	Time  0.775 ( 0.775)	Data  0.611 ( 0.611)	Loss 5.8206e-02 (5.8206e-02)	Acc@1  97.66 ( 97.66)	Acc@2 100.00 (100.00)
Epoch: [8][ 10/101]	Time  0.422 ( 0.449)	Data  0.000 ( 0.077)	Loss 1.0450e-01 (8.7363e-02)	Acc@1  94.92 ( 96.38)	Acc@2 100.00 (100.00)
Epoch: [8][ 20/101]	Time  0.422 ( 0.437)	Data  0.000 ( 0.054)	Loss 9.9723e-02 (8.4602e-02)	Acc@1  94.53 ( 96.39)	Acc@2 100.00 (100.00)
Epoch: [8][ 30/101]	Time  0.410 ( 0.430)	Data  0.000 ( 0.044)	Loss 9.4712e-02 (8.5834e-02)	Acc@1  96.88 ( 96.40)	Acc@2 100.00 (100.00)
Epoch: [8][ 40/101]	Time  0.418 ( 0.427)	Data  0.000 ( 0.040)	Loss 9.1077e-02 (8.4920e-02)	Acc@1  95.70 ( 96.46)	Acc@2 100.00 (100.00)
Epoch: [8][ 50/101]	Time  0.413 ( 0.425)	Data  0.000 ( 0.037)	Loss 9.4710e-02 (8.2907e-02)	Acc@1  96.09 ( 96.56)	Acc@2 100.00 (100.00)
Epoch: [8][ 60/101]	Time  0.422 ( 0.424)	Data  0.000 ( 0.036)	Loss 4.8199e-02 (8.0846e-02)	Acc@1  98.83 ( 96.67)	Acc@2 100.00 (100.00)
Epoch: [8][ 70/101]	Time  0.430 ( 0.423)	Data  0.000 ( 0.034)	Loss 1.2010e-01 (8.1114e-02)	Acc@1  94.53 ( 96.65)	Acc@2 100.00 (100.00)
Epoch: [8][ 80/101]	Time  0.419 ( 0.422)	Data  0.000 ( 0.033)	Loss 8.5864e-02 (7.9762e-02)	Acc@1  95.70 ( 96.71)	Acc@2 100.00 (100.00)
Epoch: [8][ 90/101]	Time  0.424 ( 0.421)	Data  0.000 ( 0.032)	Loss 3.9739e-02 (7.8097e-02)	Acc@1  98.44 ( 96.77)	Acc@2 100.00 (100.00)
Epoch: [8][100/101]	Time  0.377 ( 0.420)	Data  0.000 ( 0.032)	Loss 8.8192e-02 (7.8481e-02)	Acc@1  95.89 ( 96.76)	Acc@2 100.00 (100.00)
Test: [ 0/34]	Time  0.622 ( 0.622)	Loss 1.8933e-03 (1.8933e-03)	Acc@1 100.00 (100.00)	Acc@2 100.00 (100.00)
Test: [10/34]	Time  0.121 ( 0.169)	Loss 1.7396e-02 (6.5674e-03)	Acc@1  99.61 ( 99.79)	Acc@2 100.00 (100.00)
Test: [20/34]	Time  0.122 ( 0.148)	Loss 1.5213e-02 (1.0118e-02)	Acc@1  99.61 ( 99.63)	Acc@2 100.00 (100.00)
Test: [30/34]	Time  0.122 ( 0.140)	Loss 2.9448e-02 (3.1719e-02)	Acc@1  99.22 ( 98.99)	Acc@2 100.00 (100.00)
 * Acc@1 98.941 Acc@2 100.000
Epoch: [9][  0/101]	Time  0.603 ( 0.603)	Data  0.446 ( 0.446)	Loss 3.2584e-02 (3.2584e-02)	Acc@1  99.61 ( 99.61)	Acc@2 100.00 (100.00)
Epoch: [9][ 10/101]	Time  0.420 ( 0.438)	Data  0.000 ( 0.063)	Loss 7.9813e-02 (7.0783e-02)	Acc@1  95.70 ( 97.16)	Acc@2 100.00 (100.00)
Epoch: [9][ 20/101]	Time  0.406 ( 0.428)	Data  0.000 ( 0.045)	Loss 1.2730e-01 (7.1519e-02)	Acc@1  94.92 ( 97.14)	Acc@2 100.00 (100.00)
Epoch: [9][ 30/101]	Time  0.424 ( 0.424)	Data  0.000 ( 0.039)	Loss 7.0920e-02 (7.2957e-02)	Acc@1  97.66 ( 97.18)	Acc@2 100.00 (100.00)
Epoch: [9][ 40/101]	Time  0.406 ( 0.422)	Data  0.000 ( 0.036)	Loss 4.9371e-02 (7.2882e-02)	Acc@1  98.05 ( 97.18)	Acc@2 100.00 (100.00)
Epoch: [9][ 50/101]	Time  0.427 ( 0.422)	Data  0.000 ( 0.034)	Loss 5.5532e-02 (7.3691e-02)	Acc@1  98.83 ( 97.16)	Acc@2 100.00 (100.00)
Epoch: [9][ 60/101]	Time  0.400 ( 0.420)	Data  0.000 ( 0.033)	Loss 7.7073e-02 (7.4079e-02)	Acc@1  96.48 ( 97.12)	Acc@2 100.00 (100.00)
Epoch: [9][ 70/101]	Time  0.437 ( 0.420)	Data  0.000 ( 0.032)	Loss 6.3957e-02 (7.3927e-02)	Acc@1  98.05 ( 97.13)	Acc@2 100.00 (100.00)
Epoch: [9][ 80/101]	Time  0.417 ( 0.420)	Data  0.000 ( 0.031)	Loss 6.4528e-02 (7.4214e-02)	Acc@1  97.66 ( 97.08)	Acc@2 100.00 (100.00)
Epoch: [9][ 90/101]	Time  0.421 ( 0.420)	Data  0.000 ( 0.030)	Loss 7.2443e-02 (7.4050e-02)	Acc@1  95.31 ( 97.08)	Acc@2 100.00 (100.00)
Epoch: [9][100/101]	Time  0.362 ( 0.419)	Data  0.000 ( 0.030)	Loss 1.1696e-01 (7.4138e-02)	Acc@1  92.47 ( 97.04)	Acc@2 100.00 (100.00)
Test: [ 0/34]	Time  0.564 ( 0.564)	Loss 1.2045e-02 (1.2045e-02)	Acc@1  99.61 ( 99.61)	Acc@2 100.00 (100.00)
Test: [10/34]	Time  0.133 ( 0.165)	Loss 6.4087e-02 (2.1956e-02)	Acc@1  98.83 ( 99.36)	Acc@2 100.00 (100.00)
Test: [20/34]	Time  0.128 ( 0.146)	Loss 1.4545e-03 (2.1065e-02)	Acc@1 100.00 ( 99.39)	Acc@2 100.00 (100.00)
Test: [30/34]	Time  0.122 ( 0.139)	Loss 5.9098e-03 (1.7301e-02)	Acc@1  99.61 ( 99.43)	Acc@2 100.00 (100.00)
 * Acc@1 99.441 Acc@2 100.000
Epoch: [10][  0/101]	Time  0.708 ( 0.708)	Data  0.558 ( 0.558)	Loss 1.1459e-01 (1.1459e-01)	Acc@1  94.53 ( 94.53)	Acc@2 100.00 (100.00)
Epoch: [10][ 10/101]	Time  0.427 ( 0.445)	Data  0.000 ( 0.074)	Loss 6.0994e-02 (8.2092e-02)	Acc@1  98.44 ( 96.80)	Acc@2 100.00 (100.00)
Epoch: [10][ 20/101]	Time  0.417 ( 0.432)	Data  0.000 ( 0.051)	Loss 5.4542e-02 (7.9693e-02)	Acc@1  97.66 ( 96.86)	Acc@2 100.00 (100.00)
Epoch: [10][ 30/101]	Time  0.413 ( 0.428)	Data  0.000 ( 0.043)	Loss 8.4053e-02 (7.6657e-02)	Acc@1  97.27 ( 96.96)	Acc@2 100.00 (100.00)
Epoch: [10][ 40/101]	Time  0.421 ( 0.425)	Data  0.000 ( 0.039)	Loss 1.1541e-01 (7.5568e-02)	Acc@1  94.92 ( 96.96)	Acc@2 100.00 (100.00)
Epoch: [10][ 50/101]	Time  0.422 ( 0.422)	Data  0.000 ( 0.036)	Loss 4.3966e-02 (7.3891e-02)	Acc@1  98.44 ( 97.03)	Acc@2 100.00 (100.00)
Epoch: [10][ 60/101]	Time  0.412 ( 0.421)	Data  0.000 ( 0.034)	Loss 4.9401e-02 (7.2692e-02)	Acc@1  98.44 ( 97.03)	Acc@2 100.00 (100.00)
Epoch: [10][ 70/101]	Time  0.421 ( 0.420)	Data  0.000 ( 0.033)	Loss 1.1204e-01 (7.2384e-02)	Acc@1  95.70 ( 97.01)	Acc@2 100.00 (100.00)
Epoch: [10][ 80/101]	Time  0.463 ( 0.421)	Data  0.000 ( 0.032)	Loss 5.8390e-02 (7.0999e-02)	Acc@1  97.66 ( 97.05)	Acc@2 100.00 (100.00)
Epoch: [10][ 90/101]	Time  0.418 ( 0.420)	Data  0.000 ( 0.031)	Loss 5.0683e-02 (7.0391e-02)	Acc@1  98.44 ( 97.11)	Acc@2 100.00 (100.00)
Epoch: [10][100/101]	Time  0.359 ( 0.420)	Data  0.000 ( 0.031)	Loss 6.0394e-02 (6.9683e-02)	Acc@1  97.95 ( 97.16)	Acc@2 100.00 (100.00)
Test: [ 0/34]	Time  0.564 ( 0.564)	Loss 1.5439e-02 (1.5439e-02)	Acc@1  99.61 ( 99.61)	Acc@2 100.00 (100.00)
Test: [10/34]	Time  0.123 ( 0.164)	Loss 4.2197e-02 (3.2191e-02)	Acc@1  98.83 ( 99.11)	Acc@2 100.00 (100.00)
Test: [20/34]	Time  0.130 ( 0.146)	Loss 9.6002e-04 (3.1473e-02)	Acc@1 100.00 ( 99.14)	Acc@2 100.00 (100.00)
Test: [30/34]	Time  0.122 ( 0.138)	Loss 9.4430e-03 (2.8782e-02)	Acc@1  99.22 ( 99.16)	Acc@2 100.00 (100.00)
 * Acc@1 99.185 Acc@2 100.000
Epoch: [11][  0/101]	Time  0.609 ( 0.609)	Data  0.462 ( 0.462)	Loss 9.2893e-02 (9.2893e-02)	Acc@1  95.70 ( 95.70)	Acc@2 100.00 (100.00)
Epoch: [11][ 10/101]	Time  0.408 ( 0.437)	Data  0.000 ( 0.066)	Loss 6.4743e-02 (6.8230e-02)	Acc@1  96.48 ( 96.91)	Acc@2 100.00 (100.00)
Epoch: [11][ 20/101]	Time  0.424 ( 0.427)	Data  0.000 ( 0.047)	Loss 7.5126e-02 (6.7676e-02)	Acc@1  96.09 ( 96.99)	Acc@2 100.00 (100.00)
Epoch: [11][ 30/101]	Time  0.408 ( 0.423)	Data  0.000 ( 0.040)	Loss 2.7251e-02 (7.0991e-02)	Acc@1  99.61 ( 96.93)	Acc@2 100.00 (100.00)
Epoch: [11][ 40/101]	Time  0.407 ( 0.423)	Data  0.000 ( 0.036)	Loss 7.5530e-02 (7.3180e-02)	Acc@1  97.27 ( 96.92)	Acc@2 100.00 (100.00)
Epoch: [11][ 50/101]	Time  0.413 ( 0.421)	Data  0.000 ( 0.034)	Loss 8.3087e-02 (7.2753e-02)	Acc@1  96.88 ( 96.93)	Acc@2 100.00 (100.00)
Epoch: [11][ 60/101]	Time  0.430 ( 0.420)	Data  0.000 ( 0.033)	Loss 9.6630e-02 (7.1002e-02)	Acc@1  96.09 ( 97.05)	Acc@2 100.00 (100.00)
Epoch: [11][ 70/101]	Time  0.406 ( 0.421)	Data  0.000 ( 0.032)	Loss 6.3745e-02 (7.1565e-02)	Acc@1  97.27 ( 97.00)	Acc@2 100.00 (100.00)
Epoch: [11][ 80/101]	Time  0.418 ( 0.421)	Data  0.000 ( 0.031)	Loss 4.2481e-02 (6.9850e-02)	Acc@1  99.22 ( 97.12)	Acc@2 100.00 (100.00)
Epoch: [11][ 90/101]	Time  0.408 ( 0.421)	Data  0.000 ( 0.031)	Loss 6.4454e-02 (6.8524e-02)	Acc@1  97.66 ( 97.18)	Acc@2 100.00 (100.00)
Epoch: [11][100/101]	Time  0.394 ( 0.420)	Data  0.000 ( 0.030)	Loss 7.5442e-02 (6.9195e-02)	Acc@1  95.21 ( 97.15)	Acc@2 100.00 (100.00)
Test: [ 0/34]	Time  0.549 ( 0.549)	Loss 7.4322e-03 (7.4322e-03)	Acc@1  99.61 ( 99.61)	Acc@2 100.00 (100.00)
Test: [10/34]	Time  0.128 ( 0.167)	Loss 4.0668e-02 (2.4072e-02)	Acc@1  98.83 ( 99.15)	Acc@2 100.00 (100.00)
Test: [20/34]	Time  0.124 ( 0.147)	Loss 3.0033e-03 (2.1098e-02)	Acc@1 100.00 ( 99.26)	Acc@2 100.00 (100.00)
Test: [30/34]	Time  0.123 ( 0.140)	Loss 5.1228e-03 (1.5488e-02)	Acc@1  99.61 ( 99.47)	Acc@2 100.00 (100.00)
 * Acc@1 99.511 Acc@2 100.000
Epoch: [12][  0/101]	Time  0.617 ( 0.617)	Data  0.470 ( 0.470)	Loss 4.5574e-02 (4.5574e-02)	Acc@1  97.66 ( 97.66)	Acc@2 100.00 (100.00)
Epoch: [12][ 10/101]	Time  0.413 ( 0.434)	Data  0.000 ( 0.065)	Loss 5.3399e-02 (6.1868e-02)	Acc@1  96.88 ( 97.62)	Acc@2 100.00 (100.00)
Epoch: [12][ 20/101]	Time  0.417 ( 0.428)	Data  0.000 ( 0.047)	Loss 4.8899e-02 (5.8408e-02)	Acc@1  97.66 ( 97.69)	Acc@2 100.00 (100.00)
Epoch: [12][ 30/101]	Time  0.423 ( 0.425)	Data  0.000 ( 0.040)	Loss 7.5316e-02 (5.9892e-02)	Acc@1  97.66 ( 97.67)	Acc@2 100.00 (100.00)
Epoch: [12][ 40/101]	Time  0.426 ( 0.428)	Data  0.000 ( 0.037)	Loss 8.6329e-02 (6.0762e-02)	Acc@1  96.09 ( 97.58)	Acc@2 100.00 (100.00)
Epoch: [12][ 50/101]	Time  0.421 ( 0.425)	Data  0.000 ( 0.035)	Loss 4.0194e-02 (6.1709e-02)	Acc@1  98.44 ( 97.55)	Acc@2 100.00 (100.00)
Epoch: [12][ 60/101]	Time  0.417 ( 0.424)	Data  0.000 ( 0.033)	Loss 8.0700e-02 (6.2367e-02)	Acc@1  96.88 ( 97.52)	Acc@2 100.00 (100.00)
Epoch: [12][ 70/101]	Time  0.427 ( 0.424)	Data  0.000 ( 0.032)	Loss 5.5166e-02 (6.2367e-02)	Acc@1  96.48 ( 97.47)	Acc@2 100.00 (100.00)
Epoch: [12][ 80/101]	Time  0.429 ( 0.423)	Data  0.000 ( 0.031)	Loss 5.8128e-02 (6.2086e-02)	Acc@1  97.66 ( 97.46)	Acc@2 100.00 (100.00)
Epoch: [12][ 90/101]	Time  0.418 ( 0.422)	Data  0.000 ( 0.031)	Loss 5.9322e-02 (6.3324e-02)	Acc@1  98.05 ( 97.38)	Acc@2 100.00 (100.00)
Epoch: [12][100/101]	Time  0.383 ( 0.422)	Data  0.000 ( 0.030)	Loss 4.0568e-02 (6.3486e-02)	Acc@1  98.63 ( 97.41)	Acc@2 100.00 (100.00)
Test: [ 0/34]	Time  0.564 ( 0.564)	Loss 6.7143e-04 (6.7143e-04)	Acc@1 100.00 (100.00)	Acc@2 100.00 (100.00)
Test: [10/34]	Time  0.131 ( 0.166)	Loss 2.2396e-03 (1.0961e-02)	Acc@1 100.00 ( 99.75)	Acc@2 100.00 (100.00)
Test: [20/34]	Time  0.134 ( 0.146)	Loss 4.0128e-03 (1.3166e-02)	Acc@1 100.00 ( 99.61)	Acc@2 100.00 (100.00)
Test: [30/34]	Time  0.124 ( 0.139)	Loss 1.8971e-02 (2.1222e-02)	Acc@1  99.22 ( 99.22)	Acc@2 100.00 (100.00)
 * Acc@1 99.162 Acc@2 100.000
Epoch: [13][  0/101]	Time  0.617 ( 0.617)	Data  0.462 ( 0.462)	Loss 4.7514e-02 (4.7514e-02)	Acc@1  96.88 ( 96.88)	Acc@2 100.00 (100.00)
Epoch: [13][ 10/101]	Time  0.435 ( 0.437)	Data  0.000 ( 0.064)	Loss 6.7392e-02 (5.8126e-02)	Acc@1  96.09 ( 97.83)	Acc@2 100.00 (100.00)
Epoch: [13][ 20/101]	Time  0.405 ( 0.428)	Data  0.000 ( 0.046)	Loss 4.4521e-02 (5.6351e-02)	Acc@1  98.83 ( 97.90)	Acc@2 100.00 (100.00)
Epoch: [13][ 30/101]	Time  0.426 ( 0.425)	Data  0.000 ( 0.040)	Loss 1.1334e-01 (5.8241e-02)	Acc@1  95.70 ( 97.73)	Acc@2 100.00 (100.00)
Epoch: [13][ 40/101]	Time  0.400 ( 0.423)	Data  0.000 ( 0.037)	Loss 6.9238e-02 (5.9759e-02)	Acc@1  97.27 ( 97.69)	Acc@2 100.00 (100.00)
Epoch: [13][ 50/101]	Time  0.427 ( 0.422)	Data  0.000 ( 0.035)	Loss 8.1077e-02 (5.9198e-02)	Acc@1  95.70 ( 97.68)	Acc@2 100.00 (100.00)
Epoch: [13][ 60/101]	Time  0.407 ( 0.422)	Data  0.000 ( 0.033)	Loss 3.5465e-02 (5.8749e-02)	Acc@1  98.83 ( 97.66)	Acc@2 100.00 (100.00)
Epoch: [13][ 70/101]	Time  0.423 ( 0.421)	Data  0.000 ( 0.032)	Loss 5.9734e-02 (6.0453e-02)	Acc@1  97.66 ( 97.58)	Acc@2 100.00 (100.00)
Epoch: [13][ 80/101]	Time  0.404 ( 0.421)	Data  0.000 ( 0.031)	Loss 3.2634e-02 (5.9571e-02)	Acc@1  99.22 ( 97.63)	Acc@2 100.00 (100.00)
Epoch: [13][ 90/101]	Time  0.439 ( 0.421)	Data  0.000 ( 0.031)	Loss 6.1214e-02 (6.0194e-02)	Acc@1  97.66 ( 97.62)	Acc@2 100.00 (100.00)
Epoch: [13][100/101]	Time  0.366 ( 0.420)	Data  0.000 ( 0.030)	Loss 7.3542e-02 (6.0286e-02)	Acc@1  97.26 ( 97.59)	Acc@2 100.00 (100.00)
Test: [ 0/34]	Time  0.630 ( 0.630)	Loss 5.6024e-04 (5.6024e-04)	Acc@1 100.00 (100.00)	Acc@2 100.00 (100.00)
Test: [10/34]	Time  0.133 ( 0.170)	Loss 1.6802e-02 (1.2882e-02)	Acc@1  99.61 ( 99.68)	Acc@2 100.00 (100.00)
Test: [20/34]	Time  0.122 ( 0.148)	Loss 2.2872e-02 (1.4869e-02)	Acc@1  99.22 ( 99.59)	Acc@2 100.00 (100.00)
Test: [30/34]	Time  0.124 ( 0.141)	Loss 1.5240e-02 (2.0456e-02)	Acc@1  99.22 ( 99.27)	Acc@2 100.00 (100.00)
 * Acc@1 99.267 Acc@2 100.000
Epoch: [14][  0/101]	Time  0.675 ( 0.675)	Data  0.528 ( 0.528)	Loss 6.0567e-02 (6.0567e-02)	Acc@1  97.27 ( 97.27)	Acc@2 100.00 (100.00)
Epoch: [14][ 10/101]	Time  0.454 ( 0.450)	Data  0.000 ( 0.072)	Loss 4.6049e-02 (5.6655e-02)	Acc@1  98.83 ( 98.05)	Acc@2 100.00 (100.00)
Epoch: [14][ 20/101]	Time  0.421 ( 0.434)	Data  0.000 ( 0.049)	Loss 1.6865e-01 (6.1665e-02)	Acc@1  94.92 ( 97.82)	Acc@2 100.00 (100.00)
Epoch: [14][ 30/101]	Time  0.417 ( 0.430)	Data  0.000 ( 0.042)	Loss 1.0105e-01 (6.2211e-02)	Acc@1  95.70 ( 97.77)	Acc@2 100.00 (100.00)
Epoch: [14][ 40/101]	Time  0.423 ( 0.427)	Data  0.000 ( 0.038)	Loss 7.6209e-02 (6.3249e-02)	Acc@1  96.09 ( 97.64)	Acc@2 100.00 (100.00)
Epoch: [14][ 50/101]	Time  0.424 ( 0.426)	Data  0.000 ( 0.036)	Loss 4.3350e-02 (6.4904e-02)	Acc@1  98.44 ( 97.54)	Acc@2 100.00 (100.00)
Epoch: [14][ 60/101]	Time  0.426 ( 0.425)	Data  0.000 ( 0.034)	Loss 4.4499e-02 (6.3797e-02)	Acc@1  98.44 ( 97.57)	Acc@2 100.00 (100.00)
Epoch: [14][ 70/101]	Time  0.431 ( 0.424)	Data  0.000 ( 0.033)	Loss 5.1699e-02 (6.2989e-02)	Acc@1  97.66 ( 97.57)	Acc@2 100.00 (100.00)
Epoch: [14][ 80/101]	Time  0.405 ( 0.423)	Data  0.000 ( 0.032)	Loss 7.3584e-02 (6.3521e-02)	Acc@1  96.88 ( 97.55)	Acc@2 100.00 (100.00)
Epoch: [14][ 90/101]	Time  0.405 ( 0.423)	Data  0.000 ( 0.032)	Loss 4.5356e-02 (6.2799e-02)	Acc@1  98.05 ( 97.60)	Acc@2 100.00 (100.00)
Epoch: [14][100/101]	Time  0.361 ( 0.422)	Data  0.000 ( 0.031)	Loss 3.9564e-02 (6.2949e-02)	Acc@1  98.63 ( 97.57)	Acc@2 100.00 (100.00)
Test: [ 0/34]	Time  0.596 ( 0.596)	Loss 1.3771e-01 (1.3771e-01)	Acc@1  96.09 ( 96.09)	Acc@2 100.00 (100.00)
Test: [10/34]	Time  0.122 ( 0.167)	Loss 1.6603e-01 (1.5367e-01)	Acc@1  95.31 ( 95.88)	Acc@2 100.00 (100.00)
Test: [20/34]	Time  0.126 ( 0.147)	Loss 1.4300e-04 (1.2888e-01)	Acc@1 100.00 ( 96.41)	Acc@2 100.00 (100.00)
Test: [30/34]	Time  0.122 ( 0.139)	Loss 3.5593e-04 (8.7781e-02)	Acc@1 100.00 ( 97.57)	Acc@2 100.00 (100.00)
 * Acc@1 97.741 Acc@2 100.000
Epoch: [15][  0/101]	Time  0.600 ( 0.600)	Data  0.453 ( 0.453)	Loss 6.8740e-02 (6.8740e-02)	Acc@1  97.27 ( 97.27)	Acc@2 100.00 (100.00)
Epoch: [15][ 10/101]	Time  0.411 ( 0.439)	Data  0.000 ( 0.066)	Loss 7.2142e-02 (5.9725e-02)	Acc@1  96.88 ( 97.55)	Acc@2 100.00 (100.00)
Epoch: [15][ 20/101]	Time  0.419 ( 0.428)	Data  0.000 ( 0.047)	Loss 3.9392e-02 (5.5708e-02)	Acc@1  98.05 ( 97.73)	Acc@2 100.00 (100.00)
Epoch: [15][ 30/101]	Time  0.405 ( 0.424)	Data  0.000 ( 0.041)	Loss 9.1412e-02 (5.4829e-02)	Acc@1  96.48 ( 97.74)	Acc@2 100.00 (100.00)
Epoch: [15][ 40/101]	Time  0.479 ( 0.424)	Data  0.000 ( 0.037)	Loss 5.5455e-02 (5.5302e-02)	Acc@1  98.05 ( 97.73)	Acc@2 100.00 (100.00)
Epoch: [15][ 50/101]	Time  0.404 ( 0.422)	Data  0.000 ( 0.035)	Loss 9.0282e-02 (5.6060e-02)	Acc@1  96.88 ( 97.76)	Acc@2 100.00 (100.00)
Epoch: [15][ 60/101]	Time  0.430 ( 0.421)	Data  0.000 ( 0.033)	Loss 4.8010e-02 (5.6079e-02)	Acc@1  98.05 ( 97.76)	Acc@2 100.00 (100.00)
Epoch: [15][ 70/101]	Time  0.415 ( 0.421)	Data  0.000 ( 0.032)	Loss 4.6106e-02 (5.6878e-02)	Acc@1  98.44 ( 97.72)	Acc@2 100.00 (100.00)
Epoch: [15][ 80/101]	Time  0.430 ( 0.420)	Data  0.000 ( 0.031)	Loss 5.5797e-02 (5.6707e-02)	Acc@1  97.66 ( 97.69)	Acc@2 100.00 (100.00)
Epoch: [15][ 90/101]	Time  0.407 ( 0.420)	Data  0.000 ( 0.031)	Loss 3.5251e-02 (5.6427e-02)	Acc@1  98.83 ( 97.70)	Acc@2 100.00 (100.00)
Epoch: [15][100/101]	Time  0.384 ( 0.419)	Data  0.000 ( 0.030)	Loss 5.3020e-02 (5.6387e-02)	Acc@1  97.95 ( 97.70)	Acc@2 100.00 (100.00)
Test: [ 0/34]	Time  0.575 ( 0.575)	Loss 2.9556e-02 (2.9556e-02)	Acc@1  99.22 ( 99.22)	Acc@2 100.00 (100.00)
Test: [10/34]	Time  0.121 ( 0.165)	Loss 6.7948e-02 (5.1522e-02)	Acc@1  98.83 ( 98.97)	Acc@2 100.00 (100.00)
Test: [20/34]	Time  0.128 ( 0.146)	Loss 9.0985e-04 (4.7556e-02)	Acc@1 100.00 ( 98.98)	Acc@2 100.00 (100.00)
Test: [30/34]	Time  0.126 ( 0.139)	Loss 2.6337e-03 (3.5099e-02)	Acc@1 100.00 ( 99.21)	Acc@2 100.00 (100.00)
 * Acc@1 99.267 Acc@2 100.000
Epoch: [16][  0/101]	Time  0.618 ( 0.618)	Data  0.463 ( 0.463)	Loss 2.0053e-02 (2.0053e-02)	Acc@1  99.22 ( 99.22)	Acc@2 100.00 (100.00)
Epoch: [16][ 10/101]	Time  0.419 ( 0.438)	Data  0.000 ( 0.065)	Loss 5.1865e-02 (4.8515e-02)	Acc@1  98.05 ( 97.87)	Acc@2 100.00 (100.00)
Epoch: [16][ 20/101]	Time  0.431 ( 0.428)	Data  0.000 ( 0.047)	Loss 6.4851e-02 (5.6548e-02)	Acc@1  98.05 ( 97.64)	Acc@2 100.00 (100.00)
Epoch: [16][ 30/101]	Time  0.413 ( 0.424)	Data  0.000 ( 0.040)	Loss 4.1674e-02 (5.5428e-02)	Acc@1  97.66 ( 97.74)	Acc@2 100.00 (100.00)
Epoch: [16][ 40/101]	Time  0.410 ( 0.422)	Data  0.000 ( 0.037)	Loss 6.4159e-02 (5.8215e-02)	Acc@1  96.88 ( 97.62)	Acc@2 100.00 (100.00)
Epoch: [16][ 50/101]	Time  0.405 ( 0.421)	Data  0.000 ( 0.034)	Loss 2.9215e-02 (5.8132e-02)	Acc@1  98.83 ( 97.66)	Acc@2 100.00 (100.00)
Epoch: [16][ 60/101]	Time  0.423 ( 0.421)	Data  0.000 ( 0.033)	Loss 3.5010e-02 (5.8833e-02)	Acc@1  99.22 ( 97.65)	Acc@2 100.00 (100.00)
Epoch: [16][ 70/101]	Time  0.364 ( 0.421)	Data  0.000 ( 0.031)	Loss 5.4530e-02 (5.7967e-02)	Acc@1  98.05 ( 97.63)	Acc@2 100.00 (100.00)
Epoch: [16][ 80/101]	Time  0.392 ( 0.420)	Data  0.000 ( 0.030)	Loss 4.4281e-02 (5.8570e-02)	Acc@1  98.44 ( 97.58)	Acc@2 100.00 (100.00)
Epoch: [16][ 90/101]	Time  0.370 ( 0.419)	Data  0.000 ( 0.029)	Loss 6.5627e-02 (5.9361e-02)	Acc@1  97.27 ( 97.55)	Acc@2 100.00 (100.00)
Epoch: [16][100/101]	Time  0.384 ( 0.418)	Data  0.000 ( 0.028)	Loss 9.2915e-02 (6.0796e-02)	Acc@1  96.58 ( 97.52)	Acc@2 100.00 (100.00)
Test: [ 0/34]	Time  0.578 ( 0.578)	Loss 2.1003e-02 (2.1003e-02)	Acc@1  99.22 ( 99.22)	Acc@2 100.00 (100.00)
Test: [10/34]	Time  0.121 ( 0.165)	Loss 6.2135e-02 (5.6298e-02)	Acc@1  98.05 ( 98.58)	Acc@2 100.00 (100.00)
Test: [20/34]	Time  0.127 ( 0.146)	Loss 4.9759e-04 (5.0426e-02)	Acc@1 100.00 ( 98.77)	Acc@2 100.00 (100.00)
Test: [30/34]	Time  0.120 ( 0.139)	Loss 1.2787e-03 (3.5747e-02)	Acc@1 100.00 ( 99.09)	Acc@2 100.00 (100.00)
 * Acc@1 99.150 Acc@2 100.000
Epoch: [17][  0/101]	Time  0.659 ( 0.659)	Data  0.507 ( 0.507)	Loss 6.1904e-02 (6.1904e-02)	Acc@1  97.27 ( 97.27)	Acc@2 100.00 (100.00)
Epoch: [17][ 10/101]	Time  0.417 ( 0.433)	Data  0.000 ( 0.068)	Loss 6.5446e-02 (5.6236e-02)	Acc@1  96.48 ( 97.69)	Acc@2 100.00 (100.00)
Epoch: [17][ 20/101]	Time  0.408 ( 0.425)	Data  0.000 ( 0.048)	Loss 5.8910e-02 (5.5234e-02)	Acc@1  97.27 ( 97.77)	Acc@2 100.00 (100.00)
Epoch: [17][ 30/101]	Time  0.378 ( 0.422)	Data  0.000 ( 0.040)	Loss 7.7376e-02 (5.3928e-02)	Acc@1  96.88 ( 97.88)	Acc@2 100.00 (100.00)
Epoch: [17][ 40/101]	Time  0.395 ( 0.422)	Data  0.000 ( 0.037)	Loss 6.7474e-02 (5.4544e-02)	Acc@1  98.05 ( 97.79)	Acc@2 100.00 (100.00)
Epoch: [17][ 50/101]	Time  0.424 ( 0.421)	Data  0.000 ( 0.034)	Loss 9.8649e-02 (5.5707e-02)	Acc@1  96.88 ( 97.75)	Acc@2 100.00 (100.00)
Epoch: [17][ 60/101]	Time  0.403 ( 0.420)	Data  0.000 ( 0.033)	Loss 2.3636e-02 (5.4252e-02)	Acc@1  98.44 ( 97.84)	Acc@2 100.00 (100.00)
Epoch: [17][ 70/101]	Time  0.445 ( 0.420)	Data  0.000 ( 0.032)	Loss 2.7846e-02 (5.3677e-02)	Acc@1  98.83 ( 97.87)	Acc@2 100.00 (100.00)
Epoch: [17][ 80/101]	Time  0.405 ( 0.420)	Data  0.000 ( 0.031)	Loss 3.4429e-02 (5.4128e-02)	Acc@1  98.83 ( 97.84)	Acc@2 100.00 (100.00)
Epoch: [17][ 90/101]	Time  0.412 ( 0.419)	Data  0.000 ( 0.030)	Loss 4.5490e-02 (5.4048e-02)	Acc@1  99.22 ( 97.80)	Acc@2 100.00 (100.00)
Epoch: [17][100/101]	Time  0.360 ( 0.419)	Data  0.000 ( 0.030)	Loss 3.4735e-02 (5.2519e-02)	Acc@1  98.63 ( 97.89)	Acc@2 100.00 (100.00)
Test: [ 0/34]	Time  0.553 ( 0.553)	Loss 4.6485e-03 (4.6485e-03)	Acc@1 100.00 (100.00)	Acc@2 100.00 (100.00)
Test: [10/34]	Time  0.123 ( 0.163)	Loss 3.3143e-02 (1.7967e-02)	Acc@1  98.83 ( 99.54)	Acc@2 100.00 (100.00)
Test: [20/34]	Time  0.121 ( 0.145)	Loss 6.2897e-04 (1.5513e-02)	Acc@1 100.00 ( 99.59)	Acc@2 100.00 (100.00)
Test: [30/34]	Time  0.122 ( 0.138)	Loss 2.2730e-03 (1.1116e-02)	Acc@1 100.00 ( 99.72)	Acc@2 100.00 (100.00)
 * Acc@1 99.744 Acc@2 100.000
Epoch: [18][  0/101]	Time  0.574 ( 0.574)	Data  0.418 ( 0.418)	Loss 6.7866e-02 (6.7866e-02)	Acc@1  98.05 ( 98.05)	Acc@2 100.00 (100.00)
Epoch: [18][ 10/101]	Time  0.417 ( 0.432)	Data  0.000 ( 0.062)	Loss 2.8031e-02 (4.9375e-02)	Acc@1  99.22 ( 97.87)	Acc@2 100.00 (100.00)
Epoch: [18][ 20/101]	Time  0.415 ( 0.424)	Data  0.000 ( 0.045)	Loss 4.5864e-02 (5.4699e-02)	Acc@1  98.05 ( 97.82)	Acc@2 100.00 (100.00)
Epoch: [18][ 30/101]	Time  0.407 ( 0.420)	Data  0.000 ( 0.039)	Loss 7.5174e-02 (5.3209e-02)	Acc@1  96.48 ( 97.86)	Acc@2 100.00 (100.00)
Epoch: [18][ 40/101]	Time  0.417 ( 0.420)	Data  0.000 ( 0.035)	Loss 6.7599e-02 (5.6289e-02)	Acc@1  96.88 ( 97.77)	Acc@2 100.00 (100.00)
Epoch: [18][ 50/101]	Time  0.426 ( 0.419)	Data  0.000 ( 0.034)	Loss 6.7622e-02 (5.6072e-02)	Acc@1  96.09 ( 97.77)	Acc@2 100.00 (100.00)
Epoch: [18][ 60/101]	Time  0.426 ( 0.420)	Data  0.000 ( 0.032)	Loss 5.7411e-02 (5.6440e-02)	Acc@1  97.27 ( 97.77)	Acc@2 100.00 (100.00)
Epoch: [18][ 70/101]	Time  0.415 ( 0.420)	Data  0.000 ( 0.031)	Loss 4.0945e-02 (5.5899e-02)	Acc@1  98.44 ( 97.77)	Acc@2 100.00 (100.00)
Epoch: [18][ 80/101]	Time  0.420 ( 0.419)	Data  0.000 ( 0.030)	Loss 9.0936e-02 (5.5005e-02)	Acc@1  95.70 ( 97.80)	Acc@2 100.00 (100.00)
Epoch: [18][ 90/101]	Time  0.424 ( 0.419)	Data  0.000 ( 0.030)	Loss 4.6592e-02 (5.3955e-02)	Acc@1  97.66 ( 97.84)	Acc@2 100.00 (100.00)
Epoch: [18][100/101]	Time  0.381 ( 0.418)	Data  0.000 ( 0.029)	Loss 5.4543e-02 (5.3897e-02)	Acc@1  97.95 ( 97.83)	Acc@2 100.00 (100.00)
Test: [ 0/34]	Time  0.642 ( 0.642)	Loss 1.5884e-02 (1.5884e-02)	Acc@1  99.22 ( 99.22)	Acc@2 100.00 (100.00)
Test: [10/34]	Time  0.122 ( 0.171)	Loss 6.3977e-02 (4.6979e-02)	Acc@1  98.83 ( 98.97)	Acc@2 100.00 (100.00)
Test: [20/34]	Time  0.125 ( 0.149)	Loss 3.5658e-03 (4.4114e-02)	Acc@1 100.00 ( 99.01)	Acc@2 100.00 (100.00)
Test: [30/34]	Time  0.122 ( 0.141)	Loss 4.1791e-03 (3.2920e-02)	Acc@1  99.61 ( 99.18)	Acc@2 100.00 (100.00)
 * Acc@1 99.232 Acc@2 100.000
Epoch: [19][  0/101]	Time  0.561 ( 0.561)	Data  0.415 ( 0.415)	Loss 9.0535e-02 (9.0535e-02)	Acc@1  96.48 ( 96.48)	Acc@2 100.00 (100.00)
Epoch: [19][ 10/101]	Time  0.406 ( 0.428)	Data  0.000 ( 0.062)	Loss 8.4497e-02 (6.4998e-02)	Acc@1  97.66 ( 97.48)	Acc@2 100.00 (100.00)
Epoch: [19][ 20/101]	Time  0.428 ( 0.423)	Data  0.000 ( 0.044)	Loss 4.0092e-02 (5.9734e-02)	Acc@1  98.44 ( 97.73)	Acc@2 100.00 (100.00)
Epoch: [19][ 30/101]	Time  0.401 ( 0.423)	Data  0.000 ( 0.039)	Loss 2.9046e-02 (5.3851e-02)	Acc@1  99.22 ( 97.92)	Acc@2 100.00 (100.00)
Epoch: [19][ 40/101]	Time  0.422 ( 0.421)	Data  0.000 ( 0.035)	Loss 2.3921e-02 (5.1948e-02)	Acc@1  98.83 ( 97.96)	Acc@2 100.00 (100.00)
Epoch: [19][ 50/101]	Time  0.413 ( 0.420)	Data  0.000 ( 0.034)	Loss 4.8153e-02 (5.1163e-02)	Acc@1  98.44 ( 97.93)	Acc@2 100.00 (100.00)
Epoch: [19][ 60/101]	Time  0.435 ( 0.419)	Data  0.000 ( 0.032)	Loss 6.1176e-02 (5.1507e-02)	Acc@1  97.66 ( 97.92)	Acc@2 100.00 (100.00)
Epoch: [19][ 70/101]	Time  0.407 ( 0.418)	Data  0.000 ( 0.031)	Loss 6.9159e-02 (5.0339e-02)	Acc@1  97.66 ( 97.97)	Acc@2 100.00 (100.00)
Epoch: [19][ 80/101]	Time  0.424 ( 0.418)	Data  0.000 ( 0.030)	Loss 6.4184e-02 (5.1915e-02)	Acc@1  96.88 ( 97.92)	Acc@2 100.00 (100.00)
Epoch: [19][ 90/101]	Time  0.402 ( 0.418)	Data  0.000 ( 0.030)	Loss 3.8586e-02 (5.0788e-02)	Acc@1  98.83 ( 97.98)	Acc@2 100.00 (100.00)
Epoch: [19][100/101]	Time  0.398 ( 0.417)	Data  0.000 ( 0.030)	Loss 4.0982e-02 (5.0712e-02)	Acc@1  97.95 ( 97.96)	Acc@2 100.00 (100.00)
Test: [ 0/34]	Time  0.537 ( 0.537)	Loss 2.0534e-02 (2.0534e-02)	Acc@1  99.22 ( 99.22)	Acc@2 100.00 (100.00)
Test: [10/34]	Time  0.132 ( 0.166)	Loss 1.1988e-02 (2.3610e-02)	Acc@1  99.22 ( 99.40)	Acc@2 100.00 (100.00)
Test: [20/34]	Time  0.121 ( 0.146)	Loss 3.2198e-03 (1.9840e-02)	Acc@1 100.00 ( 99.48)	Acc@2 100.00 (100.00)
Test: [30/34]	Time  0.122 ( 0.139)	Loss 7.2589e-04 (1.5558e-02)	Acc@1 100.00 ( 99.57)	Acc@2 100.00 (100.00)
 * Acc@1 99.499 Acc@2 100.000
Epoch: [20][  0/101]	Time  0.579 ( 0.579)	Data  0.423 ( 0.423)	Loss 8.2914e-02 (8.2914e-02)	Acc@1  96.09 ( 96.09)	Acc@2 100.00 (100.00)
Epoch: [20][ 10/101]	Time  0.408 ( 0.429)	Data  0.000 ( 0.061)	Loss 6.5604e-02 (4.9472e-02)	Acc@1  96.88 ( 97.69)	Acc@2 100.00 (100.00)
Epoch: [20][ 20/101]	Time  0.417 ( 0.422)	Data  0.000 ( 0.044)	Loss 5.7206e-02 (4.9661e-02)	Acc@1  97.66 ( 97.86)	Acc@2 100.00 (100.00)
Epoch: [20][ 30/101]	Time  0.419 ( 0.421)	Data  0.000 ( 0.038)	Loss 3.8437e-02 (4.7945e-02)	Acc@1  98.05 ( 98.00)	Acc@2 100.00 (100.00)
Epoch: [20][ 40/101]	Time  0.420 ( 0.420)	Data  0.000 ( 0.036)	Loss 3.6084e-02 (4.7428e-02)	Acc@1  98.44 ( 97.95)	Acc@2 100.00 (100.00)
Epoch: [20][ 50/101]	Time  0.418 ( 0.419)	Data  0.000 ( 0.033)	Loss 3.1113e-02 (4.7097e-02)	Acc@1  98.83 ( 98.02)	Acc@2 100.00 (100.00)
Epoch: [20][ 60/101]	Time  0.424 ( 0.420)	Data  0.000 ( 0.032)	Loss 3.1861e-02 (4.6889e-02)	Acc@1  98.83 ( 98.02)	Acc@2 100.00 (100.00)
Epoch: [20][ 70/101]	Time  0.426 ( 0.421)	Data  0.000 ( 0.032)	Loss 6.1149e-02 (4.7479e-02)	Acc@1  98.44 ( 98.00)	Acc@2 100.00 (100.00)
Epoch: [20][ 80/101]	Time  0.429 ( 0.420)	Data  0.000 ( 0.031)	Loss 6.9431e-02 (4.6593e-02)	Acc@1  96.09 ( 98.06)	Acc@2 100.00 (100.00)
Epoch: [20][ 90/101]	Time  0.409 ( 0.419)	Data  0.000 ( 0.030)	Loss 2.6019e-02 (4.6585e-02)	Acc@1  98.83 ( 98.06)	Acc@2 100.00 (100.00)
Epoch: [20][100/101]	Time  0.377 ( 0.419)	Data  0.000 ( 0.030)	Loss 3.9813e-02 (4.7732e-02)	Acc@1  97.95 ( 98.02)	Acc@2 100.00 (100.00)
Test: [ 0/34]	Time  0.527 ( 0.527)	Loss 2.5355e-02 (2.5355e-02)	Acc@1  99.22 ( 99.22)	Acc@2 100.00 (100.00)
Test: [10/34]	Time  0.121 ( 0.160)	Loss 7.7362e-02 (5.3917e-02)	Acc@1  98.44 ( 98.58)	Acc@2 100.00 (100.00)
Test: [20/34]	Time  0.122 ( 0.144)	Loss 2.4962e-03 (4.7283e-02)	Acc@1 100.00 ( 98.60)	Acc@2 100.00 (100.00)
Test: [30/34]	Time  0.123 ( 0.137)	Loss 1.1575e-03 (3.2722e-02)	Acc@1 100.00 ( 99.04)	Acc@2 100.00 (100.00)
 * Acc@1 99.115 Acc@2 100.000
Epoch: [21][  0/101]	Time  0.605 ( 0.605)	Data  0.450 ( 0.450)	Loss 6.4043e-02 (6.4043e-02)	Acc@1  98.44 ( 98.44)	Acc@2 100.00 (100.00)
Epoch: [21][ 10/101]	Time  0.429 ( 0.434)	Data  0.000 ( 0.063)	Loss 7.0042e-02 (4.9299e-02)	Acc@1  96.88 ( 98.05)	Acc@2 100.00 (100.00)
Epoch: [21][ 20/101]	Time  0.415 ( 0.425)	Data  0.000 ( 0.045)	Loss 4.4093e-02 (5.1249e-02)	Acc@1  99.22 ( 98.08)	Acc@2 100.00 (100.00)
Epoch: [21][ 30/101]	Time  0.420 ( 0.422)	Data  0.000 ( 0.039)	Loss 9.9167e-02 (5.2638e-02)	Acc@1  94.92 ( 97.93)	Acc@2 100.00 (100.00)
Epoch: [21][ 40/101]	Time  0.405 ( 0.420)	Data  0.000 ( 0.036)	Loss 4.8514e-02 (5.2127e-02)	Acc@1  97.66 ( 97.99)	Acc@2 100.00 (100.00)
Epoch: [21][ 50/101]	Time  0.435 ( 0.420)	Data  0.000 ( 0.034)	Loss 3.0351e-02 (5.0517e-02)	Acc@1  98.83 ( 98.04)	Acc@2 100.00 (100.00)
Epoch: [21][ 60/101]	Time  0.397 ( 0.419)	Data  0.000 ( 0.033)	Loss 6.1633e-02 (5.2711e-02)	Acc@1  96.88 ( 97.95)	Acc@2 100.00 (100.00)
Epoch: [21][ 70/101]	Time  0.420 ( 0.419)	Data  0.000 ( 0.032)	Loss 6.3238e-02 (5.2548e-02)	Acc@1  96.88 ( 97.94)	Acc@2 100.00 (100.00)
Epoch: [21][ 80/101]	Time  0.402 ( 0.418)	Data  0.000 ( 0.031)	Loss 4.2943e-02 (5.1665e-02)	Acc@1  98.05 ( 97.95)	Acc@2 100.00 (100.00)
Epoch: [21][ 90/101]	Time  0.421 ( 0.418)	Data  0.000 ( 0.030)	Loss 3.0888e-02 (5.0640e-02)	Acc@1  98.44 ( 98.00)	Acc@2 100.00 (100.00)
Epoch: [21][100/101]	Time  0.357 ( 0.417)	Data  0.000 ( 0.030)	Loss 7.4512e-02 (5.0051e-02)	Acc@1  95.89 ( 98.02)	Acc@2 100.00 (100.00)
Test: [ 0/34]	Time  0.571 ( 0.571)	Loss 5.0114e-03 (5.0114e-03)	Acc@1 100.00 (100.00)	Acc@2 100.00 (100.00)
Test: [10/34]	Time  0.123 ( 0.165)	Loss 1.2265e-02 (2.2312e-02)	Acc@1  99.61 ( 99.47)	Acc@2 100.00 (100.00)
Test: [20/34]	Time  0.120 ( 0.146)	Loss 1.7386e-02 (2.0509e-02)	Acc@1  99.61 ( 99.53)	Acc@2 100.00 (100.00)
Test: [30/34]	Time  0.123 ( 0.140)	Loss 1.0893e-02 (2.2851e-02)	Acc@1  99.61 ( 99.38)	Acc@2 100.00 (100.00)
 * Acc@1 99.406 Acc@2 100.000
Epoch: [22][  0/101]	Time  0.625 ( 0.625)	Data  0.458 ( 0.458)	Loss 4.2789e-02 (4.2789e-02)	Acc@1  98.44 ( 98.44)	Acc@2 100.00 (100.00)
Epoch: [22][ 10/101]	Time  0.415 ( 0.433)	Data  0.000 ( 0.064)	Loss 5.4067e-02 (5.0961e-02)	Acc@1  96.88 ( 97.73)	Acc@2 100.00 (100.00)
Epoch: [22][ 20/101]	Time  0.387 ( 0.426)	Data  0.000 ( 0.045)	Loss 9.4361e-02 (5.8713e-02)	Acc@1  94.92 ( 97.41)	Acc@2 100.00 (100.00)
Epoch: [22][ 30/101]	Time  0.428 ( 0.423)	Data  0.000 ( 0.039)	Loss 5.5000e-02 (5.2450e-02)	Acc@1  98.05 ( 97.73)	Acc@2 100.00 (100.00)
Epoch: [22][ 40/101]	Time  0.417 ( 0.421)	Data  0.000 ( 0.036)	Loss 3.9244e-02 (4.9100e-02)	Acc@1  99.22 ( 97.94)	Acc@2 100.00 (100.00)
Epoch: [22][ 50/101]	Time  0.448 ( 0.421)	Data  0.000 ( 0.034)	Loss 4.1050e-02 (4.9353e-02)	Acc@1  98.44 ( 97.95)	Acc@2 100.00 (100.00)
Epoch: [22][ 60/101]	Time  0.436 ( 0.421)	Data  0.000 ( 0.032)	Loss 4.8485e-02 (4.9059e-02)	Acc@1  97.66 ( 97.93)	Acc@2 100.00 (100.00)
Epoch: [22][ 70/101]	Time  0.422 ( 0.421)	Data  0.000 ( 0.032)	Loss 3.2734e-02 (4.8596e-02)	Acc@1  98.83 ( 98.00)	Acc@2 100.00 (100.00)
Epoch: [22][ 80/101]	Time  0.414 ( 0.420)	Data  0.000 ( 0.031)	Loss 1.7613e-02 (4.7349e-02)	Acc@1  99.22 ( 98.06)	Acc@2 100.00 (100.00)
Epoch: [22][ 90/101]	Time  0.415 ( 0.420)	Data  0.000 ( 0.030)	Loss 9.7436e-02 (4.7877e-02)	Acc@1  96.09 ( 98.04)	Acc@2 100.00 (100.00)
Epoch: [22][100/101]	Time  0.361 ( 0.419)	Data  0.000 ( 0.030)	Loss 2.6096e-02 (4.6606e-02)	Acc@1 100.00 ( 98.10)	Acc@2 100.00 (100.00)
Test: [ 0/34]	Time  0.636 ( 0.636)	Loss 2.1519e-02 (2.1519e-02)	Acc@1  98.83 ( 98.83)	Acc@2 100.00 (100.00)
Test: [10/34]	Time  0.124 ( 0.172)	Loss 8.9015e-02 (8.6477e-02)	Acc@1  98.05 ( 97.76)	Acc@2 100.00 (100.00)
Test: [20/34]	Time  0.123 ( 0.150)	Loss 5.0641e-04 (7.6823e-02)	Acc@1 100.00 ( 98.07)	Acc@2 100.00 (100.00)
Test: [30/34]	Time  0.122 ( 0.142)	Loss 1.8812e-03 (5.2739e-02)	Acc@1 100.00 ( 98.65)	Acc@2 100.00 (100.00)
 * Acc@1 98.754 Acc@2 100.000
Epoch: [23][  0/101]	Time  0.572 ( 0.572)	Data  0.416 ( 0.416)	Loss 4.0191e-02 (4.0191e-02)	Acc@1  98.44 ( 98.44)	Acc@2 100.00 (100.00)
Epoch: [23][ 10/101]	Time  0.405 ( 0.430)	Data  0.000 ( 0.062)	Loss 5.1226e-02 (4.4441e-02)	Acc@1  98.05 ( 98.12)	Acc@2 100.00 (100.00)
Epoch: [23][ 20/101]	Time  0.416 ( 0.423)	Data  0.000 ( 0.044)	Loss 6.7563e-02 (4.7214e-02)	Acc@1  96.88 ( 98.07)	Acc@2 100.00 (100.00)
Epoch: [23][ 30/101]	Time  0.392 ( 0.421)	Data  0.000 ( 0.039)	Loss 7.9759e-02 (4.8845e-02)	Acc@1  97.27 ( 98.00)	Acc@2 100.00 (100.00)
Epoch: [23][ 40/101]	Time  0.430 ( 0.420)	Data  0.000 ( 0.036)	Loss 6.4361e-02 (4.9557e-02)	Acc@1  97.66 ( 97.92)	Acc@2 100.00 (100.00)
Epoch: [23][ 50/101]	Time  0.403 ( 0.420)	Data  0.000 ( 0.034)	Loss 7.3748e-02 (4.7173e-02)	Acc@1  98.05 ( 98.05)	Acc@2 100.00 (100.00)
Epoch: [23][ 60/101]	Time  0.399 ( 0.419)	Data  0.000 ( 0.032)	Loss 4.3744e-02 (4.7961e-02)	Acc@1  98.05 ( 98.05)	Acc@2 100.00 (100.00)
Epoch: [23][ 70/101]	Time  0.405 ( 0.418)	Data  0.000 ( 0.032)	Loss 4.2881e-02 (4.7610e-02)	Acc@1  97.66 ( 98.09)	Acc@2 100.00 (100.00)
Epoch: [23][ 80/101]	Time  0.437 ( 0.418)	Data  0.000 ( 0.031)	Loss 9.5792e-02 (4.8504e-02)	Acc@1  95.70 ( 98.04)	Acc@2 100.00 (100.00)
Epoch: [23][ 90/101]	Time  0.406 ( 0.418)	Data  0.000 ( 0.030)	Loss 5.2036e-02 (4.8485e-02)	Acc@1  97.27 ( 97.99)	Acc@2 100.00 (100.00)
Epoch: [23][100/101]	Time  0.366 ( 0.417)	Data  0.000 ( 0.030)	Loss 3.6496e-02 (4.8911e-02)	Acc@1  98.63 ( 98.00)	Acc@2 100.00 (100.00)
Test: [ 0/34]	Time  0.547 ( 0.547)	Loss 2.1089e-02 (2.1089e-02)	Acc@1  98.83 ( 98.83)	Acc@2 100.00 (100.00)
Test: [10/34]	Time  0.131 ( 0.163)	Loss 7.8265e-02 (5.0925e-02)	Acc@1  98.05 ( 98.72)	Acc@2 100.00 (100.00)
Test: [20/34]	Time  0.121 ( 0.145)	Loss 4.0308e-04 (4.8832e-02)	Acc@1 100.00 ( 98.81)	Acc@2 100.00 (100.00)
Test: [30/34]	Time  0.122 ( 0.138)	Loss 6.7067e-04 (3.5563e-02)	Acc@1 100.00 ( 99.13)	Acc@2 100.00 (100.00)
 * Acc@1 99.185 Acc@2 100.000
Epoch: [24][  0/101]	Time  0.589 ( 0.589)	Data  0.431 ( 0.431)	Loss 1.1104e-01 (1.1104e-01)	Acc@1  95.70 ( 95.70)	Acc@2 100.00 (100.00)
Epoch: [24][ 10/101]	Time  0.424 ( 0.433)	Data  0.000 ( 0.061)	Loss 3.9455e-02 (4.9367e-02)	Acc@1  98.83 ( 97.98)	Acc@2 100.00 (100.00)
Epoch: [24][ 20/101]	Time  0.426 ( 0.425)	Data  0.000 ( 0.045)	Loss 2.9010e-02 (4.5315e-02)	Acc@1  99.22 ( 98.20)	Acc@2 100.00 (100.00)
Epoch: [24][ 30/101]	Time  0.409 ( 0.422)	Data  0.000 ( 0.038)	Loss 3.5570e-02 (4.4636e-02)	Acc@1  98.83 ( 98.20)	Acc@2 100.00 (100.00)
Epoch: [24][ 40/101]	Time  0.425 ( 0.421)	Data  0.000 ( 0.035)	Loss 5.4840e-02 (4.4989e-02)	Acc@1  97.66 ( 98.21)	Acc@2 100.00 (100.00)
Epoch: [24][ 50/101]	Time  0.419 ( 0.420)	Data  0.000 ( 0.033)	Loss 6.7357e-02 (4.4761e-02)	Acc@1  96.88 ( 98.20)	Acc@2 100.00 (100.00)
Epoch: [24][ 60/101]	Time  0.422 ( 0.420)	Data  0.000 ( 0.032)	Loss 2.2896e-02 (4.4923e-02)	Acc@1  99.22 ( 98.19)	Acc@2 100.00 (100.00)
Epoch: [24][ 70/101]	Time  0.411 ( 0.419)	Data  0.000 ( 0.031)	Loss 6.2000e-02 (4.4492e-02)	Acc@1  96.88 ( 98.16)	Acc@2 100.00 (100.00)
Epoch: [24][ 80/101]	Time  0.422 ( 0.419)	Data  0.000 ( 0.031)	Loss 5.4069e-02 (4.4952e-02)	Acc@1  97.27 ( 98.15)	Acc@2 100.00 (100.00)
Epoch: [24][ 90/101]	Time  0.427 ( 0.419)	Data  0.000 ( 0.030)	Loss 4.0125e-02 (4.4519e-02)	Acc@1  98.44 ( 98.19)	Acc@2 100.00 (100.00)
Epoch: [24][100/101]	Time  0.397 ( 0.418)	Data  0.000 ( 0.030)	Loss 3.0464e-02 (4.5562e-02)	Acc@1  98.63 ( 98.18)	Acc@2 100.00 (100.00)
Test: [ 0/34]	Time  0.533 ( 0.533)	Loss 9.0215e-05 (9.0215e-05)	Acc@1 100.00 (100.00)	Acc@2 100.00 (100.00)
Test: [10/34]	Time  0.120 ( 0.162)	Loss 5.6706e-03 (3.2669e-03)	Acc@1  99.61 ( 99.89)	Acc@2 100.00 (100.00)
Test: [20/34]	Time  0.122 ( 0.145)	Loss 2.5441e-02 (7.2782e-03)	Acc@1  98.83 ( 99.72)	Acc@2 100.00 (100.00)
Test: [30/34]	Time  0.122 ( 0.138)	Loss 1.8463e-02 (2.1129e-02)	Acc@1  99.22 ( 99.26)	Acc@2 100.00 (100.00)
 * Acc@1 99.255 Acc@2 100.000
Epoch: [25][  0/101]	Time  0.600 ( 0.600)	Data  0.453 ( 0.453)	Loss 5.6569e-02 (5.6569e-02)	Acc@1  97.27 ( 97.27)	Acc@2 100.00 (100.00)
Epoch: [25][ 10/101]	Time  0.427 ( 0.431)	Data  0.000 ( 0.064)	Loss 4.3346e-02 (4.5431e-02)	Acc@1  97.66 ( 98.08)	Acc@2 100.00 (100.00)
Epoch: [25][ 20/101]	Time  0.404 ( 0.424)	Data  0.000 ( 0.046)	Loss 2.1626e-02 (4.7811e-02)	Acc@1  99.61 ( 97.92)	Acc@2 100.00 (100.00)
Epoch: [25][ 30/101]	Time  0.420 ( 0.422)	Data  0.000 ( 0.039)	Loss 5.8331e-02 (4.8986e-02)	Acc@1  97.66 ( 97.86)	Acc@2 100.00 (100.00)
Epoch: [25][ 40/101]	Time  0.408 ( 0.420)	Data  0.000 ( 0.036)	Loss 5.2360e-02 (4.6946e-02)	Acc@1  97.66 ( 98.00)	Acc@2 100.00 (100.00)
Epoch: [25][ 50/101]	Time  0.476 ( 0.421)	Data  0.000 ( 0.034)	Loss 7.6706e-02 (4.5479e-02)	Acc@1  96.88 ( 98.09)	Acc@2 100.00 (100.00)
Epoch: [25][ 60/101]	Time  0.402 ( 0.421)	Data  0.000 ( 0.032)	Loss 2.6035e-02 (4.6152e-02)	Acc@1  99.22 ( 98.04)	Acc@2 100.00 (100.00)
Epoch: [25][ 70/101]	Time  0.506 ( 0.421)	Data  0.000 ( 0.031)	Loss 8.7454e-02 (4.6758e-02)	Acc@1  97.27 ( 98.02)	Acc@2 100.00 (100.00)
Epoch: [25][ 80/101]	Time  0.406 ( 0.420)	Data  0.000 ( 0.031)	Loss 4.7744e-02 (4.7650e-02)	Acc@1  98.05 ( 97.97)	Acc@2 100.00 (100.00)
Epoch: [25][ 90/101]	Time  0.429 ( 0.420)	Data  0.000 ( 0.030)	Loss 3.6676e-02 (4.7548e-02)	Acc@1  98.83 ( 97.97)	Acc@2 100.00 (100.00)
Epoch: [25][100/101]	Time  0.364 ( 0.419)	Data  0.000 ( 0.030)	Loss 4.5493e-02 (4.6836e-02)	Acc@1  97.95 ( 98.01)	Acc@2 100.00 (100.00)
Test: [ 0/34]	Time  0.529 ( 0.529)	Loss 2.5151e-03 (2.5151e-03)	Acc@1 100.00 (100.00)	Acc@2 100.00 (100.00)
Test: [10/34]	Time  0.122 ( 0.165)	Loss 2.5061e-02 (2.0662e-02)	Acc@1  99.22 ( 99.50)	Acc@2 100.00 (100.00)
Test: [20/34]	Time  0.122 ( 0.146)	Loss 1.6697e-02 (2.0431e-02)	Acc@1  99.22 ( 99.53)	Acc@2 100.00 (100.00)
Test: [30/34]	Time  0.123 ( 0.139)	Loss 7.2842e-03 (1.9602e-02)	Acc@1  99.61 ( 99.45)	Acc@2 100.00 (100.00)
 * Acc@1 99.464 Acc@2 100.000
Epoch: [26][  0/101]	Time  0.594 ( 0.594)	Data  0.449 ( 0.449)	Loss 6.1340e-02 (6.1340e-02)	Acc@1  96.88 ( 96.88)	Acc@2 100.00 (100.00)
Epoch: [26][ 10/101]	Time  0.426 ( 0.432)	Data  0.000 ( 0.065)	Loss 4.3827e-02 (4.6089e-02)	Acc@1  98.44 ( 97.98)	Acc@2 100.00 (100.00)
Epoch: [26][ 20/101]	Time  0.419 ( 0.426)	Data  0.000 ( 0.046)	Loss 3.3565e-02 (4.6020e-02)	Acc@1  99.22 ( 98.07)	Acc@2 100.00 (100.00)
Epoch: [26][ 30/101]	Time  0.420 ( 0.424)	Data  0.000 ( 0.040)	Loss 3.9202e-02 (4.5547e-02)	Acc@1  98.05 ( 98.15)	Acc@2 100.00 (100.00)
Epoch: [26][ 40/101]	Time  0.416 ( 0.422)	Data  0.000 ( 0.036)	Loss 3.3380e-02 (4.4581e-02)	Acc@1  99.22 ( 98.19)	Acc@2 100.00 (100.00)
Epoch: [26][ 50/101]	Time  0.428 ( 0.422)	Data  0.000 ( 0.034)	Loss 2.3034e-02 (4.4485e-02)	Acc@1  99.22 ( 98.21)	Acc@2 100.00 (100.00)
Epoch: [26][ 60/101]	Time  0.421 ( 0.421)	Data  0.000 ( 0.033)	Loss 9.1040e-02 (4.4639e-02)	Acc@1  96.88 ( 98.17)	Acc@2 100.00 (100.00)
Epoch: [26][ 70/101]	Time  0.412 ( 0.420)	Data  0.000 ( 0.032)	Loss 3.6884e-02 (4.4744e-02)	Acc@1  98.05 ( 98.16)	Acc@2 100.00 (100.00)
Epoch: [26][ 80/101]	Time  0.417 ( 0.420)	Data  0.000 ( 0.031)	Loss 5.5550e-02 (4.4787e-02)	Acc@1  97.66 ( 98.14)	Acc@2 100.00 (100.00)
Epoch: [26][ 90/101]	Time  0.431 ( 0.420)	Data  0.000 ( 0.031)	Loss 3.5479e-02 (4.4854e-02)	Acc@1  98.44 ( 98.17)	Acc@2 100.00 (100.00)
Epoch: [26][100/101]	Time  0.360 ( 0.419)	Data  0.000 ( 0.030)	Loss 3.8193e-02 (4.4539e-02)	Acc@1  99.32 ( 98.19)	Acc@2 100.00 (100.00)
Test: [ 0/34]	Time  0.575 ( 0.575)	Loss 2.8365e-04 (2.8365e-04)	Acc@1 100.00 (100.00)	Acc@2 100.00 (100.00)
Test: [10/34]	Time  0.121 ( 0.165)	Loss 1.4505e-02 (1.1699e-02)	Acc@1  99.61 ( 99.64)	Acc@2 100.00 (100.00)
Test: [20/34]	Time  0.129 ( 0.146)	Loss 1.6947e-02 (1.2266e-02)	Acc@1  99.61 ( 99.67)	Acc@2 100.00 (100.00)
Test: [30/34]	Time  0.123 ( 0.139)	Loss 1.2306e-02 (1.3843e-02)	Acc@1  99.61 ( 99.51)	Acc@2 100.00 (100.00)
 * Acc@1 99.464 Acc@2 100.000
Epoch: [27][  0/101]	Time  0.630 ( 0.630)	Data  0.484 ( 0.484)	Loss 2.0993e-02 (2.0993e-02)	Acc@1 100.00 (100.00)	Acc@2 100.00 (100.00)
Epoch: [27][ 10/101]	Time  0.402 ( 0.440)	Data  0.000 ( 0.069)	Loss 3.7631e-02 (3.9065e-02)	Acc@1  98.05 ( 98.54)	Acc@2 100.00 (100.00)
Epoch: [27][ 20/101]	Time  0.422 ( 0.428)	Data  0.000 ( 0.048)	Loss 8.3538e-02 (4.3725e-02)	Acc@1  96.88 ( 98.31)	Acc@2 100.00 (100.00)
Epoch: [27][ 30/101]	Time  0.405 ( 0.425)	Data  0.000 ( 0.041)	Loss 4.6362e-02 (4.2721e-02)	Acc@1  98.05 ( 98.36)	Acc@2 100.00 (100.00)
Epoch: [27][ 40/101]	Time  0.421 ( 0.423)	Data  0.000 ( 0.037)	Loss 4.8022e-02 (4.0274e-02)	Acc@1  98.44 ( 98.45)	Acc@2 100.00 (100.00)
Epoch: [27][ 50/101]	Time  0.405 ( 0.422)	Data  0.000 ( 0.035)	Loss 2.0284e-02 (4.0934e-02)	Acc@1  99.22 ( 98.45)	Acc@2 100.00 (100.00)
Epoch: [27][ 60/101]	Time  0.441 ( 0.421)	Data  0.000 ( 0.033)	Loss 3.0049e-02 (4.0836e-02)	Acc@1  98.83 ( 98.45)	Acc@2 100.00 (100.00)
Epoch: [27][ 70/101]	Time  0.414 ( 0.421)	Data  0.000 ( 0.032)	Loss 3.9656e-02 (4.1179e-02)	Acc@1  98.05 ( 98.42)	Acc@2 100.00 (100.00)
Epoch: [27][ 80/101]	Time  0.430 ( 0.420)	Data  0.000 ( 0.031)	Loss 4.9574e-02 (4.1969e-02)	Acc@1  97.27 ( 98.38)	Acc@2 100.00 (100.00)
Epoch: [27][ 90/101]	Time  0.405 ( 0.420)	Data  0.000 ( 0.031)	Loss 2.2973e-02 (4.1230e-02)	Acc@1  98.83 ( 98.38)	Acc@2 100.00 (100.00)
Epoch: [27][100/101]	Time  0.386 ( 0.419)	Data  0.000 ( 0.030)	Loss 3.4166e-02 (4.1928e-02)	Acc@1  97.95 ( 98.36)	Acc@2 100.00 (100.00)
Test: [ 0/34]	Time  0.535 ( 0.535)	Loss 2.0280e-02 (2.0280e-02)	Acc@1  99.61 ( 99.61)	Acc@2 100.00 (100.00)
Test: [10/34]	Time  0.122 ( 0.161)	Loss 2.5603e-02 (3.2272e-02)	Acc@1  99.61 ( 99.43)	Acc@2 100.00 (100.00)
Test: [20/34]	Time  0.120 ( 0.144)	Loss 4.5916e-03 (2.8957e-02)	Acc@1  99.61 ( 99.42)	Acc@2 100.00 (100.00)
Test: [30/34]	Time  0.123 ( 0.138)	Loss 3.6720e-03 (2.2835e-02)	Acc@1  99.61 ( 99.47)	Acc@2 100.00 (100.00)
 * Acc@1 99.511 Acc@2 100.000
Epoch: [28][  0/101]	Time  0.603 ( 0.603)	Data  0.454 ( 0.454)	Loss 3.8604e-02 (3.8604e-02)	Acc@1  98.83 ( 98.83)	Acc@2 100.00 (100.00)
Epoch: [28][ 10/101]	Time  0.415 ( 0.432)	Data  0.000 ( 0.064)	Loss 5.0675e-02 (4.1947e-02)	Acc@1  96.88 ( 98.26)	Acc@2 100.00 (100.00)
Epoch: [28][ 20/101]	Time  0.411 ( 0.426)	Data  0.000 ( 0.046)	Loss 4.8687e-02 (4.3335e-02)	Acc@1  97.66 ( 98.31)	Acc@2 100.00 (100.00)
Epoch: [28][ 30/101]	Time  0.422 ( 0.422)	Data  0.000 ( 0.040)	Loss 6.8732e-02 (4.7194e-02)	Acc@1  97.27 ( 98.16)	Acc@2 100.00 (100.00)
Epoch: [28][ 40/101]	Time  0.428 ( 0.421)	Data  0.000 ( 0.036)	Loss 5.4697e-02 (4.6453e-02)	Acc@1  97.27 ( 98.16)	Acc@2 100.00 (100.00)
Epoch: [28][ 50/101]	Time  0.422 ( 0.420)	Data  0.000 ( 0.034)	Loss 4.1017e-02 (4.6615e-02)	Acc@1  97.66 ( 98.17)	Acc@2 100.00 (100.00)
Epoch: [28][ 60/101]	Time  0.415 ( 0.419)	Data  0.000 ( 0.033)	Loss 6.2790e-02 (4.6433e-02)	Acc@1  97.66 ( 98.19)	Acc@2 100.00 (100.00)
Epoch: [28][ 70/101]	Time  0.422 ( 0.419)	Data  0.000 ( 0.032)	Loss 2.5273e-02 (4.7064e-02)	Acc@1  99.22 ( 98.16)	Acc@2 100.00 (100.00)
Epoch: [28][ 80/101]	Time  0.426 ( 0.419)	Data  0.000 ( 0.031)	Loss 4.8453e-02 (4.6364e-02)	Acc@1  97.27 ( 98.17)	Acc@2 100.00 (100.00)
Epoch: [28][ 90/101]	Time  0.411 ( 0.419)	Data  0.000 ( 0.030)	Loss 3.7719e-02 (4.5084e-02)	Acc@1  98.44 ( 98.21)	Acc@2 100.00 (100.00)
Epoch: [28][100/101]	Time  0.372 ( 0.419)	Data  0.000 ( 0.031)	Loss 3.4149e-02 (4.4980e-02)	Acc@1  98.63 ( 98.18)	Acc@2 100.00 (100.00)
Test: [ 0/34]	Time  0.612 ( 0.612)	Loss 3.7247e-02 (3.7247e-02)	Acc@1  99.22 ( 99.22)	Acc@2 100.00 (100.00)
Test: [10/34]	Time  0.122 ( 0.168)	Loss 4.2811e-02 (6.0236e-02)	Acc@1  99.22 ( 98.79)	Acc@2 100.00 (100.00)
Test: [20/34]	Time  0.127 ( 0.148)	Loss 5.7768e-04 (5.3669e-02)	Acc@1 100.00 ( 98.90)	Acc@2 100.00 (100.00)
Test: [30/34]	Time  0.123 ( 0.140)	Loss 5.9884e-04 (3.7207e-02)	Acc@1 100.00 ( 99.26)	Acc@2 100.00 (100.00)
 * Acc@1 99.313 Acc@2 100.000
Epoch: [29][  0/101]	Time  0.601 ( 0.601)	Data  0.454 ( 0.454)	Loss 3.6064e-02 (3.6064e-02)	Acc@1  99.22 ( 99.22)	Acc@2 100.00 (100.00)
Epoch: [29][ 10/101]	Time  0.423 ( 0.434)	Data  0.000 ( 0.064)	Loss 1.7588e-02 (4.1123e-02)	Acc@1 100.00 ( 98.37)	Acc@2 100.00 (100.00)
Epoch: [29][ 20/101]	Time  0.411 ( 0.425)	Data  0.000 ( 0.046)	Loss 3.9733e-02 (3.9939e-02)	Acc@1  98.05 ( 98.40)	Acc@2 100.00 (100.00)
Epoch: [29][ 30/101]	Time  0.422 ( 0.423)	Data  0.000 ( 0.039)	Loss 3.2732e-02 (3.8387e-02)	Acc@1  99.22 ( 98.44)	Acc@2 100.00 (100.00)
Epoch: [29][ 40/101]	Time  0.400 ( 0.421)	Data  0.000 ( 0.036)	Loss 3.0373e-02 (3.8983e-02)	Acc@1  98.44 ( 98.37)	Acc@2 100.00 (100.00)
Epoch: [29][ 50/101]	Time  0.419 ( 0.421)	Data  0.000 ( 0.034)	Loss 4.3970e-02 (3.9688e-02)	Acc@1  98.44 ( 98.37)	Acc@2 100.00 (100.00)
Epoch: [29][ 60/101]	Time  0.409 ( 0.420)	Data  0.000 ( 0.033)	Loss 2.8605e-02 (4.0890e-02)	Acc@1  98.44 ( 98.35)	Acc@2 100.00 (100.00)
Epoch: [29][ 70/101]	Time  0.419 ( 0.419)	Data  0.000 ( 0.032)	Loss 4.3719e-02 (4.2486e-02)	Acc@1  97.66 ( 98.29)	Acc@2 100.00 (100.00)
Epoch: [29][ 80/101]	Time  0.409 ( 0.419)	Data  0.000 ( 0.031)	Loss 5.0019e-02 (4.2514e-02)	Acc@1  98.83 ( 98.31)	Acc@2 100.00 (100.00)
Epoch: [29][ 90/101]	Time  0.432 ( 0.419)	Data  0.000 ( 0.030)	Loss 3.4527e-02 (4.2530e-02)	Acc@1  98.83 ( 98.31)	Acc@2 100.00 (100.00)
Epoch: [29][100/101]	Time  0.367 ( 0.418)	Data  0.000 ( 0.030)	Loss 2.6218e-02 (4.3108e-02)	Acc@1  98.63 ( 98.25)	Acc@2 100.00 (100.00)
Test: [ 0/34]	Time  0.535 ( 0.535)	Loss 7.2396e-04 (7.2396e-04)	Acc@1 100.00 (100.00)	Acc@2 100.00 (100.00)
Test: [10/34]	Time  0.121 ( 0.162)	Loss 2.5483e-03 (2.1993e-02)	Acc@1 100.00 ( 99.64)	Acc@2 100.00 (100.00)
Test: [20/34]	Time  0.121 ( 0.144)	Loss 8.1598e-03 (2.8698e-02)	Acc@1 100.00 ( 99.50)	Acc@2 100.00 (100.00)
Test: [30/34]	Time  0.122 ( 0.138)	Loss 3.6262e-02 (5.9231e-02)	Acc@1  98.05 ( 98.64)	Acc@2 100.00 (100.00)
 * Acc@1 98.545 Acc@2 100.000
Epoch: [30][  0/101]	Time  0.650 ( 0.650)	Data  0.503 ( 0.503)	Loss 5.7417e-02 (5.7417e-02)	Acc@1  97.66 ( 97.66)	Acc@2 100.00 (100.00)
Epoch: [30][ 10/101]	Time  0.405 ( 0.436)	Data  0.000 ( 0.070)	Loss 4.8830e-02 (4.9153e-02)	Acc@1  98.05 ( 98.01)	Acc@2 100.00 (100.00)
Epoch: [30][ 20/101]	Time  0.421 ( 0.426)	Data  0.000 ( 0.049)	Loss 2.2794e-02 (4.2581e-02)	Acc@1  99.22 ( 98.27)	Acc@2 100.00 (100.00)
Epoch: [30][ 30/101]	Time  0.440 ( 0.424)	Data  0.000 ( 0.042)	Loss 1.5934e-02 (4.1392e-02)	Acc@1 100.00 ( 98.36)	Acc@2 100.00 (100.00)
Epoch: [30][ 40/101]	Time  0.410 ( 0.424)	Data  0.000 ( 0.038)	Loss 2.6806e-02 (3.9496e-02)	Acc@1  99.22 ( 98.46)	Acc@2 100.00 (100.00)
Epoch: [30][ 50/101]	Time  0.421 ( 0.425)	Data  0.000 ( 0.036)	Loss 2.4667e-02 (3.7593e-02)	Acc@1  98.83 ( 98.59)	Acc@2 100.00 (100.00)
Epoch: [30][ 60/101]	Time  0.415 ( 0.423)	Data  0.000 ( 0.034)	Loss 2.3196e-02 (3.6083e-02)	Acc@1  99.61 ( 98.64)	Acc@2 100.00 (100.00)
Epoch: [30][ 70/101]	Time  0.433 ( 0.423)	Data  0.000 ( 0.033)	Loss 4.0242e-02 (3.6539e-02)	Acc@1  98.44 ( 98.62)	Acc@2 100.00 (100.00)
Epoch: [30][ 80/101]	Time  0.422 ( 0.422)	Data  0.000 ( 0.032)	Loss 2.5379e-02 (3.5939e-02)	Acc@1  98.83 ( 98.63)	Acc@2 100.00 (100.00)
Epoch: [30][ 90/101]	Time  0.412 ( 0.421)	Data  0.000 ( 0.031)	Loss 3.7567e-02 (3.5313e-02)	Acc@1  97.66 ( 98.65)	Acc@2 100.00 (100.00)
Epoch: [30][100/101]	Time  0.358 ( 0.420)	Data  0.000 ( 0.031)	Loss 1.5393e-02 (3.4957e-02)	Acc@1  99.32 ( 98.66)	Acc@2 100.00 (100.00)
Test: [ 0/34]	Time  0.537 ( 0.537)	Loss 1.1715e-03 (1.1715e-03)	Acc@1 100.00 (100.00)	Acc@2 100.00 (100.00)
Test: [10/34]	Time  0.125 ( 0.168)	Loss 8.0968e-03 (1.9987e-02)	Acc@1  99.22 ( 99.57)	Acc@2 100.00 (100.00)
Test: [20/34]	Time  0.124 ( 0.148)	Loss 2.4434e-03 (2.0119e-02)	Acc@1 100.00 ( 99.61)	Acc@2 100.00 (100.00)
Test: [30/34]	Time  0.123 ( 0.140)	Loss 9.0954e-04 (1.7069e-02)	Acc@1 100.00 ( 99.58)	Acc@2 100.00 (100.00)
 * Acc@1 99.604 Acc@2 100.000
Epoch: [31][  0/101]	Time  0.601 ( 0.601)	Data  0.455 ( 0.455)	Loss 2.7363e-02 (2.7363e-02)	Acc@1  99.22 ( 99.22)	Acc@2 100.00 (100.00)
Epoch: [31][ 10/101]	Time  0.400 ( 0.434)	Data  0.000 ( 0.067)	Loss 2.7178e-02 (3.2490e-02)	Acc@1  99.61 ( 98.83)	Acc@2 100.00 (100.00)
Epoch: [31][ 20/101]	Time  0.417 ( 0.425)	Data  0.000 ( 0.047)	Loss 4.3093e-02 (3.3141e-02)	Acc@1  98.44 ( 98.81)	Acc@2 100.00 (100.00)
Epoch: [31][ 30/101]	Time  0.399 ( 0.422)	Data  0.000 ( 0.040)	Loss 3.4715e-02 (3.2852e-02)	Acc@1  98.44 ( 98.75)	Acc@2 100.00 (100.00)
Epoch: [31][ 40/101]	Time  0.432 ( 0.421)	Data  0.000 ( 0.037)	Loss 2.1704e-02 (3.1179e-02)	Acc@1  99.22 ( 98.81)	Acc@2 100.00 (100.00)
Epoch: [31][ 50/101]	Time  0.411 ( 0.420)	Data  0.000 ( 0.035)	Loss 3.1517e-02 (3.0602e-02)	Acc@1  99.22 ( 98.84)	Acc@2 100.00 (100.00)
Epoch: [31][ 60/101]	Time  0.418 ( 0.419)	Data  0.000 ( 0.033)	Loss 1.3526e-02 (3.0283e-02)	Acc@1  99.61 ( 98.86)	Acc@2 100.00 (100.00)
Epoch: [31][ 70/101]	Time  0.403 ( 0.419)	Data  0.000 ( 0.032)	Loss 4.2242e-02 (3.0266e-02)	Acc@1  98.44 ( 98.82)	Acc@2 100.00 (100.00)
Epoch: [31][ 80/101]	Time  0.448 ( 0.419)	Data  0.000 ( 0.031)	Loss 2.4529e-02 (2.9850e-02)	Acc@1  98.83 ( 98.84)	Acc@2 100.00 (100.00)
Epoch: [31][ 90/101]	Time  0.406 ( 0.418)	Data  0.000 ( 0.031)	Loss 3.4583e-02 (3.0298e-02)	Acc@1  98.44 ( 98.81)	Acc@2 100.00 (100.00)
Epoch: [31][100/101]	Time  0.392 ( 0.418)	Data  0.000 ( 0.030)	Loss 1.8228e-02 (2.9573e-02)	Acc@1  99.32 ( 98.86)	Acc@2 100.00 (100.00)
Test: [ 0/34]	Time  0.586 ( 0.586)	Loss 2.0324e-03 (2.0324e-03)	Acc@1 100.00 (100.00)	Acc@2 100.00 (100.00)
Test: [10/34]	Time  0.123 ( 0.173)	Loss 1.0524e-02 (2.3332e-02)	Acc@1  99.22 ( 99.57)	Acc@2 100.00 (100.00)
Test: [20/34]	Time  0.131 ( 0.150)	Loss 1.1875e-03 (2.2737e-02)	Acc@1 100.00 ( 99.61)	Acc@2 100.00 (100.00)
Test: [30/34]	Time  0.126 ( 0.142)	Loss 7.5795e-04 (1.8362e-02)	Acc@1 100.00 ( 99.60)	Acc@2 100.00 (100.00)
 * Acc@1 99.604 Acc@2 100.000
Epoch: [32][  0/101]	Time  0.758 ( 0.758)	Data  0.599 ( 0.599)	Loss 7.2623e-02 (7.2623e-02)	Acc@1  96.88 ( 96.88)	Acc@2 100.00 (100.00)
Epoch: [32][ 10/101]	Time  0.426 ( 0.450)	Data  0.000 ( 0.078)	Loss 5.5276e-02 (3.3842e-02)	Acc@1  97.66 ( 98.37)	Acc@2 100.00 (100.00)
Epoch: [32][ 20/101]	Time  0.425 ( 0.436)	Data  0.000 ( 0.054)	Loss 3.4640e-02 (3.2520e-02)	Acc@1  98.44 ( 98.59)	Acc@2 100.00 (100.00)
Epoch: [32][ 30/101]	Time  0.414 ( 0.430)	Data  0.000 ( 0.045)	Loss 2.6407e-02 (3.2071e-02)	Acc@1  99.61 ( 98.73)	Acc@2 100.00 (100.00)
Epoch: [32][ 40/101]	Time  0.466 ( 0.429)	Data  0.000 ( 0.041)	Loss 3.8558e-02 (3.2568e-02)	Acc@1  98.83 ( 98.68)	Acc@2 100.00 (100.00)
Epoch: [32][ 50/101]	Time  0.427 ( 0.427)	Data  0.000 ( 0.037)	Loss 4.8539e-02 (3.2081e-02)	Acc@1  98.05 ( 98.69)	Acc@2 100.00 (100.00)
Epoch: [32][ 60/101]	Time  0.424 ( 0.426)	Data  0.000 ( 0.036)	Loss 2.8219e-02 (3.0935e-02)	Acc@1  98.83 ( 98.75)	Acc@2 100.00 (100.00)
Epoch: [32][ 70/101]	Time  0.408 ( 0.424)	Data  0.000 ( 0.034)	Loss 3.5018e-02 (2.9982e-02)	Acc@1  98.44 ( 98.80)	Acc@2 100.00 (100.00)
Epoch: [32][ 80/101]	Time  0.410 ( 0.424)	Data  0.000 ( 0.033)	Loss 1.7524e-02 (2.9354e-02)	Acc@1  99.61 ( 98.84)	Acc@2 100.00 (100.00)
Epoch: [32][ 90/101]	Time  0.419 ( 0.423)	Data  0.000 ( 0.032)	Loss 4.9896e-02 (2.9576e-02)	Acc@1  98.83 ( 98.85)	Acc@2 100.00 (100.00)
Epoch: [32][100/101]	Time  0.385 ( 0.422)	Data  0.000 ( 0.032)	Loss 5.3103e-02 (2.9796e-02)	Acc@1  97.95 ( 98.85)	Acc@2 100.00 (100.00)
Test: [ 0/34]	Time  0.574 ( 0.574)	Loss 9.6478e-04 (9.6478e-04)	Acc@1 100.00 (100.00)	Acc@2 100.00 (100.00)
Test: [10/34]	Time  0.123 ( 0.166)	Loss 7.0889e-03 (1.9206e-02)	Acc@1  99.22 ( 99.61)	Acc@2 100.00 (100.00)
Test: [20/34]	Time  0.122 ( 0.147)	Loss 1.4590e-03 (1.9792e-02)	Acc@1 100.00 ( 99.63)	Acc@2 100.00 (100.00)
Test: [30/34]	Time  0.122 ( 0.140)	Loss 1.1406e-03 (1.6823e-02)	Acc@1 100.00 ( 99.60)	Acc@2 100.00 (100.00)
 * Acc@1 99.604 Acc@2 100.000
Epoch: [33][  0/101]	Time  0.571 ( 0.571)	Data  0.427 ( 0.427)	Loss 5.4113e-02 (5.4113e-02)	Acc@1  97.66 ( 97.66)	Acc@2 100.00 (100.00)
Epoch: [33][ 10/101]	Time  0.422 ( 0.433)	Data  0.000 ( 0.062)	Loss 1.2217e-02 (3.1052e-02)	Acc@1  99.61 ( 98.76)	Acc@2 100.00 (100.00)
Epoch: [33][ 20/101]	Time  0.405 ( 0.425)	Data  0.000 ( 0.045)	Loss 4.2312e-02 (2.9990e-02)	Acc@1  98.05 ( 98.83)	Acc@2 100.00 (100.00)
Epoch: [33][ 30/101]	Time  0.425 ( 0.422)	Data  0.000 ( 0.038)	Loss 2.6972e-02 (2.8702e-02)	Acc@1  98.83 ( 98.84)	Acc@2 100.00 (100.00)
Epoch: [33][ 40/101]	Time  0.407 ( 0.420)	Data  0.000 ( 0.035)	Loss 4.0468e-02 (2.8721e-02)	Acc@1  98.05 ( 98.82)	Acc@2 100.00 (100.00)
Epoch: [33][ 50/101]	Time  0.417 ( 0.419)	Data  0.000 ( 0.033)	Loss 6.4012e-02 (2.9605e-02)	Acc@1  97.66 ( 98.81)	Acc@2 100.00 (100.00)
Epoch: [33][ 60/101]	Time  0.399 ( 0.419)	Data  0.000 ( 0.032)	Loss 1.2448e-02 (2.8563e-02)	Acc@1 100.00 ( 98.85)	Acc@2 100.00 (100.00)
Epoch: [33][ 70/101]	Time  0.419 ( 0.421)	Data  0.000 ( 0.031)	Loss 1.2484e-02 (2.9004e-02)	Acc@1 100.00 ( 98.83)	Acc@2 100.00 (100.00)
Epoch: [33][ 80/101]	Time  0.407 ( 0.421)	Data  0.000 ( 0.031)	Loss 2.8167e-02 (2.8310e-02)	Acc@1  99.22 ( 98.89)	Acc@2 100.00 (100.00)
Epoch: [33][ 90/101]	Time  0.418 ( 0.421)	Data  0.000 ( 0.030)	Loss 2.9370e-02 (2.8017e-02)	Acc@1  98.44 ( 98.90)	Acc@2 100.00 (100.00)
Epoch: [33][100/101]	Time  0.363 ( 0.420)	Data  0.000 ( 0.030)	Loss 3.2992e-02 (2.7943e-02)	Acc@1  98.63 ( 98.91)	Acc@2 100.00 (100.00)
Test: [ 0/34]	Time  0.556 ( 0.556)	Loss 3.1165e-04 (3.1165e-04)	Acc@1 100.00 (100.00)	Acc@2 100.00 (100.00)
Test: [10/34]	Time  0.121 ( 0.163)	Loss 7.6160e-03 (1.6157e-02)	Acc@1  99.61 ( 99.72)	Acc@2 100.00 (100.00)
Test: [20/34]	Time  0.123 ( 0.145)	Loss 1.7530e-03 (1.6571e-02)	Acc@1 100.00 ( 99.72)	Acc@2 100.00 (100.00)
Test: [30/34]	Time  0.121 ( 0.138)	Loss 1.7666e-03 (1.4487e-02)	Acc@1 100.00 ( 99.70)	Acc@2 100.00 (100.00)
 * Acc@1 99.697 Acc@2 100.000
Epoch: [34][  0/101]	Time  0.651 ( 0.651)	Data  0.503 ( 0.503)	Loss 4.0522e-02 (4.0522e-02)	Acc@1  98.83 ( 98.83)	Acc@2 100.00 (100.00)
Epoch: [34][ 10/101]	Time  0.409 ( 0.440)	Data  0.000 ( 0.071)	Loss 3.4621e-02 (3.1177e-02)	Acc@1  98.44 ( 98.86)	Acc@2 100.00 (100.00)
Epoch: [34][ 20/101]	Time  0.412 ( 0.428)	Data  0.000 ( 0.049)	Loss 2.6381e-02 (2.8795e-02)	Acc@1  98.44 ( 98.88)	Acc@2 100.00 (100.00)
Epoch: [34][ 30/101]	Time  0.421 ( 0.425)	Data  0.000 ( 0.042)	Loss 2.6517e-02 (2.8964e-02)	Acc@1  98.83 ( 98.90)	Acc@2 100.00 (100.00)
Epoch: [34][ 40/101]	Time  0.420 ( 0.422)	Data  0.000 ( 0.037)	Loss 1.3710e-02 (2.9023e-02)	Acc@1  99.22 ( 98.89)	Acc@2 100.00 (100.00)
Epoch: [34][ 50/101]	Time  0.424 ( 0.421)	Data  0.000 ( 0.036)	Loss 3.9093e-02 (2.9489e-02)	Acc@1  98.44 ( 98.88)	Acc@2 100.00 (100.00)
Epoch: [34][ 60/101]	Time  0.424 ( 0.420)	Data  0.000 ( 0.034)	Loss 2.8586e-02 (3.1517e-02)	Acc@1  98.44 ( 98.79)	Acc@2 100.00 (100.00)
Epoch: [34][ 70/101]	Time  0.415 ( 0.420)	Data  0.000 ( 0.033)	Loss 5.4259e-02 (3.1180e-02)	Acc@1  98.05 ( 98.80)	Acc@2 100.00 (100.00)
Epoch: [34][ 80/101]	Time  0.421 ( 0.419)	Data  0.000 ( 0.032)	Loss 2.6029e-02 (3.1092e-02)	Acc@1  99.22 ( 98.75)	Acc@2 100.00 (100.00)
Epoch: [34][ 90/101]	Time  0.443 ( 0.419)	Data  0.000 ( 0.031)	Loss 4.1726e-02 (3.0381e-02)	Acc@1  98.44 ( 98.78)	Acc@2 100.00 (100.00)
Epoch: [34][100/101]	Time  0.365 ( 0.418)	Data  0.000 ( 0.031)	Loss 2.7547e-02 (2.9872e-02)	Acc@1  98.63 ( 98.79)	Acc@2 100.00 (100.00)
Test: [ 0/34]	Time  0.524 ( 0.524)	Loss 6.4210e-04 (6.4210e-04)	Acc@1 100.00 (100.00)	Acc@2 100.00 (100.00)
Test: [10/34]	Time  0.124 ( 0.162)	Loss 7.1366e-03 (1.6407e-02)	Acc@1  99.61 ( 99.64)	Acc@2 100.00 (100.00)
Test: [20/34]	Time  0.123 ( 0.144)	Loss 1.5089e-03 (1.6500e-02)	Acc@1 100.00 ( 99.67)	Acc@2 100.00 (100.00)
Test: [30/34]	Time  0.123 ( 0.137)	Loss 2.0191e-03 (1.3916e-02)	Acc@1 100.00 ( 99.68)	Acc@2 100.00 (100.00)
 * Acc@1 99.686 Acc@2 100.000
Epoch: [35][  0/101]	Time  0.653 ( 0.653)	Data  0.499 ( 0.499)	Loss 4.1813e-02 (4.1813e-02)	Acc@1  98.44 ( 98.44)	Acc@2 100.00 (100.00)
Epoch: [35][ 10/101]	Time  0.408 ( 0.439)	Data  0.000 ( 0.069)	Loss 3.9058e-02 (2.7024e-02)	Acc@1  98.05 ( 99.01)	Acc@2 100.00 (100.00)
Epoch: [35][ 20/101]	Time  0.430 ( 0.432)	Data  0.000 ( 0.048)	Loss 3.0788e-02 (2.6617e-02)	Acc@1  98.05 ( 99.01)	Acc@2 100.00 (100.00)
Epoch: [35][ 30/101]	Time  0.407 ( 0.426)	Data  0.000 ( 0.041)	Loss 9.9863e-03 (2.5774e-02)	Acc@1 100.00 ( 99.04)	Acc@2 100.00 (100.00)
Epoch: [35][ 40/101]	Time  0.426 ( 0.425)	Data  0.000 ( 0.037)	Loss 2.7775e-02 (2.5727e-02)	Acc@1  98.83 ( 99.00)	Acc@2 100.00 (100.00)
Epoch: [35][ 50/101]	Time  0.399 ( 0.424)	Data  0.000 ( 0.035)	Loss 2.3398e-02 (2.6702e-02)	Acc@1  98.83 ( 98.97)	Acc@2 100.00 (100.00)
Epoch: [35][ 60/101]	Time  0.427 ( 0.423)	Data  0.000 ( 0.033)	Loss 1.8977e-02 (2.6110e-02)	Acc@1  99.22 ( 98.95)	Acc@2 100.00 (100.00)
Epoch: [35][ 70/101]	Time  0.405 ( 0.421)	Data  0.000 ( 0.032)	Loss 1.6375e-02 (2.5744e-02)	Acc@1  99.22 ( 98.98)	Acc@2 100.00 (100.00)
Epoch: [35][ 80/101]	Time  0.422 ( 0.421)	Data  0.000 ( 0.031)	Loss 2.1321e-02 (2.6522e-02)	Acc@1  99.22 ( 98.94)	Acc@2 100.00 (100.00)
Epoch: [35][ 90/101]	Time  0.399 ( 0.420)	Data  0.000 ( 0.031)	Loss 3.7511e-02 (2.6169e-02)	Acc@1  98.05 ( 98.97)	Acc@2 100.00 (100.00)
Epoch: [35][100/101]	Time  0.380 ( 0.420)	Data  0.000 ( 0.030)	Loss 1.7300e-02 (2.6008e-02)	Acc@1  99.32 ( 98.97)	Acc@2 100.00 (100.00)
Test: [ 0/34]	Time  0.609 ( 0.609)	Loss 8.1434e-04 (8.1434e-04)	Acc@1 100.00 (100.00)	Acc@2 100.00 (100.00)
Test: [10/34]	Time  0.122 ( 0.169)	Loss 6.9270e-03 (2.0349e-02)	Acc@1  99.22 ( 99.61)	Acc@2 100.00 (100.00)
Test: [20/34]	Time  0.128 ( 0.148)	Loss 1.0362e-03 (2.0389e-02)	Acc@1 100.00 ( 99.65)	Acc@2 100.00 (100.00)
Test: [30/34]	Time  0.121 ( 0.141)	Loss 1.1246e-03 (1.6289e-02)	Acc@1 100.00 ( 99.68)	Acc@2 100.00 (100.00)
 * Acc@1 99.686 Acc@2 100.000
Epoch: [36][  0/101]	Time  0.646 ( 0.646)	Data  0.490 ( 0.490)	Loss 2.0488e-02 (2.0488e-02)	Acc@1  99.61 ( 99.61)	Acc@2 100.00 (100.00)
Epoch: [36][ 10/101]	Time  0.409 ( 0.436)	Data  0.000 ( 0.066)	Loss 3.4827e-02 (2.8046e-02)	Acc@1  98.44 ( 99.08)	Acc@2 100.00 (100.00)
Epoch: [36][ 20/101]	Time  0.410 ( 0.426)	Data  0.000 ( 0.048)	Loss 1.5474e-02 (2.8923e-02)	Acc@1  99.22 ( 98.98)	Acc@2 100.00 (100.00)
Epoch: [36][ 30/101]	Time  0.443 ( 0.424)	Data  0.000 ( 0.041)	Loss 2.5850e-02 (2.9945e-02)	Acc@1  99.22 ( 98.92)	Acc@2 100.00 (100.00)
Epoch: [36][ 40/101]	Time  0.430 ( 0.423)	Data  0.000 ( 0.037)	Loss 2.8047e-02 (2.9792e-02)	Acc@1  98.44 ( 98.94)	Acc@2 100.00 (100.00)
Epoch: [36][ 50/101]	Time  0.420 ( 0.421)	Data  0.000 ( 0.035)	Loss 1.4788e-02 (2.9388e-02)	Acc@1  99.61 ( 98.95)	Acc@2 100.00 (100.00)
Epoch: [36][ 60/101]	Time  0.415 ( 0.420)	Data  0.000 ( 0.033)	Loss 6.3596e-03 (2.7426e-02)	Acc@1 100.00 ( 99.03)	Acc@2 100.00 (100.00)
Epoch: [36][ 70/101]	Time  0.424 ( 0.420)	Data  0.000 ( 0.032)	Loss 3.1839e-02 (2.6752e-02)	Acc@1  99.22 ( 99.04)	Acc@2 100.00 (100.00)
Epoch: [36][ 80/101]	Time  0.416 ( 0.419)	Data  0.000 ( 0.032)	Loss 4.2704e-02 (2.6627e-02)	Acc@1  96.88 ( 99.01)	Acc@2 100.00 (100.00)
Epoch: [36][ 90/101]	Time  0.411 ( 0.420)	Data  0.000 ( 0.031)	Loss 1.0647e-02 (2.6303e-02)	Acc@1  99.61 ( 99.01)	Acc@2 100.00 (100.00)
Epoch: [36][100/101]	Time  0.373 ( 0.420)	Data  0.000 ( 0.030)	Loss 6.1589e-03 (2.6093e-02)	Acc@1 100.00 ( 99.01)	Acc@2 100.00 (100.00)
Test: [ 0/34]	Time  0.579 ( 0.579)	Loss 1.6309e-04 (1.6309e-04)	Acc@1 100.00 (100.00)	Acc@2 100.00 (100.00)
Test: [10/34]	Time  0.123 ( 0.166)	Loss 1.1008e-02 (1.7291e-02)	Acc@1  99.61 ( 99.61)	Acc@2 100.00 (100.00)
Test: [20/34]	Time  0.122 ( 0.146)	Loss 1.9547e-03 (1.7071e-02)	Acc@1 100.00 ( 99.67)	Acc@2 100.00 (100.00)
Test: [30/34]	Time  0.123 ( 0.139)	Loss 2.6653e-03 (1.4222e-02)	Acc@1 100.00 ( 99.68)	Acc@2 100.00 (100.00)
 * Acc@1 99.686 Acc@2 100.000
Epoch: [37][  0/101]	Time  0.600 ( 0.600)	Data  0.454 ( 0.454)	Loss 3.9254e-02 (3.9254e-02)	Acc@1  98.05 ( 98.05)	Acc@2 100.00 (100.00)
Epoch: [37][ 10/101]	Time  0.422 ( 0.434)	Data  0.000 ( 0.064)	Loss 1.1209e-02 (2.3539e-02)	Acc@1  99.61 ( 99.18)	Acc@2 100.00 (100.00)
Epoch: [37][ 20/101]	Time  0.417 ( 0.425)	Data  0.000 ( 0.046)	Loss 3.5786e-02 (2.2291e-02)	Acc@1  98.83 ( 99.18)	Acc@2 100.00 (100.00)
Epoch: [37][ 30/101]	Time  0.414 ( 0.423)	Data  0.000 ( 0.039)	Loss 7.9699e-03 (2.1310e-02)	Acc@1 100.00 ( 99.19)	Acc@2 100.00 (100.00)
Epoch: [37][ 40/101]	Time  0.406 ( 0.421)	Data  0.000 ( 0.036)	Loss 3.1743e-02 (2.1610e-02)	Acc@1  98.44 ( 99.18)	Acc@2 100.00 (100.00)
Epoch: [37][ 50/101]	Time  0.437 ( 0.420)	Data  0.000 ( 0.034)	Loss 1.0933e-02 (2.1805e-02)	Acc@1 100.00 ( 99.19)	Acc@2 100.00 (100.00)
Epoch: [37][ 60/101]	Time  0.410 ( 0.420)	Data  0.000 ( 0.033)	Loss 3.2415e-02 (2.2931e-02)	Acc@1  99.22 ( 99.15)	Acc@2 100.00 (100.00)
Epoch: [37][ 70/101]	Time  0.428 ( 0.419)	Data  0.000 ( 0.032)	Loss 1.2789e-02 (2.3139e-02)	Acc@1  99.61 ( 99.15)	Acc@2 100.00 (100.00)
Epoch: [37][ 80/101]	Time  0.404 ( 0.418)	Data  0.000 ( 0.031)	Loss 2.6454e-02 (2.3603e-02)	Acc@1  98.83 ( 99.13)	Acc@2 100.00 (100.00)
Epoch: [37][ 90/101]	Time  0.433 ( 0.418)	Data  0.000 ( 0.030)	Loss 4.8341e-03 (2.3315e-02)	Acc@1 100.00 ( 99.13)	Acc@2 100.00 (100.00)
Epoch: [37][100/101]	Time  0.363 ( 0.418)	Data  0.000 ( 0.030)	Loss 2.1273e-02 (2.3690e-02)	Acc@1  99.32 ( 99.11)	Acc@2 100.00 (100.00)
Test: [ 0/34]	Time  0.563 ( 0.563)	Loss 3.8308e-04 (3.8308e-04)	Acc@1 100.00 (100.00)	Acc@2 100.00 (100.00)
Test: [10/34]	Time  0.121 ( 0.165)	Loss 1.2626e-02 (1.9112e-02)	Acc@1  99.61 ( 99.64)	Acc@2 100.00 (100.00)
Test: [20/34]	Time  0.121 ( 0.146)	Loss 9.9849e-04 (1.9073e-02)	Acc@1 100.00 ( 99.65)	Acc@2 100.00 (100.00)
Test: [30/34]	Time  0.120 ( 0.139)	Loss 2.0933e-03 (1.4338e-02)	Acc@1 100.00 ( 99.72)	Acc@2 100.00 (100.00)
 * Acc@1 99.732 Acc@2 100.000
Epoch: [38][  0/101]	Time  0.690 ( 0.690)	Data  0.533 ( 0.533)	Loss 8.6526e-03 (8.6526e-03)	Acc@1 100.00 (100.00)	Acc@2 100.00 (100.00)
Epoch: [38][ 10/101]	Time  0.423 ( 0.442)	Data  0.000 ( 0.072)	Loss 1.7148e-02 (2.7781e-02)	Acc@1  99.22 ( 98.93)	Acc@2 100.00 (100.00)
Epoch: [38][ 20/101]	Time  0.422 ( 0.430)	Data  0.000 ( 0.050)	Loss 1.8559e-02 (3.0254e-02)	Acc@1  99.61 ( 98.85)	Acc@2 100.00 (100.00)
Epoch: [38][ 30/101]	Time  0.419 ( 0.427)	Data  0.000 ( 0.043)	Loss 3.1269e-02 (2.9109e-02)	Acc@1  98.44 ( 98.90)	Acc@2 100.00 (100.00)
Epoch: [38][ 40/101]	Time  0.417 ( 0.425)	Data  0.000 ( 0.039)	Loss 9.2149e-03 (2.6863e-02)	Acc@1  99.61 ( 99.00)	Acc@2 100.00 (100.00)
Epoch: [38][ 50/101]	Time  0.433 ( 0.424)	Data  0.000 ( 0.036)	Loss 2.5917e-02 (2.7081e-02)	Acc@1  98.83 ( 98.94)	Acc@2 100.00 (100.00)
Epoch: [38][ 60/101]	Time  0.429 ( 0.422)	Data  0.000 ( 0.034)	Loss 1.2209e-02 (2.6438e-02)	Acc@1  99.61 ( 98.98)	Acc@2 100.00 (100.00)
Epoch: [38][ 70/101]	Time  0.430 ( 0.423)	Data  0.000 ( 0.033)	Loss 3.4365e-02 (2.7631e-02)	Acc@1  99.22 ( 98.94)	Acc@2 100.00 (100.00)
Epoch: [38][ 80/101]	Time  0.405 ( 0.422)	Data  0.000 ( 0.032)	Loss 3.9900e-02 (2.6583e-02)	Acc@1  98.44 ( 99.00)	Acc@2 100.00 (100.00)
Epoch: [38][ 90/101]	Time  0.417 ( 0.422)	Data  0.000 ( 0.032)	Loss 3.3261e-02 (2.5976e-02)	Acc@1  98.44 ( 99.03)	Acc@2 100.00 (100.00)
Epoch: [38][100/101]	Time  0.361 ( 0.420)	Data  0.000 ( 0.031)	Loss 3.2436e-02 (2.5869e-02)	Acc@1  98.63 ( 99.03)	Acc@2 100.00 (100.00)
Test: [ 0/34]	Time  0.527 ( 0.527)	Loss 1.9125e-03 (1.9125e-03)	Acc@1 100.00 (100.00)	Acc@2 100.00 (100.00)
Test: [10/34]	Time  0.123 ( 0.162)	Loss 3.0127e-03 (2.0389e-02)	Acc@1 100.00 ( 99.72)	Acc@2 100.00 (100.00)
Test: [20/34]	Time  0.128 ( 0.144)	Loss 4.3957e-04 (2.0872e-02)	Acc@1 100.00 ( 99.68)	Acc@2 100.00 (100.00)
Test: [30/34]	Time  0.125 ( 0.138)	Loss 8.2041e-04 (1.6632e-02)	Acc@1 100.00 ( 99.71)	Acc@2 100.00 (100.00)
 * Acc@1 99.721 Acc@2 100.000
Epoch: [39][  0/101]	Time  0.794 ( 0.794)	Data  0.620 ( 0.620)	Loss 3.1433e-02 (3.1433e-02)	Acc@1  98.05 ( 98.05)	Acc@2 100.00 (100.00)
Epoch: [39][ 10/101]	Time  0.390 ( 0.451)	Data  0.000 ( 0.078)	Loss 2.0515e-02 (2.4510e-02)	Acc@1  99.22 ( 98.93)	Acc@2 100.00 (100.00)
Epoch: [39][ 20/101]	Time  0.413 ( 0.434)	Data  0.000 ( 0.053)	Loss 1.3466e-02 (2.4699e-02)	Acc@1  99.61 ( 99.00)	Acc@2 100.00 (100.00)
Epoch: [39][ 30/101]	Time  0.389 ( 0.429)	Data  0.000 ( 0.044)	Loss 2.5248e-02 (2.4735e-02)	Acc@1  99.22 ( 99.03)	Acc@2 100.00 (100.00)
Epoch: [39][ 40/101]	Time  0.424 ( 0.426)	Data  0.000 ( 0.040)	Loss 3.2475e-02 (2.4596e-02)	Acc@1  98.44 ( 99.04)	Acc@2 100.00 (100.00)
Epoch: [39][ 50/101]	Time  0.406 ( 0.424)	Data  0.000 ( 0.037)	Loss 4.2584e-02 (2.5142e-02)	Acc@1  97.66 ( 99.03)	Acc@2 100.00 (100.00)
Epoch: [39][ 60/101]	Time  0.427 ( 0.423)	Data  0.000 ( 0.035)	Loss 4.0030e-03 (2.4195e-02)	Acc@1 100.00 ( 99.07)	Acc@2 100.00 (100.00)
Epoch: [39][ 70/101]	Time  0.405 ( 0.422)	Data  0.000 ( 0.034)	Loss 1.4567e-02 (2.4789e-02)	Acc@1  99.22 ( 99.06)	Acc@2 100.00 (100.00)
Epoch: [39][ 80/101]	Time  0.423 ( 0.421)	Data  0.000 ( 0.033)	Loss 1.3725e-02 (2.4881e-02)	Acc@1  99.22 ( 99.05)	Acc@2 100.00 (100.00)
Epoch: [39][ 90/101]	Time  0.402 ( 0.421)	Data  0.000 ( 0.032)	Loss 1.8828e-02 (2.4066e-02)	Acc@1  99.61 ( 99.08)	Acc@2 100.00 (100.00)
Epoch: [39][100/101]	Time  0.373 ( 0.420)	Data  0.000 ( 0.031)	Loss 3.9026e-02 (2.4370e-02)	Acc@1  97.26 ( 99.06)	Acc@2 100.00 (100.00)
Test: [ 0/34]	Time  0.613 ( 0.613)	Loss 2.1490e-04 (2.1490e-04)	Acc@1 100.00 (100.00)	Acc@2 100.00 (100.00)
Test: [10/34]	Time  0.128 ( 0.172)	Loss 8.3729e-03 (1.8191e-02)	Acc@1  99.22 ( 99.64)	Acc@2 100.00 (100.00)
Test: [20/34]	Time  0.120 ( 0.150)	Loss 1.1310e-03 (1.7881e-02)	Acc@1 100.00 ( 99.68)	Acc@2 100.00 (100.00)
Test: [30/34]	Time  0.123 ( 0.141)	Loss 1.5836e-03 (1.4005e-02)	Acc@1 100.00 ( 99.71)	Acc@2 100.00 (100.00)
 * Acc@1 99.709 Acc@2 100.000
Epoch: [40][  0/101]	Time  0.573 ( 0.573)	Data  0.428 ( 0.428)	Loss 1.6752e-02 (1.6752e-02)	Acc@1 100.00 (100.00)	Acc@2 100.00 (100.00)
Epoch: [40][ 10/101]	Time  0.416 ( 0.429)	Data  0.000 ( 0.062)	Loss 3.3059e-02 (2.5768e-02)	Acc@1  98.44 ( 99.08)	Acc@2 100.00 (100.00)
Epoch: [40][ 20/101]	Time  0.408 ( 0.424)	Data  0.000 ( 0.045)	Loss 1.7709e-02 (2.4231e-02)	Acc@1  99.22 ( 99.11)	Acc@2 100.00 (100.00)
Epoch: [40][ 30/101]	Time  0.412 ( 0.424)	Data  0.000 ( 0.039)	Loss 2.7016e-02 (2.5188e-02)	Acc@1  98.83 ( 99.04)	Acc@2 100.00 (100.00)
Epoch: [40][ 40/101]	Time  0.417 ( 0.423)	Data  0.000 ( 0.036)	Loss 3.6273e-02 (2.4787e-02)	Acc@1  99.22 ( 99.05)	Acc@2 100.00 (100.00)
Epoch: [40][ 50/101]	Time  0.418 ( 0.421)	Data  0.000 ( 0.034)	Loss 2.5707e-02 (2.3412e-02)	Acc@1  99.22 ( 99.11)	Acc@2 100.00 (100.00)
Epoch: [40][ 60/101]	Time  0.429 ( 0.421)	Data  0.000 ( 0.033)	Loss 4.5178e-03 (2.3377e-02)	Acc@1 100.00 ( 99.15)	Acc@2 100.00 (100.00)
Epoch: [40][ 70/101]	Time  0.409 ( 0.420)	Data  0.000 ( 0.032)	Loss 1.6357e-02 (2.3720e-02)	Acc@1  99.61 ( 99.15)	Acc@2 100.00 (100.00)
Epoch: [40][ 80/101]	Time  0.420 ( 0.420)	Data  0.000 ( 0.031)	Loss 1.8818e-02 (2.3950e-02)	Acc@1  99.22 ( 99.15)	Acc@2 100.00 (100.00)
Epoch: [40][ 90/101]	Time  0.418 ( 0.420)	Data  0.000 ( 0.030)	Loss 9.2001e-03 (2.3254e-02)	Acc@1  99.61 ( 99.17)	Acc@2 100.00 (100.00)
Epoch: [40][100/101]	Time  0.382 ( 0.419)	Data  0.000 ( 0.030)	Loss 1.8886e-02 (2.3335e-02)	Acc@1  98.63 ( 99.15)	Acc@2 100.00 (100.00)
Test: [ 0/34]	Time  0.599 ( 0.599)	Loss 3.8898e-04 (3.8898e-04)	Acc@1 100.00 (100.00)	Acc@2 100.00 (100.00)
Test: [10/34]	Time  0.123 ( 0.167)	Loss 1.1642e-02 (2.2420e-02)	Acc@1  99.22 ( 99.61)	Acc@2 100.00 (100.00)
Test: [20/34]	Time  0.127 ( 0.147)	Loss 1.2658e-03 (2.1752e-02)	Acc@1 100.00 ( 99.63)	Acc@2 100.00 (100.00)
Test: [30/34]	Time  0.123 ( 0.140)	Loss 1.6096e-03 (1.6898e-02)	Acc@1 100.00 ( 99.68)	Acc@2 100.00 (100.00)
 * Acc@1 99.697 Acc@2 100.000
Epoch: [41][  0/101]	Time  0.626 ( 0.626)	Data  0.474 ( 0.474)	Loss 1.7168e-02 (1.7168e-02)	Acc@1  99.22 ( 99.22)	Acc@2 100.00 (100.00)
Epoch: [41][ 10/101]	Time  0.418 ( 0.435)	Data  0.000 ( 0.066)	Loss 2.8742e-02 (2.2517e-02)	Acc@1  98.44 ( 99.11)	Acc@2 100.00 (100.00)
Epoch: [41][ 20/101]	Time  0.402 ( 0.425)	Data  0.000 ( 0.047)	Loss 2.3369e-02 (2.3104e-02)	Acc@1  98.83 ( 99.11)	Acc@2 100.00 (100.00)
Epoch: [41][ 30/101]	Time  0.460 ( 0.423)	Data  0.000 ( 0.040)	Loss 3.0145e-02 (2.4900e-02)	Acc@1  98.44 ( 99.05)	Acc@2 100.00 (100.00)
Epoch: [41][ 40/101]	Time  0.415 ( 0.422)	Data  0.000 ( 0.037)	Loss 3.2347e-02 (2.3545e-02)	Acc@1  98.05 ( 99.09)	Acc@2 100.00 (100.00)
Epoch: [41][ 50/101]	Time  0.413 ( 0.421)	Data  0.000 ( 0.034)	Loss 3.4107e-02 (2.4220e-02)	Acc@1  98.44 ( 99.02)	Acc@2 100.00 (100.00)
Epoch: [41][ 60/101]	Time  0.403 ( 0.421)	Data  0.000 ( 0.033)	Loss 1.1793e-02 (2.3453e-02)	Acc@1  99.61 ( 99.06)	Acc@2 100.00 (100.00)
Epoch: [41][ 70/101]	Time  0.432 ( 0.421)	Data  0.000 ( 0.032)	Loss 2.8488e-02 (2.3555e-02)	Acc@1  98.44 ( 99.05)	Acc@2 100.00 (100.00)
Epoch: [41][ 80/101]	Time  0.404 ( 0.420)	Data  0.000 ( 0.031)	Loss 1.3396e-02 (2.3578e-02)	Acc@1  99.22 ( 99.05)	Acc@2 100.00 (100.00)
Epoch: [41][ 90/101]	Time  0.425 ( 0.420)	Data  0.000 ( 0.031)	Loss 1.5689e-02 (2.3849e-02)	Acc@1  98.83 ( 99.03)	Acc@2 100.00 (100.00)
Epoch: [41][100/101]	Time  0.363 ( 0.419)	Data  0.000 ( 0.030)	Loss 1.7526e-02 (2.3524e-02)	Acc@1  99.32 ( 99.07)	Acc@2 100.00 (100.00)
Test: [ 0/34]	Time  0.574 ( 0.574)	Loss 4.8977e-04 (4.8977e-04)	Acc@1 100.00 (100.00)	Acc@2 100.00 (100.00)
Test: [10/34]	Time  0.120 ( 0.165)	Loss 9.5573e-03 (2.0951e-02)	Acc@1  99.22 ( 99.64)	Acc@2 100.00 (100.00)
Test: [20/34]	Time  0.128 ( 0.146)	Loss 1.6510e-03 (2.0927e-02)	Acc@1 100.00 ( 99.67)	Acc@2 100.00 (100.00)
Test: [30/34]	Time  0.123 ( 0.139)	Loss 3.6770e-03 (1.8171e-02)	Acc@1  99.61 ( 99.65)	Acc@2 100.00 (100.00)
 * Acc@1 99.662 Acc@2 100.000
Epoch: [42][  0/101]	Time  0.590 ( 0.590)	Data  0.438 ( 0.438)	Loss 3.7531e-02 (3.7531e-02)	Acc@1  98.44 ( 98.44)	Acc@2 100.00 (100.00)
Epoch: [42][ 10/101]	Time  0.426 ( 0.435)	Data  0.000 ( 0.064)	Loss 2.3721e-02 (2.6954e-02)	Acc@1  98.44 ( 98.93)	Acc@2 100.00 (100.00)
Epoch: [42][ 20/101]	Time  0.422 ( 0.425)	Data  0.000 ( 0.046)	Loss 5.3299e-02 (2.9645e-02)	Acc@1  98.44 ( 98.79)	Acc@2 100.00 (100.00)
Epoch: [42][ 30/101]	Time  0.411 ( 0.423)	Data  0.000 ( 0.040)	Loss 1.2289e-02 (2.9322e-02)	Acc@1  99.61 ( 98.84)	Acc@2 100.00 (100.00)
Epoch: [42][ 40/101]	Time  0.427 ( 0.421)	Data  0.000 ( 0.036)	Loss 3.7512e-02 (2.8533e-02)	Acc@1  98.83 ( 98.87)	Acc@2 100.00 (100.00)
Epoch: [42][ 50/101]	Time  0.429 ( 0.421)	Data  0.000 ( 0.035)	Loss 1.4592e-02 (2.7583e-02)	Acc@1  99.61 ( 98.90)	Acc@2 100.00 (100.00)
Epoch: [42][ 60/101]	Time  0.429 ( 0.420)	Data  0.000 ( 0.033)	Loss 2.5850e-02 (2.6902e-02)	Acc@1  98.44 ( 98.92)	Acc@2 100.00 (100.00)
Epoch: [42][ 70/101]	Time  0.419 ( 0.420)	Data  0.000 ( 0.032)	Loss 1.7245e-02 (2.6012e-02)	Acc@1  98.83 ( 98.93)	Acc@2 100.00 (100.00)
Epoch: [42][ 80/101]	Time  0.429 ( 0.419)	Data  0.000 ( 0.031)	Loss 7.3089e-03 (2.5340e-02)	Acc@1  99.61 ( 98.96)	Acc@2 100.00 (100.00)
Epoch: [42][ 90/101]	Time  0.428 ( 0.419)	Data  0.000 ( 0.031)	Loss 1.1129e-02 (2.5474e-02)	Acc@1  99.61 ( 98.96)	Acc@2 100.00 (100.00)
Epoch: [42][100/101]	Time  0.363 ( 0.418)	Data  0.000 ( 0.030)	Loss 9.5416e-03 (2.4797e-02)	Acc@1 100.00 ( 98.99)	Acc@2 100.00 (100.00)
Test: [ 0/34]	Time  0.580 ( 0.580)	Loss 3.0519e-03 (3.0519e-03)	Acc@1 100.00 (100.00)	Acc@2 100.00 (100.00)
Test: [10/34]	Time  0.123 ( 0.166)	Loss 1.8539e-02 (2.7200e-02)	Acc@1  99.22 ( 99.57)	Acc@2 100.00 (100.00)
Test: [20/34]	Time  0.123 ( 0.146)	Loss 2.3387e-03 (2.5970e-02)	Acc@1 100.00 ( 99.61)	Acc@2 100.00 (100.00)
Test: [30/34]	Time  0.122 ( 0.139)	Loss 2.7885e-03 (2.0509e-02)	Acc@1 100.00 ( 99.62)	Acc@2 100.00 (100.00)
 * Acc@1 99.639 Acc@2 100.000
Epoch: [43][  0/101]	Time  0.779 ( 0.779)	Data  0.619 ( 0.619)	Loss 1.6649e-02 (1.6649e-02)	Acc@1  98.83 ( 98.83)	Acc@2 100.00 (100.00)
Epoch: [43][ 10/101]	Time  0.402 ( 0.450)	Data  0.000 ( 0.080)	Loss 3.0051e-02 (2.0829e-02)	Acc@1  97.66 ( 98.97)	Acc@2 100.00 (100.00)
Epoch: [43][ 20/101]	Time  0.428 ( 0.433)	Data  0.000 ( 0.053)	Loss 5.2827e-02 (2.5726e-02)	Acc@1  98.05 ( 98.87)	Acc@2 100.00 (100.00)
Epoch: [43][ 30/101]	Time  0.410 ( 0.427)	Data  0.000 ( 0.045)	Loss 1.4841e-02 (2.5683e-02)	Acc@1  99.61 ( 98.93)	Acc@2 100.00 (100.00)
Epoch: [43][ 40/101]	Time  0.433 ( 0.426)	Data  0.000 ( 0.040)	Loss 1.6664e-02 (2.7222e-02)	Acc@1  99.61 ( 98.92)	Acc@2 100.00 (100.00)
Epoch: [43][ 50/101]	Time  0.410 ( 0.424)	Data  0.000 ( 0.037)	Loss 4.1631e-02 (2.7558e-02)	Acc@1  97.66 ( 98.90)	Acc@2 100.00 (100.00)
Epoch: [43][ 60/101]	Time  0.433 ( 0.424)	Data  0.000 ( 0.035)	Loss 5.6439e-02 (2.6433e-02)	Acc@1  97.66 ( 98.94)	Acc@2 100.00 (100.00)
Epoch: [43][ 70/101]	Time  0.405 ( 0.422)	Data  0.000 ( 0.034)	Loss 1.2322e-02 (2.6393e-02)	Acc@1 100.00 ( 98.95)	Acc@2 100.00 (100.00)
Epoch: [43][ 80/101]	Time  0.422 ( 0.422)	Data  0.000 ( 0.033)	Loss 1.6380e-02 (2.5550e-02)	Acc@1  99.61 ( 99.00)	Acc@2 100.00 (100.00)
Epoch: [43][ 90/101]	Time  0.404 ( 0.421)	Data  0.000 ( 0.032)	Loss 1.3334e-02 (2.5423e-02)	Acc@1  99.22 ( 99.02)	Acc@2 100.00 (100.00)
Epoch: [43][100/101]	Time  0.387 ( 0.420)	Data  0.000 ( 0.031)	Loss 1.7748e-02 (2.5255e-02)	Acc@1  99.32 ( 99.01)	Acc@2 100.00 (100.00)
Test: [ 0/34]	Time  0.549 ( 0.549)	Loss 7.6306e-04 (7.6306e-04)	Acc@1 100.00 (100.00)	Acc@2 100.00 (100.00)
Test: [10/34]	Time  0.120 ( 0.165)	Loss 4.9450e-03 (1.4960e-02)	Acc@1  99.61 ( 99.64)	Acc@2 100.00 (100.00)
Test: [20/34]	Time  0.129 ( 0.146)	Loss 4.8048e-03 (1.5679e-02)	Acc@1  99.61 ( 99.65)	Acc@2 100.00 (100.00)
Test: [30/34]	Time  0.123 ( 0.139)	Loss 8.7546e-03 (1.5796e-02)	Acc@1  99.61 ( 99.60)	Acc@2 100.00 (100.00)
 * Acc@1 99.616 Acc@2 100.000
Epoch: [44][  0/101]	Time  0.644 ( 0.644)	Data  0.490 ( 0.490)	Loss 2.5587e-02 (2.5587e-02)	Acc@1  98.44 ( 98.44)	Acc@2 100.00 (100.00)
Epoch: [44][ 10/101]	Time  0.412 ( 0.434)	Data  0.000 ( 0.066)	Loss 2.1116e-02 (2.0586e-02)	Acc@1  98.83 ( 99.18)	Acc@2 100.00 (100.00)
Epoch: [44][ 20/101]	Time  0.416 ( 0.425)	Data  0.000 ( 0.048)	Loss 4.8776e-02 (2.3977e-02)	Acc@1  98.05 ( 98.98)	Acc@2 100.00 (100.00)
Epoch: [44][ 30/101]	Time  0.427 ( 0.422)	Data  0.000 ( 0.040)	Loss 6.4336e-03 (2.2156e-02)	Acc@1 100.00 ( 99.07)	Acc@2 100.00 (100.00)
Epoch: [44][ 40/101]	Time  0.413 ( 0.421)	Data  0.000 ( 0.037)	Loss 3.2388e-02 (2.0715e-02)	Acc@1  98.83 ( 99.15)	Acc@2 100.00 (100.00)
Epoch: [44][ 50/101]	Time  0.414 ( 0.420)	Data  0.000 ( 0.035)	Loss 8.6687e-03 (2.1143e-02)	Acc@1  99.61 ( 99.14)	Acc@2 100.00 (100.00)
Epoch: [44][ 60/101]	Time  0.416 ( 0.420)	Data  0.000 ( 0.034)	Loss 2.6395e-02 (2.2272e-02)	Acc@1  99.22 ( 99.10)	Acc@2 100.00 (100.00)
Epoch: [44][ 70/101]	Time  0.416 ( 0.419)	Data  0.000 ( 0.032)	Loss 1.3687e-02 (2.2230e-02)	Acc@1  99.22 ( 99.12)	Acc@2 100.00 (100.00)
Epoch: [44][ 80/101]	Time  0.426 ( 0.420)	Data  0.000 ( 0.032)	Loss 9.5672e-03 (2.2628e-02)	Acc@1 100.00 ( 99.10)	Acc@2 100.00 (100.00)
Epoch: [44][ 90/101]	Time  0.410 ( 0.419)	Data  0.000 ( 0.031)	Loss 3.1674e-02 (2.2835e-02)	Acc@1  98.83 ( 99.08)	Acc@2 100.00 (100.00)
Epoch: [44][100/101]	Time  0.384 ( 0.418)	Data  0.000 ( 0.031)	Loss 1.3682e-02 (2.2015e-02)	Acc@1  99.32 ( 99.12)	Acc@2 100.00 (100.00)
Test: [ 0/34]	Time  0.583 ( 0.583)	Loss 4.2689e-03 (4.2689e-03)	Acc@1  99.61 ( 99.61)	Acc@2 100.00 (100.00)
Test: [10/34]	Time  0.122 ( 0.166)	Loss 1.8956e-02 (2.6512e-02)	Acc@1  99.22 ( 99.50)	Acc@2 100.00 (100.00)
Test: [20/34]	Time  0.123 ( 0.147)	Loss 3.5054e-03 (2.5636e-02)	Acc@1  99.61 ( 99.53)	Acc@2 100.00 (100.00)
Test: [30/34]	Time  0.123 ( 0.139)	Loss 5.3650e-03 (2.0166e-02)	Acc@1  99.61 ( 99.57)	Acc@2 100.00 (100.00)
 * Acc@1 99.592 Acc@2 100.000
Epoch: [45][  0/101]	Time  0.619 ( 0.619)	Data  0.467 ( 0.467)	Loss 1.2343e-02 (1.2343e-02)	Acc@1 100.00 (100.00)	Acc@2 100.00 (100.00)
Epoch: [45][ 10/101]	Time  0.427 ( 0.434)	Data  0.000 ( 0.065)	Loss 1.1690e-02 (2.0331e-02)	Acc@1  99.61 ( 99.11)	Acc@2 100.00 (100.00)
Epoch: [45][ 20/101]	Time  0.415 ( 0.428)	Data  0.000 ( 0.050)	Loss 2.3657e-02 (2.2247e-02)	Acc@1  99.22 ( 99.13)	Acc@2 100.00 (100.00)
Epoch: [45][ 30/101]	Time  0.424 ( 0.424)	Data  0.000 ( 0.042)	Loss 3.0747e-02 (2.1191e-02)	Acc@1  99.61 ( 99.19)	Acc@2 100.00 (100.00)
Epoch: [45][ 40/101]	Time  0.399 ( 0.422)	Data  0.000 ( 0.038)	Loss 4.9309e-02 (2.2229e-02)	Acc@1  98.83 ( 99.14)	Acc@2 100.00 (100.00)
Epoch: [45][ 50/101]	Time  0.435 ( 0.421)	Data  0.000 ( 0.036)	Loss 1.5565e-02 (2.2273e-02)	Acc@1  99.22 ( 99.18)	Acc@2 100.00 (100.00)
Epoch: [45][ 60/101]	Time  0.406 ( 0.420)	Data  0.000 ( 0.034)	Loss 1.5232e-02 (2.1917e-02)	Acc@1  99.22 ( 99.19)	Acc@2 100.00 (100.00)
Epoch: [45][ 70/101]	Time  0.407 ( 0.420)	Data  0.000 ( 0.033)	Loss 4.4689e-02 (2.2469e-02)	Acc@1  98.05 ( 99.15)	Acc@2 100.00 (100.00)
Epoch: [45][ 80/101]	Time  0.398 ( 0.419)	Data  0.000 ( 0.032)	Loss 8.3314e-03 (2.2799e-02)	Acc@1 100.00 ( 99.11)	Acc@2 100.00 (100.00)
Epoch: [45][ 90/101]	Time  0.430 ( 0.419)	Data  0.000 ( 0.031)	Loss 1.0731e-02 (2.2290e-02)	Acc@1  99.22 ( 99.12)	Acc@2 100.00 (100.00)
Epoch: [45][100/101]	Time  0.368 ( 0.418)	Data  0.000 ( 0.031)	Loss 4.7076e-03 (2.1916e-02)	Acc@1 100.00 ( 99.14)	Acc@2 100.00 (100.00)
Test: [ 0/34]	Time  0.632 ( 0.632)	Loss 9.8267e-04 (9.8267e-04)	Acc@1 100.00 (100.00)	Acc@2 100.00 (100.00)
Test: [10/34]	Time  0.122 ( 0.170)	Loss 1.5037e-02 (2.6696e-02)	Acc@1  99.61 ( 99.57)	Acc@2 100.00 (100.00)
Test: [20/34]	Time  0.121 ( 0.149)	Loss 2.2973e-03 (2.5985e-02)	Acc@1 100.00 ( 99.59)	Acc@2 100.00 (100.00)
Test: [30/34]	Time  0.126 ( 0.141)	Loss 6.0170e-03 (2.2905e-02)	Acc@1  99.61 ( 99.60)	Acc@2 100.00 (100.00)
 * Acc@1 99.616 Acc@2 100.000
Epoch: [46][  0/101]	Time  0.639 ( 0.639)	Data  0.495 ( 0.495)	Loss 2.1555e-02 (2.1555e-02)	Acc@1  99.22 ( 99.22)	Acc@2 100.00 (100.00)
Epoch: [46][ 10/101]	Time  0.412 ( 0.434)	Data  0.000 ( 0.069)	Loss 3.1132e-02 (2.6473e-02)	Acc@1  98.44 ( 99.08)	Acc@2 100.00 (100.00)
Epoch: [46][ 20/101]	Time  0.492 ( 0.429)	Data  0.000 ( 0.048)	Loss 1.3617e-02 (1.9966e-02)	Acc@1  99.61 ( 99.29)	Acc@2 100.00 (100.00)
Epoch: [46][ 30/101]	Time  0.422 ( 0.428)	Data  0.000 ( 0.044)	Loss 1.7767e-02 (2.1724e-02)	Acc@1  99.61 ( 99.18)	Acc@2 100.00 (100.00)
Epoch: [46][ 40/101]	Time  0.410 ( 0.424)	Data  0.000 ( 0.039)	Loss 4.2548e-03 (2.1257e-02)	Acc@1 100.00 ( 99.21)	Acc@2 100.00 (100.00)
Epoch: [46][ 50/101]	Time  0.415 ( 0.422)	Data  0.000 ( 0.037)	Loss 2.9976e-02 (2.1869e-02)	Acc@1  98.44 ( 99.14)	Acc@2 100.00 (100.00)
Epoch: [46][ 60/101]	Time  0.426 ( 0.421)	Data  0.000 ( 0.035)	Loss 2.3357e-02 (2.1353e-02)	Acc@1  99.22 ( 99.16)	Acc@2 100.00 (100.00)
Epoch: [46][ 70/101]	Time  0.423 ( 0.421)	Data  0.000 ( 0.033)	Loss 9.3962e-03 (2.0610e-02)	Acc@1 100.00 ( 99.21)	Acc@2 100.00 (100.00)
Epoch: [46][ 80/101]	Time  0.418 ( 0.421)	Data  0.000 ( 0.032)	Loss 2.4686e-02 (2.1162e-02)	Acc@1  98.83 ( 99.19)	Acc@2 100.00 (100.00)
Epoch: [46][ 90/101]	Time  0.416 ( 0.421)	Data  0.000 ( 0.032)	Loss 1.0728e-02 (2.1078e-02)	Acc@1 100.00 ( 99.19)	Acc@2 100.00 (100.00)
Epoch: [46][100/101]	Time  0.358 ( 0.420)	Data  0.000 ( 0.031)	Loss 5.3832e-02 (2.1528e-02)	Acc@1  97.95 ( 99.18)	Acc@2 100.00 (100.00)
Test: [ 0/34]	Time  0.537 ( 0.537)	Loss 2.2536e-03 (2.2536e-03)	Acc@1 100.00 (100.00)	Acc@2 100.00 (100.00)
Test: [10/34]	Time  0.123 ( 0.162)	Loss 7.7462e-03 (2.0332e-02)	Acc@1  99.61 ( 99.61)	Acc@2 100.00 (100.00)
Test: [20/34]	Time  0.123 ( 0.144)	Loss 5.3101e-03 (2.1080e-02)	Acc@1  99.61 ( 99.61)	Acc@2 100.00 (100.00)
Test: [30/34]	Time  0.123 ( 0.138)	Loss 1.1318e-02 (1.9357e-02)	Acc@1  99.61 ( 99.58)	Acc@2 100.00 (100.00)
 * Acc@1 99.592 Acc@2 100.000
Epoch: [47][  0/101]	Time  0.614 ( 0.614)	Data  0.455 ( 0.455)	Loss 1.9154e-02 (1.9154e-02)	Acc@1  99.22 ( 99.22)	Acc@2 100.00 (100.00)
Epoch: [47][ 10/101]	Time  0.407 ( 0.434)	Data  0.000 ( 0.065)	Loss 1.9179e-02 (2.3263e-02)	Acc@1  99.22 ( 98.83)	Acc@2 100.00 (100.00)
Epoch: [47][ 20/101]	Time  0.409 ( 0.425)	Data  0.000 ( 0.046)	Loss 5.2349e-03 (2.2473e-02)	Acc@1 100.00 ( 98.94)	Acc@2 100.00 (100.00)
Epoch: [47][ 30/101]	Time  0.403 ( 0.423)	Data  0.000 ( 0.040)	Loss 2.3849e-02 (2.2037e-02)	Acc@1  99.22 ( 99.03)	Acc@2 100.00 (100.00)
Epoch: [47][ 40/101]	Time  0.414 ( 0.422)	Data  0.000 ( 0.037)	Loss 1.7337e-02 (2.1883e-02)	Acc@1  99.22 ( 99.06)	Acc@2 100.00 (100.00)
Epoch: [47][ 50/101]	Time  0.409 ( 0.421)	Data  0.000 ( 0.035)	Loss 8.9080e-03 (2.3161e-02)	Acc@1 100.00 ( 99.07)	Acc@2 100.00 (100.00)
Epoch: [47][ 60/101]	Time  0.417 ( 0.421)	Data  0.000 ( 0.033)	Loss 1.7005e-02 (2.2758e-02)	Acc@1  99.22 ( 99.10)	Acc@2 100.00 (100.00)
Epoch: [47][ 70/101]	Time  0.394 ( 0.420)	Data  0.000 ( 0.032)	Loss 1.6831e-02 (2.3059e-02)	Acc@1  99.22 ( 99.10)	Acc@2 100.00 (100.00)
Epoch: [47][ 80/101]	Time  0.432 ( 0.419)	Data  0.000 ( 0.031)	Loss 1.1859e-02 (2.2861e-02)	Acc@1  99.61 ( 99.11)	Acc@2 100.00 (100.00)
Epoch: [47][ 90/101]	Time  0.404 ( 0.419)	Data  0.000 ( 0.031)	Loss 2.7716e-02 (2.2974e-02)	Acc@1  98.44 ( 99.09)	Acc@2 100.00 (100.00)
Epoch: [47][100/101]	Time  0.379 ( 0.418)	Data  0.000 ( 0.030)	Loss 8.8032e-03 (2.2818e-02)	Acc@1 100.00 ( 99.09)	Acc@2 100.00 (100.00)
Test: [ 0/34]	Time  0.613 ( 0.613)	Loss 4.0639e-03 (4.0639e-03)	Acc@1  99.61 ( 99.61)	Acc@2 100.00 (100.00)
Test: [10/34]	Time  0.123 ( 0.169)	Loss 1.7307e-02 (2.2529e-02)	Acc@1  99.22 ( 99.54)	Acc@2 100.00 (100.00)
Test: [20/34]	Time  0.133 ( 0.148)	Loss 1.5668e-03 (2.1066e-02)	Acc@1 100.00 ( 99.59)	Acc@2 100.00 (100.00)
Test: [30/34]	Time  0.122 ( 0.140)	Loss 4.2832e-03 (1.6343e-02)	Acc@1  99.61 ( 99.60)	Acc@2 100.00 (100.00)
 * Acc@1 99.604 Acc@2 100.000
Epoch: [48][  0/101]	Time  0.597 ( 0.597)	Data  0.451 ( 0.451)	Loss 1.9864e-02 (1.9864e-02)	Acc@1  99.22 ( 99.22)	Acc@2 100.00 (100.00)
Epoch: [48][ 10/101]	Time  0.417 ( 0.434)	Data  0.000 ( 0.064)	Loss 1.8521e-02 (2.2593e-02)	Acc@1  98.83 ( 99.11)	Acc@2 100.00 (100.00)
Epoch: [48][ 20/101]	Time  0.424 ( 0.426)	Data  0.000 ( 0.047)	Loss 1.4757e-02 (2.3083e-02)	Acc@1  99.22 ( 99.07)	Acc@2 100.00 (100.00)
Epoch: [48][ 30/101]	Time  0.409 ( 0.422)	Data  0.000 ( 0.040)	Loss 4.0161e-02 (2.2255e-02)	Acc@1  98.05 ( 99.13)	Acc@2 100.00 (100.00)
Epoch: [48][ 40/101]	Time  0.422 ( 0.422)	Data  0.001 ( 0.037)	Loss 1.4547e-02 (2.1469e-02)	Acc@1  99.22 ( 99.20)	Acc@2 100.00 (100.00)
Epoch: [48][ 50/101]	Time  0.425 ( 0.424)	Data  0.000 ( 0.034)	Loss 5.8362e-02 (2.2419e-02)	Acc@1  98.44 ( 99.16)	Acc@2 100.00 (100.00)
Epoch: [48][ 60/101]	Time  0.421 ( 0.423)	Data  0.000 ( 0.033)	Loss 3.6339e-02 (2.2566e-02)	Acc@1  98.83 ( 99.16)	Acc@2 100.00 (100.00)
Epoch: [48][ 70/101]	Time  0.411 ( 0.422)	Data  0.000 ( 0.032)	Loss 3.1282e-02 (2.1953e-02)	Acc@1  98.83 ( 99.18)	Acc@2 100.00 (100.00)
Epoch: [48][ 80/101]	Time  0.411 ( 0.421)	Data  0.000 ( 0.031)	Loss 3.0838e-02 (2.2378e-02)	Acc@1  98.44 ( 99.15)	Acc@2 100.00 (100.00)
Epoch: [48][ 90/101]	Time  0.420 ( 0.421)	Data  0.000 ( 0.031)	Loss 4.7340e-02 (2.2872e-02)	Acc@1  98.83 ( 99.10)	Acc@2 100.00 (100.00)
Epoch: [48][100/101]	Time  0.383 ( 0.420)	Data  0.000 ( 0.030)	Loss 1.6776e-02 (2.2989e-02)	Acc@1  99.32 ( 99.07)	Acc@2 100.00 (100.00)
Test: [ 0/34]	Time  0.609 ( 0.609)	Loss 5.6157e-03 (5.6157e-03)	Acc@1  99.61 ( 99.61)	Acc@2 100.00 (100.00)
Test: [10/34]	Time  0.123 ( 0.168)	Loss 1.9202e-02 (2.3423e-02)	Acc@1  99.22 ( 99.50)	Acc@2 100.00 (100.00)
Test: [20/34]	Time  0.122 ( 0.147)	Loss 7.6452e-04 (2.1904e-02)	Acc@1 100.00 ( 99.59)	Acc@2 100.00 (100.00)
Test: [30/34]	Time  0.121 ( 0.140)	Loss 2.0634e-03 (1.5761e-02)	Acc@1 100.00 ( 99.71)	Acc@2 100.00 (100.00)
 * Acc@1 99.709 Acc@2 100.000
Epoch: [49][  0/101]	Time  0.678 ( 0.678)	Data  0.532 ( 0.532)	Loss 1.9563e-02 (1.9563e-02)	Acc@1  99.22 ( 99.22)	Acc@2 100.00 (100.00)
Epoch: [49][ 10/101]	Time  0.411 ( 0.441)	Data  0.000 ( 0.071)	Loss 8.8956e-03 (2.1556e-02)	Acc@1  99.61 ( 99.01)	Acc@2 100.00 (100.00)
Epoch: [49][ 20/101]	Time  0.414 ( 0.430)	Data  0.000 ( 0.050)	Loss 2.4556e-02 (1.9049e-02)	Acc@1  98.83 ( 99.20)	Acc@2 100.00 (100.00)
Epoch: [49][ 30/101]	Time  0.435 ( 0.426)	Data  0.000 ( 0.042)	Loss 1.4062e-02 (2.1159e-02)	Acc@1  99.22 ( 99.11)	Acc@2 100.00 (100.00)
Epoch: [49][ 40/101]	Time  0.404 ( 0.424)	Data  0.000 ( 0.038)	Loss 4.4585e-02 (2.3124e-02)	Acc@1  98.83 ( 99.03)	Acc@2 100.00 (100.00)
Epoch: [49][ 50/101]	Time  0.418 ( 0.423)	Data  0.000 ( 0.036)	Loss 2.3123e-02 (2.2611e-02)	Acc@1  98.83 ( 99.08)	Acc@2 100.00 (100.00)
Epoch: [49][ 60/101]	Time  0.405 ( 0.422)	Data  0.000 ( 0.034)	Loss 1.8591e-02 (2.3186e-02)	Acc@1  99.61 ( 99.05)	Acc@2 100.00 (100.00)
Epoch: [49][ 70/101]	Time  0.433 ( 0.422)	Data  0.000 ( 0.033)	Loss 1.7909e-02 (2.2551e-02)	Acc@1  99.22 ( 99.08)	Acc@2 100.00 (100.00)
Epoch: [49][ 80/101]	Time  0.415 ( 0.421)	Data  0.000 ( 0.032)	Loss 3.9774e-02 (2.3303e-02)	Acc@1  97.27 ( 99.04)	Acc@2 100.00 (100.00)
Epoch: [49][ 90/101]	Time  0.437 ( 0.421)	Data  0.000 ( 0.031)	Loss 4.4215e-02 (2.3559e-02)	Acc@1  97.27 ( 99.03)	Acc@2 100.00 (100.00)
Epoch: [49][100/101]	Time  0.357 ( 0.420)	Data  0.000 ( 0.031)	Loss 1.7403e-02 (2.3368e-02)	Acc@1  99.32 ( 99.04)	Acc@2 100.00 (100.00)
Test: [ 0/34]	Time  0.634 ( 0.634)	Loss 1.7233e-03 (1.7233e-03)	Acc@1 100.00 (100.00)	Acc@2 100.00 (100.00)
Test: [10/34]	Time  0.123 ( 0.171)	Loss 5.3091e-03 (2.2636e-02)	Acc@1  99.61 ( 99.57)	Acc@2 100.00 (100.00)
Test: [20/34]	Time  0.121 ( 0.150)	Loss 1.2480e-03 (2.1942e-02)	Acc@1 100.00 ( 99.61)	Acc@2 100.00 (100.00)
Test: [30/34]	Time  0.124 ( 0.141)	Loss 1.5954e-03 (1.7068e-02)	Acc@1 100.00 ( 99.66)	Acc@2 100.00 (100.00)
 * Acc@1 99.662 Acc@2 100.000
Epoch: [50][  0/101]	Time  0.638 ( 0.638)	Data  0.492 ( 0.492)	Loss 3.5918e-02 (3.5918e-02)	Acc@1  98.05 ( 98.05)	Acc@2 100.00 (100.00)
Epoch: [50][ 10/101]	Time  0.437 ( 0.443)	Data  0.000 ( 0.069)	Loss 2.5277e-02 (2.1363e-02)	Acc@1  98.83 ( 99.15)	Acc@2 100.00 (100.00)
Epoch: [50][ 20/101]	Time  0.417 ( 0.430)	Data  0.000 ( 0.048)	Loss 2.1598e-02 (2.3015e-02)	Acc@1  98.83 ( 99.01)	Acc@2 100.00 (100.00)
Epoch: [50][ 30/101]	Time  0.427 ( 0.427)	Data  0.000 ( 0.041)	Loss 1.4241e-02 (2.2938e-02)	Acc@1  99.61 ( 99.04)	Acc@2 100.00 (100.00)
Epoch: [50][ 40/101]	Time  0.418 ( 0.424)	Data  0.000 ( 0.037)	Loss 4.9780e-02 (2.3454e-02)	Acc@1  98.05 ( 98.99)	Acc@2 100.00 (100.00)
Epoch: [50][ 50/101]	Time  0.431 ( 0.423)	Data  0.000 ( 0.035)	Loss 3.2988e-02 (2.4352e-02)	Acc@1  98.44 ( 98.98)	Acc@2 100.00 (100.00)
Epoch: [50][ 60/101]	Time  0.419 ( 0.421)	Data  0.000 ( 0.033)	Loss 1.5599e-02 (2.4287e-02)	Acc@1  99.22 ( 99.01)	Acc@2 100.00 (100.00)
Epoch: [50][ 70/101]	Time  0.413 ( 0.421)	Data  0.000 ( 0.032)	Loss 2.2073e-02 (2.4752e-02)	Acc@1  99.22 ( 99.00)	Acc@2 100.00 (100.00)
Epoch: [50][ 80/101]	Time  0.434 ( 0.421)	Data  0.000 ( 0.032)	Loss 1.7588e-02 (2.5310e-02)	Acc@1  98.83 ( 98.98)	Acc@2 100.00 (100.00)
Epoch: [50][ 90/101]	Time  0.432 ( 0.420)	Data  0.000 ( 0.031)	Loss 3.7921e-02 (2.5126e-02)	Acc@1  98.83 ( 99.01)	Acc@2 100.00 (100.00)
Epoch: [50][100/101]	Time  0.371 ( 0.419)	Data  0.000 ( 0.030)	Loss 9.4970e-03 (2.4737e-02)	Acc@1  99.32 ( 99.00)	Acc@2 100.00 (100.00)
Test: [ 0/34]	Time  0.728 ( 0.728)	Loss 1.9908e-03 (1.9908e-03)	Acc@1 100.00 (100.00)	Acc@2 100.00 (100.00)
Test: [10/34]	Time  0.130 ( 0.182)	Loss 5.5369e-03 (2.1128e-02)	Acc@1  99.61 ( 99.61)	Acc@2 100.00 (100.00)
Test: [20/34]	Time  0.141 ( 0.156)	Loss 6.6453e-04 (2.0596e-02)	Acc@1 100.00 ( 99.63)	Acc@2 100.00 (100.00)
Test: [30/34]	Time  0.121 ( 0.146)	Loss 2.2181e-03 (1.7548e-02)	Acc@1 100.00 ( 99.61)	Acc@2 100.00 (100.00)
 * Acc@1 99.616 Acc@2 100.000
Epoch: [51][  0/101]	Time  0.722 ( 0.722)	Data  0.563 ( 0.563)	Loss 5.6703e-03 (5.6703e-03)	Acc@1 100.00 (100.00)	Acc@2 100.00 (100.00)
Epoch: [51][ 10/101]	Time  0.402 ( 0.443)	Data  0.000 ( 0.074)	Loss 3.0839e-02 (1.8167e-02)	Acc@1  97.66 ( 99.15)	Acc@2 100.00 (100.00)
Epoch: [51][ 20/101]	Time  0.433 ( 0.430)	Data  0.000 ( 0.051)	Loss 1.7931e-02 (2.2377e-02)	Acc@1  99.22 ( 99.07)	Acc@2 100.00 (100.00)
Epoch: [51][ 30/101]	Time  0.408 ( 0.425)	Data  0.000 ( 0.043)	Loss 2.0448e-02 (2.2635e-02)	Acc@1  98.83 ( 99.02)	Acc@2 100.00 (100.00)
Epoch: [51][ 40/101]	Time  0.424 ( 0.423)	Data  0.000 ( 0.039)	Loss 3.4890e-02 (2.4090e-02)	Acc@1  98.05 ( 98.97)	Acc@2 100.00 (100.00)
Epoch: [51][ 50/101]	Time  0.413 ( 0.422)	Data  0.000 ( 0.036)	Loss 1.1295e-02 (2.4138e-02)	Acc@1  99.22 ( 98.99)	Acc@2 100.00 (100.00)
Epoch: [51][ 60/101]	Time  0.446 ( 0.422)	Data  0.000 ( 0.034)	Loss 2.3813e-02 (2.4723e-02)	Acc@1  98.44 ( 98.94)	Acc@2 100.00 (100.00)
Epoch: [51][ 70/101]	Time  0.406 ( 0.421)	Data  0.000 ( 0.033)	Loss 3.8954e-02 (2.4265e-02)	Acc@1  98.44 ( 98.95)	Acc@2 100.00 (100.00)
Epoch: [51][ 80/101]	Time  0.415 ( 0.421)	Data  0.000 ( 0.032)	Loss 2.0157e-02 (2.4345e-02)	Acc@1  99.22 ( 98.96)	Acc@2 100.00 (100.00)
Epoch: [51][ 90/101]	Time  0.405 ( 0.421)	Data  0.000 ( 0.032)	Loss 2.8079e-02 (2.4588e-02)	Acc@1  98.83 ( 98.94)	Acc@2 100.00 (100.00)
Epoch: [51][100/101]	Time  0.388 ( 0.420)	Data  0.000 ( 0.031)	Loss 2.5662e-02 (2.4569e-02)	Acc@1  99.32 ( 98.94)	Acc@2 100.00 (100.00)
Test: [ 0/34]	Time  0.604 ( 0.604)	Loss 7.7599e-04 (7.7599e-04)	Acc@1 100.00 (100.00)	Acc@2 100.00 (100.00)
Test: [10/34]	Time  0.125 ( 0.169)	Loss 4.6301e-03 (1.5340e-02)	Acc@1  99.61 ( 99.64)	Acc@2 100.00 (100.00)
Test: [20/34]	Time  0.130 ( 0.149)	Loss 1.5203e-03 (1.5927e-02)	Acc@1 100.00 ( 99.67)	Acc@2 100.00 (100.00)
Test: [30/34]	Time  0.123 ( 0.141)	Loss 6.1715e-03 (1.4753e-02)	Acc@1  99.61 ( 99.67)	Acc@2 100.00 (100.00)
 * Acc@1 99.674 Acc@2 100.000
Epoch: [52][  0/101]	Time  0.586 ( 0.586)	Data  0.434 ( 0.434)	Loss 3.0702e-02 (3.0702e-02)	Acc@1  99.22 ( 99.22)	Acc@2 100.00 (100.00)
Epoch: [52][ 10/101]	Time  0.410 ( 0.432)	Data  0.000 ( 0.062)	Loss 1.9957e-02 (2.2927e-02)	Acc@1  98.44 ( 99.22)	Acc@2 100.00 (100.00)
Epoch: [52][ 20/101]	Time  0.424 ( 0.425)	Data  0.000 ( 0.046)	Loss 8.3615e-03 (2.4940e-02)	Acc@1 100.00 ( 99.05)	Acc@2 100.00 (100.00)
Epoch: [52][ 30/101]	Time  0.416 ( 0.423)	Data  0.000 ( 0.039)	Loss 3.4736e-02 (2.3806e-02)	Acc@1  98.44 ( 99.12)	Acc@2 100.00 (100.00)
Epoch: [52][ 40/101]	Time  0.422 ( 0.422)	Data  0.000 ( 0.036)	Loss 1.4033e-02 (2.4761e-02)	Acc@1  99.61 ( 99.06)	Acc@2 100.00 (100.00)
Epoch: [52][ 50/101]	Time  0.409 ( 0.421)	Data  0.000 ( 0.034)	Loss 3.5119e-02 (2.2554e-02)	Acc@1  98.83 ( 99.14)	Acc@2 100.00 (100.00)
Epoch: [52][ 60/101]	Time  0.411 ( 0.420)	Data  0.000 ( 0.033)	Loss 2.6933e-02 (2.2731e-02)	Acc@1  98.83 ( 99.13)	Acc@2 100.00 (100.00)
Epoch: [52][ 70/101]	Time  0.426 ( 0.421)	Data  0.000 ( 0.032)	Loss 1.8380e-02 (2.1944e-02)	Acc@1  99.61 ( 99.18)	Acc@2 100.00 (100.00)
Epoch: [52][ 80/101]	Time  0.428 ( 0.421)	Data  0.000 ( 0.031)	Loss 1.9780e-02 (2.1365e-02)	Acc@1  99.22 ( 99.19)	Acc@2 100.00 (100.00)
Epoch: [52][ 90/101]	Time  0.405 ( 0.420)	Data  0.000 ( 0.030)	Loss 2.8523e-02 (2.0986e-02)	Acc@1  99.22 ( 99.19)	Acc@2 100.00 (100.00)
Epoch: [52][100/101]	Time  0.382 ( 0.419)	Data  0.000 ( 0.030)	Loss 2.2803e-02 (2.1375e-02)	Acc@1  98.63 ( 99.19)	Acc@2 100.00 (100.00)
Test: [ 0/34]	Time  0.535 ( 0.535)	Loss 6.3600e-04 (6.3600e-04)	Acc@1 100.00 (100.00)	Acc@2 100.00 (100.00)
Test: [10/34]	Time  0.125 ( 0.162)	Loss 2.3480e-03 (1.5975e-02)	Acc@1 100.00 ( 99.68)	Acc@2 100.00 (100.00)
Test: [20/34]	Time  0.129 ( 0.145)	Loss 7.6857e-04 (1.6355e-02)	Acc@1 100.00 ( 99.68)	Acc@2 100.00 (100.00)
Test: [30/34]	Time  0.121 ( 0.138)	Loss 3.4187e-03 (1.4790e-02)	Acc@1 100.00 ( 99.70)	Acc@2 100.00 (100.00)
 * Acc@1 99.709 Acc@2 100.000
Epoch: [53][  0/101]	Time  0.624 ( 0.624)	Data  0.471 ( 0.471)	Loss 4.2747e-02 (4.2747e-02)	Acc@1  98.44 ( 98.44)	Acc@2 100.00 (100.00)
Epoch: [53][ 10/101]	Time  0.427 ( 0.443)	Data  0.000 ( 0.065)	Loss 2.9343e-02 (2.2701e-02)	Acc@1  98.44 ( 99.01)	Acc@2 100.00 (100.00)
Epoch: [53][ 20/101]	Time  0.410 ( 0.430)	Data  0.000 ( 0.046)	Loss 4.0871e-02 (2.1494e-02)	Acc@1  98.83 ( 99.16)	Acc@2 100.00 (100.00)
Epoch: [53][ 30/101]	Time  0.507 ( 0.428)	Data  0.000 ( 0.039)	Loss 4.8922e-03 (1.9819e-02)	Acc@1 100.00 ( 99.24)	Acc@2 100.00 (100.00)
Epoch: [53][ 40/101]	Time  0.409 ( 0.425)	Data  0.000 ( 0.036)	Loss 4.2296e-02 (2.1255e-02)	Acc@1  98.83 ( 99.18)	Acc@2 100.00 (100.00)
Epoch: [53][ 50/101]	Time  0.415 ( 0.423)	Data  0.000 ( 0.034)	Loss 1.2728e-02 (2.0942e-02)	Acc@1 100.00 ( 99.19)	Acc@2 100.00 (100.00)
Epoch: [53][ 60/101]	Time  0.405 ( 0.423)	Data  0.000 ( 0.033)	Loss 2.2158e-02 (2.0613e-02)	Acc@1  98.83 ( 99.20)	Acc@2 100.00 (100.00)
Epoch: [53][ 70/101]	Time  0.421 ( 0.422)	Data  0.000 ( 0.032)	Loss 3.6287e-02 (2.1391e-02)	Acc@1  99.22 ( 99.17)	Acc@2 100.00 (100.00)
Epoch: [53][ 80/101]	Time  0.400 ( 0.421)	Data  0.000 ( 0.031)	Loss 1.4733e-02 (2.2074e-02)	Acc@1  99.61 ( 99.16)	Acc@2 100.00 (100.00)
Epoch: [53][ 90/101]	Time  0.434 ( 0.421)	Data  0.000 ( 0.030)	Loss 3.7184e-02 (2.2445e-02)	Acc@1  98.44 ( 99.14)	Acc@2 100.00 (100.00)
Epoch: [53][100/101]	Time  0.364 ( 0.420)	Data  0.000 ( 0.030)	Loss 6.8307e-03 (2.3460e-02)	Acc@1 100.00 ( 99.09)	Acc@2 100.00 (100.00)
Test: [ 0/34]	Time  0.611 ( 0.611)	Loss 3.7059e-03 (3.7059e-03)	Acc@1 100.00 (100.00)	Acc@2 100.00 (100.00)
Test: [10/34]	Time  0.121 ( 0.168)	Loss 9.1068e-03 (2.1533e-02)	Acc@1  99.61 ( 99.61)	Acc@2 100.00 (100.00)
Test: [20/34]	Time  0.133 ( 0.148)	Loss 3.1449e-04 (2.1187e-02)	Acc@1 100.00 ( 99.65)	Acc@2 100.00 (100.00)
Test: [30/34]	Time  0.123 ( 0.140)	Loss 7.6143e-04 (1.5451e-02)	Acc@1 100.00 ( 99.74)	Acc@2 100.00 (100.00)
 * Acc@1 99.744 Acc@2 100.000
Epoch: [54][  0/101]	Time  0.587 ( 0.587)	Data  0.441 ( 0.441)	Loss 1.6097e-02 (1.6097e-02)	Acc@1  99.61 ( 99.61)	Acc@2 100.00 (100.00)
Epoch: [54][ 10/101]	Time  0.420 ( 0.431)	Data  0.000 ( 0.064)	Loss 2.2145e-02 (2.4778e-02)	Acc@1  99.61 ( 99.15)	Acc@2 100.00 (100.00)
Epoch: [54][ 20/101]	Time  0.417 ( 0.427)	Data  0.000 ( 0.046)	Loss 9.4406e-03 (2.1098e-02)	Acc@1 100.00 ( 99.26)	Acc@2 100.00 (100.00)
Epoch: [54][ 30/101]	Time  0.425 ( 0.425)	Data  0.000 ( 0.040)	Loss 2.3237e-02 (1.9292e-02)	Acc@1  98.83 ( 99.32)	Acc@2 100.00 (100.00)
Epoch: [54][ 40/101]	Time  0.415 ( 0.423)	Data  0.000 ( 0.036)	Loss 2.8112e-02 (1.9865e-02)	Acc@1  98.83 ( 99.28)	Acc@2 100.00 (100.00)
Epoch: [54][ 50/101]	Time  0.417 ( 0.422)	Data  0.000 ( 0.034)	Loss 7.6686e-03 (1.9905e-02)	Acc@1 100.00 ( 99.28)	Acc@2 100.00 (100.00)
Epoch: [54][ 60/101]	Time  0.439 ( 0.421)	Data  0.000 ( 0.033)	Loss 1.0870e-02 (1.9808e-02)	Acc@1  99.61 ( 99.27)	Acc@2 100.00 (100.00)
Epoch: [54][ 70/101]	Time  0.422 ( 0.421)	Data  0.000 ( 0.032)	Loss 2.6071e-02 (1.9203e-02)	Acc@1  99.22 ( 99.30)	Acc@2 100.00 (100.00)
Epoch: [54][ 80/101]	Time  0.426 ( 0.420)	Data  0.000 ( 0.031)	Loss 2.1388e-02 (1.9666e-02)	Acc@1  99.22 ( 99.28)	Acc@2 100.00 (100.00)
Epoch: [54][ 90/101]	Time  0.412 ( 0.420)	Data  0.000 ( 0.031)	Loss 2.9686e-02 (2.0393e-02)	Acc@1  98.44 ( 99.23)	Acc@2 100.00 (100.00)
Epoch: [54][100/101]	Time  0.362 ( 0.419)	Data  0.000 ( 0.030)	Loss 1.6656e-02 (2.0967e-02)	Acc@1  99.32 ( 99.21)	Acc@2 100.00 (100.00)
Test: [ 0/34]	Time  0.564 ( 0.564)	Loss 2.0959e-03 (2.0959e-03)	Acc@1 100.00 (100.00)	Acc@2 100.00 (100.00)
Test: [10/34]	Time  0.123 ( 0.166)	Loss 1.5245e-02 (2.6264e-02)	Acc@1  99.61 ( 99.61)	Acc@2 100.00 (100.00)
Test: [20/34]	Time  0.123 ( 0.146)	Loss 9.4319e-04 (2.5239e-02)	Acc@1 100.00 ( 99.65)	Acc@2 100.00 (100.00)
Test: [30/34]	Time  0.124 ( 0.139)	Loss 1.2509e-03 (2.0100e-02)	Acc@1 100.00 ( 99.63)	Acc@2 100.00 (100.00)
 * Acc@1 99.639 Acc@2 100.000
Epoch: [55][  0/101]	Time  0.576 ( 0.576)	Data  0.434 ( 0.434)	Loss 3.9319e-03 (3.9319e-03)	Acc@1 100.00 (100.00)	Acc@2 100.00 (100.00)
Epoch: [55][ 10/101]	Time  0.409 ( 0.431)	Data  0.000 ( 0.063)	Loss 2.5298e-02 (1.8248e-02)	Acc@1  99.22 ( 99.33)	Acc@2 100.00 (100.00)
Epoch: [55][ 20/101]	Time  0.417 ( 0.424)	Data  0.000 ( 0.045)	Loss 1.9417e-02 (2.2352e-02)	Acc@1  99.61 ( 99.16)	Acc@2 100.00 (100.00)
Epoch: [55][ 30/101]	Time  0.402 ( 0.422)	Data  0.000 ( 0.039)	Loss 1.8559e-02 (2.3243e-02)	Acc@1  99.22 ( 99.13)	Acc@2 100.00 (100.00)
Epoch: [55][ 40/101]	Time  0.430 ( 0.421)	Data  0.000 ( 0.035)	Loss 2.6162e-02 (2.3714e-02)	Acc@1  98.44 ( 99.05)	Acc@2 100.00 (100.00)
Epoch: [55][ 50/101]	Time  0.411 ( 0.420)	Data  0.000 ( 0.034)	Loss 6.2959e-03 (2.2451e-02)	Acc@1 100.00 ( 99.12)	Acc@2 100.00 (100.00)
Epoch: [55][ 60/101]	Time  0.414 ( 0.420)	Data  0.000 ( 0.032)	Loss 1.4440e-02 (2.1505e-02)	Acc@1  99.61 ( 99.14)	Acc@2 100.00 (100.00)
Epoch: [55][ 70/101]	Time  0.402 ( 0.419)	Data  0.000 ( 0.031)	Loss 1.4298e-02 (2.1728e-02)	Acc@1  99.22 ( 99.11)	Acc@2 100.00 (100.00)
Epoch: [55][ 80/101]	Time  0.433 ( 0.419)	Data  0.000 ( 0.031)	Loss 3.1929e-02 (2.2032e-02)	Acc@1  98.83 ( 99.11)	Acc@2 100.00 (100.00)
Epoch: [55][ 90/101]	Time  0.401 ( 0.419)	Data  0.000 ( 0.030)	Loss 3.5434e-02 (2.2316e-02)	Acc@1  98.44 ( 99.09)	Acc@2 100.00 (100.00)
Epoch: [55][100/101]	Time  0.379 ( 0.418)	Data  0.000 ( 0.030)	Loss 1.4856e-03 (2.1957e-02)	Acc@1 100.00 ( 99.13)	Acc@2 100.00 (100.00)
Test: [ 0/34]	Time  0.605 ( 0.605)	Loss 4.4870e-04 (4.4870e-04)	Acc@1 100.00 (100.00)	Acc@2 100.00 (100.00)
Test: [10/34]	Time  0.123 ( 0.168)	Loss 4.5810e-04 (1.6355e-02)	Acc@1 100.00 ( 99.79)	Acc@2 100.00 (100.00)
Test: [20/34]	Time  0.122 ( 0.147)	Loss 1.0479e-03 (1.6528e-02)	Acc@1 100.00 ( 99.76)	Acc@2 100.00 (100.00)
Test: [30/34]	Time  0.123 ( 0.140)	Loss 2.5746e-03 (1.3794e-02)	Acc@1 100.00 ( 99.75)	Acc@2 100.00 (100.00)
 * Acc@1 99.756 Acc@2 100.000
Epoch: [56][  0/101]	Time  0.629 ( 0.629)	Data  0.481 ( 0.481)	Loss 1.5697e-02 (1.5697e-02)	Acc@1  99.61 ( 99.61)	Acc@2 100.00 (100.00)
Epoch: [56][ 10/101]	Time  0.417 ( 0.437)	Data  0.000 ( 0.067)	Loss 3.7353e-02 (2.3960e-02)	Acc@1  98.44 ( 99.01)	Acc@2 100.00 (100.00)
Epoch: [56][ 20/101]	Time  0.422 ( 0.427)	Data  0.000 ( 0.048)	Loss 1.8982e-02 (2.3696e-02)	Acc@1  99.61 ( 99.07)	Acc@2 100.00 (100.00)
Epoch: [56][ 30/101]	Time  0.413 ( 0.424)	Data  0.001 ( 0.040)	Loss 2.8354e-02 (2.3503e-02)	Acc@1  99.22 ( 99.02)	Acc@2 100.00 (100.00)
Epoch: [56][ 40/101]	Time  0.420 ( 0.421)	Data  0.000 ( 0.037)	Loss 6.0841e-02 (2.3884e-02)	Acc@1  97.66 ( 99.01)	Acc@2 100.00 (100.00)
Epoch: [56][ 50/101]	Time  0.424 ( 0.421)	Data  0.000 ( 0.034)	Loss 1.7844e-02 (2.2100e-02)	Acc@1  99.22 ( 99.10)	Acc@2 100.00 (100.00)
Epoch: [56][ 60/101]	Time  0.512 ( 0.422)	Data  0.000 ( 0.033)	Loss 4.0033e-02 (2.2129e-02)	Acc@1  98.44 ( 99.10)	Acc@2 100.00 (100.00)
Epoch: [56][ 70/101]	Time  0.404 ( 0.422)	Data  0.000 ( 0.032)	Loss 3.1457e-02 (2.2148e-02)	Acc@1  99.22 ( 99.11)	Acc@2 100.00 (100.00)
Epoch: [56][ 80/101]	Time  0.419 ( 0.422)	Data  0.000 ( 0.032)	Loss 1.5118e-02 (2.2046e-02)	Acc@1  99.61 ( 99.12)	Acc@2 100.00 (100.00)
Epoch: [56][ 90/101]	Time  0.428 ( 0.421)	Data  0.000 ( 0.031)	Loss 2.5136e-02 (2.2033e-02)	Acc@1  98.83 ( 99.13)	Acc@2 100.00 (100.00)
Epoch: [56][100/101]	Time  0.381 ( 0.420)	Data  0.000 ( 0.030)	Loss 1.4754e-02 (2.2501e-02)	Acc@1  99.32 ( 99.12)	Acc@2 100.00 (100.00)
Test: [ 0/34]	Time  0.585 ( 0.585)	Loss 9.8162e-04 (9.8162e-04)	Acc@1 100.00 (100.00)	Acc@2 100.00 (100.00)
Test: [10/34]	Time  0.122 ( 0.166)	Loss 8.4856e-03 (2.1308e-02)	Acc@1  99.61 ( 99.64)	Acc@2 100.00 (100.00)
Test: [20/34]	Time  0.123 ( 0.146)	Loss 6.9036e-04 (2.1421e-02)	Acc@1 100.00 ( 99.67)	Acc@2 100.00 (100.00)
Test: [30/34]	Time  0.121 ( 0.139)	Loss 4.8888e-04 (1.7011e-02)	Acc@1 100.00 ( 99.68)	Acc@2 100.00 (100.00)
 * Acc@1 99.697 Acc@2 100.000
Epoch: [57][  0/101]	Time  0.620 ( 0.620)	Data  0.475 ( 0.475)	Loss 2.0509e-02 (2.0509e-02)	Acc@1  99.22 ( 99.22)	Acc@2 100.00 (100.00)
Epoch: [57][ 10/101]	Time  0.404 ( 0.435)	Data  0.000 ( 0.066)	Loss 5.6031e-03 (1.7440e-02)	Acc@1 100.00 ( 99.36)	Acc@2 100.00 (100.00)
Epoch: [57][ 20/101]	Time  0.402 ( 0.425)	Data  0.000 ( 0.048)	Loss 5.0434e-02 (2.2633e-02)	Acc@1  97.66 ( 99.16)	Acc@2 100.00 (100.00)
Epoch: [57][ 30/101]	Time  0.432 ( 0.423)	Data  0.000 ( 0.040)	Loss 3.0769e-02 (2.2411e-02)	Acc@1  98.05 ( 99.12)	Acc@2 100.00 (100.00)
Epoch: [57][ 40/101]	Time  0.407 ( 0.423)	Data  0.000 ( 0.037)	Loss 1.8791e-02 (2.3044e-02)	Acc@1  99.22 ( 99.12)	Acc@2 100.00 (100.00)
Epoch: [57][ 50/101]	Time  0.422 ( 0.422)	Data  0.000 ( 0.035)	Loss 1.1767e-02 (2.2154e-02)	Acc@1  99.61 ( 99.17)	Acc@2 100.00 (100.00)
Epoch: [57][ 60/101]	Time  0.410 ( 0.421)	Data  0.000 ( 0.034)	Loss 3.6630e-02 (2.2625e-02)	Acc@1  98.83 ( 99.15)	Acc@2 100.00 (100.00)
Epoch: [57][ 70/101]	Time  0.437 ( 0.421)	Data  0.000 ( 0.032)	Loss 2.2460e-02 (2.3465e-02)	Acc@1  99.61 ( 99.09)	Acc@2 100.00 (100.00)
Epoch: [57][ 80/101]	Time  0.410 ( 0.420)	Data  0.000 ( 0.032)	Loss 3.4476e-02 (2.4094e-02)	Acc@1  99.22 ( 99.08)	Acc@2 100.00 (100.00)
Epoch: [57][ 90/101]	Time  0.422 ( 0.420)	Data  0.000 ( 0.031)	Loss 3.1820e-02 (2.4623e-02)	Acc@1  97.66 ( 99.04)	Acc@2 100.00 (100.00)
Epoch: [57][100/101]	Time  0.364 ( 0.419)	Data  0.000 ( 0.031)	Loss 1.2704e-02 (2.4454e-02)	Acc@1 100.00 ( 99.04)	Acc@2 100.00 (100.00)
Test: [ 0/34]	Time  0.555 ( 0.555)	Loss 2.9669e-04 (2.9669e-04)	Acc@1 100.00 (100.00)	Acc@2 100.00 (100.00)
Test: [10/34]	Time  0.121 ( 0.164)	Loss 5.7097e-03 (2.0015e-02)	Acc@1  99.61 ( 99.68)	Acc@2 100.00 (100.00)
Test: [20/34]	Time  0.128 ( 0.146)	Loss 7.8795e-04 (1.9947e-02)	Acc@1 100.00 ( 99.70)	Acc@2 100.00 (100.00)
Test: [30/34]	Time  0.123 ( 0.139)	Loss 1.4030e-03 (1.6134e-02)	Acc@1 100.00 ( 99.72)	Acc@2 100.00 (100.00)
 * Acc@1 99.732 Acc@2 100.000
Epoch: [58][  0/101]	Time  0.626 ( 0.626)	Data  0.462 ( 0.462)	Loss 1.5197e-02 (1.5197e-02)	Acc@1 100.00 (100.00)	Acc@2 100.00 (100.00)
Epoch: [58][ 10/101]	Time  0.422 ( 0.435)	Data  0.000 ( 0.066)	Loss 4.4837e-02 (2.5988e-02)	Acc@1  99.22 ( 99.08)	Acc@2 100.00 (100.00)
Epoch: [58][ 20/101]	Time  0.408 ( 0.429)	Data  0.000 ( 0.047)	Loss 6.6335e-03 (2.5503e-02)	Acc@1  99.61 ( 99.09)	Acc@2 100.00 (100.00)
Epoch: [58][ 30/101]	Time  0.412 ( 0.426)	Data  0.000 ( 0.040)	Loss 3.5969e-02 (2.4348e-02)	Acc@1  98.83 ( 99.13)	Acc@2 100.00 (100.00)
Epoch: [58][ 40/101]	Time  0.424 ( 0.423)	Data  0.000 ( 0.037)	Loss 2.7847e-02 (2.5360e-02)	Acc@1  98.83 ( 99.07)	Acc@2 100.00 (100.00)
Epoch: [58][ 50/101]	Time  0.415 ( 0.422)	Data  0.000 ( 0.035)	Loss 1.6451e-02 (2.3739e-02)	Acc@1  99.22 ( 99.11)	Acc@2 100.00 (100.00)
Epoch: [58][ 60/101]	Time  0.415 ( 0.422)	Data  0.000 ( 0.033)	Loss 1.1984e-02 (2.3070e-02)	Acc@1 100.00 ( 99.12)	Acc@2 100.00 (100.00)
Epoch: [58][ 70/101]	Time  0.416 ( 0.421)	Data  0.000 ( 0.032)	Loss 5.1621e-03 (2.2554e-02)	Acc@1 100.00 ( 99.17)	Acc@2 100.00 (100.00)
Epoch: [58][ 80/101]	Time  0.428 ( 0.421)	Data  0.000 ( 0.031)	Loss 6.2951e-03 (2.2298e-02)	Acc@1  99.61 ( 99.18)	Acc@2 100.00 (100.00)
Epoch: [58][ 90/101]	Time  0.425 ( 0.420)	Data  0.000 ( 0.031)	Loss 5.0710e-02 (2.2202e-02)	Acc@1  97.66 ( 99.15)	Acc@2 100.00 (100.00)
Epoch: [58][100/101]	Time  0.366 ( 0.419)	Data  0.000 ( 0.030)	Loss 1.5629e-02 (2.2023e-02)	Acc@1  99.32 ( 99.15)	Acc@2 100.00 (100.00)
Test: [ 0/34]	Time  0.570 ( 0.570)	Loss 5.6106e-04 (5.6106e-04)	Acc@1 100.00 (100.00)	Acc@2 100.00 (100.00)
Test: [10/34]	Time  0.132 ( 0.167)	Loss 7.1321e-03 (1.9992e-02)	Acc@1  99.61 ( 99.68)	Acc@2 100.00 (100.00)
Test: [20/34]	Time  0.122 ( 0.147)	Loss 2.0477e-03 (1.9669e-02)	Acc@1 100.00 ( 99.70)	Acc@2 100.00 (100.00)
Test: [30/34]	Time  0.122 ( 0.139)	Loss 2.9882e-03 (1.6385e-02)	Acc@1 100.00 ( 99.68)	Acc@2 100.00 (100.00)
 * Acc@1 99.697 Acc@2 100.000
Epoch: [59][  0/101]	Time  0.557 ( 0.557)	Data  0.411 ( 0.411)	Loss 5.5351e-02 (5.5351e-02)	Acc@1  97.27 ( 97.27)	Acc@2 100.00 (100.00)
Epoch: [59][ 10/101]	Time  0.405 ( 0.430)	Data  0.000 ( 0.061)	Loss 3.4593e-02 (2.6220e-02)	Acc@1  98.05 ( 98.86)	Acc@2 100.00 (100.00)
Epoch: [59][ 20/101]	Time  0.423 ( 0.424)	Data  0.000 ( 0.044)	Loss 2.9105e-02 (2.2084e-02)	Acc@1  98.83 ( 99.16)	Acc@2 100.00 (100.00)
Epoch: [59][ 30/101]	Time  0.410 ( 0.421)	Data  0.000 ( 0.038)	Loss 1.9939e-02 (2.2064e-02)	Acc@1  99.22 ( 99.14)	Acc@2 100.00 (100.00)
Epoch: [59][ 40/101]	Time  0.420 ( 0.419)	Data  0.000 ( 0.035)	Loss 2.7193e-02 (2.1563e-02)	Acc@1  98.83 ( 99.15)	Acc@2 100.00 (100.00)
Epoch: [59][ 50/101]	Time  0.406 ( 0.418)	Data  0.000 ( 0.033)	Loss 5.4059e-03 (2.1839e-02)	Acc@1 100.00 ( 99.15)	Acc@2 100.00 (100.00)
Epoch: [59][ 60/101]	Time  0.416 ( 0.418)	Data  0.000 ( 0.032)	Loss 3.7401e-02 (2.1450e-02)	Acc@1  98.44 ( 99.17)	Acc@2 100.00 (100.00)
Epoch: [59][ 70/101]	Time  0.409 ( 0.418)	Data  0.000 ( 0.031)	Loss 1.0466e-02 (2.1100e-02)	Acc@1  99.61 ( 99.16)	Acc@2 100.00 (100.00)
Epoch: [59][ 80/101]	Time  0.416 ( 0.417)	Data  0.000 ( 0.030)	Loss 1.5782e-02 (2.1829e-02)	Acc@1  99.22 ( 99.15)	Acc@2 100.00 (100.00)
Epoch: [59][ 90/101]	Time  0.441 ( 0.417)	Data  0.000 ( 0.030)	Loss 1.7699e-02 (2.1385e-02)	Acc@1  98.83 ( 99.17)	Acc@2 100.00 (100.00)
Epoch: [59][100/101]	Time  0.383 ( 0.418)	Data  0.000 ( 0.029)	Loss 2.0997e-02 (2.0770e-02)	Acc@1  98.63 ( 99.19)	Acc@2 100.00 (100.00)
Test: [ 0/34]	Time  0.549 ( 0.549)	Loss 4.6127e-04 (4.6127e-04)	Acc@1 100.00 (100.00)	Acc@2 100.00 (100.00)
Test: [10/34]	Time  0.122 ( 0.162)	Loss 2.9660e-03 (1.9548e-02)	Acc@1 100.00 ( 99.79)	Acc@2 100.00 (100.00)
Test: [20/34]	Time  0.128 ( 0.145)	Loss 3.2779e-03 (1.9813e-02)	Acc@1 100.00 ( 99.76)	Acc@2 100.00 (100.00)
Test: [30/34]	Time  0.120 ( 0.138)	Loss 7.9860e-03 (1.7800e-02)	Acc@1  99.61 ( 99.70)	Acc@2 100.00 (100.00)
 * Acc@1 99.709 Acc@2 100.000
Epoch: [60][  0/101]	Time  0.669 ( 0.669)	Data  0.518 ( 0.518)	Loss 8.3699e-03 (8.3699e-03)	Acc@1  99.61 ( 99.61)	Acc@2 100.00 (100.00)
Epoch: [60][ 10/101]	Time  0.404 ( 0.437)	Data  0.000 ( 0.069)	Loss 2.0591e-02 (2.1981e-02)	Acc@1  99.22 ( 99.08)	Acc@2 100.00 (100.00)
Epoch: [60][ 20/101]	Time  0.413 ( 0.427)	Data  0.000 ( 0.049)	Loss 3.2112e-02 (2.2039e-02)	Acc@1  98.44 ( 99.09)	Acc@2 100.00 (100.00)
Epoch: [60][ 30/101]	Time  0.423 ( 0.423)	Data  0.000 ( 0.041)	Loss 1.3158e-02 (2.1971e-02)	Acc@1  99.61 ( 99.09)	Acc@2 100.00 (100.00)
Epoch: [60][ 40/101]	Time  0.425 ( 0.421)	Data  0.000 ( 0.038)	Loss 1.2638e-02 (2.1011e-02)	Acc@1  99.22 ( 99.14)	Acc@2 100.00 (100.00)
Epoch: [60][ 50/101]	Time  0.419 ( 0.420)	Data  0.000 ( 0.035)	Loss 8.8339e-03 (1.9434e-02)	Acc@1  99.61 ( 99.22)	Acc@2 100.00 (100.00)
Epoch: [60][ 60/101]	Time  0.414 ( 0.421)	Data  0.000 ( 0.034)	Loss 8.8432e-03 (1.8635e-02)	Acc@1  99.61 ( 99.25)	Acc@2 100.00 (100.00)
Epoch: [60][ 70/101]	Time  0.424 ( 0.420)	Data  0.000 ( 0.032)	Loss 1.6814e-02 (1.8683e-02)	Acc@1  99.22 ( 99.25)	Acc@2 100.00 (100.00)
Epoch: [60][ 80/101]	Time  0.428 ( 0.420)	Data  0.000 ( 0.032)	Loss 2.7625e-02 (1.8950e-02)	Acc@1  99.22 ( 99.26)	Acc@2 100.00 (100.00)
Epoch: [60][ 90/101]	Time  0.410 ( 0.419)	Data  0.000 ( 0.031)	Loss 1.2373e-02 (1.8496e-02)	Acc@1  99.22 ( 99.27)	Acc@2 100.00 (100.00)
Epoch: [60][100/101]	Time  0.373 ( 0.418)	Data  0.000 ( 0.031)	Loss 2.2123e-02 (1.8496e-02)	Acc@1  99.32 ( 99.26)	Acc@2 100.00 (100.00)
Test: [ 0/34]	Time  0.533 ( 0.533)	Loss 5.1404e-04 (5.1404e-04)	Acc@1 100.00 (100.00)	Acc@2 100.00 (100.00)
Test: [10/34]	Time  0.121 ( 0.160)	Loss 4.9445e-03 (2.0149e-02)	Acc@1  99.61 ( 99.75)	Acc@2 100.00 (100.00)
Test: [20/34]	Time  0.129 ( 0.143)	Loss 1.9576e-03 (1.9903e-02)	Acc@1 100.00 ( 99.74)	Acc@2 100.00 (100.00)
Test: [30/34]	Time  0.122 ( 0.137)	Loss 5.7465e-03 (1.6788e-02)	Acc@1  99.61 ( 99.72)	Acc@2 100.00 (100.00)
 * Acc@1 99.732 Acc@2 100.000
Epoch: [61][  0/101]	Time  0.602 ( 0.602)	Data  0.445 ( 0.445)	Loss 1.5599e-02 (1.5599e-02)	Acc@1  99.22 ( 99.22)	Acc@2 100.00 (100.00)
Epoch: [61][ 10/101]	Time  0.422 ( 0.431)	Data  0.000 ( 0.062)	Loss 2.6020e-02 (2.2160e-02)	Acc@1  98.83 ( 99.04)	Acc@2 100.00 (100.00)
Epoch: [61][ 20/101]	Time  0.404 ( 0.423)	Data  0.000 ( 0.045)	Loss 6.7589e-02 (2.3147e-02)	Acc@1  97.66 ( 99.11)	Acc@2 100.00 (100.00)
Epoch: [61][ 30/101]	Time  0.416 ( 0.423)	Data  0.000 ( 0.039)	Loss 2.0194e-02 (2.2608e-02)	Acc@1  98.83 ( 99.12)	Acc@2 100.00 (100.00)
Epoch: [61][ 40/101]	Time  0.405 ( 0.421)	Data  0.000 ( 0.036)	Loss 2.8628e-02 (2.0911e-02)	Acc@1  98.83 ( 99.18)	Acc@2 100.00 (100.00)
Epoch: [61][ 50/101]	Time  0.443 ( 0.420)	Data  0.000 ( 0.033)	Loss 1.3628e-02 (2.0281e-02)	Acc@1  98.83 ( 99.17)	Acc@2 100.00 (100.00)
Epoch: [61][ 60/101]	Time  0.407 ( 0.420)	Data  0.000 ( 0.033)	Loss 1.5700e-02 (1.9663e-02)	Acc@1  99.61 ( 99.19)	Acc@2 100.00 (100.00)
Epoch: [61][ 70/101]	Time  0.412 ( 0.419)	Data  0.000 ( 0.032)	Loss 1.1722e-02 (1.9762e-02)	Acc@1  99.61 ( 99.20)	Acc@2 100.00 (100.00)
Epoch: [61][ 80/101]	Time  0.402 ( 0.419)	Data  0.000 ( 0.031)	Loss 9.5877e-03 (1.9451e-02)	Acc@1 100.00 ( 99.22)	Acc@2 100.00 (100.00)
Epoch: [61][ 90/101]	Time  0.434 ( 0.419)	Data  0.000 ( 0.030)	Loss 1.9979e-02 (1.9837e-02)	Acc@1  99.22 ( 99.22)	Acc@2 100.00 (100.00)
Epoch: [61][100/101]	Time  0.355 ( 0.418)	Data  0.000 ( 0.030)	Loss 2.3454e-02 (2.0085e-02)	Acc@1  99.32 ( 99.22)	Acc@2 100.00 (100.00)
Test: [ 0/34]	Time  0.537 ( 0.537)	Loss 2.2495e-04 (2.2495e-04)	Acc@1 100.00 (100.00)	Acc@2 100.00 (100.00)
Test: [10/34]	Time  0.133 ( 0.162)	Loss 1.7741e-03 (1.7220e-02)	Acc@1 100.00 ( 99.79)	Acc@2 100.00 (100.00)
Test: [20/34]	Time  0.122 ( 0.144)	Loss 4.0680e-03 (1.7473e-02)	Acc@1  99.61 ( 99.74)	Acc@2 100.00 (100.00)
Test: [30/34]	Time  0.124 ( 0.138)	Loss 8.9374e-03 (1.6341e-02)	Acc@1  99.61 ( 99.67)	Acc@2 100.00 (100.00)
 * Acc@1 99.686 Acc@2 100.000
Epoch: [62][  0/101]	Time  0.598 ( 0.598)	Data  0.435 ( 0.435)	Loss 3.7067e-02 (3.7067e-02)	Acc@1  97.66 ( 97.66)	Acc@2 100.00 (100.00)
Epoch: [62][ 10/101]	Time  0.421 ( 0.433)	Data  0.000 ( 0.063)	Loss 1.4732e-02 (2.0970e-02)	Acc@1  99.61 ( 99.11)	Acc@2 100.00 (100.00)
Epoch: [62][ 20/101]	Time  0.432 ( 0.429)	Data  0.000 ( 0.045)	Loss 1.5464e-02 (1.9013e-02)	Acc@1  99.22 ( 99.26)	Acc@2 100.00 (100.00)
Epoch: [62][ 30/101]	Time  0.420 ( 0.426)	Data  0.000 ( 0.039)	Loss 1.3243e-02 (1.9427e-02)	Acc@1  99.61 ( 99.28)	Acc@2 100.00 (100.00)
Epoch: [62][ 40/101]	Time  0.417 ( 0.423)	Data  0.000 ( 0.036)	Loss 2.0258e-02 (1.9257e-02)	Acc@1  99.22 ( 99.27)	Acc@2 100.00 (100.00)
Epoch: [62][ 50/101]	Time  0.410 ( 0.423)	Data  0.000 ( 0.034)	Loss 1.2261e-02 (1.9230e-02)	Acc@1  99.61 ( 99.26)	Acc@2 100.00 (100.00)
Epoch: [62][ 60/101]	Time  0.424 ( 0.421)	Data  0.000 ( 0.033)	Loss 2.7713e-02 (1.9567e-02)	Acc@1  99.22 ( 99.24)	Acc@2 100.00 (100.00)
Epoch: [62][ 70/101]	Time  0.419 ( 0.421)	Data  0.000 ( 0.032)	Loss 2.9193e-02 (1.9854e-02)	Acc@1  98.83 ( 99.21)	Acc@2 100.00 (100.00)
Epoch: [62][ 80/101]	Time  0.408 ( 0.420)	Data  0.000 ( 0.031)	Loss 2.5706e-02 (2.0303e-02)	Acc@1  98.83 ( 99.18)	Acc@2 100.00 (100.00)
Epoch: [62][ 90/101]	Time  0.421 ( 0.420)	Data  0.000 ( 0.030)	Loss 1.6111e-02 (2.0352e-02)	Acc@1  99.61 ( 99.18)	Acc@2 100.00 (100.00)
Epoch: [62][100/101]	Time  0.354 ( 0.419)	Data  0.000 ( 0.030)	Loss 1.5316e-02 (2.0428e-02)	Acc@1  99.32 ( 99.17)	Acc@2 100.00 (100.00)
Test: [ 0/34]	Time  0.537 ( 0.537)	Loss 1.6575e-04 (1.6575e-04)	Acc@1 100.00 (100.00)	Acc@2 100.00 (100.00)
Test: [10/34]	Time  0.129 ( 0.162)	Loss 1.2618e-03 (1.5801e-02)	Acc@1 100.00 ( 99.79)	Acc@2 100.00 (100.00)
Test: [20/34]	Time  0.127 ( 0.144)	Loss 4.8695e-03 (1.6212e-02)	Acc@1  99.61 ( 99.74)	Acc@2 100.00 (100.00)
Test: [30/34]	Time  0.125 ( 0.137)	Loss 9.4855e-03 (1.5733e-02)	Acc@1  99.61 ( 99.66)	Acc@2 100.00 (100.00)
 * Acc@1 99.674 Acc@2 100.000
Epoch: [63][  0/101]	Time  0.623 ( 0.623)	Data  0.476 ( 0.476)	Loss 1.6018e-02 (1.6018e-02)	Acc@1  99.22 ( 99.22)	Acc@2 100.00 (100.00)
Epoch: [63][ 10/101]	Time  0.449 ( 0.444)	Data  0.000 ( 0.068)	Loss 2.7399e-02 (1.8565e-02)	Acc@1  98.83 ( 99.33)	Acc@2 100.00 (100.00)
Epoch: [63][ 20/101]	Time  0.420 ( 0.429)	Data  0.000 ( 0.047)	Loss 1.4797e-02 (1.8479e-02)	Acc@1  99.22 ( 99.24)	Acc@2 100.00 (100.00)
Epoch: [63][ 30/101]	Time  0.401 ( 0.425)	Data  0.000 ( 0.040)	Loss 1.8701e-02 (1.8033e-02)	Acc@1  99.61 ( 99.29)	Acc@2 100.00 (100.00)
Epoch: [63][ 40/101]	Time  0.430 ( 0.423)	Data  0.000 ( 0.037)	Loss 1.0918e-02 (1.8343e-02)	Acc@1  99.61 ( 99.30)	Acc@2 100.00 (100.00)
Epoch: [63][ 50/101]	Time  0.406 ( 0.421)	Data  0.000 ( 0.035)	Loss 1.7975e-02 (1.9516e-02)	Acc@1  98.83 ( 99.24)	Acc@2 100.00 (100.00)
Epoch: [63][ 60/101]	Time  0.403 ( 0.421)	Data  0.000 ( 0.033)	Loss 1.6243e-02 (1.9539e-02)	Acc@1  99.22 ( 99.22)	Acc@2 100.00 (100.00)
Epoch: [63][ 70/101]	Time  0.394 ( 0.420)	Data  0.000 ( 0.032)	Loss 7.1458e-03 (1.9996e-02)	Acc@1 100.00 ( 99.19)	Acc@2 100.00 (100.00)
Epoch: [63][ 80/101]	Time  0.399 ( 0.420)	Data  0.000 ( 0.031)	Loss 1.2336e-02 (2.0338e-02)	Acc@1  99.61 ( 99.18)	Acc@2 100.00 (100.00)
Epoch: [63][ 90/101]	Time  0.406 ( 0.420)	Data  0.000 ( 0.031)	Loss 4.6922e-03 (1.9847e-02)	Acc@1 100.00 ( 99.21)	Acc@2 100.00 (100.00)
Epoch: [63][100/101]	Time  0.379 ( 0.419)	Data  0.000 ( 0.030)	Loss 2.2928e-02 (1.9538e-02)	Acc@1  99.32 ( 99.22)	Acc@2 100.00 (100.00)
Test: [ 0/34]	Time  0.542 ( 0.542)	Loss 2.9553e-04 (2.9553e-04)	Acc@1 100.00 (100.00)	Acc@2 100.00 (100.00)
Test: [10/34]	Time  0.122 ( 0.162)	Loss 2.4958e-03 (1.8007e-02)	Acc@1 100.00 ( 99.79)	Acc@2 100.00 (100.00)
Test: [20/34]	Time  0.121 ( 0.144)	Loss 3.0884e-03 (1.8215e-02)	Acc@1 100.00 ( 99.76)	Acc@2 100.00 (100.00)
Test: [30/34]	Time  0.122 ( 0.137)	Loss 7.2016e-03 (1.6219e-02)	Acc@1  99.61 ( 99.71)	Acc@2 100.00 (100.00)
 * Acc@1 99.721 Acc@2 100.000
Epoch: [64][  0/101]	Time  0.608 ( 0.608)	Data  0.452 ( 0.452)	Loss 2.4983e-02 (2.4983e-02)	Acc@1  99.22 ( 99.22)	Acc@2 100.00 (100.00)
Epoch: [64][ 10/101]	Time  0.417 ( 0.430)	Data  0.000 ( 0.062)	Loss 1.1255e-02 (1.5981e-02)	Acc@1  99.61 ( 99.33)	Acc@2 100.00 (100.00)
Epoch: [64][ 20/101]	Time  0.424 ( 0.424)	Data  0.000 ( 0.045)	Loss 2.4650e-02 (1.7000e-02)	Acc@1  98.44 ( 99.33)	Acc@2 100.00 (100.00)
Epoch: [64][ 30/101]	Time  0.404 ( 0.421)	Data  0.000 ( 0.039)	Loss 6.6080e-03 (1.5411e-02)	Acc@1 100.00 ( 99.40)	Acc@2 100.00 (100.00)
Epoch: [64][ 40/101]	Time  0.413 ( 0.420)	Data  0.000 ( 0.036)	Loss 2.8602e-02 (1.6879e-02)	Acc@1  99.22 ( 99.35)	Acc@2 100.00 (100.00)
Epoch: [64][ 50/101]	Time  0.425 ( 0.419)	Data  0.000 ( 0.034)	Loss 2.6541e-02 (1.7520e-02)	Acc@1  98.83 ( 99.32)	Acc@2 100.00 (100.00)
Epoch: [64][ 60/101]	Time  0.426 ( 0.419)	Data  0.000 ( 0.033)	Loss 1.7669e-02 (1.7600e-02)	Acc@1  99.61 ( 99.33)	Acc@2 100.00 (100.00)
Epoch: [64][ 70/101]	Time  0.415 ( 0.418)	Data  0.000 ( 0.032)	Loss 4.6757e-03 (1.7328e-02)	Acc@1 100.00 ( 99.32)	Acc@2 100.00 (100.00)
Epoch: [64][ 80/101]	Time  0.414 ( 0.418)	Data  0.000 ( 0.031)	Loss 1.1066e-02 (1.7219e-02)	Acc@1  99.61 ( 99.33)	Acc@2 100.00 (100.00)
Epoch: [64][ 90/101]	Time  0.421 ( 0.419)	Data  0.000 ( 0.030)	Loss 2.2889e-02 (1.7532e-02)	Acc@1  98.83 ( 99.33)	Acc@2 100.00 (100.00)
Epoch: [64][100/101]	Time  0.418 ( 0.419)	Data  0.000 ( 0.030)	Loss 6.2810e-03 (1.7504e-02)	Acc@1 100.00 ( 99.33)	Acc@2 100.00 (100.00)
Test: [ 0/34]	Time  0.603 ( 0.603)	Loss 3.8112e-04 (3.8112e-04)	Acc@1 100.00 (100.00)	Acc@2 100.00 (100.00)
Test: [10/34]	Time  0.123 ( 0.168)	Loss 2.8726e-03 (1.8729e-02)	Acc@1 100.00 ( 99.75)	Acc@2 100.00 (100.00)
Test: [20/34]	Time  0.133 ( 0.148)	Loss 2.1932e-03 (1.8771e-02)	Acc@1 100.00 ( 99.74)	Acc@2 100.00 (100.00)
Test: [30/34]	Time  0.123 ( 0.140)	Loss 5.1441e-03 (1.6273e-02)	Acc@1  99.61 ( 99.72)	Acc@2 100.00 (100.00)
 * Acc@1 99.732 Acc@2 100.000
Epoch: [65][  0/101]	Time  0.583 ( 0.583)	Data  0.436 ( 0.436)	Loss 1.0751e-02 (1.0751e-02)	Acc@1 100.00 (100.00)	Acc@2 100.00 (100.00)
Epoch: [65][ 10/101]	Time  0.416 ( 0.431)	Data  0.000 ( 0.063)	Loss 1.1031e-02 (1.8234e-02)	Acc@1  99.61 ( 99.40)	Acc@2 100.00 (100.00)
Epoch: [65][ 20/101]	Time  0.408 ( 0.423)	Data  0.000 ( 0.046)	Loss 1.5158e-02 (2.0837e-02)	Acc@1  99.61 ( 99.29)	Acc@2 100.00 (100.00)
Epoch: [65][ 30/101]	Time  0.436 ( 0.422)	Data  0.000 ( 0.039)	Loss 2.2626e-02 (1.9492e-02)	Acc@1  99.22 ( 99.31)	Acc@2 100.00 (100.00)
Epoch: [65][ 40/101]	Time  0.403 ( 0.422)	Data  0.000 ( 0.036)	Loss 1.7403e-02 (2.0332e-02)	Acc@1  99.61 ( 99.27)	Acc@2 100.00 (100.00)
Epoch: [65][ 50/101]	Time  0.427 ( 0.421)	Data  0.000 ( 0.034)	Loss 2.9250e-02 (2.0053e-02)	Acc@1  98.83 ( 99.26)	Acc@2 100.00 (100.00)
Epoch: [65][ 60/101]	Time  0.410 ( 0.420)	Data  0.000 ( 0.033)	Loss 1.5639e-02 (1.9310e-02)	Acc@1  99.22 ( 99.28)	Acc@2 100.00 (100.00)
Epoch: [65][ 70/101]	Time  0.419 ( 0.419)	Data  0.000 ( 0.031)	Loss 7.3292e-03 (1.8952e-02)	Acc@1  99.61 ( 99.28)	Acc@2 100.00 (100.00)
Epoch: [65][ 80/101]	Time  0.396 ( 0.419)	Data  0.000 ( 0.031)	Loss 2.9020e-02 (1.8595e-02)	Acc@1  98.44 ( 99.29)	Acc@2 100.00 (100.00)
Epoch: [65][ 90/101]	Time  0.407 ( 0.419)	Data  0.000 ( 0.030)	Loss 2.5046e-02 (1.8688e-02)	Acc@1  98.44 ( 99.27)	Acc@2 100.00 (100.00)
Epoch: [65][100/101]	Time  0.367 ( 0.418)	Data  0.000 ( 0.030)	Loss 4.3587e-02 (1.9199e-02)	Acc@1  99.32 ( 99.25)	Acc@2 100.00 (100.00)
Test: [ 0/34]	Time  0.557 ( 0.557)	Loss 2.7872e-04 (2.7872e-04)	Acc@1 100.00 (100.00)	Acc@2 100.00 (100.00)
Test: [10/34]	Time  0.129 ( 0.164)	Loss 2.9062e-03 (1.7724e-02)	Acc@1 100.00 ( 99.79)	Acc@2 100.00 (100.00)
Test: [20/34]	Time  0.121 ( 0.145)	Loss 2.3830e-03 (1.7688e-02)	Acc@1 100.00 ( 99.76)	Acc@2 100.00 (100.00)
Test: [30/34]	Time  0.122 ( 0.138)	Loss 5.2078e-03 (1.5158e-02)	Acc@1  99.61 ( 99.72)	Acc@2 100.00 (100.00)
 * Acc@1 99.732 Acc@2 100.000
Epoch: [66][  0/101]	Time  0.597 ( 0.597)	Data  0.441 ( 0.441)	Loss 1.8057e-02 (1.8057e-02)	Acc@1  99.22 ( 99.22)	Acc@2 100.00 (100.00)
Epoch: [66][ 10/101]	Time  0.431 ( 0.437)	Data  0.000 ( 0.063)	Loss 2.0429e-02 (2.0141e-02)	Acc@1  99.22 ( 99.22)	Acc@2 100.00 (100.00)
Epoch: [66][ 20/101]	Time  0.414 ( 0.427)	Data  0.000 ( 0.045)	Loss 2.4412e-02 (2.1249e-02)	Acc@1  98.83 ( 99.22)	Acc@2 100.00 (100.00)
Epoch: [66][ 30/101]	Time  0.416 ( 0.425)	Data  0.000 ( 0.039)	Loss 3.0991e-03 (2.0774e-02)	Acc@1 100.00 ( 99.18)	Acc@2 100.00 (100.00)
Epoch: [66][ 40/101]	Time  0.423 ( 0.422)	Data  0.000 ( 0.036)	Loss 3.4980e-03 (2.0124e-02)	Acc@1 100.00 ( 99.18)	Acc@2 100.00 (100.00)
Epoch: [66][ 50/101]	Time  0.433 ( 0.423)	Data  0.000 ( 0.036)	Loss 2.4351e-02 (2.0269e-02)	Acc@1  98.83 ( 99.16)	Acc@2 100.00 (100.00)
Epoch: [66][ 60/101]	Time  0.413 ( 0.422)	Data  0.000 ( 0.034)	Loss 1.8261e-02 (1.9815e-02)	Acc@1  99.61 ( 99.20)	Acc@2 100.00 (100.00)
Epoch: [66][ 70/101]	Time  0.425 ( 0.422)	Data  0.000 ( 0.033)	Loss 1.6947e-02 (1.9874e-02)	Acc@1  98.83 ( 99.20)	Acc@2 100.00 (100.00)
Epoch: [66][ 80/101]	Time  0.424 ( 0.421)	Data  0.000 ( 0.032)	Loss 4.9160e-03 (1.9295e-02)	Acc@1 100.00 ( 99.22)	Acc@2 100.00 (100.00)
Epoch: [66][ 90/101]	Time  0.433 ( 0.421)	Data  0.000 ( 0.031)	Loss 3.0028e-02 (1.8935e-02)	Acc@1  98.83 ( 99.25)	Acc@2 100.00 (100.00)
Epoch: [66][100/101]	Time  0.394 ( 0.420)	Data  0.000 ( 0.031)	Loss 4.2117e-03 (1.8888e-02)	Acc@1 100.00 ( 99.25)	Acc@2 100.00 (100.00)
Test: [ 0/34]	Time  0.538 ( 0.538)	Loss 4.6087e-04 (4.6087e-04)	Acc@1 100.00 (100.00)	Acc@2 100.00 (100.00)
Test: [10/34]	Time  0.123 ( 0.163)	Loss 1.5825e-03 (1.8474e-02)	Acc@1 100.00 ( 99.79)	Acc@2 100.00 (100.00)
Test: [20/34]	Time  0.122 ( 0.146)	Loss 2.4460e-03 (1.8618e-02)	Acc@1 100.00 ( 99.76)	Acc@2 100.00 (100.00)
Test: [30/34]	Time  0.122 ( 0.139)	Loss 4.6072e-03 (1.6295e-02)	Acc@1  99.61 ( 99.72)	Acc@2 100.00 (100.00)
 * Acc@1 99.732 Acc@2 100.000
Epoch: [67][  0/101]	Time  0.589 ( 0.589)	Data  0.434 ( 0.434)	Loss 2.0477e-02 (2.0477e-02)	Acc@1  98.83 ( 98.83)	Acc@2 100.00 (100.00)
Epoch: [67][ 10/101]	Time  0.408 ( 0.432)	Data  0.000 ( 0.063)	Loss 8.2189e-03 (1.7255e-02)	Acc@1  99.22 ( 99.22)	Acc@2 100.00 (100.00)
Epoch: [67][ 20/101]	Time  0.432 ( 0.425)	Data  0.000 ( 0.045)	Loss 2.5983e-02 (1.7203e-02)	Acc@1  99.22 ( 99.29)	Acc@2 100.00 (100.00)
Epoch: [67][ 30/101]	Time  0.404 ( 0.422)	Data  0.000 ( 0.039)	Loss 3.0743e-02 (1.7225e-02)	Acc@1  98.83 ( 99.29)	Acc@2 100.00 (100.00)
Epoch: [67][ 40/101]	Time  0.422 ( 0.421)	Data  0.000 ( 0.035)	Loss 1.5555e-02 (1.7038e-02)	Acc@1  99.22 ( 99.30)	Acc@2 100.00 (100.00)
Epoch: [67][ 50/101]	Time  0.405 ( 0.420)	Data  0.000 ( 0.034)	Loss 1.6435e-02 (1.7960e-02)	Acc@1  99.61 ( 99.24)	Acc@2 100.00 (100.00)
Epoch: [67][ 60/101]	Time  0.423 ( 0.420)	Data  0.000 ( 0.032)	Loss 1.9952e-02 (1.8154e-02)	Acc@1  99.22 ( 99.25)	Acc@2 100.00 (100.00)
Epoch: [67][ 70/101]	Time  0.405 ( 0.419)	Data  0.000 ( 0.031)	Loss 3.0685e-02 (1.8122e-02)	Acc@1  98.44 ( 99.26)	Acc@2 100.00 (100.00)
Epoch: [67][ 80/101]	Time  0.415 ( 0.419)	Data  0.000 ( 0.031)	Loss 8.6346e-03 (1.7994e-02)	Acc@1  99.61 ( 99.26)	Acc@2 100.00 (100.00)
Epoch: [67][ 90/101]	Time  0.394 ( 0.419)	Data  0.000 ( 0.030)	Loss 1.5875e-02 (1.8218e-02)	Acc@1  99.22 ( 99.25)	Acc@2 100.00 (100.00)
Epoch: [67][100/101]	Time  0.374 ( 0.418)	Data  0.000 ( 0.030)	Loss 7.0647e-02 (1.8541e-02)	Acc@1  97.26 ( 99.23)	Acc@2 100.00 (100.00)
Test: [ 0/34]	Time  0.538 ( 0.538)	Loss 9.7454e-04 (9.7454e-04)	Acc@1 100.00 (100.00)	Acc@2 100.00 (100.00)
Test: [10/34]	Time  0.120 ( 0.162)	Loss 2.7400e-03 (2.0176e-02)	Acc@1 100.00 ( 99.75)	Acc@2 100.00 (100.00)
Test: [20/34]	Time  0.123 ( 0.144)	Loss 1.2596e-03 (2.0134e-02)	Acc@1 100.00 ( 99.72)	Acc@2 100.00 (100.00)
Test: [30/34]	Time  0.122 ( 0.138)	Loss 2.7595e-03 (1.6687e-02)	Acc@1 100.00 ( 99.74)	Acc@2 100.00 (100.00)
 * Acc@1 99.744 Acc@2 100.000
Epoch: [68][  0/101]	Time  0.705 ( 0.705)	Data  0.548 ( 0.548)	Loss 9.0086e-03 (9.0086e-03)	Acc@1  99.61 ( 99.61)	Acc@2 100.00 (100.00)
Epoch: [68][ 10/101]	Time  0.419 ( 0.441)	Data  0.000 ( 0.072)	Loss 1.7866e-02 (2.0444e-02)	Acc@1  98.83 ( 99.18)	Acc@2 100.00 (100.00)
Epoch: [68][ 20/101]	Time  0.417 ( 0.430)	Data  0.000 ( 0.050)	Loss 1.3568e-02 (2.0364e-02)	Acc@1  99.61 ( 99.18)	Acc@2 100.00 (100.00)
Epoch: [68][ 30/101]	Time  0.427 ( 0.427)	Data  0.000 ( 0.042)	Loss 2.6087e-02 (2.0958e-02)	Acc@1  98.83 ( 99.16)	Acc@2 100.00 (100.00)
Epoch: [68][ 40/101]	Time  0.424 ( 0.424)	Data  0.000 ( 0.038)	Loss 2.6916e-02 (1.9735e-02)	Acc@1  99.22 ( 99.21)	Acc@2 100.00 (100.00)
Epoch: [68][ 50/101]	Time  0.418 ( 0.423)	Data  0.000 ( 0.036)	Loss 8.1931e-03 (1.8893e-02)	Acc@1  99.22 ( 99.23)	Acc@2 100.00 (100.00)
Epoch: [68][ 60/101]	Time  0.412 ( 0.423)	Data  0.000 ( 0.034)	Loss 2.8575e-02 (1.9452e-02)	Acc@1  99.22 ( 99.24)	Acc@2 100.00 (100.00)
Epoch: [68][ 70/101]	Time  0.422 ( 0.422)	Data  0.000 ( 0.033)	Loss 7.3796e-03 (1.9456e-02)	Acc@1 100.00 ( 99.22)	Acc@2 100.00 (100.00)
Epoch: [68][ 80/101]	Time  0.425 ( 0.422)	Data  0.000 ( 0.032)	Loss 3.3691e-02 (1.9941e-02)	Acc@1  98.44 ( 99.20)	Acc@2 100.00 (100.00)
Epoch: [68][ 90/101]	Time  0.414 ( 0.421)	Data  0.000 ( 0.031)	Loss 6.8891e-03 (1.9963e-02)	Acc@1  99.61 ( 99.19)	Acc@2 100.00 (100.00)
Epoch: [68][100/101]	Time  0.377 ( 0.420)	Data  0.000 ( 0.031)	Loss 1.7853e-02 (1.9215e-02)	Acc@1  98.63 ( 99.23)	Acc@2 100.00 (100.00)
Test: [ 0/34]	Time  0.554 ( 0.554)	Loss 4.5722e-04 (4.5722e-04)	Acc@1 100.00 (100.00)	Acc@2 100.00 (100.00)
Test: [10/34]	Time  0.122 ( 0.163)	Loss 1.7057e-03 (1.8039e-02)	Acc@1 100.00 ( 99.79)	Acc@2 100.00 (100.00)
Test: [20/34]	Time  0.122 ( 0.145)	Loss 2.2259e-03 (1.8362e-02)	Acc@1 100.00 ( 99.76)	Acc@2 100.00 (100.00)
Test: [30/34]	Time  0.124 ( 0.138)	Loss 4.9725e-03 (1.6195e-02)	Acc@1  99.61 ( 99.72)	Acc@2 100.00 (100.00)
 * Acc@1 99.732 Acc@2 100.000
Epoch: [69][  0/101]	Time  0.643 ( 0.643)	Data  0.497 ( 0.497)	Loss 7.9420e-03 (7.9420e-03)	Acc@1  99.61 ( 99.61)	Acc@2 100.00 (100.00)
Epoch: [69][ 10/101]	Time  0.436 ( 0.438)	Data  0.000 ( 0.069)	Loss 4.7112e-03 (1.8266e-02)	Acc@1 100.00 ( 99.25)	Acc@2 100.00 (100.00)
Epoch: [69][ 20/101]	Time  0.402 ( 0.427)	Data  0.000 ( 0.048)	Loss 1.8947e-02 (1.7724e-02)	Acc@1  99.61 ( 99.37)	Acc@2 100.00 (100.00)
Epoch: [69][ 30/101]	Time  0.436 ( 0.425)	Data  0.000 ( 0.041)	Loss 3.7956e-03 (1.6777e-02)	Acc@1 100.00 ( 99.38)	Acc@2 100.00 (100.00)
Epoch: [69][ 40/101]	Time  0.409 ( 0.422)	Data  0.000 ( 0.037)	Loss 1.9479e-02 (1.6622e-02)	Acc@1  99.22 ( 99.38)	Acc@2 100.00 (100.00)
Epoch: [69][ 50/101]	Time  0.436 ( 0.422)	Data  0.000 ( 0.035)	Loss 5.9362e-03 (1.6571e-02)	Acc@1 100.00 ( 99.39)	Acc@2 100.00 (100.00)
Epoch: [69][ 60/101]	Time  0.418 ( 0.421)	Data  0.000 ( 0.033)	Loss 1.6252e-02 (1.6328e-02)	Acc@1  99.22 ( 99.40)	Acc@2 100.00 (100.00)
Epoch: [69][ 70/101]	Time  0.411 ( 0.420)	Data  0.000 ( 0.032)	Loss 1.5579e-02 (1.6498e-02)	Acc@1  99.61 ( 99.38)	Acc@2 100.00 (100.00)
Epoch: [69][ 80/101]	Time  0.403 ( 0.420)	Data  0.000 ( 0.031)	Loss 8.2558e-03 (1.6766e-02)	Acc@1  99.61 ( 99.36)	Acc@2 100.00 (100.00)
Epoch: [69][ 90/101]	Time  0.429 ( 0.420)	Data  0.000 ( 0.031)	Loss 2.8060e-02 (1.6945e-02)	Acc@1  98.83 ( 99.34)	Acc@2 100.00 (100.00)
Epoch: [69][100/101]	Time  0.361 ( 0.419)	Data  0.000 ( 0.030)	Loss 1.6761e-02 (1.6774e-02)	Acc@1  99.32 ( 99.34)	Acc@2 100.00 (100.00)
Test: [ 0/34]	Time  0.553 ( 0.553)	Loss 6.1654e-04 (6.1654e-04)	Acc@1 100.00 (100.00)	Acc@2 100.00 (100.00)
Test: [10/34]	Time  0.127 ( 0.164)	Loss 2.4009e-03 (1.8968e-02)	Acc@1 100.00 ( 99.75)	Acc@2 100.00 (100.00)
Test: [20/34]	Time  0.127 ( 0.146)	Loss 1.9979e-03 (1.9204e-02)	Acc@1 100.00 ( 99.74)	Acc@2 100.00 (100.00)
Test: [30/34]	Time  0.122 ( 0.139)	Loss 4.3632e-03 (1.6572e-02)	Acc@1  99.61 ( 99.72)	Acc@2 100.00 (100.00)
 * Acc@1 99.732 Acc@2 100.000
Epoch: [70][  0/101]	Time  0.606 ( 0.606)	Data  0.443 ( 0.443)	Loss 2.8741e-02 (2.8741e-02)	Acc@1  99.22 ( 99.22)	Acc@2 100.00 (100.00)
Epoch: [70][ 10/101]	Time  0.407 ( 0.435)	Data  0.000 ( 0.063)	Loss 2.4215e-02 (1.5583e-02)	Acc@1  99.22 ( 99.43)	Acc@2 100.00 (100.00)
Epoch: [70][ 20/101]	Time  0.429 ( 0.426)	Data  0.000 ( 0.045)	Loss 1.0964e-02 (1.5770e-02)	Acc@1  99.61 ( 99.42)	Acc@2 100.00 (100.00)
Epoch: [70][ 30/101]	Time  0.429 ( 0.424)	Data  0.000 ( 0.039)	Loss 2.2638e-02 (1.5431e-02)	Acc@1  98.44 ( 99.42)	Acc@2 100.00 (100.00)
Epoch: [70][ 40/101]	Time  0.410 ( 0.422)	Data  0.000 ( 0.036)	Loss 1.4197e-02 (1.6775e-02)	Acc@1  98.83 ( 99.39)	Acc@2 100.00 (100.00)
Epoch: [70][ 50/101]	Time  0.410 ( 0.422)	Data  0.000 ( 0.034)	Loss 2.6099e-02 (1.8432e-02)	Acc@1  99.22 ( 99.31)	Acc@2 100.00 (100.00)
Epoch: [70][ 60/101]	Time  0.427 ( 0.421)	Data  0.000 ( 0.033)	Loss 2.2634e-02 (1.7857e-02)	Acc@1  99.22 ( 99.33)	Acc@2 100.00 (100.00)
Epoch: [70][ 70/101]	Time  0.431 ( 0.421)	Data  0.000 ( 0.032)	Loss 1.6316e-02 (1.7728e-02)	Acc@1  99.22 ( 99.33)	Acc@2 100.00 (100.00)
Epoch: [70][ 80/101]	Time  0.424 ( 0.420)	Data  0.000 ( 0.031)	Loss 1.8130e-02 (1.7461e-02)	Acc@1  99.22 ( 99.32)	Acc@2 100.00 (100.00)
Epoch: [70][ 90/101]	Time  0.423 ( 0.420)	Data  0.000 ( 0.030)	Loss 8.5194e-03 (1.7073e-02)	Acc@1 100.00 ( 99.35)	Acc@2 100.00 (100.00)
Epoch: [70][100/101]	Time  0.370 ( 0.419)	Data  0.000 ( 0.030)	Loss 1.5556e-03 (1.7472e-02)	Acc@1 100.00 ( 99.34)	Acc@2 100.00 (100.00)
Test: [ 0/34]	Time  0.569 ( 0.569)	Loss 7.4221e-04 (7.4221e-04)	Acc@1 100.00 (100.00)	Acc@2 100.00 (100.00)
Test: [10/34]	Time  0.123 ( 0.164)	Loss 2.4720e-03 (1.8898e-02)	Acc@1 100.00 ( 99.75)	Acc@2 100.00 (100.00)
Test: [20/34]	Time  0.123 ( 0.145)	Loss 1.8705e-03 (1.9089e-02)	Acc@1 100.00 ( 99.74)	Acc@2 100.00 (100.00)
Test: [30/34]	Time  0.122 ( 0.139)	Loss 3.5862e-03 (1.6046e-02)	Acc@1  99.61 ( 99.72)	Acc@2 100.00 (100.00)
 * Acc@1 99.732 Acc@2 100.000
Epoch: [71][  0/101]	Time  0.608 ( 0.608)	Data  0.454 ( 0.454)	Loss 1.2860e-02 (1.2860e-02)	Acc@1  99.61 ( 99.61)	Acc@2 100.00 (100.00)
Epoch: [71][ 10/101]	Time  0.410 ( 0.433)	Data  0.000 ( 0.065)	Loss 3.1297e-02 (1.6635e-02)	Acc@1  99.61 ( 99.33)	Acc@2 100.00 (100.00)
Epoch: [71][ 20/101]	Time  0.425 ( 0.424)	Data  0.000 ( 0.046)	Loss 2.9287e-02 (1.6617e-02)	Acc@1  98.83 ( 99.40)	Acc@2 100.00 (100.00)
Epoch: [71][ 30/101]	Time  0.435 ( 0.422)	Data  0.000 ( 0.040)	Loss 2.1083e-02 (1.6223e-02)	Acc@1  99.61 ( 99.40)	Acc@2 100.00 (100.00)
Epoch: [71][ 40/101]	Time  0.427 ( 0.421)	Data  0.000 ( 0.036)	Loss 6.9251e-03 (1.5731e-02)	Acc@1 100.00 ( 99.43)	Acc@2 100.00 (100.00)
Epoch: [71][ 50/101]	Time  0.401 ( 0.420)	Data  0.000 ( 0.035)	Loss 1.4407e-02 (1.5986e-02)	Acc@1  99.22 ( 99.41)	Acc@2 100.00 (100.00)
Epoch: [71][ 60/101]	Time  0.420 ( 0.420)	Data  0.000 ( 0.033)	Loss 2.2618e-02 (1.6213e-02)	Acc@1  99.22 ( 99.42)	Acc@2 100.00 (100.00)
Epoch: [71][ 70/101]	Time  0.397 ( 0.419)	Data  0.000 ( 0.033)	Loss 1.2120e-02 (1.6170e-02)	Acc@1  99.61 ( 99.41)	Acc@2 100.00 (100.00)
Epoch: [71][ 80/101]	Time  0.431 ( 0.419)	Data  0.000 ( 0.032)	Loss 4.0246e-02 (1.6754e-02)	Acc@1  99.22 ( 99.39)	Acc@2 100.00 (100.00)
Epoch: [71][ 90/101]	Time  0.406 ( 0.419)	Data  0.000 ( 0.031)	Loss 3.1958e-02 (1.6652e-02)	Acc@1  99.22 ( 99.39)	Acc@2 100.00 (100.00)
Epoch: [71][100/101]	Time  0.382 ( 0.419)	Data  0.000 ( 0.031)	Loss 4.6321e-03 (1.7221e-02)	Acc@1 100.00 ( 99.36)	Acc@2 100.00 (100.00)
Test: [ 0/34]	Time  0.539 ( 0.539)	Loss 1.1961e-03 (1.1961e-03)	Acc@1 100.00 (100.00)	Acc@2 100.00 (100.00)
Test: [10/34]	Time  0.122 ( 0.162)	Loss 2.2688e-03 (2.0435e-02)	Acc@1 100.00 ( 99.72)	Acc@2 100.00 (100.00)
Test: [20/34]	Time  0.128 ( 0.144)	Loss 1.3542e-03 (2.0710e-02)	Acc@1 100.00 ( 99.70)	Acc@2 100.00 (100.00)
Test: [30/34]	Time  0.123 ( 0.138)	Loss 2.6092e-03 (1.7631e-02)	Acc@1 100.00 ( 99.72)	Acc@2 100.00 (100.00)
 * Acc@1 99.732 Acc@2 100.000
Epoch: [72][  0/101]	Time  0.648 ( 0.648)	Data  0.501 ( 0.501)	Loss 3.7375e-03 (3.7375e-03)	Acc@1 100.00 (100.00)	Acc@2 100.00 (100.00)
Epoch: [72][ 10/101]	Time  0.439 ( 0.440)	Data  0.000 ( 0.068)	Loss 1.7229e-02 (1.9348e-02)	Acc@1  99.61 ( 99.36)	Acc@2 100.00 (100.00)
Epoch: [72][ 20/101]	Time  0.429 ( 0.429)	Data  0.000 ( 0.049)	Loss 2.8388e-02 (1.7226e-02)	Acc@1  98.83 ( 99.44)	Acc@2 100.00 (100.00)
Epoch: [72][ 30/101]	Time  0.409 ( 0.424)	Data  0.000 ( 0.041)	Loss 8.7101e-03 (1.7083e-02)	Acc@1  99.61 ( 99.37)	Acc@2 100.00 (100.00)
Epoch: [72][ 40/101]	Time  0.417 ( 0.421)	Data  0.000 ( 0.037)	Loss 1.7582e-02 (1.9233e-02)	Acc@1  99.22 ( 99.27)	Acc@2 100.00 (100.00)
Epoch: [72][ 50/101]	Time  0.417 ( 0.421)	Data  0.000 ( 0.035)	Loss 3.8037e-02 (1.9691e-02)	Acc@1  98.83 ( 99.26)	Acc@2 100.00 (100.00)
Epoch: [72][ 60/101]	Time  0.425 ( 0.421)	Data  0.000 ( 0.033)	Loss 2.7270e-02 (1.9933e-02)	Acc@1  98.44 ( 99.24)	Acc@2 100.00 (100.00)
Epoch: [72][ 70/101]	Time  0.417 ( 0.420)	Data  0.000 ( 0.032)	Loss 8.9922e-03 (2.0032e-02)	Acc@1  99.61 ( 99.24)	Acc@2 100.00 (100.00)
Epoch: [72][ 80/101]	Time  0.416 ( 0.420)	Data  0.000 ( 0.031)	Loss 1.9542e-02 (1.9659e-02)	Acc@1  99.22 ( 99.28)	Acc@2 100.00 (100.00)
Epoch: [72][ 90/101]	Time  0.422 ( 0.419)	Data  0.000 ( 0.031)	Loss 3.2282e-03 (1.9197e-02)	Acc@1 100.00 ( 99.30)	Acc@2 100.00 (100.00)
Epoch: [72][100/101]	Time  0.384 ( 0.419)	Data  0.000 ( 0.030)	Loss 1.4268e-02 (1.8667e-02)	Acc@1  99.32 ( 99.31)	Acc@2 100.00 (100.00)
Test: [ 0/34]	Time  0.652 ( 0.652)	Loss 9.0272e-04 (9.0272e-04)	Acc@1 100.00 (100.00)	Acc@2 100.00 (100.00)
Test: [10/34]	Time  0.122 ( 0.177)	Loss 1.9099e-03 (1.8795e-02)	Acc@1 100.00 ( 99.75)	Acc@2 100.00 (100.00)
Test: [20/34]	Time  0.123 ( 0.152)	Loss 1.4349e-03 (1.9135e-02)	Acc@1 100.00 ( 99.72)	Acc@2 100.00 (100.00)
Test: [30/34]	Time  0.122 ( 0.143)	Loss 2.9057e-03 (1.6489e-02)	Acc@1 100.00 ( 99.74)	Acc@2 100.00 (100.00)
 * Acc@1 99.744 Acc@2 100.000
Epoch: [73][  0/101]	Time  0.648 ( 0.648)	Data  0.502 ( 0.502)	Loss 1.9403e-02 (1.9403e-02)	Acc@1  99.22 ( 99.22)	Acc@2 100.00 (100.00)
Epoch: [73][ 10/101]	Time  0.429 ( 0.437)	Data  0.000 ( 0.069)	Loss 1.3114e-02 (1.9559e-02)	Acc@1  99.61 ( 99.33)	Acc@2 100.00 (100.00)
Epoch: [73][ 20/101]	Time  0.405 ( 0.427)	Data  0.000 ( 0.048)	Loss 1.8138e-02 (2.0608e-02)	Acc@1  99.22 ( 99.29)	Acc@2 100.00 (100.00)
Epoch: [73][ 30/101]	Time  0.437 ( 0.425)	Data  0.000 ( 0.041)	Loss 5.3060e-02 (1.9875e-02)	Acc@1  98.44 ( 99.31)	Acc@2 100.00 (100.00)
Epoch: [73][ 40/101]	Time  0.405 ( 0.423)	Data  0.000 ( 0.038)	Loss 6.1072e-03 (1.8670e-02)	Acc@1 100.00 ( 99.32)	Acc@2 100.00 (100.00)
Epoch: [73][ 50/101]	Time  0.430 ( 0.421)	Data  0.000 ( 0.035)	Loss 3.4261e-02 (1.8570e-02)	Acc@1  98.83 ( 99.30)	Acc@2 100.00 (100.00)
Epoch: [73][ 60/101]	Time  0.411 ( 0.421)	Data  0.000 ( 0.034)	Loss 1.6832e-02 (1.9244e-02)	Acc@1  98.83 ( 99.26)	Acc@2 100.00 (100.00)
Epoch: [73][ 70/101]	Time  0.432 ( 0.420)	Data  0.000 ( 0.032)	Loss 2.9839e-02 (1.9061e-02)	Acc@1  98.83 ( 99.27)	Acc@2 100.00 (100.00)
Epoch: [73][ 80/101]	Time  0.409 ( 0.419)	Data  0.000 ( 0.032)	Loss 8.3548e-03 (1.8792e-02)	Acc@1  99.61 ( 99.28)	Acc@2 100.00 (100.00)
Epoch: [73][ 90/101]	Time  0.410 ( 0.419)	Data  0.000 ( 0.031)	Loss 7.5818e-03 (1.8470e-02)	Acc@1 100.00 ( 99.27)	Acc@2 100.00 (100.00)
Epoch: [73][100/101]	Time  0.373 ( 0.418)	Data  0.000 ( 0.030)	Loss 9.8883e-03 (1.9189e-02)	Acc@1  99.32 ( 99.24)	Acc@2 100.00 (100.00)
Test: [ 0/34]	Time  0.686 ( 0.686)	Loss 1.3524e-03 (1.3524e-03)	Acc@1 100.00 (100.00)	Acc@2 100.00 (100.00)
Test: [10/34]	Time  0.122 ( 0.176)	Loss 4.7976e-03 (2.1325e-02)	Acc@1  99.61 ( 99.64)	Acc@2 100.00 (100.00)
Test: [20/34]	Time  0.122 ( 0.151)	Loss 1.0570e-03 (2.1126e-02)	Acc@1 100.00 ( 99.67)	Acc@2 100.00 (100.00)
Test: [30/34]	Time  0.124 ( 0.143)	Loss 2.0787e-03 (1.7387e-02)	Acc@1 100.00 ( 99.70)	Acc@2 100.00 (100.00)
 * Acc@1 99.709 Acc@2 100.000
Epoch: [74][  0/101]	Time  0.586 ( 0.586)	Data  0.433 ( 0.433)	Loss 7.2779e-03 (7.2779e-03)	Acc@1 100.00 (100.00)	Acc@2 100.00 (100.00)
Epoch: [74][ 10/101]	Time  0.424 ( 0.432)	Data  0.000 ( 0.064)	Loss 1.0524e-02 (1.8802e-02)	Acc@1 100.00 ( 99.40)	Acc@2 100.00 (100.00)
Epoch: [74][ 20/101]	Time  0.413 ( 0.424)	Data  0.000 ( 0.046)	Loss 2.0705e-02 (1.9758e-02)	Acc@1  99.22 ( 99.35)	Acc@2 100.00 (100.00)
Epoch: [74][ 30/101]	Time  0.411 ( 0.422)	Data  0.000 ( 0.040)	Loss 7.2347e-03 (1.8833e-02)	Acc@1  99.61 ( 99.33)	Acc@2 100.00 (100.00)
Epoch: [74][ 40/101]	Time  0.413 ( 0.421)	Data  0.000 ( 0.036)	Loss 1.3547e-02 (1.8049e-02)	Acc@1  99.61 ( 99.31)	Acc@2 100.00 (100.00)
Epoch: [74][ 50/101]	Time  0.415 ( 0.420)	Data  0.000 ( 0.034)	Loss 2.5004e-02 (1.8536e-02)	Acc@1  99.22 ( 99.29)	Acc@2 100.00 (100.00)
Epoch: [74][ 60/101]	Time  0.472 ( 0.420)	Data  0.000 ( 0.033)	Loss 1.5639e-02 (1.8592e-02)	Acc@1  98.83 ( 99.28)	Acc@2 100.00 (100.00)
Epoch: [74][ 70/101]	Time  0.428 ( 0.420)	Data  0.000 ( 0.032)	Loss 3.2328e-02 (1.9238e-02)	Acc@1  98.05 ( 99.24)	Acc@2 100.00 (100.00)
Epoch: [74][ 80/101]	Time  0.436 ( 0.419)	Data  0.000 ( 0.031)	Loss 6.6088e-03 (1.8611e-02)	Acc@1 100.00 ( 99.27)	Acc@2 100.00 (100.00)
Epoch: [74][ 90/101]	Time  0.422 ( 0.419)	Data  0.000 ( 0.030)	Loss 1.4345e-02 (1.8883e-02)	Acc@1  99.61 ( 99.25)	Acc@2 100.00 (100.00)
Epoch: [74][100/101]	Time  0.362 ( 0.419)	Data  0.000 ( 0.030)	Loss 1.2232e-03 (1.8942e-02)	Acc@1 100.00 ( 99.25)	Acc@2 100.00 (100.00)
Test: [ 0/34]	Time  0.580 ( 0.580)	Loss 7.3630e-04 (7.3630e-04)	Acc@1 100.00 (100.00)	Acc@2 100.00 (100.00)
Test: [10/34]	Time  0.123 ( 0.166)	Loss 3.0783e-03 (1.9519e-02)	Acc@1  99.61 ( 99.72)	Acc@2 100.00 (100.00)
Test: [20/34]	Time  0.123 ( 0.146)	Loss 1.6993e-03 (1.9687e-02)	Acc@1 100.00 ( 99.70)	Acc@2 100.00 (100.00)
Test: [30/34]	Time  0.121 ( 0.139)	Loss 3.5458e-03 (1.6890e-02)	Acc@1  99.61 ( 99.71)	Acc@2 100.00 (100.00)
 * Acc@1 99.721 Acc@2 100.000
Epoch: [75][  0/101]	Time  0.627 ( 0.627)	Data  0.472 ( 0.472)	Loss 9.0428e-03 (9.0428e-03)	Acc@1 100.00 (100.00)	Acc@2 100.00 (100.00)
Epoch: [75][ 10/101]	Time  0.403 ( 0.434)	Data  0.000 ( 0.067)	Loss 3.2147e-02 (1.8065e-02)	Acc@1  98.83 ( 99.40)	Acc@2 100.00 (100.00)
Epoch: [75][ 20/101]	Time  0.434 ( 0.426)	Data  0.000 ( 0.047)	Loss 1.2461e-02 (1.7948e-02)	Acc@1  98.83 ( 99.31)	Acc@2 100.00 (100.00)
Epoch: [75][ 30/101]	Time  0.403 ( 0.423)	Data  0.000 ( 0.041)	Loss 2.4784e-02 (1.6550e-02)	Acc@1  99.22 ( 99.37)	Acc@2 100.00 (100.00)
Epoch: [75][ 40/101]	Time  0.420 ( 0.421)	Data  0.000 ( 0.037)	Loss 4.2567e-02 (1.6324e-02)	Acc@1  98.83 ( 99.39)	Acc@2 100.00 (100.00)
Epoch: [75][ 50/101]	Time  0.410 ( 0.420)	Data  0.000 ( 0.035)	Loss 1.1616e-02 (1.5907e-02)	Acc@1  99.61 ( 99.39)	Acc@2 100.00 (100.00)
Epoch: [75][ 60/101]	Time  0.426 ( 0.419)	Data  0.000 ( 0.033)	Loss 7.7807e-03 (1.7343e-02)	Acc@1  99.61 ( 99.34)	Acc@2 100.00 (100.00)
Epoch: [75][ 70/101]	Time  0.397 ( 0.419)	Data  0.000 ( 0.032)	Loss 3.5338e-03 (1.7513e-02)	Acc@1 100.00 ( 99.32)	Acc@2 100.00 (100.00)
Epoch: [75][ 80/101]	Time  0.418 ( 0.418)	Data  0.000 ( 0.031)	Loss 1.8131e-02 (1.7450e-02)	Acc@1  98.83 ( 99.32)	Acc@2 100.00 (100.00)
Epoch: [75][ 90/101]	Time  0.404 ( 0.419)	Data  0.000 ( 0.031)	Loss 2.2339e-02 (1.7083e-02)	Acc@1  99.61 ( 99.33)	Acc@2 100.00 (100.00)
Epoch: [75][100/101]	Time  0.395 ( 0.418)	Data  0.000 ( 0.030)	Loss 7.0266e-02 (1.7023e-02)	Acc@1  96.58 ( 99.34)	Acc@2 100.00 (100.00)
Test: [ 0/34]	Time  0.591 ( 0.591)	Loss 9.0230e-04 (9.0230e-04)	Acc@1 100.00 (100.00)	Acc@2 100.00 (100.00)
Test: [10/34]	Time  0.122 ( 0.166)	Loss 5.1854e-03 (2.1117e-02)	Acc@1  99.61 ( 99.64)	Acc@2 100.00 (100.00)
Test: [20/34]	Time  0.131 ( 0.147)	Loss 1.2696e-03 (2.0893e-02)	Acc@1 100.00 ( 99.67)	Acc@2 100.00 (100.00)
Test: [30/34]	Time  0.122 ( 0.139)	Loss 2.1888e-03 (1.6941e-02)	Acc@1 100.00 ( 99.71)	Acc@2 100.00 (100.00)
 * Acc@1 99.721 Acc@2 100.000
Epoch: [76][  0/101]	Time  0.675 ( 0.675)	Data  0.526 ( 0.526)	Loss 2.6951e-03 (2.6951e-03)	Acc@1 100.00 (100.00)	Acc@2 100.00 (100.00)
Epoch: [76][ 10/101]	Time  0.411 ( 0.440)	Data  0.000 ( 0.070)	Loss 1.0917e-02 (2.1394e-02)	Acc@1  99.22 ( 98.93)	Acc@2 100.00 (100.00)
Epoch: [76][ 20/101]	Time  0.410 ( 0.433)	Data  0.000 ( 0.050)	Loss 1.6811e-02 (2.0280e-02)	Acc@1  99.22 ( 99.11)	Acc@2 100.00 (100.00)
Epoch: [76][ 30/101]	Time  0.431 ( 0.427)	Data  0.000 ( 0.042)	Loss 1.0199e-02 (1.6968e-02)	Acc@1  99.61 ( 99.29)	Acc@2 100.00 (100.00)
Epoch: [76][ 40/101]	Time  0.432 ( 0.426)	Data  0.000 ( 0.038)	Loss 5.5500e-03 (1.6558e-02)	Acc@1 100.00 ( 99.33)	Acc@2 100.00 (100.00)
Epoch: [76][ 50/101]	Time  0.421 ( 0.424)	Data  0.000 ( 0.036)	Loss 6.5866e-03 (1.7161e-02)	Acc@1 100.00 ( 99.29)	Acc@2 100.00 (100.00)
Epoch: [76][ 60/101]	Time  0.422 ( 0.423)	Data  0.000 ( 0.034)	Loss 3.6624e-02 (1.8337e-02)	Acc@1  98.44 ( 99.21)	Acc@2 100.00 (100.00)
Epoch: [76][ 70/101]	Time  0.427 ( 0.422)	Data  0.000 ( 0.033)	Loss 4.5508e-02 (1.8600e-02)	Acc@1  98.05 ( 99.20)	Acc@2 100.00 (100.00)
Epoch: [76][ 80/101]	Time  0.424 ( 0.422)	Data  0.000 ( 0.032)	Loss 5.2797e-03 (1.8550e-02)	Acc@1 100.00 ( 99.22)	Acc@2 100.00 (100.00)
Epoch: [76][ 90/101]	Time  0.423 ( 0.421)	Data  0.000 ( 0.031)	Loss 6.6324e-03 (1.8109e-02)	Acc@1 100.00 ( 99.25)	Acc@2 100.00 (100.00)
Epoch: [76][100/101]	Time  0.371 ( 0.420)	Data  0.000 ( 0.031)	Loss 8.1435e-03 (1.7896e-02)	Acc@1 100.00 ( 99.27)	Acc@2 100.00 (100.00)
Test: [ 0/34]	Time  0.529 ( 0.529)	Loss 1.3492e-03 (1.3492e-03)	Acc@1 100.00 (100.00)	Acc@2 100.00 (100.00)
Test: [10/34]	Time  0.129 ( 0.163)	Loss 4.6919e-03 (2.1335e-02)	Acc@1  99.61 ( 99.64)	Acc@2 100.00 (100.00)
Test: [20/34]	Time  0.123 ( 0.145)	Loss 1.1447e-03 (2.1248e-02)	Acc@1 100.00 ( 99.67)	Acc@2 100.00 (100.00)
Test: [30/34]	Time  0.124 ( 0.138)	Loss 2.1282e-03 (1.7383e-02)	Acc@1 100.00 ( 99.71)	Acc@2 100.00 (100.00)
 * Acc@1 99.721 Acc@2 100.000
Epoch: [77][  0/101]	Time  0.637 ( 0.637)	Data  0.477 ( 0.477)	Loss 7.3824e-03 (7.3824e-03)	Acc@1  99.61 ( 99.61)	Acc@2 100.00 (100.00)
Epoch: [77][ 10/101]	Time  0.437 ( 0.435)	Data  0.000 ( 0.066)	Loss 2.1375e-02 (1.6995e-02)	Acc@1  99.61 ( 99.33)	Acc@2 100.00 (100.00)
Epoch: [77][ 20/101]	Time  0.412 ( 0.426)	Data  0.000 ( 0.047)	Loss 2.4445e-02 (1.7021e-02)	Acc@1  99.61 ( 99.39)	Acc@2 100.00 (100.00)
Epoch: [77][ 30/101]	Time  0.410 ( 0.422)	Data  0.000 ( 0.040)	Loss 3.4751e-02 (1.8562e-02)	Acc@1  98.44 ( 99.31)	Acc@2 100.00 (100.00)
Epoch: [77][ 40/101]	Time  0.400 ( 0.420)	Data  0.000 ( 0.037)	Loss 3.2197e-02 (1.9011e-02)	Acc@1  99.22 ( 99.27)	Acc@2 100.00 (100.00)
Epoch: [77][ 50/101]	Time  0.429 ( 0.420)	Data  0.000 ( 0.034)	Loss 1.5479e-02 (1.8223e-02)	Acc@1  99.22 ( 99.28)	Acc@2 100.00 (100.00)
Epoch: [77][ 60/101]	Time  0.406 ( 0.419)	Data  0.000 ( 0.033)	Loss 2.4959e-02 (1.8038e-02)	Acc@1  98.83 ( 99.30)	Acc@2 100.00 (100.00)
Epoch: [77][ 70/101]	Time  0.416 ( 0.418)	Data  0.000 ( 0.032)	Loss 8.4227e-03 (1.7824e-02)	Acc@1 100.00 ( 99.32)	Acc@2 100.00 (100.00)
Epoch: [77][ 80/101]	Time  0.409 ( 0.417)	Data  0.000 ( 0.031)	Loss 1.0126e-02 (1.7778e-02)	Acc@1  99.22 ( 99.32)	Acc@2 100.00 (100.00)
Epoch: [77][ 90/101]	Time  0.502 ( 0.418)	Data  0.000 ( 0.030)	Loss 2.1765e-02 (1.6763e-02)	Acc@1  98.44 ( 99.36)	Acc@2 100.00 (100.00)
Epoch: [77][100/101]	Time  0.362 ( 0.418)	Data  0.000 ( 0.030)	Loss 3.3502e-02 (1.7122e-02)	Acc@1  98.63 ( 99.34)	Acc@2 100.00 (100.00)
Test: [ 0/34]	Time  0.606 ( 0.606)	Loss 9.4772e-04 (9.4772e-04)	Acc@1 100.00 (100.00)	Acc@2 100.00 (100.00)
Test: [10/34]	Time  0.123 ( 0.169)	Loss 4.9965e-03 (2.0765e-02)	Acc@1  99.61 ( 99.68)	Acc@2 100.00 (100.00)
Test: [20/34]	Time  0.124 ( 0.148)	Loss 1.2039e-03 (2.0609e-02)	Acc@1 100.00 ( 99.68)	Acc@2 100.00 (100.00)
Test: [30/34]	Time  0.121 ( 0.140)	Loss 2.3370e-03 (1.6781e-02)	Acc@1 100.00 ( 99.72)	Acc@2 100.00 (100.00)
 * Acc@1 99.732 Acc@2 100.000
Epoch: [78][  0/101]	Time  0.734 ( 0.734)	Data  0.578 ( 0.578)	Loss 7.0469e-03 (7.0469e-03)	Acc@1 100.00 (100.00)	Acc@2 100.00 (100.00)
Epoch: [78][ 10/101]	Time  0.415 ( 0.446)	Data  0.000 ( 0.076)	Loss 1.0032e-02 (2.1220e-02)	Acc@1  99.61 ( 99.18)	Acc@2 100.00 (100.00)
Epoch: [78][ 20/101]	Time  0.421 ( 0.433)	Data  0.000 ( 0.052)	Loss 1.5107e-02 (2.0544e-02)	Acc@1  99.61 ( 99.20)	Acc@2 100.00 (100.00)
Epoch: [78][ 30/101]	Time  0.428 ( 0.428)	Data  0.000 ( 0.044)	Loss 1.4752e-02 (1.9623e-02)	Acc@1  99.22 ( 99.22)	Acc@2 100.00 (100.00)
Epoch: [78][ 40/101]	Time  0.411 ( 0.425)	Data  0.000 ( 0.040)	Loss 7.6901e-03 (1.9272e-02)	Acc@1  99.61 ( 99.23)	Acc@2 100.00 (100.00)
Epoch: [78][ 50/101]	Time  0.415 ( 0.424)	Data  0.000 ( 0.037)	Loss 7.2296e-03 (1.8446e-02)	Acc@1  99.61 ( 99.26)	Acc@2 100.00 (100.00)
Epoch: [78][ 60/101]	Time  0.422 ( 0.423)	Data  0.000 ( 0.035)	Loss 1.8323e-02 (1.7772e-02)	Acc@1  98.83 ( 99.29)	Acc@2 100.00 (100.00)
Epoch: [78][ 70/101]	Time  0.420 ( 0.422)	Data  0.000 ( 0.034)	Loss 3.4141e-02 (1.7559e-02)	Acc@1  98.83 ( 99.32)	Acc@2 100.00 (100.00)
Epoch: [78][ 80/101]	Time  0.424 ( 0.421)	Data  0.000 ( 0.033)	Loss 2.2432e-02 (1.8261e-02)	Acc@1  99.61 ( 99.28)	Acc@2 100.00 (100.00)
Epoch: [78][ 90/101]	Time  0.423 ( 0.420)	Data  0.000 ( 0.032)	Loss 1.4106e-02 (1.8013e-02)	Acc@1  99.22 ( 99.28)	Acc@2 100.00 (100.00)
Epoch: [78][100/101]	Time  0.362 ( 0.419)	Data  0.000 ( 0.031)	Loss 3.1643e-02 (1.7873e-02)	Acc@1  97.95 ( 99.29)	Acc@2 100.00 (100.00)
Test: [ 0/34]	Time  0.610 ( 0.610)	Loss 1.0340e-03 (1.0340e-03)	Acc@1 100.00 (100.00)	Acc@2 100.00 (100.00)
Test: [10/34]	Time  0.122 ( 0.167)	Loss 5.6193e-03 (2.1793e-02)	Acc@1  99.61 ( 99.64)	Acc@2 100.00 (100.00)
Test: [20/34]	Time  0.123 ( 0.147)	Loss 1.2235e-03 (2.1451e-02)	Acc@1 100.00 ( 99.67)	Acc@2 100.00 (100.00)
Test: [30/34]	Time  0.123 ( 0.140)	Loss 1.9470e-03 (1.7429e-02)	Acc@1 100.00 ( 99.71)	Acc@2 100.00 (100.00)
 * Acc@1 99.721 Acc@2 100.000
Epoch: [79][  0/101]	Time  0.758 ( 0.758)	Data  0.602 ( 0.602)	Loss 1.6885e-02 (1.6885e-02)	Acc@1  99.22 ( 99.22)	Acc@2 100.00 (100.00)
Epoch: [79][ 10/101]	Time  0.410 ( 0.449)	Data  0.000 ( 0.080)	Loss 9.0119e-03 (1.8151e-02)	Acc@1  99.61 ( 99.33)	Acc@2 100.00 (100.00)
Epoch: [79][ 20/101]	Time  0.415 ( 0.434)	Data  0.000 ( 0.054)	Loss 1.8130e-02 (1.9792e-02)	Acc@1  99.22 ( 99.27)	Acc@2 100.00 (100.00)
Epoch: [79][ 30/101]	Time  0.408 ( 0.428)	Data  0.000 ( 0.045)	Loss 3.8031e-02 (2.0400e-02)	Acc@1  98.83 ( 99.23)	Acc@2 100.00 (100.00)
Epoch: [79][ 40/101]	Time  0.440 ( 0.425)	Data  0.000 ( 0.040)	Loss 3.5245e-02 (2.0910e-02)	Acc@1  98.44 ( 99.19)	Acc@2 100.00 (100.00)
Epoch: [79][ 50/101]	Time  0.409 ( 0.425)	Data  0.000 ( 0.037)	Loss 1.5474e-02 (2.0076e-02)	Acc@1  99.22 ( 99.22)	Acc@2 100.00 (100.00)
Epoch: [79][ 60/101]	Time  0.412 ( 0.423)	Data  0.000 ( 0.035)	Loss 1.9630e-02 (1.9496e-02)	Acc@1  99.22 ( 99.23)	Acc@2 100.00 (100.00)
Epoch: [79][ 70/101]	Time  0.398 ( 0.423)	Data  0.000 ( 0.034)	Loss 2.3027e-02 (2.0661e-02)	Acc@1  99.22 ( 99.20)	Acc@2 100.00 (100.00)
Epoch: [79][ 80/101]	Time  0.428 ( 0.422)	Data  0.000 ( 0.033)	Loss 1.5757e-02 (1.9659e-02)	Acc@1  99.22 ( 99.24)	Acc@2 100.00 (100.00)
Epoch: [79][ 90/101]	Time  0.396 ( 0.421)	Data  0.000 ( 0.032)	Loss 1.0533e-02 (1.9239e-02)	Acc@1  99.22 ( 99.25)	Acc@2 100.00 (100.00)
Epoch: [79][100/101]	Time  0.377 ( 0.420)	Data  0.000 ( 0.032)	Loss 1.5614e-02 (1.9205e-02)	Acc@1  99.32 ( 99.25)	Acc@2 100.00 (100.00)
Test: [ 0/34]	Time  0.588 ( 0.588)	Loss 2.6672e-04 (2.6672e-04)	Acc@1 100.00 (100.00)	Acc@2 100.00 (100.00)
Test: [10/34]	Time  0.122 ( 0.166)	Loss 2.6601e-03 (1.8658e-02)	Acc@1 100.00 ( 99.79)	Acc@2 100.00 (100.00)
Test: [20/34]	Time  0.120 ( 0.147)	Loss 2.0391e-03 (1.8624e-02)	Acc@1 100.00 ( 99.76)	Acc@2 100.00 (100.00)
Test: [30/34]	Time  0.123 ( 0.139)	Loss 3.4647e-03 (1.5845e-02)	Acc@1  99.61 ( 99.74)	Acc@2 100.00 (100.00)
 * Acc@1 99.744 Acc@2 100.000
Epoch: [80][  0/101]	Time  0.667 ( 0.667)	Data  0.520 ( 0.520)	Loss 4.0030e-03 (4.0030e-03)	Acc@1 100.00 (100.00)	Acc@2 100.00 (100.00)
Epoch: [80][ 10/101]	Time  0.417 ( 0.438)	Data  0.000 ( 0.070)	Loss 1.3243e-02 (1.4239e-02)	Acc@1  99.61 ( 99.36)	Acc@2 100.00 (100.00)
Epoch: [80][ 20/101]	Time  0.422 ( 0.429)	Data  0.000 ( 0.050)	Loss 1.4431e-02 (1.5385e-02)	Acc@1  99.22 ( 99.33)	Acc@2 100.00 (100.00)
Epoch: [80][ 30/101]	Time  0.405 ( 0.424)	Data  0.000 ( 0.042)	Loss 2.3374e-02 (1.6259e-02)	Acc@1  99.61 ( 99.33)	Acc@2 100.00 (100.00)
Epoch: [80][ 40/101]	Time  0.411 ( 0.422)	Data  0.000 ( 0.038)	Loss 1.4347e-02 (1.6036e-02)	Acc@1  99.61 ( 99.35)	Acc@2 100.00 (100.00)
Epoch: [80][ 50/101]	Time  0.422 ( 0.421)	Data  0.000 ( 0.036)	Loss 1.3356e-02 (1.7282e-02)	Acc@1  99.61 ( 99.33)	Acc@2 100.00 (100.00)
Epoch: [80][ 60/101]	Time  0.425 ( 0.420)	Data  0.000 ( 0.034)	Loss 1.2730e-02 (1.8262e-02)	Acc@1  99.61 ( 99.31)	Acc@2 100.00 (100.00)
Epoch: [80][ 70/101]	Time  0.418 ( 0.419)	Data  0.000 ( 0.033)	Loss 1.7234e-02 (1.8254e-02)	Acc@1  98.83 ( 99.31)	Acc@2 100.00 (100.00)
Epoch: [80][ 80/101]	Time  0.429 ( 0.419)	Data  0.000 ( 0.032)	Loss 1.1537e-02 (1.8131e-02)	Acc@1  99.22 ( 99.31)	Acc@2 100.00 (100.00)
Epoch: [80][ 90/101]	Time  0.423 ( 0.419)	Data  0.000 ( 0.031)	Loss 1.2159e-02 (1.7954e-02)	Acc@1  99.61 ( 99.30)	Acc@2 100.00 (100.00)
Epoch: [80][100/101]	Time  0.384 ( 0.418)	Data  0.000 ( 0.031)	Loss 4.6387e-03 (1.8103e-02)	Acc@1 100.00 ( 99.30)	Acc@2 100.00 (100.00)
Test: [ 0/34]	Time  0.547 ( 0.547)	Loss 2.4846e-04 (2.4846e-04)	Acc@1 100.00 (100.00)	Acc@2 100.00 (100.00)
Test: [10/34]	Time  0.123 ( 0.165)	Loss 2.9447e-03 (1.8332e-02)	Acc@1 100.00 ( 99.79)	Acc@2 100.00 (100.00)
Test: [20/34]	Time  0.129 ( 0.147)	Loss 1.8988e-03 (1.8244e-02)	Acc@1 100.00 ( 99.76)	Acc@2 100.00 (100.00)
Test: [30/34]	Time  0.121 ( 0.139)	Loss 3.4856e-03 (1.5297e-02)	Acc@1  99.61 ( 99.75)	Acc@2 100.00 (100.00)
 * Acc@1 99.756 Acc@2 100.000
Epoch: [81][  0/101]	Time  0.614 ( 0.614)	Data  0.447 ( 0.447)	Loss 7.0073e-03 (7.0073e-03)	Acc@1 100.00 (100.00)	Acc@2 100.00 (100.00)
Epoch: [81][ 10/101]	Time  0.414 ( 0.441)	Data  0.000 ( 0.062)	Loss 6.4685e-03 (1.8589e-02)	Acc@1 100.00 ( 99.36)	Acc@2 100.00 (100.00)
Epoch: [81][ 20/101]	Time  0.406 ( 0.431)	Data  0.000 ( 0.045)	Loss 1.4854e-02 (1.8521e-02)	Acc@1  99.61 ( 99.31)	Acc@2 100.00 (100.00)
Epoch: [81][ 30/101]	Time  0.435 ( 0.427)	Data  0.000 ( 0.038)	Loss 3.4439e-02 (1.8435e-02)	Acc@1  98.83 ( 99.34)	Acc@2 100.00 (100.00)
Epoch: [81][ 40/101]	Time  0.409 ( 0.425)	Data  0.000 ( 0.035)	Loss 1.9413e-02 (1.8162e-02)	Acc@1  98.83 ( 99.31)	Acc@2 100.00 (100.00)
Epoch: [81][ 50/101]	Time  0.424 ( 0.423)	Data  0.000 ( 0.033)	Loss 1.9740e-02 (1.8524e-02)	Acc@1  99.61 ( 99.26)	Acc@2 100.00 (100.00)
Epoch: [81][ 60/101]	Time  0.396 ( 0.422)	Data  0.000 ( 0.032)	Loss 2.0942e-02 (1.8641e-02)	Acc@1  99.61 ( 99.29)	Acc@2 100.00 (100.00)
Epoch: [81][ 70/101]	Time  0.437 ( 0.421)	Data  0.000 ( 0.031)	Loss 1.1269e-02 (1.8877e-02)	Acc@1  99.61 ( 99.27)	Acc@2 100.00 (100.00)
Epoch: [81][ 80/101]	Time  0.411 ( 0.421)	Data  0.000 ( 0.031)	Loss 2.3297e-02 (1.8332e-02)	Acc@1  99.22 ( 99.29)	Acc@2 100.00 (100.00)
Epoch: [81][ 90/101]	Time  0.423 ( 0.421)	Data  0.000 ( 0.030)	Loss 1.5026e-02 (1.8162e-02)	Acc@1  99.61 ( 99.30)	Acc@2 100.00 (100.00)
Epoch: [81][100/101]	Time  0.364 ( 0.420)	Data  0.000 ( 0.030)	Loss 3.2259e-02 (1.8145e-02)	Acc@1  98.63 ( 99.30)	Acc@2 100.00 (100.00)
Test: [ 0/34]	Time  0.532 ( 0.532)	Loss 2.4641e-04 (2.4641e-04)	Acc@1 100.00 (100.00)	Acc@2 100.00 (100.00)
Test: [10/34]	Time  0.121 ( 0.161)	Loss 2.4106e-03 (1.7831e-02)	Acc@1 100.00 ( 99.79)	Acc@2 100.00 (100.00)
Test: [20/34]	Time  0.120 ( 0.144)	Loss 1.9220e-03 (1.7928e-02)	Acc@1 100.00 ( 99.76)	Acc@2 100.00 (100.00)
Test: [30/34]	Time  0.122 ( 0.138)	Loss 3.8033e-03 (1.5759e-02)	Acc@1  99.61 ( 99.75)	Acc@2 100.00 (100.00)
 * Acc@1 99.756 Acc@2 100.000
Epoch: [82][  0/101]	Time  0.674 ( 0.674)	Data  0.518 ( 0.518)	Loss 1.5084e-02 (1.5084e-02)	Acc@1  99.22 ( 99.22)	Acc@2 100.00 (100.00)
Epoch: [82][ 10/101]	Time  0.423 ( 0.446)	Data  0.000 ( 0.071)	Loss 1.5933e-02 (1.8818e-02)	Acc@1  99.22 ( 99.29)	Acc@2 100.00 (100.00)
Epoch: [82][ 20/101]	Time  0.416 ( 0.432)	Data  0.000 ( 0.049)	Loss 1.3393e-02 (1.6655e-02)	Acc@1  99.61 ( 99.37)	Acc@2 100.00 (100.00)
Epoch: [82][ 30/101]	Time  0.416 ( 0.429)	Data  0.000 ( 0.042)	Loss 1.4064e-02 (1.7707e-02)	Acc@1  99.61 ( 99.27)	Acc@2 100.00 (100.00)
Epoch: [82][ 40/101]	Time  0.422 ( 0.426)	Data  0.000 ( 0.038)	Loss 1.3471e-02 (1.9622e-02)	Acc@1  99.61 ( 99.24)	Acc@2 100.00 (100.00)
Epoch: [82][ 50/101]	Time  0.425 ( 0.425)	Data  0.000 ( 0.036)	Loss 2.6542e-02 (1.9858e-02)	Acc@1  98.83 ( 99.23)	Acc@2 100.00 (100.00)
Epoch: [82][ 60/101]	Time  0.410 ( 0.423)	Data  0.000 ( 0.034)	Loss 1.3660e-02 (1.9191e-02)	Acc@1  99.61 ( 99.25)	Acc@2 100.00 (100.00)
Epoch: [82][ 70/101]	Time  0.416 ( 0.422)	Data  0.000 ( 0.033)	Loss 1.2524e-02 (1.8476e-02)	Acc@1  99.61 ( 99.30)	Acc@2 100.00 (100.00)
Epoch: [82][ 80/101]	Time  0.422 ( 0.422)	Data  0.000 ( 0.032)	Loss 1.8142e-02 (1.8216e-02)	Acc@1  99.61 ( 99.31)	Acc@2 100.00 (100.00)
Epoch: [82][ 90/101]	Time  0.422 ( 0.423)	Data  0.000 ( 0.032)	Loss 6.8380e-03 (1.8439e-02)	Acc@1  99.61 ( 99.30)	Acc@2 100.00 (100.00)
Epoch: [82][100/101]	Time  0.362 ( 0.422)	Data  0.000 ( 0.031)	Loss 7.1926e-03 (1.8451e-02)	Acc@1 100.00 ( 99.30)	Acc@2 100.00 (100.00)
Test: [ 0/34]	Time  0.556 ( 0.556)	Loss 4.9910e-04 (4.9910e-04)	Acc@1 100.00 (100.00)	Acc@2 100.00 (100.00)
Test: [10/34]	Time  0.123 ( 0.168)	Loss 3.4578e-03 (1.9639e-02)	Acc@1  99.61 ( 99.72)	Acc@2 100.00 (100.00)
Test: [20/34]	Time  0.131 ( 0.147)	Loss 1.2149e-03 (1.9637e-02)	Acc@1 100.00 ( 99.70)	Acc@2 100.00 (100.00)
Test: [30/34]	Time  0.122 ( 0.140)	Loss 2.3501e-03 (1.6670e-02)	Acc@1 100.00 ( 99.72)	Acc@2 100.00 (100.00)
 * Acc@1 99.732 Acc@2 100.000
Epoch: [83][  0/101]	Time  0.588 ( 0.588)	Data  0.430 ( 0.430)	Loss 4.0318e-03 (4.0318e-03)	Acc@1 100.00 (100.00)	Acc@2 100.00 (100.00)
Epoch: [83][ 10/101]	Time  0.420 ( 0.430)	Data  0.000 ( 0.062)	Loss 9.9717e-03 (1.7137e-02)	Acc@1  99.61 ( 99.36)	Acc@2 100.00 (100.00)
Epoch: [83][ 20/101]	Time  0.419 ( 0.424)	Data  0.000 ( 0.044)	Loss 1.3725e-02 (1.6102e-02)	Acc@1  99.22 ( 99.31)	Acc@2 100.00 (100.00)
Epoch: [83][ 30/101]	Time  0.412 ( 0.423)	Data  0.000 ( 0.038)	Loss 3.9034e-02 (1.6576e-02)	Acc@1  98.44 ( 99.37)	Acc@2 100.00 (100.00)
Epoch: [83][ 40/101]	Time  0.416 ( 0.421)	Data  0.000 ( 0.035)	Loss 2.1217e-02 (1.7105e-02)	Acc@1  99.22 ( 99.33)	Acc@2 100.00 (100.00)
Epoch: [83][ 50/101]	Time  0.401 ( 0.421)	Data  0.000 ( 0.033)	Loss 1.8591e-02 (1.7318e-02)	Acc@1  98.83 ( 99.36)	Acc@2 100.00 (100.00)
Epoch: [83][ 60/101]	Time  0.432 ( 0.420)	Data  0.000 ( 0.032)	Loss 3.4574e-02 (1.7196e-02)	Acc@1  98.05 ( 99.33)	Acc@2 100.00 (100.00)
Epoch: [83][ 70/101]	Time  0.413 ( 0.420)	Data  0.000 ( 0.031)	Loss 9.5239e-03 (1.6981e-02)	Acc@1  99.61 ( 99.35)	Acc@2 100.00 (100.00)
Epoch: [83][ 80/101]	Time  0.425 ( 0.420)	Data  0.000 ( 0.031)	Loss 2.3003e-02 (1.7383e-02)	Acc@1  98.83 ( 99.31)	Acc@2 100.00 (100.00)
Epoch: [83][ 90/101]	Time  0.401 ( 0.419)	Data  0.000 ( 0.030)	Loss 9.9446e-03 (1.7013e-02)	Acc@1  99.61 ( 99.31)	Acc@2 100.00 (100.00)
Epoch: [83][100/101]	Time  0.391 ( 0.419)	Data  0.000 ( 0.030)	Loss 3.7947e-02 (1.7718e-02)	Acc@1  98.63 ( 99.28)	Acc@2 100.00 (100.00)
Test: [ 0/34]	Time  0.596 ( 0.596)	Loss 2.8080e-04 (2.8080e-04)	Acc@1 100.00 (100.00)	Acc@2 100.00 (100.00)
Test: [10/34]	Time  0.123 ( 0.167)	Loss 1.8312e-03 (1.7871e-02)	Acc@1 100.00 ( 99.79)	Acc@2 100.00 (100.00)
Test: [20/34]	Time  0.121 ( 0.147)	Loss 2.4848e-03 (1.8273e-02)	Acc@1 100.00 ( 99.76)	Acc@2 100.00 (100.00)
Test: [30/34]	Time  0.123 ( 0.139)	Loss 4.8086e-03 (1.6631e-02)	Acc@1  99.61 ( 99.74)	Acc@2 100.00 (100.00)
 * Acc@1 99.744 Acc@2 100.000
Epoch: [84][  0/101]	Time  0.617 ( 0.617)	Data  0.461 ( 0.461)	Loss 1.9953e-02 (1.9953e-02)	Acc@1  98.83 ( 98.83)	Acc@2 100.00 (100.00)
Epoch: [84][ 10/101]	Time  0.412 ( 0.434)	Data  0.000 ( 0.064)	Loss 1.8760e-02 (1.6308e-02)	Acc@1  98.83 ( 99.25)	Acc@2 100.00 (100.00)
Epoch: [84][ 20/101]	Time  0.417 ( 0.426)	Data  0.000 ( 0.047)	Loss 1.1220e-02 (1.5612e-02)	Acc@1  99.61 ( 99.33)	Acc@2 100.00 (100.00)
Epoch: [84][ 30/101]	Time  0.461 ( 0.425)	Data  0.000 ( 0.040)	Loss 2.3810e-02 (1.6333e-02)	Acc@1  99.22 ( 99.33)	Acc@2 100.00 (100.00)
Epoch: [84][ 40/101]	Time  0.421 ( 0.425)	Data  0.000 ( 0.036)	Loss 6.7811e-03 (1.8452e-02)	Acc@1 100.00 ( 99.30)	Acc@2 100.00 (100.00)
Epoch: [84][ 50/101]	Time  0.424 ( 0.424)	Data  0.000 ( 0.034)	Loss 3.2200e-02 (1.8607e-02)	Acc@1  98.05 ( 99.26)	Acc@2 100.00 (100.00)
Epoch: [84][ 60/101]	Time  0.424 ( 0.423)	Data  0.000 ( 0.033)	Loss 5.3046e-03 (1.7661e-02)	Acc@1 100.00 ( 99.29)	Acc@2 100.00 (100.00)
Epoch: [84][ 70/101]	Time  0.434 ( 0.422)	Data  0.000 ( 0.032)	Loss 2.1756e-02 (1.8403e-02)	Acc@1  98.83 ( 99.27)	Acc@2 100.00 (100.00)
Epoch: [84][ 80/101]	Time  0.442 ( 0.422)	Data  0.000 ( 0.031)	Loss 1.9715e-02 (1.8470e-02)	Acc@1  98.83 ( 99.27)	Acc@2 100.00 (100.00)
Epoch: [84][ 90/101]	Time  0.410 ( 0.421)	Data  0.000 ( 0.030)	Loss 3.5958e-02 (1.8299e-02)	Acc@1  98.05 ( 99.28)	Acc@2 100.00 (100.00)
Epoch: [84][100/101]	Time  0.374 ( 0.420)	Data  0.000 ( 0.030)	Loss 1.6596e-03 (1.7935e-02)	Acc@1 100.00 ( 99.28)	Acc@2 100.00 (100.00)
Test: [ 0/34]	Time  0.586 ( 0.586)	Loss 7.1985e-04 (7.1985e-04)	Acc@1 100.00 (100.00)	Acc@2 100.00 (100.00)
Test: [10/34]	Time  0.124 ( 0.166)	Loss 3.1477e-03 (2.0197e-02)	Acc@1  99.61 ( 99.68)	Acc@2 100.00 (100.00)
Test: [20/34]	Time  0.128 ( 0.146)	Loss 1.2311e-03 (2.0264e-02)	Acc@1 100.00 ( 99.68)	Acc@2 100.00 (100.00)
Test: [30/34]	Time  0.122 ( 0.139)	Loss 2.8057e-03 (1.7455e-02)	Acc@1 100.00 ( 99.71)	Acc@2 100.00 (100.00)
 * Acc@1 99.721 Acc@2 100.000
Epoch: [85][  0/101]	Time  0.593 ( 0.593)	Data  0.435 ( 0.435)	Loss 8.3642e-03 (8.3642e-03)	Acc@1  99.61 ( 99.61)	Acc@2 100.00 (100.00)
Epoch: [85][ 10/101]	Time  0.432 ( 0.434)	Data  0.000 ( 0.062)	Loss 1.5063e-02 (1.7307e-02)	Acc@1  99.61 ( 99.40)	Acc@2 100.00 (100.00)
Epoch: [85][ 20/101]	Time  0.404 ( 0.425)	Data  0.000 ( 0.045)	Loss 6.3065e-03 (1.8109e-02)	Acc@1 100.00 ( 99.39)	Acc@2 100.00 (100.00)
Epoch: [85][ 30/101]	Time  0.420 ( 0.422)	Data  0.000 ( 0.039)	Loss 2.0474e-02 (1.7240e-02)	Acc@1  98.83 ( 99.38)	Acc@2 100.00 (100.00)
Epoch: [85][ 40/101]	Time  0.405 ( 0.420)	Data  0.000 ( 0.036)	Loss 1.4768e-02 (1.6817e-02)	Acc@1  99.22 ( 99.38)	Acc@2 100.00 (100.00)
Epoch: [85][ 50/101]	Time  0.432 ( 0.419)	Data  0.000 ( 0.034)	Loss 2.2600e-02 (1.6785e-02)	Acc@1  99.61 ( 99.39)	Acc@2 100.00 (100.00)
Epoch: [85][ 60/101]	Time  0.403 ( 0.420)	Data  0.000 ( 0.033)	Loss 6.3032e-03 (1.6812e-02)	Acc@1 100.00 ( 99.37)	Acc@2 100.00 (100.00)
Epoch: [85][ 70/101]	Time  0.421 ( 0.420)	Data  0.000 ( 0.032)	Loss 3.2014e-02 (1.7411e-02)	Acc@1  99.22 ( 99.36)	Acc@2 100.00 (100.00)
Epoch: [85][ 80/101]	Time  0.399 ( 0.419)	Data  0.000 ( 0.031)	Loss 6.7129e-03 (1.7765e-02)	Acc@1 100.00 ( 99.35)	Acc@2 100.00 (100.00)
Epoch: [85][ 90/101]	Time  0.439 ( 0.419)	Data  0.000 ( 0.030)	Loss 1.0020e-02 (1.7201e-02)	Acc@1  99.61 ( 99.36)	Acc@2 100.00 (100.00)
Epoch: [85][100/101]	Time  0.364 ( 0.418)	Data  0.000 ( 0.030)	Loss 1.6158e-02 (1.7363e-02)	Acc@1  99.32 ( 99.36)	Acc@2 100.00 (100.00)
Test: [ 0/34]	Time  0.542 ( 0.542)	Loss 6.1098e-04 (6.1098e-04)	Acc@1 100.00 (100.00)	Acc@2 100.00 (100.00)
Test: [10/34]	Time  0.128 ( 0.163)	Loss 3.4488e-03 (1.9634e-02)	Acc@1  99.61 ( 99.72)	Acc@2 100.00 (100.00)
Test: [20/34]	Time  0.123 ( 0.145)	Loss 1.5520e-03 (1.9801e-02)	Acc@1 100.00 ( 99.70)	Acc@2 100.00 (100.00)
Test: [30/34]	Time  0.122 ( 0.139)	Loss 3.6071e-03 (1.7205e-02)	Acc@1  99.61 ( 99.71)	Acc@2 100.00 (100.00)
 * Acc@1 99.721 Acc@2 100.000
Epoch: [86][  0/101]	Time  0.643 ( 0.643)	Data  0.485 ( 0.485)	Loss 2.3329e-02 (2.3329e-02)	Acc@1  99.61 ( 99.61)	Acc@2 100.00 (100.00)
Epoch: [86][ 10/101]	Time  0.416 ( 0.436)	Data  0.000 ( 0.067)	Loss 1.3044e-02 (2.2642e-02)	Acc@1  99.22 ( 99.22)	Acc@2 100.00 (100.00)
Epoch: [86][ 20/101]	Time  0.432 ( 0.427)	Data  0.000 ( 0.047)	Loss 1.1181e-02 (2.2184e-02)	Acc@1  99.61 ( 99.22)	Acc@2 100.00 (100.00)
Epoch: [86][ 30/101]	Time  0.428 ( 0.425)	Data  0.000 ( 0.041)	Loss 1.6612e-02 (2.1404e-02)	Acc@1  99.61 ( 99.26)	Acc@2 100.00 (100.00)
Epoch: [86][ 40/101]	Time  0.415 ( 0.422)	Data  0.000 ( 0.037)	Loss 9.1696e-03 (1.9397e-02)	Acc@1  99.61 ( 99.34)	Acc@2 100.00 (100.00)
Epoch: [86][ 50/101]	Time  0.406 ( 0.421)	Data  0.000 ( 0.035)	Loss 3.1088e-02 (2.0071e-02)	Acc@1  98.05 ( 99.29)	Acc@2 100.00 (100.00)
Epoch: [86][ 60/101]	Time  0.421 ( 0.421)	Data  0.000 ( 0.033)	Loss 3.0418e-02 (2.0328e-02)	Acc@1  98.44 ( 99.28)	Acc@2 100.00 (100.00)
Epoch: [86][ 70/101]	Time  0.421 ( 0.420)	Data  0.000 ( 0.032)	Loss 3.3198e-02 (1.9985e-02)	Acc@1  98.44 ( 99.28)	Acc@2 100.00 (100.00)
Epoch: [86][ 80/101]	Time  0.406 ( 0.420)	Data  0.000 ( 0.031)	Loss 3.4879e-02 (2.0703e-02)	Acc@1  99.22 ( 99.24)	Acc@2 100.00 (100.00)
Epoch: [86][ 90/101]	Time  0.410 ( 0.419)	Data  0.000 ( 0.031)	Loss 1.4810e-02 (2.0129e-02)	Acc@1  99.22 ( 99.26)	Acc@2 100.00 (100.00)
Epoch: [86][100/101]	Time  0.360 ( 0.418)	Data  0.000 ( 0.030)	Loss 6.9761e-03 (1.9611e-02)	Acc@1 100.00 ( 99.27)	Acc@2 100.00 (100.00)
Test: [ 0/34]	Time  0.530 ( 0.530)	Loss 3.5483e-04 (3.5483e-04)	Acc@1 100.00 (100.00)	Acc@2 100.00 (100.00)
Test: [10/34]	Time  0.123 ( 0.160)	Loss 2.3872e-03 (1.8400e-02)	Acc@1 100.00 ( 99.75)	Acc@2 100.00 (100.00)
Test: [20/34]	Time  0.122 ( 0.143)	Loss 2.3142e-03 (1.8688e-02)	Acc@1 100.00 ( 99.72)	Acc@2 100.00 (100.00)
Test: [30/34]	Time  0.123 ( 0.137)	Loss 4.0065e-03 (1.6697e-02)	Acc@1  99.61 ( 99.67)	Acc@2 100.00 (100.00)
 * Acc@1 99.686 Acc@2 100.000
Epoch: [87][  0/101]	Time  0.584 ( 0.584)	Data  0.437 ( 0.437)	Loss 1.8698e-03 (1.8698e-03)	Acc@1 100.00 (100.00)	Acc@2 100.00 (100.00)
Epoch: [87][ 10/101]	Time  0.409 ( 0.433)	Data  0.000 ( 0.064)	Loss 2.1860e-02 (1.4417e-02)	Acc@1  98.83 ( 99.47)	Acc@2 100.00 (100.00)
Epoch: [87][ 20/101]	Time  0.419 ( 0.425)	Data  0.000 ( 0.046)	Loss 1.5997e-02 (1.5969e-02)	Acc@1  99.61 ( 99.55)	Acc@2 100.00 (100.00)
Epoch: [87][ 30/101]	Time  0.404 ( 0.421)	Data  0.000 ( 0.040)	Loss 4.2726e-03 (1.5833e-02)	Acc@1 100.00 ( 99.48)	Acc@2 100.00 (100.00)
Epoch: [87][ 40/101]	Time  0.424 ( 0.420)	Data  0.000 ( 0.036)	Loss 2.1015e-02 (1.5653e-02)	Acc@1  99.22 ( 99.47)	Acc@2 100.00 (100.00)
Epoch: [87][ 50/101]	Time  0.407 ( 0.419)	Data  0.000 ( 0.034)	Loss 1.9068e-02 (1.5288e-02)	Acc@1  99.22 ( 99.46)	Acc@2 100.00 (100.00)
Epoch: [87][ 60/101]	Time  0.412 ( 0.418)	Data  0.000 ( 0.032)	Loss 9.8254e-03 (1.5272e-02)	Acc@1  99.61 ( 99.45)	Acc@2 100.00 (100.00)
Epoch: [87][ 70/101]	Time  0.396 ( 0.418)	Data  0.000 ( 0.031)	Loss 3.2228e-02 (1.5659e-02)	Acc@1  99.22 ( 99.43)	Acc@2 100.00 (100.00)
Epoch: [87][ 80/101]	Time  0.449 ( 0.419)	Data  0.000 ( 0.031)	Loss 1.9467e-02 (1.5541e-02)	Acc@1  99.22 ( 99.43)	Acc@2 100.00 (100.00)
Epoch: [87][ 90/101]	Time  0.408 ( 0.419)	Data  0.000 ( 0.030)	Loss 3.7577e-03 (1.6563e-02)	Acc@1 100.00 ( 99.39)	Acc@2 100.00 (100.00)
Epoch: [87][100/101]	Time  0.374 ( 0.418)	Data  0.000 ( 0.030)	Loss 4.6079e-02 (1.6425e-02)	Acc@1  97.95 ( 99.40)	Acc@2 100.00 (100.00)
Test: [ 0/34]	Time  0.534 ( 0.534)	Loss 1.5139e-03 (1.5139e-03)	Acc@1 100.00 (100.00)	Acc@2 100.00 (100.00)
Test: [10/34]	Time  0.123 ( 0.163)	Loss 6.0478e-03 (2.3069e-02)	Acc@1  99.61 ( 99.61)	Acc@2 100.00 (100.00)
Test: [20/34]	Time  0.122 ( 0.144)	Loss 1.0274e-03 (2.2720e-02)	Acc@1 100.00 ( 99.63)	Acc@2 100.00 (100.00)
Test: [30/34]	Time  0.123 ( 0.138)	Loss 1.3867e-03 (1.8572e-02)	Acc@1 100.00 ( 99.67)	Acc@2 100.00 (100.00)
 * Acc@1 99.686 Acc@2 100.000
Epoch: [88][  0/101]	Time  0.651 ( 0.651)	Data  0.504 ( 0.504)	Loss 4.0201e-02 (4.0201e-02)	Acc@1  98.44 ( 98.44)	Acc@2 100.00 (100.00)
Epoch: [88][ 10/101]	Time  0.424 ( 0.439)	Data  0.000 ( 0.069)	Loss 1.5245e-02 (1.4486e-02)	Acc@1  99.22 ( 99.47)	Acc@2 100.00 (100.00)
Epoch: [88][ 20/101]	Time  0.427 ( 0.428)	Data  0.000 ( 0.049)	Loss 2.2708e-02 (1.4157e-02)	Acc@1  99.22 ( 99.46)	Acc@2 100.00 (100.00)
Epoch: [88][ 30/101]	Time  0.409 ( 0.424)	Data  0.000 ( 0.041)	Loss 2.6642e-02 (1.4522e-02)	Acc@1  99.22 ( 99.43)	Acc@2 100.00 (100.00)
Epoch: [88][ 40/101]	Time  0.407 ( 0.423)	Data  0.000 ( 0.038)	Loss 1.3033e-02 (1.4978e-02)	Acc@1  99.61 ( 99.44)	Acc@2 100.00 (100.00)
Epoch: [88][ 50/101]	Time  0.416 ( 0.421)	Data  0.000 ( 0.035)	Loss 2.4480e-02 (1.5508e-02)	Acc@1  98.83 ( 99.44)	Acc@2 100.00 (100.00)
Epoch: [88][ 60/101]	Time  0.416 ( 0.421)	Data  0.000 ( 0.034)	Loss 1.8028e-02 (1.6431e-02)	Acc@1  99.22 ( 99.38)	Acc@2 100.00 (100.00)
Epoch: [88][ 70/101]	Time  0.415 ( 0.420)	Data  0.000 ( 0.033)	Loss 1.3621e-02 (1.6477e-02)	Acc@1  99.22 ( 99.37)	Acc@2 100.00 (100.00)
Epoch: [88][ 80/101]	Time  0.422 ( 0.420)	Data  0.000 ( 0.032)	Loss 2.9063e-02 (1.6598e-02)	Acc@1  98.44 ( 99.36)	Acc@2 100.00 (100.00)
Epoch: [88][ 90/101]	Time  0.421 ( 0.420)	Data  0.000 ( 0.031)	Loss 2.2224e-02 (1.6808e-02)	Acc@1  99.22 ( 99.36)	Acc@2 100.00 (100.00)
Epoch: [88][100/101]	Time  0.387 ( 0.419)	Data  0.000 ( 0.031)	Loss 4.4822e-03 (1.6595e-02)	Acc@1 100.00 ( 99.37)	Acc@2 100.00 (100.00)
Test: [ 0/34]	Time  0.531 ( 0.531)	Loss 7.5492e-04 (7.5492e-04)	Acc@1 100.00 (100.00)	Acc@2 100.00 (100.00)
Test: [10/34]	Time  0.123 ( 0.167)	Loss 5.2405e-03 (2.1687e-02)	Acc@1  99.61 ( 99.64)	Acc@2 100.00 (100.00)
Test: [20/34]	Time  0.122 ( 0.147)	Loss 1.1894e-03 (2.1636e-02)	Acc@1 100.00 ( 99.67)	Acc@2 100.00 (100.00)
Test: [30/34]	Time  0.122 ( 0.140)	Loss 1.8567e-03 (1.8404e-02)	Acc@1 100.00 ( 99.70)	Acc@2 100.00 (100.00)
 * Acc@1 99.709 Acc@2 100.000
Epoch: [89][  0/101]	Time  0.649 ( 0.649)	Data  0.485 ( 0.485)	Loss 2.4320e-02 (2.4320e-02)	Acc@1  98.44 ( 98.44)	Acc@2 100.00 (100.00)
Epoch: [89][ 10/101]	Time  0.421 ( 0.437)	Data  0.000 ( 0.066)	Loss 6.5872e-03 (1.6297e-02)	Acc@1 100.00 ( 99.29)	Acc@2 100.00 (100.00)
Epoch: [89][ 20/101]	Time  0.411 ( 0.428)	Data  0.000 ( 0.047)	Loss 8.3256e-03 (1.7101e-02)	Acc@1  99.22 ( 99.33)	Acc@2 100.00 (100.00)
Epoch: [89][ 30/101]	Time  0.431 ( 0.426)	Data  0.000 ( 0.040)	Loss 2.1973e-02 (1.5632e-02)	Acc@1  98.83 ( 99.42)	Acc@2 100.00 (100.00)
Epoch: [89][ 40/101]	Time  0.410 ( 0.424)	Data  0.000 ( 0.037)	Loss 7.6284e-03 (1.5025e-02)	Acc@1  99.61 ( 99.46)	Acc@2 100.00 (100.00)
Epoch: [89][ 50/101]	Time  0.416 ( 0.422)	Data  0.000 ( 0.034)	Loss 7.9320e-03 (1.5102e-02)	Acc@1 100.00 ( 99.41)	Acc@2 100.00 (100.00)
Epoch: [89][ 60/101]	Time  0.400 ( 0.421)	Data  0.000 ( 0.033)	Loss 1.1857e-02 (1.5743e-02)	Acc@1  99.61 ( 99.37)	Acc@2 100.00 (100.00)
Epoch: [89][ 70/101]	Time  0.425 ( 0.420)	Data  0.000 ( 0.032)	Loss 2.4487e-02 (1.5881e-02)	Acc@1  98.83 ( 99.36)	Acc@2 100.00 (100.00)
Epoch: [89][ 80/101]	Time  0.405 ( 0.420)	Data  0.000 ( 0.031)	Loss 1.8532e-02 (1.5678e-02)	Acc@1  98.83 ( 99.37)	Acc@2 100.00 (100.00)
Epoch: [89][ 90/101]	Time  0.417 ( 0.419)	Data  0.000 ( 0.031)	Loss 2.7774e-02 (1.5183e-02)	Acc@1  99.22 ( 99.40)	Acc@2 100.00 (100.00)
Epoch: [89][100/101]	Time  0.363 ( 0.419)	Data  0.000 ( 0.030)	Loss 8.0602e-03 (1.4956e-02)	Acc@1 100.00 ( 99.42)	Acc@2 100.00 (100.00)
Test: [ 0/34]	Time  0.577 ( 0.577)	Loss 1.3961e-03 (1.3961e-03)	Acc@1 100.00 (100.00)	Acc@2 100.00 (100.00)
Test: [10/34]	Time  0.122 ( 0.166)	Loss 7.9732e-03 (2.3947e-02)	Acc@1  99.61 ( 99.61)	Acc@2 100.00 (100.00)
Test: [20/34]	Time  0.129 ( 0.147)	Loss 6.7659e-04 (2.3342e-02)	Acc@1 100.00 ( 99.63)	Acc@2 100.00 (100.00)
Test: [30/34]	Time  0.121 ( 0.139)	Loss 1.0331e-03 (1.8730e-02)	Acc@1 100.00 ( 99.68)	Acc@2 100.00 (100.00)
 * Acc@1 99.697 Acc@2 100.000
Epoch: [90][  0/101]	Time  0.626 ( 0.626)	Data  0.480 ( 0.480)	Loss 9.0736e-03 (9.0736e-03)	Acc@1  99.61 ( 99.61)	Acc@2 100.00 (100.00)
Epoch: [90][ 10/101]	Time  0.420 ( 0.437)	Data  0.000 ( 0.068)	Loss 5.4573e-02 (1.9173e-02)	Acc@1  98.05 ( 99.18)	Acc@2 100.00 (100.00)
Epoch: [90][ 20/101]	Time  0.404 ( 0.427)	Data  0.000 ( 0.048)	Loss 3.5608e-03 (1.7734e-02)	Acc@1 100.00 ( 99.29)	Acc@2 100.00 (100.00)
Epoch: [90][ 30/101]	Time  0.415 ( 0.424)	Data  0.000 ( 0.041)	Loss 1.3897e-02 (1.8295e-02)	Acc@1  99.61 ( 99.26)	Acc@2 100.00 (100.00)
Epoch: [90][ 40/101]	Time  0.419 ( 0.422)	Data  0.000 ( 0.037)	Loss 3.4951e-03 (1.8654e-02)	Acc@1 100.00 ( 99.26)	Acc@2 100.00 (100.00)
Epoch: [90][ 50/101]	Time  0.422 ( 0.421)	Data  0.000 ( 0.035)	Loss 6.3267e-03 (1.8057e-02)	Acc@1  99.61 ( 99.29)	Acc@2 100.00 (100.00)
Epoch: [90][ 60/101]	Time  0.417 ( 0.421)	Data  0.000 ( 0.034)	Loss 5.8226e-03 (1.7441e-02)	Acc@1 100.00 ( 99.29)	Acc@2 100.00 (100.00)
Epoch: [90][ 70/101]	Time  0.423 ( 0.420)	Data  0.000 ( 0.033)	Loss 1.9096e-02 (1.7067e-02)	Acc@1  98.83 ( 99.31)	Acc@2 100.00 (100.00)
Epoch: [90][ 80/101]	Time  0.421 ( 0.420)	Data  0.000 ( 0.032)	Loss 1.4814e-02 (1.7561e-02)	Acc@1  99.22 ( 99.31)	Acc@2 100.00 (100.00)
Epoch: [90][ 90/101]	Time  0.427 ( 0.420)	Data  0.000 ( 0.031)	Loss 1.3333e-02 (1.7293e-02)	Acc@1  99.22 ( 99.31)	Acc@2 100.00 (100.00)
Epoch: [90][100/101]	Time  0.382 ( 0.420)	Data  0.000 ( 0.030)	Loss 1.7505e-03 (1.7496e-02)	Acc@1 100.00 ( 99.30)	Acc@2 100.00 (100.00)
Test: [ 0/34]	Time  0.549 ( 0.549)	Loss 1.4060e-03 (1.4060e-03)	Acc@1 100.00 (100.00)	Acc@2 100.00 (100.00)
Test: [10/34]	Time  0.124 ( 0.164)	Loss 6.9362e-03 (2.3597e-02)	Acc@1  99.61 ( 99.61)	Acc@2 100.00 (100.00)
Test: [20/34]	Time  0.131 ( 0.146)	Loss 7.5812e-04 (2.3168e-02)	Acc@1 100.00 ( 99.63)	Acc@2 100.00 (100.00)
Test: [30/34]	Time  0.123 ( 0.139)	Loss 1.1848e-03 (1.8875e-02)	Acc@1 100.00 ( 99.68)	Acc@2 100.00 (100.00)
 * Acc@1 99.697 Acc@2 100.000
Epoch: [91][  0/101]	Time  0.577 ( 0.577)	Data  0.429 ( 0.429)	Loss 4.7918e-02 (4.7918e-02)	Acc@1  98.44 ( 98.44)	Acc@2 100.00 (100.00)
Epoch: [91][ 10/101]	Time  0.400 ( 0.430)	Data  0.000 ( 0.063)	Loss 1.6396e-02 (1.6637e-02)	Acc@1  99.22 ( 99.33)	Acc@2 100.00 (100.00)
Epoch: [91][ 20/101]	Time  0.421 ( 0.426)	Data  0.000 ( 0.045)	Loss 2.2052e-02 (1.5482e-02)	Acc@1  98.83 ( 99.37)	Acc@2 100.00 (100.00)
Epoch: [91][ 30/101]	Time  0.409 ( 0.423)	Data  0.000 ( 0.039)	Loss 1.1532e-02 (1.5921e-02)	Acc@1  99.22 ( 99.29)	Acc@2 100.00 (100.00)
Epoch: [91][ 40/101]	Time  0.419 ( 0.422)	Data  0.000 ( 0.036)	Loss 2.4044e-03 (1.5012e-02)	Acc@1 100.00 ( 99.36)	Acc@2 100.00 (100.00)
Epoch: [91][ 50/101]	Time  0.404 ( 0.421)	Data  0.000 ( 0.034)	Loss 1.9307e-02 (1.5804e-02)	Acc@1  99.22 ( 99.35)	Acc@2 100.00 (100.00)
Epoch: [91][ 60/101]	Time  0.432 ( 0.420)	Data  0.000 ( 0.032)	Loss 1.0660e-02 (1.6709e-02)	Acc@1  99.61 ( 99.34)	Acc@2 100.00 (100.00)
Epoch: [91][ 70/101]	Time  0.405 ( 0.420)	Data  0.000 ( 0.032)	Loss 2.4715e-02 (1.6913e-02)	Acc@1  99.61 ( 99.32)	Acc@2 100.00 (100.00)
Epoch: [91][ 80/101]	Time  0.430 ( 0.419)	Data  0.000 ( 0.031)	Loss 4.2601e-02 (1.7908e-02)	Acc@1  98.05 ( 99.29)	Acc@2 100.00 (100.00)
Epoch: [91][ 90/101]	Time  0.411 ( 0.419)	Data  0.000 ( 0.030)	Loss 2.3327e-02 (1.7474e-02)	Acc@1  98.83 ( 99.32)	Acc@2 100.00 (100.00)
Epoch: [91][100/101]	Time  0.399 ( 0.419)	Data  0.000 ( 0.030)	Loss 1.7028e-02 (1.7019e-02)	Acc@1  99.32 ( 99.33)	Acc@2 100.00 (100.00)
Test: [ 0/34]	Time  0.538 ( 0.538)	Loss 7.1729e-04 (7.1729e-04)	Acc@1 100.00 (100.00)	Acc@2 100.00 (100.00)
Test: [10/34]	Time  0.128 ( 0.164)	Loss 3.9671e-03 (2.0502e-02)	Acc@1  99.61 ( 99.68)	Acc@2 100.00 (100.00)
Test: [20/34]	Time  0.134 ( 0.146)	Loss 1.2220e-03 (2.0502e-02)	Acc@1 100.00 ( 99.68)	Acc@2 100.00 (100.00)
Test: [30/34]	Time  0.121 ( 0.139)	Loss 2.0086e-03 (1.7434e-02)	Acc@1 100.00 ( 99.71)	Acc@2 100.00 (100.00)
 * Acc@1 99.721 Acc@2 100.000
Epoch: [92][  0/101]	Time  0.640 ( 0.640)	Data  0.488 ( 0.488)	Loss 6.1774e-03 (6.1774e-03)	Acc@1 100.00 (100.00)	Acc@2 100.00 (100.00)
Epoch: [92][ 10/101]	Time  0.420 ( 0.438)	Data  0.000 ( 0.067)	Loss 8.8435e-03 (1.3964e-02)	Acc@1  99.61 ( 99.47)	Acc@2 100.00 (100.00)
Epoch: [92][ 20/101]	Time  0.417 ( 0.427)	Data  0.000 ( 0.048)	Loss 2.7105e-02 (1.5341e-02)	Acc@1  99.22 ( 99.37)	Acc@2 100.00 (100.00)
Epoch: [92][ 30/101]	Time  0.432 ( 0.425)	Data  0.000 ( 0.040)	Loss 6.1068e-03 (1.4734e-02)	Acc@1 100.00 ( 99.42)	Acc@2 100.00 (100.00)
Epoch: [92][ 40/101]	Time  0.424 ( 0.424)	Data  0.000 ( 0.037)	Loss 1.7567e-02 (1.4301e-02)	Acc@1  98.83 ( 99.46)	Acc@2 100.00 (100.00)
Epoch: [92][ 50/101]	Time  0.416 ( 0.423)	Data  0.000 ( 0.035)	Loss 2.9126e-02 (1.5669e-02)	Acc@1  98.83 ( 99.42)	Acc@2 100.00 (100.00)
Epoch: [92][ 60/101]	Time  0.426 ( 0.424)	Data  0.000 ( 0.034)	Loss 1.4931e-02 (1.6213e-02)	Acc@1  99.61 ( 99.35)	Acc@2 100.00 (100.00)
Epoch: [92][ 70/101]	Time  0.436 ( 0.423)	Data  0.000 ( 0.032)	Loss 1.6288e-02 (1.6867e-02)	Acc@1  99.22 ( 99.35)	Acc@2 100.00 (100.00)
Epoch: [92][ 80/101]	Time  0.431 ( 0.423)	Data  0.000 ( 0.032)	Loss 7.0503e-03 (1.6833e-02)	Acc@1 100.00 ( 99.33)	Acc@2 100.00 (100.00)
Epoch: [92][ 90/101]	Time  0.410 ( 0.422)	Data  0.000 ( 0.031)	Loss 7.5637e-03 (1.6526e-02)	Acc@1 100.00 ( 99.36)	Acc@2 100.00 (100.00)
Epoch: [92][100/101]	Time  0.371 ( 0.421)	Data  0.000 ( 0.031)	Loss 9.8282e-03 (1.6413e-02)	Acc@1  99.32 ( 99.37)	Acc@2 100.00 (100.00)
Test: [ 0/34]	Time  0.543 ( 0.543)	Loss 8.2734e-04 (8.2734e-04)	Acc@1 100.00 (100.00)	Acc@2 100.00 (100.00)
Test: [10/34]	Time  0.121 ( 0.167)	Loss 4.9838e-03 (2.1282e-02)	Acc@1  99.61 ( 99.64)	Acc@2 100.00 (100.00)
Test: [20/34]	Time  0.123 ( 0.147)	Loss 1.1002e-03 (2.1160e-02)	Acc@1 100.00 ( 99.67)	Acc@2 100.00 (100.00)
Test: [30/34]	Time  0.123 ( 0.140)	Loss 1.7929e-03 (1.7895e-02)	Acc@1 100.00 ( 99.70)	Acc@2 100.00 (100.00)
 * Acc@1 99.709 Acc@2 100.000
Epoch: [93][  0/101]	Time  0.658 ( 0.658)	Data  0.504 ( 0.504)	Loss 2.0558e-02 (2.0558e-02)	Acc@1  98.83 ( 98.83)	Acc@2 100.00 (100.00)
Epoch: [93][ 10/101]	Time  0.429 ( 0.439)	Data  0.000 ( 0.068)	Loss 3.3468e-03 (1.7017e-02)	Acc@1 100.00 ( 99.36)	Acc@2 100.00 (100.00)
Epoch: [93][ 20/101]	Time  0.412 ( 0.429)	Data  0.000 ( 0.049)	Loss 1.9358e-02 (1.6912e-02)	Acc@1  99.22 ( 99.40)	Acc@2 100.00 (100.00)
Epoch: [93][ 30/101]	Time  0.427 ( 0.425)	Data  0.000 ( 0.041)	Loss 1.9948e-02 (1.6186e-02)	Acc@1  99.22 ( 99.38)	Acc@2 100.00 (100.00)
Epoch: [93][ 40/101]	Time  0.407 ( 0.422)	Data  0.000 ( 0.037)	Loss 1.7112e-02 (1.6655e-02)	Acc@1  99.22 ( 99.36)	Acc@2 100.00 (100.00)
Epoch: [93][ 50/101]	Time  0.423 ( 0.422)	Data  0.000 ( 0.035)	Loss 4.3087e-02 (1.7470e-02)	Acc@1  98.83 ( 99.33)	Acc@2 100.00 (100.00)
Epoch: [93][ 60/101]	Time  0.408 ( 0.421)	Data  0.000 ( 0.034)	Loss 2.8164e-02 (1.7123e-02)	Acc@1  99.22 ( 99.35)	Acc@2 100.00 (100.00)
Epoch: [93][ 70/101]	Time  0.418 ( 0.420)	Data  0.000 ( 0.032)	Loss 1.4990e-02 (1.7301e-02)	Acc@1  99.22 ( 99.36)	Acc@2 100.00 (100.00)
Epoch: [93][ 80/101]	Time  0.409 ( 0.419)	Data  0.000 ( 0.032)	Loss 1.5751e-02 (1.6758e-02)	Acc@1 100.00 ( 99.38)	Acc@2 100.00 (100.00)
Epoch: [93][ 90/101]	Time  0.438 ( 0.419)	Data  0.000 ( 0.031)	Loss 5.5733e-03 (1.7117e-02)	Acc@1 100.00 ( 99.38)	Acc@2 100.00 (100.00)
Epoch: [93][100/101]	Time  0.392 ( 0.419)	Data  0.000 ( 0.031)	Loss 3.0328e-02 (1.7388e-02)	Acc@1  98.63 ( 99.35)	Acc@2 100.00 (100.00)
Test: [ 0/34]	Time  0.553 ( 0.553)	Loss 1.1510e-03 (1.1510e-03)	Acc@1 100.00 (100.00)	Acc@2 100.00 (100.00)
Test: [10/34]	Time  0.130 ( 0.166)	Loss 5.9441e-03 (2.2263e-02)	Acc@1  99.61 ( 99.61)	Acc@2 100.00 (100.00)
Test: [20/34]	Time  0.123 ( 0.146)	Loss 9.1952e-04 (2.2034e-02)	Acc@1 100.00 ( 99.65)	Acc@2 100.00 (100.00)
Test: [30/34]	Time  0.126 ( 0.139)	Loss 1.5423e-03 (1.8285e-02)	Acc@1 100.00 ( 99.68)	Acc@2 100.00 (100.00)
 * Acc@1 99.697 Acc@2 100.000
Epoch: [94][  0/101]	Time  0.623 ( 0.623)	Data  0.467 ( 0.467)	Loss 1.6386e-02 (1.6386e-02)	Acc@1  99.22 ( 99.22)	Acc@2 100.00 (100.00)
Epoch: [94][ 10/101]	Time  0.421 ( 0.437)	Data  0.000 ( 0.069)	Loss 2.2545e-02 (1.5064e-02)	Acc@1  98.83 ( 99.47)	Acc@2 100.00 (100.00)
Epoch: [94][ 20/101]	Time  0.428 ( 0.428)	Data  0.000 ( 0.048)	Loss 3.6881e-02 (1.7651e-02)	Acc@1  98.83 ( 99.29)	Acc@2 100.00 (100.00)
Epoch: [94][ 30/101]	Time  0.435 ( 0.426)	Data  0.000 ( 0.041)	Loss 3.0451e-03 (1.8221e-02)	Acc@1 100.00 ( 99.27)	Acc@2 100.00 (100.00)
Epoch: [94][ 40/101]	Time  0.412 ( 0.423)	Data  0.000 ( 0.037)	Loss 6.1283e-03 (1.8045e-02)	Acc@1  99.61 ( 99.24)	Acc@2 100.00 (100.00)
Epoch: [94][ 50/101]	Time  0.408 ( 0.422)	Data  0.000 ( 0.035)	Loss 1.9419e-02 (1.7965e-02)	Acc@1  99.22 ( 99.23)	Acc@2 100.00 (100.00)
Epoch: [94][ 60/101]	Time  0.432 ( 0.421)	Data  0.000 ( 0.034)	Loss 1.2881e-02 (1.7950e-02)	Acc@1  99.61 ( 99.27)	Acc@2 100.00 (100.00)
Epoch: [94][ 70/101]	Time  0.469 ( 0.421)	Data  0.000 ( 0.033)	Loss 3.5704e-02 (1.8512e-02)	Acc@1  98.83 ( 99.26)	Acc@2 100.00 (100.00)
Epoch: [94][ 80/101]	Time  0.415 ( 0.421)	Data  0.000 ( 0.032)	Loss 1.2265e-02 (1.8120e-02)	Acc@1  99.61 ( 99.27)	Acc@2 100.00 (100.00)
Epoch: [94][ 90/101]	Time  0.420 ( 0.421)	Data  0.000 ( 0.032)	Loss 1.2419e-02 (1.7945e-02)	Acc@1  99.61 ( 99.27)	Acc@2 100.00 (100.00)
Epoch: [94][100/101]	Time  0.369 ( 0.420)	Data  0.000 ( 0.031)	Loss 1.7999e-03 (1.7579e-02)	Acc@1 100.00 ( 99.30)	Acc@2 100.00 (100.00)
Test: [ 0/34]	Time  0.518 ( 0.518)	Loss 8.8443e-04 (8.8443e-04)	Acc@1 100.00 (100.00)	Acc@2 100.00 (100.00)
Test: [10/34]	Time  0.128 ( 0.160)	Loss 5.1575e-03 (2.1427e-02)	Acc@1  99.61 ( 99.64)	Acc@2 100.00 (100.00)
Test: [20/34]	Time  0.122 ( 0.143)	Loss 1.1103e-03 (2.1300e-02)	Acc@1 100.00 ( 99.67)	Acc@2 100.00 (100.00)
Test: [30/34]	Time  0.122 ( 0.137)	Loss 1.7683e-03 (1.7829e-02)	Acc@1 100.00 ( 99.71)	Acc@2 100.00 (100.00)
 * Acc@1 99.721 Acc@2 100.000
Epoch: [95][  0/101]	Time  0.625 ( 0.625)	Data  0.456 ( 0.456)	Loss 1.8538e-02 (1.8538e-02)	Acc@1  99.22 ( 99.22)	Acc@2 100.00 (100.00)
Epoch: [95][ 10/101]	Time  0.406 ( 0.435)	Data  0.000 ( 0.066)	Loss 9.5833e-03 (1.4648e-02)	Acc@1  99.61 ( 99.29)	Acc@2 100.00 (100.00)
Epoch: [95][ 20/101]	Time  0.416 ( 0.425)	Data  0.000 ( 0.046)	Loss 1.4949e-02 (1.6786e-02)	Acc@1  99.22 ( 99.27)	Acc@2 100.00 (100.00)
Epoch: [95][ 30/101]	Time  0.400 ( 0.423)	Data  0.000 ( 0.040)	Loss 3.7172e-02 (1.6499e-02)	Acc@1  98.44 ( 99.29)	Acc@2 100.00 (100.00)
Epoch: [95][ 40/101]	Time  0.432 ( 0.422)	Data  0.000 ( 0.036)	Loss 4.3878e-02 (1.6574e-02)	Acc@1  97.27 ( 99.24)	Acc@2 100.00 (100.00)
Epoch: [95][ 50/101]	Time  0.408 ( 0.422)	Data  0.000 ( 0.035)	Loss 2.2705e-02 (1.7167e-02)	Acc@1  99.22 ( 99.23)	Acc@2 100.00 (100.00)
Epoch: [95][ 60/101]	Time  0.424 ( 0.421)	Data  0.000 ( 0.033)	Loss 2.5391e-02 (1.7758e-02)	Acc@1  98.83 ( 99.22)	Acc@2 100.00 (100.00)
Epoch: [95][ 70/101]	Time  0.410 ( 0.420)	Data  0.000 ( 0.032)	Loss 1.0399e-02 (1.7221e-02)	Acc@1  99.61 ( 99.24)	Acc@2 100.00 (100.00)
Epoch: [95][ 80/101]	Time  0.433 ( 0.420)	Data  0.000 ( 0.031)	Loss 2.5937e-02 (1.7167e-02)	Acc@1  98.44 ( 99.24)	Acc@2 100.00 (100.00)
Epoch: [95][ 90/101]	Time  0.398 ( 0.420)	Data  0.000 ( 0.031)	Loss 3.5235e-03 (1.7665e-02)	Acc@1 100.00 ( 99.24)	Acc@2 100.00 (100.00)
Epoch: [95][100/101]	Time  0.383 ( 0.420)	Data  0.000 ( 0.030)	Loss 1.0310e-02 (1.7645e-02)	Acc@1  99.32 ( 99.25)	Acc@2 100.00 (100.00)
Test: [ 0/34]	Time  0.531 ( 0.531)	Loss 9.7892e-04 (9.7892e-04)	Acc@1 100.00 (100.00)	Acc@2 100.00 (100.00)
Test: [10/34]	Time  0.124 ( 0.160)	Loss 5.5967e-03 (2.1806e-02)	Acc@1  99.61 ( 99.64)	Acc@2 100.00 (100.00)
Test: [20/34]	Time  0.123 ( 0.144)	Loss 1.0254e-03 (2.1613e-02)	Acc@1 100.00 ( 99.67)	Acc@2 100.00 (100.00)
Test: [30/34]	Time  0.123 ( 0.137)	Loss 1.5145e-03 (1.7974e-02)	Acc@1 100.00 ( 99.71)	Acc@2 100.00 (100.00)
 * Acc@1 99.721 Acc@2 100.000
Epoch: [96][  0/101]	Time  0.594 ( 0.594)	Data  0.441 ( 0.441)	Loss 1.1824e-02 (1.1824e-02)	Acc@1 100.00 (100.00)	Acc@2 100.00 (100.00)
Epoch: [96][ 10/101]	Time  0.435 ( 0.432)	Data  0.000 ( 0.062)	Loss 5.8413e-03 (1.5883e-02)	Acc@1 100.00 ( 99.54)	Acc@2 100.00 (100.00)
Epoch: [96][ 20/101]	Time  0.430 ( 0.426)	Data  0.000 ( 0.045)	Loss 1.9780e-02 (1.8610e-02)	Acc@1  99.22 ( 99.33)	Acc@2 100.00 (100.00)
Epoch: [96][ 30/101]	Time  0.414 ( 0.423)	Data  0.000 ( 0.039)	Loss 2.9108e-02 (1.6734e-02)	Acc@1  98.83 ( 99.37)	Acc@2 100.00 (100.00)
Epoch: [96][ 40/101]	Time  0.417 ( 0.422)	Data  0.000 ( 0.036)	Loss 1.8545e-02 (1.7003e-02)	Acc@1  99.61 ( 99.31)	Acc@2 100.00 (100.00)
Epoch: [96][ 50/101]	Time  0.437 ( 0.421)	Data  0.000 ( 0.034)	Loss 1.9888e-02 (1.8340e-02)	Acc@1  98.83 ( 99.27)	Acc@2 100.00 (100.00)
Epoch: [96][ 60/101]	Time  0.438 ( 0.421)	Data  0.000 ( 0.033)	Loss 1.8323e-02 (1.7455e-02)	Acc@1  99.22 ( 99.31)	Acc@2 100.00 (100.00)
Epoch: [96][ 70/101]	Time  0.414 ( 0.421)	Data  0.000 ( 0.032)	Loss 1.9826e-02 (1.8592e-02)	Acc@1  99.61 ( 99.26)	Acc@2 100.00 (100.00)
Epoch: [96][ 80/101]	Time  0.416 ( 0.420)	Data  0.000 ( 0.031)	Loss 1.5058e-02 (1.8506e-02)	Acc@1  99.61 ( 99.26)	Acc@2 100.00 (100.00)
Epoch: [96][ 90/101]	Time  0.424 ( 0.420)	Data  0.000 ( 0.031)	Loss 2.7885e-02 (1.8631e-02)	Acc@1  98.44 ( 99.24)	Acc@2 100.00 (100.00)
Epoch: [96][100/101]	Time  0.393 ( 0.419)	Data  0.000 ( 0.030)	Loss 1.0269e-02 (1.8635e-02)	Acc@1 100.00 ( 99.24)	Acc@2 100.00 (100.00)
Test: [ 0/34]	Time  0.638 ( 0.638)	Loss 5.2309e-04 (5.2309e-04)	Acc@1 100.00 (100.00)	Acc@2 100.00 (100.00)
Test: [10/34]	Time  0.134 ( 0.173)	Loss 3.5644e-03 (1.9473e-02)	Acc@1  99.61 ( 99.68)	Acc@2 100.00 (100.00)
Test: [20/34]	Time  0.121 ( 0.150)	Loss 1.6937e-03 (1.9573e-02)	Acc@1 100.00 ( 99.68)	Acc@2 100.00 (100.00)
Test: [30/34]	Time  0.125 ( 0.142)	Loss 2.5738e-03 (1.7044e-02)	Acc@1 100.00 ( 99.70)	Acc@2 100.00 (100.00)
 * Acc@1 99.709 Acc@2 100.000
Epoch: [97][  0/101]	Time  0.593 ( 0.593)	Data  0.434 ( 0.434)	Loss 3.0337e-02 (3.0337e-02)	Acc@1  99.22 ( 99.22)	Acc@2 100.00 (100.00)
Epoch: [97][ 10/101]	Time  0.412 ( 0.434)	Data  0.000 ( 0.061)	Loss 1.6108e-02 (2.4426e-02)	Acc@1  99.22 ( 99.01)	Acc@2 100.00 (100.00)
Epoch: [97][ 20/101]	Time  0.410 ( 0.427)	Data  0.000 ( 0.044)	Loss 1.3704e-02 (2.2267e-02)	Acc@1  99.22 ( 99.16)	Acc@2 100.00 (100.00)
Epoch: [97][ 30/101]	Time  0.422 ( 0.424)	Data  0.000 ( 0.038)	Loss 1.2215e-02 (2.1920e-02)	Acc@1  99.61 ( 99.18)	Acc@2 100.00 (100.00)
Epoch: [97][ 40/101]	Time  0.407 ( 0.422)	Data  0.000 ( 0.036)	Loss 1.0380e-02 (1.9906e-02)	Acc@1  99.61 ( 99.29)	Acc@2 100.00 (100.00)
Epoch: [97][ 50/101]	Time  0.428 ( 0.422)	Data  0.000 ( 0.034)	Loss 5.9675e-02 (2.0344e-02)	Acc@1  97.27 ( 99.25)	Acc@2 100.00 (100.00)
Epoch: [97][ 60/101]	Time  0.402 ( 0.421)	Data  0.000 ( 0.032)	Loss 4.0915e-02 (1.9744e-02)	Acc@1  98.44 ( 99.26)	Acc@2 100.00 (100.00)
Epoch: [97][ 70/101]	Time  0.428 ( 0.420)	Data  0.000 ( 0.031)	Loss 1.0050e-02 (2.0758e-02)	Acc@1 100.00 ( 99.23)	Acc@2 100.00 (100.00)
Epoch: [97][ 80/101]	Time  0.408 ( 0.420)	Data  0.000 ( 0.031)	Loss 5.3067e-02 (2.0113e-02)	Acc@1  98.83 ( 99.28)	Acc@2 100.00 (100.00)
Epoch: [97][ 90/101]	Time  0.423 ( 0.419)	Data  0.000 ( 0.030)	Loss 2.0179e-02 (1.9706e-02)	Acc@1  98.83 ( 99.28)	Acc@2 100.00 (100.00)
Epoch: [97][100/101]	Time  0.363 ( 0.418)	Data  0.000 ( 0.030)	Loss 2.3355e-02 (1.9577e-02)	Acc@1  98.63 ( 99.29)	Acc@2 100.00 (100.00)
Test: [ 0/34]	Time  0.607 ( 0.607)	Loss 7.2791e-04 (7.2791e-04)	Acc@1 100.00 (100.00)	Acc@2 100.00 (100.00)
Test: [10/34]	Time  0.121 ( 0.168)	Loss 4.8928e-03 (2.0813e-02)	Acc@1  99.61 ( 99.68)	Acc@2 100.00 (100.00)
Test: [20/34]	Time  0.123 ( 0.147)	Loss 1.1020e-03 (2.0627e-02)	Acc@1 100.00 ( 99.68)	Acc@2 100.00 (100.00)
Test: [30/34]	Time  0.124 ( 0.140)	Loss 1.8361e-03 (1.7096e-02)	Acc@1 100.00 ( 99.72)	Acc@2 100.00 (100.00)
 * Acc@1 99.732 Acc@2 100.000
Epoch: [98][  0/101]	Time  0.626 ( 0.626)	Data  0.474 ( 0.474)	Loss 1.5483e-02 (1.5483e-02)	Acc@1  99.22 ( 99.22)	Acc@2 100.00 (100.00)
Epoch: [98][ 10/101]	Time  0.422 ( 0.437)	Data  0.000 ( 0.068)	Loss 2.2517e-02 (2.6709e-02)	Acc@1  98.83 ( 98.90)	Acc@2 100.00 (100.00)
Epoch: [98][ 20/101]	Time  0.417 ( 0.426)	Data  0.000 ( 0.047)	Loss 1.0316e-02 (2.5215e-02)	Acc@1  99.61 ( 98.92)	Acc@2 100.00 (100.00)
Epoch: [98][ 30/101]	Time  0.415 ( 0.423)	Data  0.000 ( 0.040)	Loss 3.1437e-02 (2.3617e-02)	Acc@1  98.05 ( 98.95)	Acc@2 100.00 (100.00)
Epoch: [98][ 40/101]	Time  0.427 ( 0.421)	Data  0.000 ( 0.036)	Loss 5.7677e-03 (2.1015e-02)	Acc@1 100.00 ( 99.09)	Acc@2 100.00 (100.00)
Epoch: [98][ 50/101]	Time  0.428 ( 0.420)	Data  0.000 ( 0.035)	Loss 1.7078e-02 (2.0207e-02)	Acc@1  99.22 ( 99.12)	Acc@2 100.00 (100.00)
Epoch: [98][ 60/101]	Time  0.418 ( 0.421)	Data  0.000 ( 0.033)	Loss 1.4616e-02 (1.9366e-02)	Acc@1  99.61 ( 99.17)	Acc@2 100.00 (100.00)
Epoch: [98][ 70/101]	Time  0.424 ( 0.421)	Data  0.000 ( 0.032)	Loss 1.1132e-02 (1.9336e-02)	Acc@1  99.22 ( 99.18)	Acc@2 100.00 (100.00)
Epoch: [98][ 80/101]	Time  0.418 ( 0.421)	Data  0.000 ( 0.031)	Loss 1.3795e-02 (1.8973e-02)	Acc@1  99.22 ( 99.21)	Acc@2 100.00 (100.00)
Epoch: [98][ 90/101]	Time  0.428 ( 0.421)	Data  0.000 ( 0.031)	Loss 1.0241e-02 (1.8739e-02)	Acc@1  99.61 ( 99.22)	Acc@2 100.00 (100.00)
Epoch: [98][100/101]	Time  0.362 ( 0.421)	Data  0.000 ( 0.030)	Loss 3.3715e-02 (1.8996e-02)	Acc@1  98.63 ( 99.22)	Acc@2 100.00 (100.00)
Test: [ 0/34]	Time  0.583 ( 0.583)	Loss 1.0100e-03 (1.0100e-03)	Acc@1 100.00 (100.00)	Acc@2 100.00 (100.00)
Test: [10/34]	Time  0.121 ( 0.166)	Loss 5.8371e-03 (2.2270e-02)	Acc@1  99.61 ( 99.61)	Acc@2 100.00 (100.00)
Test: [20/34]	Time  0.131 ( 0.147)	Loss 1.0178e-03 (2.2097e-02)	Acc@1 100.00 ( 99.65)	Acc@2 100.00 (100.00)
Test: [30/34]	Time  0.122 ( 0.139)	Loss 1.6468e-03 (1.8460e-02)	Acc@1 100.00 ( 99.68)	Acc@2 100.00 (100.00)
 * Acc@1 99.697 Acc@2 100.000
Epoch: [99][  0/101]	Time  0.787 ( 0.787)	Data  0.641 ( 0.641)	Loss 1.1856e-02 (1.1856e-02)	Acc@1  99.61 ( 99.61)	Acc@2 100.00 (100.00)
Epoch: [99][ 10/101]	Time  0.397 ( 0.449)	Data  0.000 ( 0.082)	Loss 1.7819e-02 (1.3719e-02)	Acc@1  99.22 ( 99.54)	Acc@2 100.00 (100.00)
Epoch: [99][ 20/101]	Time  0.422 ( 0.433)	Data  0.000 ( 0.055)	Loss 2.1341e-02 (1.4547e-02)	Acc@1  98.83 ( 99.44)	Acc@2 100.00 (100.00)
Epoch: [99][ 30/101]	Time  0.403 ( 0.427)	Data  0.000 ( 0.046)	Loss 1.6423e-02 (1.4287e-02)	Acc@1  98.83 ( 99.45)	Acc@2 100.00 (100.00)
Epoch: [99][ 40/101]	Time  0.422 ( 0.424)	Data  0.000 ( 0.041)	Loss 4.1770e-02 (1.4996e-02)	Acc@1  99.22 ( 99.44)	Acc@2 100.00 (100.00)
Epoch: [99][ 50/101]	Time  0.400 ( 0.423)	Data  0.000 ( 0.038)	Loss 2.4070e-02 (1.4687e-02)	Acc@1  99.61 ( 99.48)	Acc@2 100.00 (100.00)
Epoch: [99][ 60/101]	Time  0.440 ( 0.422)	Data  0.000 ( 0.036)	Loss 1.1957e-02 (1.4629e-02)	Acc@1  99.61 ( 99.47)	Acc@2 100.00 (100.00)
Epoch: [99][ 70/101]	Time  0.409 ( 0.421)	Data  0.000 ( 0.034)	Loss 3.3327e-02 (1.5629e-02)	Acc@1  99.22 ( 99.42)	Acc@2 100.00 (100.00)
Epoch: [99][ 80/101]	Time  0.412 ( 0.420)	Data  0.000 ( 0.033)	Loss 2.0704e-02 (1.5432e-02)	Acc@1  99.22 ( 99.42)	Acc@2 100.00 (100.00)
Epoch: [99][ 90/101]	Time  0.399 ( 0.419)	Data  0.000 ( 0.032)	Loss 1.7195e-02 (1.5634e-02)	Acc@1  99.22 ( 99.39)	Acc@2 100.00 (100.00)
Epoch: [99][100/101]	Time  0.389 ( 0.419)	Data  0.000 ( 0.032)	Loss 3.9649e-03 (1.6283e-02)	Acc@1 100.00 ( 99.37)	Acc@2 100.00 (100.00)
Test: [ 0/34]	Time  0.529 ( 0.529)	Loss 1.0734e-03 (1.0734e-03)	Acc@1 100.00 (100.00)	Acc@2 100.00 (100.00)
Test: [10/34]	Time  0.123 ( 0.161)	Loss 5.8966e-03 (2.2093e-02)	Acc@1  99.61 ( 99.61)	Acc@2 100.00 (100.00)
Test: [20/34]	Time  0.122 ( 0.144)	Loss 9.1176e-04 (2.1812e-02)	Acc@1 100.00 ( 99.65)	Acc@2 100.00 (100.00)
Test: [30/34]	Time  0.122 ( 0.138)	Loss 1.4826e-03 (1.7865e-02)	Acc@1 100.00 ( 99.70)	Acc@2 100.00 (100.00)
 * Acc@1 99.709 Acc@2 100.000
Epoch: [100][  0/101]	Time  0.587 ( 0.587)	Data  0.440 ( 0.440)	Loss 1.0402e-02 (1.0402e-02)	Acc@1 100.00 (100.00)	Acc@2 100.00 (100.00)
Epoch: [100][ 10/101]	Time  0.419 ( 0.431)	Data  0.000 ( 0.063)	Loss 2.1666e-02 (1.2838e-02)	Acc@1  99.61 ( 99.47)	Acc@2 100.00 (100.00)
Epoch: [100][ 20/101]	Time  0.417 ( 0.425)	Data  0.000 ( 0.046)	Loss 2.0560e-02 (1.5681e-02)	Acc@1  99.22 ( 99.40)	Acc@2 100.00 (100.00)
Epoch: [100][ 30/101]	Time  0.418 ( 0.423)	Data  0.000 ( 0.039)	Loss 3.6964e-02 (1.6900e-02)	Acc@1  98.44 ( 99.33)	Acc@2 100.00 (100.00)
Epoch: [100][ 40/101]	Time  0.416 ( 0.422)	Data  0.000 ( 0.036)	Loss 1.4072e-02 (1.7288e-02)	Acc@1  99.61 ( 99.30)	Acc@2 100.00 (100.00)
Epoch: [100][ 50/101]	Time  0.418 ( 0.421)	Data  0.000 ( 0.034)	Loss 1.4682e-02 (1.6648e-02)	Acc@1  99.22 ( 99.34)	Acc@2 100.00 (100.00)
Epoch: [100][ 60/101]	Time  0.419 ( 0.420)	Data  0.000 ( 0.033)	Loss 2.0902e-02 (1.6368e-02)	Acc@1  99.22 ( 99.36)	Acc@2 100.00 (100.00)
Epoch: [100][ 70/101]	Time  0.423 ( 0.420)	Data  0.000 ( 0.032)	Loss 5.4252e-03 (1.5974e-02)	Acc@1  99.61 ( 99.37)	Acc@2 100.00 (100.00)
Epoch: [100][ 80/101]	Time  0.433 ( 0.421)	Data  0.000 ( 0.031)	Loss 7.6795e-03 (1.5514e-02)	Acc@1 100.00 ( 99.39)	Acc@2 100.00 (100.00)
Epoch: [100][ 90/101]	Time  0.416 ( 0.420)	Data  0.000 ( 0.030)	Loss 6.1614e-03 (1.5890e-02)	Acc@1 100.00 ( 99.38)	Acc@2 100.00 (100.00)
Epoch: [100][100/101]	Time  0.379 ( 0.420)	Data  0.000 ( 0.030)	Loss 6.1220e-03 (1.5496e-02)	Acc@1 100.00 ( 99.40)	Acc@2 100.00 (100.00)
Test: [ 0/34]	Time  0.544 ( 0.544)	Loss 7.7412e-04 (7.7412e-04)	Acc@1 100.00 (100.00)	Acc@2 100.00 (100.00)
Test: [10/34]	Time  0.122 ( 0.163)	Loss 5.1495e-03 (2.1103e-02)	Acc@1  99.61 ( 99.64)	Acc@2 100.00 (100.00)
Test: [20/34]	Time  0.121 ( 0.145)	Loss 1.1626e-03 (2.0991e-02)	Acc@1 100.00 ( 99.67)	Acc@2 100.00 (100.00)
Test: [30/34]	Time  0.124 ( 0.138)	Loss 1.9115e-03 (1.7627e-02)	Acc@1 100.00 ( 99.71)	Acc@2 100.00 (100.00)
 * Acc@1 99.721 Acc@2 100.000
Epoch: [101][  0/101]	Time  0.639 ( 0.639)	Data  0.483 ( 0.483)	Loss 5.7336e-03 (5.7336e-03)	Acc@1 100.00 (100.00)	Acc@2 100.00 (100.00)
Epoch: [101][ 10/101]	Time  0.423 ( 0.434)	Data  0.000 ( 0.066)	Loss 1.9690e-02 (1.6094e-02)	Acc@1  99.22 ( 99.36)	Acc@2 100.00 (100.00)
Epoch: [101][ 20/101]	Time  0.412 ( 0.427)	Data  0.000 ( 0.047)	Loss 3.6222e-02 (1.5099e-02)	Acc@1  98.44 ( 99.44)	Acc@2 100.00 (100.00)
Epoch: [101][ 30/101]	Time  0.427 ( 0.423)	Data  0.000 ( 0.040)	Loss 1.0441e-02 (1.5039e-02)	Acc@1  99.61 ( 99.48)	Acc@2 100.00 (100.00)
Epoch: [101][ 40/101]	Time  0.403 ( 0.422)	Data  0.000 ( 0.037)	Loss 1.0732e-02 (1.5696e-02)	Acc@1  99.61 ( 99.39)	Acc@2 100.00 (100.00)
Epoch: [101][ 50/101]	Time  0.431 ( 0.421)	Data  0.000 ( 0.034)	Loss 1.6515e-02 (1.5800e-02)	Acc@1  99.22 ( 99.36)	Acc@2 100.00 (100.00)
Epoch: [101][ 60/101]	Time  0.398 ( 0.420)	Data  0.000 ( 0.033)	Loss 7.7254e-03 (1.5118e-02)	Acc@1 100.00 ( 99.39)	Acc@2 100.00 (100.00)
Epoch: [101][ 70/101]	Time  0.419 ( 0.420)	Data  0.000 ( 0.032)	Loss 9.0319e-03 (1.5682e-02)	Acc@1 100.00 ( 99.38)	Acc@2 100.00 (100.00)
Epoch: [101][ 80/101]	Time  0.400 ( 0.419)	Data  0.000 ( 0.031)	Loss 2.3997e-02 (1.5673e-02)	Acc@1  98.83 ( 99.38)	Acc@2 100.00 (100.00)
Epoch: [101][ 90/101]	Time  0.434 ( 0.420)	Data  0.000 ( 0.030)	Loss 8.2566e-03 (1.5948e-02)	Acc@1  99.61 ( 99.37)	Acc@2 100.00 (100.00)
Epoch: [101][100/101]	Time  0.372 ( 0.420)	Data  0.000 ( 0.030)	Loss 3.4054e-02 (1.5513e-02)	Acc@1  98.63 ( 99.39)	Acc@2 100.00 (100.00)
Test: [ 0/34]	Time  0.519 ( 0.519)	Loss 1.1815e-03 (1.1815e-03)	Acc@1 100.00 (100.00)	Acc@2 100.00 (100.00)
Test: [10/34]	Time  0.134 ( 0.161)	Loss 6.4791e-03 (2.2896e-02)	Acc@1  99.61 ( 99.61)	Acc@2 100.00 (100.00)
Test: [20/34]	Time  0.123 ( 0.144)	Loss 9.2972e-04 (2.2597e-02)	Acc@1 100.00 ( 99.65)	Acc@2 100.00 (100.00)
Test: [30/34]	Time  0.122 ( 0.138)	Loss 1.3321e-03 (1.8609e-02)	Acc@1 100.00 ( 99.70)	Acc@2 100.00 (100.00)
 * Acc@1 99.709 Acc@2 100.000
Epoch: [102][  0/101]	Time  0.558 ( 0.558)	Data  0.411 ( 0.411)	Loss 1.7037e-02 (1.7037e-02)	Acc@1  99.22 ( 99.22)	Acc@2 100.00 (100.00)
Epoch: [102][ 10/101]	Time  0.418 ( 0.430)	Data  0.000 ( 0.062)	Loss 1.6784e-02 (1.6926e-02)	Acc@1  98.83 ( 99.33)	Acc@2 100.00 (100.00)
Epoch: [102][ 20/101]	Time  0.427 ( 0.423)	Data  0.000 ( 0.044)	Loss 1.5569e-02 (1.5794e-02)	Acc@1  99.22 ( 99.29)	Acc@2 100.00 (100.00)
Epoch: [102][ 30/101]	Time  0.498 ( 0.425)	Data  0.000 ( 0.039)	Loss 1.2841e-02 (1.5500e-02)	Acc@1  99.22 ( 99.31)	Acc@2 100.00 (100.00)
Epoch: [102][ 40/101]	Time  0.412 ( 0.423)	Data  0.000 ( 0.035)	Loss 5.3969e-03 (1.5280e-02)	Acc@1 100.00 ( 99.34)	Acc@2 100.00 (100.00)
Epoch: [102][ 50/101]	Time  0.418 ( 0.422)	Data  0.000 ( 0.034)	Loss 4.0304e-02 (1.5513e-02)	Acc@1  98.44 ( 99.36)	Acc@2 100.00 (100.00)
Epoch: [102][ 60/101]	Time  0.412 ( 0.421)	Data  0.000 ( 0.032)	Loss 1.6232e-02 (1.5626e-02)	Acc@1  99.61 ( 99.39)	Acc@2 100.00 (100.00)
Epoch: [102][ 70/101]	Time  0.408 ( 0.421)	Data  0.000 ( 0.032)	Loss 1.1151e-02 (1.6092e-02)	Acc@1  99.61 ( 99.36)	Acc@2 100.00 (100.00)
Epoch: [102][ 80/101]	Time  0.414 ( 0.421)	Data  0.000 ( 0.031)	Loss 3.8094e-03 (1.6292e-02)	Acc@1 100.00 ( 99.33)	Acc@2 100.00 (100.00)
Epoch: [102][ 90/101]	Time  0.422 ( 0.420)	Data  0.000 ( 0.030)	Loss 1.1141e-02 (1.6293e-02)	Acc@1  99.61 ( 99.35)	Acc@2 100.00 (100.00)
Epoch: [102][100/101]	Time  0.372 ( 0.419)	Data  0.000 ( 0.030)	Loss 4.8480e-02 (1.6209e-02)	Acc@1  99.32 ( 99.34)	Acc@2 100.00 (100.00)
Test: [ 0/34]	Time  0.542 ( 0.542)	Loss 6.7180e-04 (6.7180e-04)	Acc@1 100.00 (100.00)	Acc@2 100.00 (100.00)
Test: [10/34]	Time  0.123 ( 0.163)	Loss 3.8001e-03 (2.0790e-02)	Acc@1  99.61 ( 99.68)	Acc@2 100.00 (100.00)
Test: [20/34]	Time  0.123 ( 0.145)	Loss 1.3689e-03 (2.0899e-02)	Acc@1 100.00 ( 99.68)	Acc@2 100.00 (100.00)
Test: [30/34]	Time  0.123 ( 0.138)	Loss 2.3389e-03 (1.8022e-02)	Acc@1 100.00 ( 99.71)	Acc@2 100.00 (100.00)
 * Acc@1 99.721 Acc@2 100.000
Epoch: [103][  0/101]	Time  0.601 ( 0.601)	Data  0.454 ( 0.454)	Loss 7.5766e-03 (7.5766e-03)	Acc@1 100.00 (100.00)	Acc@2 100.00 (100.00)
Epoch: [103][ 10/101]	Time  0.413 ( 0.433)	Data  0.000 ( 0.066)	Loss 5.1248e-03 (1.4208e-02)	Acc@1 100.00 ( 99.43)	Acc@2 100.00 (100.00)
Epoch: [103][ 20/101]	Time  0.424 ( 0.424)	Data  0.000 ( 0.046)	Loss 1.2827e-02 (1.5187e-02)	Acc@1 100.00 ( 99.42)	Acc@2 100.00 (100.00)
Epoch: [103][ 30/101]	Time  0.409 ( 0.421)	Data  0.000 ( 0.040)	Loss 1.3066e-02 (1.6257e-02)	Acc@1  99.61 ( 99.45)	Acc@2 100.00 (100.00)
Epoch: [103][ 40/101]	Time  0.437 ( 0.420)	Data  0.000 ( 0.036)	Loss 1.9771e-02 (1.8057e-02)	Acc@1  98.44 ( 99.34)	Acc@2 100.00 (100.00)
Epoch: [103][ 50/101]	Time  0.405 ( 0.419)	Data  0.000 ( 0.034)	Loss 3.2123e-02 (1.7576e-02)	Acc@1  98.83 ( 99.34)	Acc@2 100.00 (100.00)
Epoch: [103][ 60/101]	Time  0.413 ( 0.419)	Data  0.000 ( 0.033)	Loss 1.3776e-02 (1.7769e-02)	Acc@1  99.61 ( 99.33)	Acc@2 100.00 (100.00)
Epoch: [103][ 70/101]	Time  0.402 ( 0.418)	Data  0.000 ( 0.032)	Loss 1.4119e-02 (1.8865e-02)	Acc@1  99.22 ( 99.29)	Acc@2 100.00 (100.00)
Epoch: [103][ 80/101]	Time  0.431 ( 0.418)	Data  0.000 ( 0.031)	Loss 4.2945e-03 (1.8823e-02)	Acc@1 100.00 ( 99.27)	Acc@2 100.00 (100.00)
Epoch: [103][ 90/101]	Time  0.402 ( 0.418)	Data  0.000 ( 0.030)	Loss 2.0096e-02 (1.8161e-02)	Acc@1  98.83 ( 99.30)	Acc@2 100.00 (100.00)
Epoch: [103][100/101]	Time  0.381 ( 0.418)	Data  0.000 ( 0.030)	Loss 4.0995e-02 (1.8163e-02)	Acc@1  97.95 ( 99.29)	Acc@2 100.00 (100.00)
Test: [ 0/34]	Time  0.657 ( 0.657)	Loss 6.0951e-04 (6.0951e-04)	Acc@1 100.00 (100.00)	Acc@2 100.00 (100.00)
Test: [10/34]	Time  0.123 ( 0.172)	Loss 3.9257e-03 (2.0416e-02)	Acc@1  99.61 ( 99.68)	Acc@2 100.00 (100.00)
Test: [20/34]	Time  0.123 ( 0.150)	Loss 1.3511e-03 (2.0413e-02)	Acc@1 100.00 ( 99.68)	Acc@2 100.00 (100.00)
Test: [30/34]	Time  0.122 ( 0.141)	Loss 2.2770e-03 (1.7352e-02)	Acc@1 100.00 ( 99.70)	Acc@2 100.00 (100.00)
 * Acc@1 99.709 Acc@2 100.000
Epoch: [104][  0/101]	Time  0.631 ( 0.631)	Data  0.487 ( 0.487)	Loss 1.9706e-02 (1.9706e-02)	Acc@1  99.22 ( 99.22)	Acc@2 100.00 (100.00)
Epoch: [104][ 10/101]	Time  0.422 ( 0.434)	Data  0.000 ( 0.067)	Loss 1.1837e-02 (1.8636e-02)	Acc@1  99.61 ( 99.36)	Acc@2 100.00 (100.00)
Epoch: [104][ 20/101]	Time  0.431 ( 0.428)	Data  0.000 ( 0.048)	Loss 2.2292e-02 (2.0280e-02)	Acc@1  99.61 ( 99.29)	Acc@2 100.00 (100.00)
Epoch: [104][ 30/101]	Time  0.414 ( 0.424)	Data  0.000 ( 0.041)	Loss 1.1389e-02 (1.9251e-02)	Acc@1 100.00 ( 99.32)	Acc@2 100.00 (100.00)
Epoch: [104][ 40/101]	Time  0.417 ( 0.422)	Data  0.000 ( 0.037)	Loss 1.2124e-02 (1.9058e-02)	Acc@1  99.61 ( 99.30)	Acc@2 100.00 (100.00)
Epoch: [104][ 50/101]	Time  0.429 ( 0.421)	Data  0.000 ( 0.035)	Loss 1.0764e-02 (1.8657e-02)	Acc@1  99.61 ( 99.33)	Acc@2 100.00 (100.00)
Epoch: [104][ 60/101]	Time  0.426 ( 0.420)	Data  0.000 ( 0.034)	Loss 1.3770e-02 (1.8458e-02)	Acc@1  99.22 ( 99.31)	Acc@2 100.00 (100.00)
Epoch: [104][ 70/101]	Time  0.418 ( 0.420)	Data  0.000 ( 0.032)	Loss 2.4402e-02 (1.8146e-02)	Acc@1  98.83 ( 99.32)	Acc@2 100.00 (100.00)
Epoch: [104][ 80/101]	Time  0.418 ( 0.419)	Data  0.000 ( 0.032)	Loss 1.3007e-02 (1.7847e-02)	Acc@1  99.61 ( 99.34)	Acc@2 100.00 (100.00)
Epoch: [104][ 90/101]	Time  0.414 ( 0.419)	Data  0.000 ( 0.031)	Loss 2.3455e-02 (1.7263e-02)	Acc@1  99.22 ( 99.36)	Acc@2 100.00 (100.00)
Epoch: [104][100/101]	Time  0.398 ( 0.419)	Data  0.000 ( 0.031)	Loss 3.0377e-02 (1.7420e-02)	Acc@1  98.63 ( 99.35)	Acc@2 100.00 (100.00)
Test: [ 0/34]	Time  0.556 ( 0.556)	Loss 1.1573e-03 (1.1573e-03)	Acc@1 100.00 (100.00)	Acc@2 100.00 (100.00)
Test: [10/34]	Time  0.133 ( 0.166)	Loss 6.1520e-03 (2.2599e-02)	Acc@1  99.61 ( 99.61)	Acc@2 100.00 (100.00)
Test: [20/34]	Time  0.129 ( 0.147)	Loss 9.5733e-04 (2.2331e-02)	Acc@1 100.00 ( 99.65)	Acc@2 100.00 (100.00)
Test: [30/34]	Time  0.127 ( 0.139)	Loss 1.3289e-03 (1.8233e-02)	Acc@1 100.00 ( 99.70)	Acc@2 100.00 (100.00)
 * Acc@1 99.709 Acc@2 100.000
Epoch: [105][  0/101]	Time  0.711 ( 0.711)	Data  0.562 ( 0.562)	Loss 4.2145e-02 (4.2145e-02)	Acc@1  98.83 ( 98.83)	Acc@2 100.00 (100.00)
Epoch: [105][ 10/101]	Time  0.418 ( 0.442)	Data  0.000 ( 0.074)	Loss 6.6398e-03 (2.0408e-02)	Acc@1 100.00 ( 99.29)	Acc@2 100.00 (100.00)
Epoch: [105][ 20/101]	Time  0.403 ( 0.429)	Data  0.000 ( 0.051)	Loss 2.4338e-02 (2.1869e-02)	Acc@1  99.22 ( 99.22)	Acc@2 100.00 (100.00)
Epoch: [105][ 30/101]	Time  0.427 ( 0.425)	Data  0.000 ( 0.043)	Loss 1.7041e-02 (2.0529e-02)	Acc@1  99.61 ( 99.24)	Acc@2 100.00 (100.00)
Epoch: [105][ 40/101]	Time  0.401 ( 0.423)	Data  0.000 ( 0.039)	Loss 1.4958e-02 (1.8418e-02)	Acc@1  99.22 ( 99.30)	Acc@2 100.00 (100.00)
Epoch: [105][ 50/101]	Time  0.423 ( 0.422)	Data  0.000 ( 0.036)	Loss 1.3505e-02 (1.7092e-02)	Acc@1  99.61 ( 99.36)	Acc@2 100.00 (100.00)
Epoch: [105][ 60/101]	Time  0.401 ( 0.421)	Data  0.000 ( 0.035)	Loss 1.4205e-02 (1.8080e-02)	Acc@1  99.61 ( 99.30)	Acc@2 100.00 (100.00)
Epoch: [105][ 70/101]	Time  0.439 ( 0.421)	Data  0.000 ( 0.033)	Loss 1.9257e-02 (1.8017e-02)	Acc@1  99.22 ( 99.26)	Acc@2 100.00 (100.00)
Epoch: [105][ 80/101]	Time  0.415 ( 0.420)	Data  0.000 ( 0.032)	Loss 2.1553e-02 (1.8499e-02)	Acc@1  99.61 ( 99.25)	Acc@2 100.00 (100.00)
Epoch: [105][ 90/101]	Time  0.465 ( 0.420)	Data  0.000 ( 0.031)	Loss 9.1338e-03 (1.8364e-02)	Acc@1  99.61 ( 99.27)	Acc@2 100.00 (100.00)
Epoch: [105][100/101]	Time  0.358 ( 0.419)	Data  0.000 ( 0.031)	Loss 1.9352e-02 (1.8164e-02)	Acc@1  98.63 ( 99.27)	Acc@2 100.00 (100.00)
Test: [ 0/34]	Time  0.594 ( 0.594)	Loss 8.2126e-04 (8.2126e-04)	Acc@1 100.00 (100.00)	Acc@2 100.00 (100.00)
Test: [10/34]	Time  0.122 ( 0.167)	Loss 5.1075e-03 (2.1344e-02)	Acc@1  99.61 ( 99.68)	Acc@2 100.00 (100.00)
Test: [20/34]	Time  0.128 ( 0.148)	Loss 1.1609e-03 (2.1247e-02)	Acc@1 100.00 ( 99.68)	Acc@2 100.00 (100.00)
Test: [30/34]	Time  0.123 ( 0.140)	Loss 1.8231e-03 (1.7714e-02)	Acc@1 100.00 ( 99.72)	Acc@2 100.00 (100.00)
 * Acc@1 99.732 Acc@2 100.000
Epoch: [106][  0/101]	Time  0.587 ( 0.587)	Data  0.425 ( 0.425)	Loss 5.5847e-02 (5.5847e-02)	Acc@1  98.44 ( 98.44)	Acc@2 100.00 (100.00)
Epoch: [106][ 10/101]	Time  0.425 ( 0.433)	Data  0.000 ( 0.062)	Loss 2.2033e-02 (2.2350e-02)	Acc@1  99.22 ( 99.25)	Acc@2 100.00 (100.00)
Epoch: [106][ 20/101]	Time  0.423 ( 0.424)	Data  0.000 ( 0.045)	Loss 4.2033e-02 (2.0396e-02)	Acc@1  98.05 ( 99.26)	Acc@2 100.00 (100.00)
Epoch: [106][ 30/101]	Time  0.417 ( 0.422)	Data  0.000 ( 0.039)	Loss 1.8962e-02 (2.0230e-02)	Acc@1  98.83 ( 99.27)	Acc@2 100.00 (100.00)
Epoch: [106][ 40/101]	Time  0.426 ( 0.421)	Data  0.000 ( 0.035)	Loss 8.6143e-03 (1.9718e-02)	Acc@1 100.00 ( 99.26)	Acc@2 100.00 (100.00)
Epoch: [106][ 50/101]	Time  0.416 ( 0.420)	Data  0.000 ( 0.034)	Loss 1.6318e-02 (1.9251e-02)	Acc@1  99.22 ( 99.27)	Acc@2 100.00 (100.00)
Epoch: [106][ 60/101]	Time  0.418 ( 0.419)	Data  0.000 ( 0.032)	Loss 2.2040e-02 (1.8954e-02)	Acc@1  98.83 ( 99.28)	Acc@2 100.00 (100.00)
Epoch: [106][ 70/101]	Time  0.420 ( 0.420)	Data  0.000 ( 0.032)	Loss 1.1424e-02 (1.8708e-02)	Acc@1  99.61 ( 99.32)	Acc@2 100.00 (100.00)
Epoch: [106][ 80/101]	Time  0.432 ( 0.420)	Data  0.000 ( 0.031)	Loss 6.7186e-03 (1.8722e-02)	Acc@1 100.00 ( 99.31)	Acc@2 100.00 (100.00)
Epoch: [106][ 90/101]	Time  0.414 ( 0.419)	Data  0.000 ( 0.030)	Loss 2.3513e-02 (1.8518e-02)	Acc@1  99.22 ( 99.30)	Acc@2 100.00 (100.00)
Epoch: [106][100/101]	Time  0.366 ( 0.419)	Data  0.000 ( 0.030)	Loss 3.1034e-02 (1.8386e-02)	Acc@1  97.95 ( 99.30)	Acc@2 100.00 (100.00)
Test: [ 0/34]	Time  0.548 ( 0.548)	Loss 8.1891e-04 (8.1891e-04)	Acc@1 100.00 (100.00)	Acc@2 100.00 (100.00)
Test: [10/34]	Time  0.122 ( 0.163)	Loss 5.8565e-03 (2.1595e-02)	Acc@1  99.61 ( 99.64)	Acc@2 100.00 (100.00)
Test: [20/34]	Time  0.122 ( 0.144)	Loss 1.1302e-03 (2.1411e-02)	Acc@1 100.00 ( 99.67)	Acc@2 100.00 (100.00)
Test: [30/34]	Time  0.121 ( 0.138)	Loss 1.8060e-03 (1.7733e-02)	Acc@1 100.00 ( 99.71)	Acc@2 100.00 (100.00)
 * Acc@1 99.721 Acc@2 100.000
Epoch: [107][  0/101]	Time  0.597 ( 0.597)	Data  0.439 ( 0.439)	Loss 1.6729e-02 (1.6729e-02)	Acc@1  99.22 ( 99.22)	Acc@2 100.00 (100.00)
Epoch: [107][ 10/101]	Time  0.398 ( 0.430)	Data  0.000 ( 0.063)	Loss 7.4821e-03 (1.2437e-02)	Acc@1  99.61 ( 99.54)	Acc@2 100.00 (100.00)
Epoch: [107][ 20/101]	Time  0.433 ( 0.426)	Data  0.000 ( 0.045)	Loss 1.1776e-02 (1.4863e-02)	Acc@1  99.61 ( 99.40)	Acc@2 100.00 (100.00)
Epoch: [107][ 30/101]	Time  0.392 ( 0.422)	Data  0.000 ( 0.039)	Loss 4.9009e-02 (1.6381e-02)	Acc@1  98.83 ( 99.37)	Acc@2 100.00 (100.00)
Epoch: [107][ 40/101]	Time  0.418 ( 0.421)	Data  0.000 ( 0.035)	Loss 3.6964e-02 (1.6433e-02)	Acc@1  98.83 ( 99.37)	Acc@2 100.00 (100.00)
Epoch: [107][ 50/101]	Time  0.405 ( 0.420)	Data  0.000 ( 0.033)	Loss 2.6609e-02 (1.7065e-02)	Acc@1  98.83 ( 99.35)	Acc@2 100.00 (100.00)
Epoch: [107][ 60/101]	Time  0.430 ( 0.420)	Data  0.000 ( 0.032)	Loss 7.1129e-03 (1.7342e-02)	Acc@1 100.00 ( 99.36)	Acc@2 100.00 (100.00)
Epoch: [107][ 70/101]	Time  0.409 ( 0.419)	Data  0.000 ( 0.031)	Loss 1.2350e-02 (1.7728e-02)	Acc@1  99.61 ( 99.33)	Acc@2 100.00 (100.00)
Epoch: [107][ 80/101]	Time  0.420 ( 0.419)	Data  0.000 ( 0.031)	Loss 1.2891e-02 (1.7724e-02)	Acc@1  99.22 ( 99.33)	Acc@2 100.00 (100.00)
Epoch: [107][ 90/101]	Time  0.398 ( 0.418)	Data  0.000 ( 0.030)	Loss 2.9106e-02 (1.7626e-02)	Acc@1  98.44 ( 99.32)	Acc@2 100.00 (100.00)
Epoch: [107][100/101]	Time  0.387 ( 0.418)	Data  0.000 ( 0.030)	Loss 8.3664e-03 (1.7280e-02)	Acc@1 100.00 ( 99.34)	Acc@2 100.00 (100.00)
Test: [ 0/34]	Time  0.536 ( 0.536)	Loss 6.4372e-04 (6.4372e-04)	Acc@1 100.00 (100.00)	Acc@2 100.00 (100.00)
Test: [10/34]	Time  0.122 ( 0.165)	Loss 4.3834e-03 (2.0504e-02)	Acc@1  99.61 ( 99.68)	Acc@2 100.00 (100.00)
Test: [20/34]	Time  0.129 ( 0.146)	Loss 1.4202e-03 (2.0576e-02)	Acc@1 100.00 ( 99.68)	Acc@2 100.00 (100.00)
Test: [30/34]	Time  0.122 ( 0.139)	Loss 2.3725e-03 (1.7658e-02)	Acc@1 100.00 ( 99.71)	Acc@2 100.00 (100.00)
 * Acc@1 99.721 Acc@2 100.000
Epoch: [108][  0/101]	Time  0.616 ( 0.616)	Data  0.472 ( 0.472)	Loss 3.4925e-03 (3.4925e-03)	Acc@1 100.00 (100.00)	Acc@2 100.00 (100.00)
Epoch: [108][ 10/101]	Time  0.419 ( 0.434)	Data  0.000 ( 0.066)	Loss 2.7179e-02 (1.6252e-02)	Acc@1  98.83 ( 99.33)	Acc@2 100.00 (100.00)
Epoch: [108][ 20/101]	Time  0.414 ( 0.425)	Data  0.000 ( 0.047)	Loss 1.1995e-02 (1.5515e-02)	Acc@1  99.61 ( 99.40)	Acc@2 100.00 (100.00)
Epoch: [108][ 30/101]	Time  0.415 ( 0.423)	Data  0.000 ( 0.040)	Loss 2.1935e-02 (1.5021e-02)	Acc@1  99.22 ( 99.42)	Acc@2 100.00 (100.00)
Epoch: [108][ 40/101]	Time  0.426 ( 0.422)	Data  0.000 ( 0.037)	Loss 1.8022e-02 (1.5901e-02)	Acc@1  99.22 ( 99.39)	Acc@2 100.00 (100.00)
Epoch: [108][ 50/101]	Time  0.405 ( 0.421)	Data  0.000 ( 0.034)	Loss 1.4685e-02 (1.6527e-02)	Acc@1  99.61 ( 99.39)	Acc@2 100.00 (100.00)
Epoch: [108][ 60/101]	Time  0.421 ( 0.421)	Data  0.000 ( 0.033)	Loss 8.3062e-03 (1.6290e-02)	Acc@1  99.61 ( 99.37)	Acc@2 100.00 (100.00)
Epoch: [108][ 70/101]	Time  0.420 ( 0.420)	Data  0.000 ( 0.032)	Loss 9.4225e-03 (1.6774e-02)	Acc@1  99.61 ( 99.34)	Acc@2 100.00 (100.00)
Epoch: [108][ 80/101]	Time  0.430 ( 0.420)	Data  0.000 ( 0.031)	Loss 1.5792e-02 (1.6886e-02)	Acc@1  99.22 ( 99.35)	Acc@2 100.00 (100.00)
Epoch: [108][ 90/101]	Time  0.401 ( 0.420)	Data  0.000 ( 0.031)	Loss 5.8372e-02 (1.6997e-02)	Acc@1  98.05 ( 99.36)	Acc@2 100.00 (100.00)
Epoch: [108][100/101]	Time  0.368 ( 0.419)	Data  0.000 ( 0.030)	Loss 1.7552e-02 (1.7688e-02)	Acc@1  99.32 ( 99.33)	Acc@2 100.00 (100.00)
Test: [ 0/34]	Time  0.620 ( 0.620)	Loss 1.1221e-03 (1.1221e-03)	Acc@1 100.00 (100.00)	Acc@2 100.00 (100.00)
Test: [10/34]	Time  0.123 ( 0.169)	Loss 6.3020e-03 (2.2986e-02)	Acc@1  99.61 ( 99.61)	Acc@2 100.00 (100.00)
Test: [20/34]	Time  0.129 ( 0.149)	Loss 9.5446e-04 (2.2785e-02)	Acc@1 100.00 ( 99.65)	Acc@2 100.00 (100.00)
Test: [30/34]	Time  0.121 ( 0.141)	Loss 1.5648e-03 (1.8832e-02)	Acc@1 100.00 ( 99.68)	Acc@2 100.00 (100.00)
 * Acc@1 99.697 Acc@2 100.000
Epoch: [109][  0/101]	Time  0.635 ( 0.635)	Data  0.485 ( 0.485)	Loss 2.2949e-02 (2.2949e-02)	Acc@1  98.83 ( 98.83)	Acc@2 100.00 (100.00)
Epoch: [109][ 10/101]	Time  0.416 ( 0.435)	Data  0.000 ( 0.067)	Loss 2.5595e-02 (2.2810e-02)	Acc@1  99.22 ( 99.15)	Acc@2 100.00 (100.00)
Epoch: [109][ 20/101]	Time  0.402 ( 0.426)	Data  0.000 ( 0.048)	Loss 1.6688e-02 (2.2625e-02)	Acc@1  98.83 ( 99.16)	Acc@2 100.00 (100.00)
Epoch: [109][ 30/101]	Time  0.417 ( 0.424)	Data  0.000 ( 0.041)	Loss 1.4467e-02 (2.0143e-02)	Acc@1  99.22 ( 99.26)	Acc@2 100.00 (100.00)
Epoch: [109][ 40/101]	Time  0.399 ( 0.422)	Data  0.000 ( 0.037)	Loss 4.6904e-03 (1.9113e-02)	Acc@1 100.00 ( 99.28)	Acc@2 100.00 (100.00)
Epoch: [109][ 50/101]	Time  0.443 ( 0.421)	Data  0.000 ( 0.035)	Loss 1.0381e-02 (1.8188e-02)	Acc@1  99.61 ( 99.33)	Acc@2 100.00 (100.00)
Epoch: [109][ 60/101]	Time  0.407 ( 0.421)	Data  0.000 ( 0.034)	Loss 3.0994e-02 (1.8740e-02)	Acc@1  98.05 ( 99.30)	Acc@2 100.00 (100.00)
Epoch: [109][ 70/101]	Time  0.425 ( 0.420)	Data  0.000 ( 0.033)	Loss 4.0868e-03 (1.8078e-02)	Acc@1 100.00 ( 99.31)	Acc@2 100.00 (100.00)
Epoch: [109][ 80/101]	Time  0.407 ( 0.420)	Data  0.000 ( 0.032)	Loss 1.5529e-02 (1.7515e-02)	Acc@1  99.22 ( 99.35)	Acc@2 100.00 (100.00)
Epoch: [109][ 90/101]	Time  0.430 ( 0.420)	Data  0.000 ( 0.031)	Loss 1.0020e-02 (1.7405e-02)	Acc@1 100.00 ( 99.37)	Acc@2 100.00 (100.00)
Epoch: [109][100/101]	Time  0.359 ( 0.420)	Data  0.000 ( 0.031)	Loss 1.1051e-03 (1.7885e-02)	Acc@1 100.00 ( 99.35)	Acc@2 100.00 (100.00)
Test: [ 0/34]	Time  0.575 ( 0.575)	Loss 8.5661e-04 (8.5661e-04)	Acc@1 100.00 (100.00)	Acc@2 100.00 (100.00)
Test: [10/34]	Time  0.122 ( 0.165)	Loss 5.3020e-03 (2.1589e-02)	Acc@1  99.61 ( 99.64)	Acc@2 100.00 (100.00)
Test: [20/34]	Time  0.124 ( 0.146)	Loss 1.0995e-03 (2.1506e-02)	Acc@1 100.00 ( 99.67)	Acc@2 100.00 (100.00)
Test: [30/34]	Time  0.123 ( 0.139)	Loss 1.8676e-03 (1.7863e-02)	Acc@1 100.00 ( 99.71)	Acc@2 100.00 (100.00)
 * Acc@1 99.721 Acc@2 100.000
Epoch: [110][  0/101]	Time  0.604 ( 0.604)	Data  0.447 ( 0.447)	Loss 8.5535e-03 (8.5535e-03)	Acc@1  99.22 ( 99.22)	Acc@2 100.00 (100.00)
Epoch: [110][ 10/101]	Time  0.429 ( 0.434)	Data  0.000 ( 0.064)	Loss 4.2410e-02 (1.3465e-02)	Acc@1  98.05 ( 99.47)	Acc@2 100.00 (100.00)
Epoch: [110][ 20/101]	Time  0.432 ( 0.425)	Data  0.000 ( 0.045)	Loss 1.5445e-03 (1.7300e-02)	Acc@1 100.00 ( 99.29)	Acc@2 100.00 (100.00)
Epoch: [110][ 30/101]	Time  0.428 ( 0.424)	Data  0.000 ( 0.039)	Loss 2.1819e-02 (1.8546e-02)	Acc@1  99.22 ( 99.22)	Acc@2 100.00 (100.00)
Epoch: [110][ 40/101]	Time  0.424 ( 0.422)	Data  0.000 ( 0.036)	Loss 2.4014e-02 (1.7616e-02)	Acc@1  98.05 ( 99.25)	Acc@2 100.00 (100.00)
Epoch: [110][ 50/101]	Time  0.415 ( 0.423)	Data  0.000 ( 0.034)	Loss 9.9402e-03 (1.7221e-02)	Acc@1 100.00 ( 99.30)	Acc@2 100.00 (100.00)
Epoch: [110][ 60/101]	Time  0.425 ( 0.422)	Data  0.000 ( 0.032)	Loss 1.6405e-02 (1.7447e-02)	Acc@1  99.22 ( 99.29)	Acc@2 100.00 (100.00)
Epoch: [110][ 70/101]	Time  0.436 ( 0.421)	Data  0.000 ( 0.032)	Loss 3.7367e-02 (1.7706e-02)	Acc@1  98.83 ( 99.29)	Acc@2 100.00 (100.00)
Epoch: [110][ 80/101]	Time  0.406 ( 0.420)	Data  0.000 ( 0.031)	Loss 7.3082e-03 (1.7938e-02)	Acc@1  99.61 ( 99.28)	Acc@2 100.00 (100.00)
Epoch: [110][ 90/101]	Time  0.421 ( 0.420)	Data  0.000 ( 0.030)	Loss 8.9375e-03 (1.7389e-02)	Acc@1  99.61 ( 99.31)	Acc@2 100.00 (100.00)
Epoch: [110][100/101]	Time  0.360 ( 0.419)	Data  0.000 ( 0.030)	Loss 2.0438e-03 (1.7942e-02)	Acc@1 100.00 ( 99.30)	Acc@2 100.00 (100.00)
Test: [ 0/34]	Time  0.540 ( 0.540)	Loss 5.8922e-04 (5.8922e-04)	Acc@1 100.00 (100.00)	Acc@2 100.00 (100.00)
Test: [10/34]	Time  0.122 ( 0.162)	Loss 4.0052e-03 (2.0062e-02)	Acc@1  99.61 ( 99.68)	Acc@2 100.00 (100.00)
Test: [20/34]	Time  0.121 ( 0.144)	Loss 1.3259e-03 (2.0144e-02)	Acc@1 100.00 ( 99.68)	Acc@2 100.00 (100.00)
Test: [30/34]	Time  0.122 ( 0.138)	Loss 2.4128e-03 (1.7263e-02)	Acc@1 100.00 ( 99.71)	Acc@2 100.00 (100.00)
 * Acc@1 99.721 Acc@2 100.000
Epoch: [111][  0/101]	Time  0.628 ( 0.628)	Data  0.469 ( 0.469)	Loss 8.4393e-03 (8.4393e-03)	Acc@1  99.61 ( 99.61)	Acc@2 100.00 (100.00)
Epoch: [111][ 10/101]	Time  0.397 ( 0.433)	Data  0.000 ( 0.066)	Loss 2.9138e-02 (1.6313e-02)	Acc@1  98.05 ( 99.22)	Acc@2 100.00 (100.00)
Epoch: [111][ 20/101]	Time  0.416 ( 0.426)	Data  0.000 ( 0.046)	Loss 3.9348e-03 (1.7792e-02)	Acc@1 100.00 ( 99.31)	Acc@2 100.00 (100.00)
Epoch: [111][ 30/101]	Time  0.401 ( 0.422)	Data  0.000 ( 0.040)	Loss 2.4125e-02 (1.9514e-02)	Acc@1  98.44 ( 99.27)	Acc@2 100.00 (100.00)
Epoch: [111][ 40/101]	Time  0.425 ( 0.420)	Data  0.000 ( 0.036)	Loss 6.5077e-03 (1.8913e-02)	Acc@1 100.00 ( 99.27)	Acc@2 100.00 (100.00)
Epoch: [111][ 50/101]	Time  0.419 ( 0.420)	Data  0.000 ( 0.034)	Loss 1.3931e-02 (1.8339e-02)	Acc@1  99.22 ( 99.27)	Acc@2 100.00 (100.00)
Epoch: [111][ 60/101]	Time  0.416 ( 0.421)	Data  0.000 ( 0.032)	Loss 1.3596e-02 (1.7287e-02)	Acc@1  98.83 ( 99.32)	Acc@2 100.00 (100.00)
Epoch: [111][ 70/101]	Time  0.409 ( 0.420)	Data  0.000 ( 0.032)	Loss 3.0788e-02 (1.6959e-02)	Acc@1  98.83 ( 99.35)	Acc@2 100.00 (100.00)
Epoch: [111][ 80/101]	Time  0.438 ( 0.420)	Data  0.000 ( 0.031)	Loss 1.6881e-02 (1.7297e-02)	Acc@1  99.22 ( 99.33)	Acc@2 100.00 (100.00)
Epoch: [111][ 90/101]	Time  0.397 ( 0.419)	Data  0.000 ( 0.030)	Loss 1.1161e-02 (1.7018e-02)	Acc@1  99.61 ( 99.35)	Acc@2 100.00 (100.00)
Epoch: [111][100/101]	Time  0.384 ( 0.419)	Data  0.000 ( 0.030)	Loss 3.6060e-03 (1.6943e-02)	Acc@1 100.00 ( 99.36)	Acc@2 100.00 (100.00)
Test: [ 0/34]	Time  0.545 ( 0.545)	Loss 9.7958e-04 (9.7958e-04)	Acc@1 100.00 (100.00)	Acc@2 100.00 (100.00)
Test: [10/34]	Time  0.122 ( 0.163)	Loss 6.3261e-03 (2.2226e-02)	Acc@1  99.61 ( 99.64)	Acc@2 100.00 (100.00)
Test: [20/34]	Time  0.123 ( 0.145)	Loss 9.5729e-04 (2.2010e-02)	Acc@1 100.00 ( 99.67)	Acc@2 100.00 (100.00)
Test: [30/34]	Time  0.120 ( 0.138)	Loss 1.5390e-03 (1.8158e-02)	Acc@1 100.00 ( 99.71)	Acc@2 100.00 (100.00)
 * Acc@1 99.721 Acc@2 100.000
Epoch: [112][  0/101]	Time  0.634 ( 0.634)	Data  0.477 ( 0.477)	Loss 1.3795e-02 (1.3795e-02)	Acc@1  99.22 ( 99.22)	Acc@2 100.00 (100.00)
Epoch: [112][ 10/101]	Time  0.421 ( 0.439)	Data  0.000 ( 0.065)	Loss 7.7791e-03 (1.4113e-02)	Acc@1  99.61 ( 99.33)	Acc@2 100.00 (100.00)
Epoch: [112][ 20/101]	Time  0.429 ( 0.429)	Data  0.000 ( 0.047)	Loss 7.6114e-03 (1.4920e-02)	Acc@1  99.61 ( 99.37)	Acc@2 100.00 (100.00)
Epoch: [112][ 30/101]	Time  0.421 ( 0.425)	Data  0.000 ( 0.040)	Loss 1.9164e-02 (1.8850e-02)	Acc@1  99.22 ( 99.19)	Acc@2 100.00 (100.00)
Epoch: [112][ 40/101]	Time  0.414 ( 0.423)	Data  0.000 ( 0.036)	Loss 1.0407e-02 (1.7809e-02)	Acc@1  99.61 ( 99.26)	Acc@2 100.00 (100.00)
Epoch: [112][ 50/101]	Time  0.413 ( 0.421)	Data  0.000 ( 0.034)	Loss 1.7658e-02 (1.7285e-02)	Acc@1  99.61 ( 99.29)	Acc@2 100.00 (100.00)
Epoch: [112][ 60/101]	Time  0.414 ( 0.421)	Data  0.000 ( 0.033)	Loss 5.6265e-03 (1.7669e-02)	Acc@1 100.00 ( 99.28)	Acc@2 100.00 (100.00)
Epoch: [112][ 70/101]	Time  0.410 ( 0.420)	Data  0.000 ( 0.032)	Loss 1.3515e-02 (1.7293e-02)	Acc@1  99.61 ( 99.31)	Acc@2 100.00 (100.00)
Epoch: [112][ 80/101]	Time  0.414 ( 0.419)	Data  0.000 ( 0.031)	Loss 3.5886e-03 (1.7494e-02)	Acc@1 100.00 ( 99.32)	Acc@2 100.00 (100.00)
Epoch: [112][ 90/101]	Time  0.420 ( 0.419)	Data  0.000 ( 0.030)	Loss 4.7006e-02 (1.7623e-02)	Acc@1  98.83 ( 99.31)	Acc@2 100.00 (100.00)
Epoch: [112][100/101]	Time  0.396 ( 0.418)	Data  0.000 ( 0.030)	Loss 2.1782e-02 (1.7592e-02)	Acc@1  99.32 ( 99.30)	Acc@2 100.00 (100.00)
Test: [ 0/34]	Time  0.546 ( 0.546)	Loss 6.7301e-04 (6.7301e-04)	Acc@1 100.00 (100.00)	Acc@2 100.00 (100.00)
Test: [10/34]	Time  0.121 ( 0.165)	Loss 4.3194e-03 (2.0430e-02)	Acc@1  99.61 ( 99.68)	Acc@2 100.00 (100.00)
Test: [20/34]	Time  0.122 ( 0.146)	Loss 1.2775e-03 (2.0469e-02)	Acc@1 100.00 ( 99.68)	Acc@2 100.00 (100.00)
Test: [30/34]	Time  0.123 ( 0.139)	Loss 2.3053e-03 (1.7379e-02)	Acc@1 100.00 ( 99.71)	Acc@2 100.00 (100.00)
 * Acc@1 99.721 Acc@2 100.000
Epoch: [113][  0/101]	Time  0.718 ( 0.718)	Data  0.565 ( 0.565)	Loss 3.5994e-03 (3.5994e-03)	Acc@1 100.00 (100.00)	Acc@2 100.00 (100.00)
Epoch: [113][ 10/101]	Time  0.428 ( 0.442)	Data  0.000 ( 0.073)	Loss 1.1443e-02 (1.1402e-02)	Acc@1  99.61 ( 99.57)	Acc@2 100.00 (100.00)
Epoch: [113][ 20/101]	Time  0.396 ( 0.429)	Data  0.000 ( 0.051)	Loss 1.5268e-02 (1.4928e-02)	Acc@1  99.61 ( 99.46)	Acc@2 100.00 (100.00)
Epoch: [113][ 30/101]	Time  0.434 ( 0.425)	Data  0.000 ( 0.043)	Loss 1.7592e-02 (1.6341e-02)	Acc@1  98.83 ( 99.38)	Acc@2 100.00 (100.00)
Epoch: [113][ 40/101]	Time  0.408 ( 0.422)	Data  0.000 ( 0.039)	Loss 2.7434e-02 (1.7468e-02)	Acc@1  99.61 ( 99.34)	Acc@2 100.00 (100.00)
Epoch: [113][ 50/101]	Time  0.418 ( 0.421)	Data  0.000 ( 0.036)	Loss 1.9219e-02 (1.7198e-02)	Acc@1  99.22 ( 99.37)	Acc@2 100.00 (100.00)
Epoch: [113][ 60/101]	Time  0.401 ( 0.420)	Data  0.000 ( 0.034)	Loss 1.9503e-02 (1.8241e-02)	Acc@1  99.22 ( 99.31)	Acc@2 100.00 (100.00)
Epoch: [113][ 70/101]	Time  0.428 ( 0.419)	Data  0.000 ( 0.033)	Loss 5.9151e-02 (1.7754e-02)	Acc@1  97.66 ( 99.36)	Acc@2 100.00 (100.00)
Epoch: [113][ 80/101]	Time  0.393 ( 0.420)	Data  0.000 ( 0.032)	Loss 1.9135e-02 (1.8451e-02)	Acc@1  99.61 ( 99.33)	Acc@2 100.00 (100.00)
Epoch: [113][ 90/101]	Time  0.420 ( 0.419)	Data  0.000 ( 0.031)	Loss 1.0368e-02 (1.7963e-02)	Acc@1  99.61 ( 99.35)	Acc@2 100.00 (100.00)
Epoch: [113][100/101]	Time  0.357 ( 0.418)	Data  0.000 ( 0.031)	Loss 5.7830e-03 (1.7777e-02)	Acc@1 100.00 ( 99.35)	Acc@2 100.00 (100.00)
Test: [ 0/34]	Time  0.543 ( 0.543)	Loss 1.1027e-03 (1.1027e-03)	Acc@1 100.00 (100.00)	Acc@2 100.00 (100.00)
Test: [10/34]	Time  0.122 ( 0.162)	Loss 7.2698e-03 (2.2757e-02)	Acc@1  99.61 ( 99.61)	Acc@2 100.00 (100.00)
Test: [20/34]	Time  0.121 ( 0.144)	Loss 8.2671e-04 (2.2336e-02)	Acc@1 100.00 ( 99.65)	Acc@2 100.00 (100.00)
Test: [30/34]	Time  0.127 ( 0.137)	Loss 1.3850e-03 (1.7901e-02)	Acc@1 100.00 ( 99.70)	Acc@2 100.00 (100.00)
 * Acc@1 99.709 Acc@2 100.000
Epoch: [114][  0/101]	Time  0.677 ( 0.677)	Data  0.531 ( 0.531)	Loss 1.9567e-02 (1.9567e-02)	Acc@1  99.22 ( 99.22)	Acc@2 100.00 (100.00)
Epoch: [114][ 10/101]	Time  0.425 ( 0.441)	Data  0.000 ( 0.074)	Loss 1.3751e-02 (2.1027e-02)	Acc@1  99.22 ( 99.33)	Acc@2 100.00 (100.00)
Epoch: [114][ 20/101]	Time  0.418 ( 0.429)	Data  0.000 ( 0.050)	Loss 1.0804e-02 (1.8990e-02)	Acc@1  99.61 ( 99.33)	Acc@2 100.00 (100.00)
Epoch: [114][ 30/101]	Time  0.408 ( 0.424)	Data  0.000 ( 0.043)	Loss 3.2100e-02 (1.7892e-02)	Acc@1  98.83 ( 99.36)	Acc@2 100.00 (100.00)
Epoch: [114][ 40/101]	Time  0.425 ( 0.422)	Data  0.000 ( 0.038)	Loss 1.8847e-02 (1.7367e-02)	Acc@1  99.22 ( 99.37)	Acc@2 100.00 (100.00)
Epoch: [114][ 50/101]	Time  0.405 ( 0.421)	Data  0.000 ( 0.036)	Loss 2.3553e-02 (1.7601e-02)	Acc@1  99.22 ( 99.36)	Acc@2 100.00 (100.00)
Epoch: [114][ 60/101]	Time  0.413 ( 0.420)	Data  0.000 ( 0.034)	Loss 2.2497e-02 (1.8575e-02)	Acc@1  99.22 ( 99.32)	Acc@2 100.00 (100.00)
Epoch: [114][ 70/101]	Time  0.418 ( 0.420)	Data  0.000 ( 0.033)	Loss 3.1649e-02 (1.8538e-02)	Acc@1  98.83 ( 99.32)	Acc@2 100.00 (100.00)
Epoch: [114][ 80/101]	Time  0.424 ( 0.419)	Data  0.000 ( 0.032)	Loss 1.0368e-02 (1.7910e-02)	Acc@1  99.61 ( 99.34)	Acc@2 100.00 (100.00)
Epoch: [114][ 90/101]	Time  0.427 ( 0.420)	Data  0.000 ( 0.032)	Loss 2.6121e-02 (1.7900e-02)	Acc@1  98.83 ( 99.33)	Acc@2 100.00 (100.00)
Epoch: [114][100/101]	Time  0.365 ( 0.419)	Data  0.000 ( 0.031)	Loss 3.3159e-02 (1.8671e-02)	Acc@1  97.26 ( 99.29)	Acc@2 100.00 (100.00)
Test: [ 0/34]	Time  0.542 ( 0.542)	Loss 9.4281e-04 (9.4281e-04)	Acc@1 100.00 (100.00)	Acc@2 100.00 (100.00)
Test: [10/34]	Time  0.123 ( 0.165)	Loss 5.7141e-03 (2.1708e-02)	Acc@1  99.61 ( 99.61)	Acc@2 100.00 (100.00)
Test: [20/34]	Time  0.126 ( 0.146)	Loss 9.6453e-04 (2.1513e-02)	Acc@1 100.00 ( 99.65)	Acc@2 100.00 (100.00)
Test: [30/34]	Time  0.121 ( 0.139)	Loss 1.7203e-03 (1.7667e-02)	Acc@1 100.00 ( 99.70)	Acc@2 100.00 (100.00)
 * Acc@1 99.709 Acc@2 100.000
Epoch: [115][  0/101]	Time  0.577 ( 0.577)	Data  0.422 ( 0.422)	Loss 1.1422e-02 (1.1422e-02)	Acc@1  99.61 ( 99.61)	Acc@2 100.00 (100.00)
Epoch: [115][ 10/101]	Time  0.408 ( 0.429)	Data  0.000 ( 0.062)	Loss 1.3881e-02 (1.9096e-02)	Acc@1  99.22 ( 99.08)	Acc@2 100.00 (100.00)
Epoch: [115][ 20/101]	Time  0.430 ( 0.423)	Data  0.000 ( 0.044)	Loss 7.8349e-03 (1.8285e-02)	Acc@1  99.61 ( 99.20)	Acc@2 100.00 (100.00)
Epoch: [115][ 30/101]	Time  0.405 ( 0.421)	Data  0.000 ( 0.039)	Loss 1.4166e-02 (1.8313e-02)	Acc@1  99.22 ( 99.22)	Acc@2 100.00 (100.00)
Epoch: [115][ 40/101]	Time  0.410 ( 0.420)	Data  0.000 ( 0.035)	Loss 4.4037e-03 (1.8163e-02)	Acc@1 100.00 ( 99.26)	Acc@2 100.00 (100.00)
Epoch: [115][ 50/101]	Time  0.390 ( 0.419)	Data  0.000 ( 0.033)	Loss 2.2989e-02 (1.7783e-02)	Acc@1  98.83 ( 99.26)	Acc@2 100.00 (100.00)
Epoch: [115][ 60/101]	Time  0.425 ( 0.419)	Data  0.000 ( 0.032)	Loss 9.5841e-03 (1.8062e-02)	Acc@1  99.61 ( 99.27)	Acc@2 100.00 (100.00)
Epoch: [115][ 70/101]	Time  0.404 ( 0.418)	Data  0.000 ( 0.031)	Loss 5.7822e-03 (1.8674e-02)	Acc@1  99.61 ( 99.27)	Acc@2 100.00 (100.00)
Epoch: [115][ 80/101]	Time  0.419 ( 0.418)	Data  0.000 ( 0.031)	Loss 1.9412e-02 (1.8432e-02)	Acc@1  98.83 ( 99.28)	Acc@2 100.00 (100.00)
Epoch: [115][ 90/101]	Time  0.411 ( 0.418)	Data  0.000 ( 0.030)	Loss 3.6842e-02 (1.8390e-02)	Acc@1  99.22 ( 99.28)	Acc@2 100.00 (100.00)
Epoch: [115][100/101]	Time  0.405 ( 0.417)	Data  0.000 ( 0.030)	Loss 2.4200e-02 (1.8467e-02)	Acc@1  99.32 ( 99.28)	Acc@2 100.00 (100.00)
Test: [ 0/34]	Time  0.573 ( 0.573)	Loss 8.7543e-04 (8.7543e-04)	Acc@1 100.00 (100.00)	Acc@2 100.00 (100.00)
Test: [10/34]	Time  0.122 ( 0.164)	Loss 5.5394e-03 (2.1731e-02)	Acc@1  99.61 ( 99.64)	Acc@2 100.00 (100.00)
Test: [20/34]	Time  0.128 ( 0.146)	Loss 9.5849e-04 (2.1640e-02)	Acc@1 100.00 ( 99.67)	Acc@2 100.00 (100.00)
Test: [30/34]	Time  0.124 ( 0.139)	Loss 1.9700e-03 (1.8210e-02)	Acc@1 100.00 ( 99.70)	Acc@2 100.00 (100.00)
 * Acc@1 99.709 Acc@2 100.000
Epoch: [116][  0/101]	Time  0.646 ( 0.646)	Data  0.501 ( 0.501)	Loss 2.1550e-02 (2.1550e-02)	Acc@1  99.22 ( 99.22)	Acc@2 100.00 (100.00)
Epoch: [116][ 10/101]	Time  0.415 ( 0.437)	Data  0.000 ( 0.069)	Loss 2.9233e-02 (2.3852e-02)	Acc@1  98.44 ( 98.93)	Acc@2 100.00 (100.00)
Epoch: [116][ 20/101]	Time  0.434 ( 0.429)	Data  0.000 ( 0.049)	Loss 1.2551e-02 (1.8355e-02)	Acc@1  99.61 ( 99.14)	Acc@2 100.00 (100.00)
Epoch: [116][ 30/101]	Time  0.420 ( 0.425)	Data  0.000 ( 0.042)	Loss 4.0179e-02 (1.9517e-02)	Acc@1  99.22 ( 99.24)	Acc@2 100.00 (100.00)
Epoch: [116][ 40/101]	Time  0.432 ( 0.424)	Data  0.000 ( 0.038)	Loss 2.1585e-02 (1.8357e-02)	Acc@1  99.22 ( 99.26)	Acc@2 100.00 (100.00)
Epoch: [116][ 50/101]	Time  0.407 ( 0.422)	Data  0.000 ( 0.036)	Loss 1.7441e-02 (1.7519e-02)	Acc@1  98.83 ( 99.31)	Acc@2 100.00 (100.00)
Epoch: [116][ 60/101]	Time  0.441 ( 0.422)	Data  0.000 ( 0.034)	Loss 9.7549e-03 (1.6719e-02)	Acc@1 100.00 ( 99.36)	Acc@2 100.00 (100.00)
Epoch: [116][ 70/101]	Time  0.423 ( 0.421)	Data  0.000 ( 0.033)	Loss 2.5929e-02 (1.6944e-02)	Acc@1  98.83 ( 99.35)	Acc@2 100.00 (100.00)
Epoch: [116][ 80/101]	Time  0.425 ( 0.421)	Data  0.000 ( 0.032)	Loss 1.0269e-02 (1.7038e-02)	Acc@1 100.00 ( 99.34)	Acc@2 100.00 (100.00)
Epoch: [116][ 90/101]	Time  0.413 ( 0.420)	Data  0.000 ( 0.031)	Loss 1.5601e-02 (1.6959e-02)	Acc@1  99.61 ( 99.34)	Acc@2 100.00 (100.00)
Epoch: [116][100/101]	Time  0.381 ( 0.420)	Data  0.000 ( 0.031)	Loss 3.5245e-03 (1.7118e-02)	Acc@1 100.00 ( 99.34)	Acc@2 100.00 (100.00)
Test: [ 0/34]	Time  0.537 ( 0.537)	Loss 5.9130e-04 (5.9130e-04)	Acc@1 100.00 (100.00)	Acc@2 100.00 (100.00)
Test: [10/34]	Time  0.122 ( 0.162)	Loss 4.2361e-03 (2.0394e-02)	Acc@1  99.61 ( 99.68)	Acc@2 100.00 (100.00)
Test: [20/34]	Time  0.122 ( 0.144)	Loss 1.2583e-03 (2.0425e-02)	Acc@1 100.00 ( 99.68)	Acc@2 100.00 (100.00)
Test: [30/34]	Time  0.122 ( 0.138)	Loss 2.3799e-03 (1.7410e-02)	Acc@1 100.00 ( 99.71)	Acc@2 100.00 (100.00)
 * Acc@1 99.721 Acc@2 100.000
Epoch: [117][  0/101]	Time  0.602 ( 0.602)	Data  0.457 ( 0.457)	Loss 3.0021e-03 (3.0021e-03)	Acc@1 100.00 (100.00)	Acc@2 100.00 (100.00)
Epoch: [117][ 10/101]	Time  0.434 ( 0.434)	Data  0.000 ( 0.065)	Loss 2.0948e-02 (1.3440e-02)	Acc@1  99.22 ( 99.54)	Acc@2 100.00 (100.00)
Epoch: [117][ 20/101]	Time  0.404 ( 0.425)	Data  0.000 ( 0.047)	Loss 1.3119e-02 (1.4539e-02)	Acc@1  99.61 ( 99.53)	Acc@2 100.00 (100.00)
Epoch: [117][ 30/101]	Time  0.422 ( 0.422)	Data  0.000 ( 0.040)	Loss 1.4154e-02 (1.5079e-02)	Acc@1  99.22 ( 99.48)	Acc@2 100.00 (100.00)
Epoch: [117][ 40/101]	Time  0.403 ( 0.421)	Data  0.000 ( 0.037)	Loss 1.2809e-02 (1.6884e-02)	Acc@1  99.22 ( 99.34)	Acc@2 100.00 (100.00)
Epoch: [117][ 50/101]	Time  0.429 ( 0.420)	Data  0.000 ( 0.034)	Loss 4.4788e-02 (1.7720e-02)	Acc@1  97.66 ( 99.30)	Acc@2 100.00 (100.00)
Epoch: [117][ 60/101]	Time  0.408 ( 0.419)	Data  0.000 ( 0.033)	Loss 7.0301e-03 (1.7630e-02)	Acc@1 100.00 ( 99.31)	Acc@2 100.00 (100.00)
Epoch: [117][ 70/101]	Time  0.444 ( 0.419)	Data  0.000 ( 0.032)	Loss 3.3546e-02 (1.8480e-02)	Acc@1  98.83 ( 99.28)	Acc@2 100.00 (100.00)
Epoch: [117][ 80/101]	Time  0.406 ( 0.419)	Data  0.000 ( 0.031)	Loss 1.0785e-02 (1.8148e-02)	Acc@1  99.61 ( 99.31)	Acc@2 100.00 (100.00)
Epoch: [117][ 90/101]	Time  0.416 ( 0.419)	Data  0.000 ( 0.031)	Loss 1.9939e-02 (1.7590e-02)	Acc@1  99.22 ( 99.34)	Acc@2 100.00 (100.00)
Epoch: [117][100/101]	Time  0.362 ( 0.418)	Data  0.000 ( 0.030)	Loss 2.4714e-02 (1.7474e-02)	Acc@1  99.32 ( 99.35)	Acc@2 100.00 (100.00)
Test: [ 0/34]	Time  0.553 ( 0.553)	Loss 5.3751e-04 (5.3751e-04)	Acc@1 100.00 (100.00)	Acc@2 100.00 (100.00)
Test: [10/34]	Time  0.133 ( 0.167)	Loss 4.2142e-03 (2.0095e-02)	Acc@1  99.61 ( 99.68)	Acc@2 100.00 (100.00)
Test: [20/34]	Time  0.122 ( 0.147)	Loss 1.2965e-03 (2.0103e-02)	Acc@1 100.00 ( 99.68)	Acc@2 100.00 (100.00)
Test: [30/34]	Time  0.123 ( 0.139)	Loss 2.5520e-03 (1.7013e-02)	Acc@1 100.00 ( 99.72)	Acc@2 100.00 (100.00)
 * Acc@1 99.732 Acc@2 100.000
Epoch: [118][  0/101]	Time  0.697 ( 0.697)	Data  0.537 ( 0.537)	Loss 1.0178e-02 (1.0178e-02)	Acc@1 100.00 (100.00)	Acc@2 100.00 (100.00)
Epoch: [118][ 10/101]	Time  0.418 ( 0.440)	Data  0.000 ( 0.072)	Loss 2.0671e-02 (2.0713e-02)	Acc@1  98.83 ( 99.43)	Acc@2 100.00 (100.00)
Epoch: [118][ 20/101]	Time  0.425 ( 0.429)	Data  0.000 ( 0.049)	Loss 9.9776e-03 (1.9866e-02)	Acc@1  99.61 ( 99.27)	Acc@2 100.00 (100.00)
Epoch: [118][ 30/101]	Time  0.439 ( 0.426)	Data  0.000 ( 0.042)	Loss 2.6776e-02 (1.9289e-02)	Acc@1  99.22 ( 99.31)	Acc@2 100.00 (100.00)
Epoch: [118][ 40/101]	Time  0.414 ( 0.424)	Data  0.000 ( 0.038)	Loss 1.0845e-02 (1.8767e-02)	Acc@1 100.00 ( 99.33)	Acc@2 100.00 (100.00)
Epoch: [118][ 50/101]	Time  0.403 ( 0.422)	Data  0.000 ( 0.036)	Loss 3.7731e-03 (1.7425e-02)	Acc@1 100.00 ( 99.39)	Acc@2 100.00 (100.00)
Epoch: [118][ 60/101]	Time  0.429 ( 0.422)	Data  0.000 ( 0.034)	Loss 1.0194e-02 (1.7243e-02)	Acc@1  99.61 ( 99.38)	Acc@2 100.00 (100.00)
Epoch: [118][ 70/101]	Time  0.416 ( 0.422)	Data  0.000 ( 0.033)	Loss 1.0474e-02 (1.7446e-02)	Acc@1  99.61 ( 99.32)	Acc@2 100.00 (100.00)
Epoch: [118][ 80/101]	Time  0.411 ( 0.421)	Data  0.000 ( 0.032)	Loss 7.6962e-03 (1.8105e-02)	Acc@1  99.61 ( 99.30)	Acc@2 100.00 (100.00)
Epoch: [118][ 90/101]	Time  0.414 ( 0.421)	Data  0.000 ( 0.032)	Loss 7.7351e-03 (1.8018e-02)	Acc@1 100.00 ( 99.31)	Acc@2 100.00 (100.00)
Epoch: [118][100/101]	Time  0.389 ( 0.420)	Data  0.000 ( 0.031)	Loss 1.8866e-02 (1.7682e-02)	Acc@1  98.63 ( 99.33)	Acc@2 100.00 (100.00)
Test: [ 0/34]	Time  0.552 ( 0.552)	Loss 8.5922e-04 (8.5922e-04)	Acc@1 100.00 (100.00)	Acc@2 100.00 (100.00)
Test: [10/34]	Time  0.123 ( 0.162)	Loss 5.2214e-03 (2.1258e-02)	Acc@1  99.61 ( 99.68)	Acc@2 100.00 (100.00)
Test: [20/34]	Time  0.123 ( 0.144)	Loss 1.0898e-03 (2.1163e-02)	Acc@1 100.00 ( 99.68)	Acc@2 100.00 (100.00)
Test: [30/34]	Time  0.124 ( 0.138)	Loss 1.9837e-03 (1.7641e-02)	Acc@1 100.00 ( 99.71)	Acc@2 100.00 (100.00)
 * Acc@1 99.721 Acc@2 100.000
Epoch: [119][  0/101]	Time  0.573 ( 0.573)	Data  0.426 ( 0.426)	Loss 2.4403e-02 (2.4403e-02)	Acc@1  98.44 ( 98.44)	Acc@2 100.00 (100.00)
Epoch: [119][ 10/101]	Time  0.406 ( 0.429)	Data  0.000 ( 0.063)	Loss 3.9825e-02 (1.9625e-02)	Acc@1  98.44 ( 99.15)	Acc@2 100.00 (100.00)
Epoch: [119][ 20/101]	Time  0.419 ( 0.424)	Data  0.000 ( 0.045)	Loss 1.3795e-02 (1.8904e-02)	Acc@1  99.61 ( 99.26)	Acc@2 100.00 (100.00)
Epoch: [119][ 30/101]	Time  0.405 ( 0.421)	Data  0.000 ( 0.039)	Loss 1.0191e-02 (1.7585e-02)	Acc@1 100.00 ( 99.28)	Acc@2 100.00 (100.00)
Epoch: [119][ 40/101]	Time  0.432 ( 0.421)	Data  0.000 ( 0.036)	Loss 1.3478e-02 (1.7478e-02)	Acc@1  99.22 ( 99.30)	Acc@2 100.00 (100.00)
Epoch: [119][ 50/101]	Time  0.402 ( 0.420)	Data  0.000 ( 0.034)	Loss 1.9607e-02 (1.7210e-02)	Acc@1  98.83 ( 99.29)	Acc@2 100.00 (100.00)
Epoch: [119][ 60/101]	Time  0.411 ( 0.420)	Data  0.000 ( 0.032)	Loss 1.1019e-02 (1.7065e-02)	Acc@1  99.61 ( 99.30)	Acc@2 100.00 (100.00)
Epoch: [119][ 70/101]	Time  0.407 ( 0.419)	Data  0.000 ( 0.032)	Loss 5.1195e-02 (1.7227e-02)	Acc@1  97.66 ( 99.28)	Acc@2 100.00 (100.00)
Epoch: [119][ 80/101]	Time  0.444 ( 0.419)	Data  0.000 ( 0.031)	Loss 1.4307e-02 (1.7385e-02)	Acc@1  99.61 ( 99.29)	Acc@2 100.00 (100.00)
Epoch: [119][ 90/101]	Time  0.412 ( 0.418)	Data  0.000 ( 0.030)	Loss 1.0392e-02 (1.7731e-02)	Acc@1  99.61 ( 99.29)	Acc@2 100.00 (100.00)
Epoch: [119][100/101]	Time  0.393 ( 0.418)	Data  0.000 ( 0.030)	Loss 1.0419e-02 (1.7468e-02)	Acc@1  99.32 ( 99.29)	Acc@2 100.00 (100.00)
Test: [ 0/34]	Time  0.596 ( 0.596)	Loss 7.9570e-04 (7.9570e-04)	Acc@1 100.00 (100.00)	Acc@2 100.00 (100.00)
Test: [10/34]	Time  0.121 ( 0.167)	Loss 5.1274e-03 (2.1398e-02)	Acc@1  99.61 ( 99.68)	Acc@2 100.00 (100.00)
Test: [20/34]	Time  0.128 ( 0.147)	Loss 9.8946e-04 (2.1253e-02)	Acc@1 100.00 ( 99.68)	Acc@2 100.00 (100.00)
Test: [30/34]	Time  0.123 ( 0.139)	Loss 1.8780e-03 (1.7500e-02)	Acc@1 100.00 ( 99.72)	Acc@2 100.00 (100.00)
 * Acc@1 99.732 Acc@2 100.000
Epoch: [120][  0/101]	Time  0.607 ( 0.607)	Data  0.462 ( 0.462)	Loss 2.9926e-02 (2.9926e-02)	Acc@1  99.22 ( 99.22)	Acc@2 100.00 (100.00)
Epoch: [120][ 10/101]	Time  0.417 ( 0.431)	Data  0.000 ( 0.065)	Loss 4.8225e-03 (1.5543e-02)	Acc@1 100.00 ( 99.36)	Acc@2 100.00 (100.00)
Epoch: [120][ 20/101]	Time  0.444 ( 0.427)	Data  0.000 ( 0.047)	Loss 1.6562e-02 (1.6930e-02)	Acc@1  99.22 ( 99.33)	Acc@2 100.00 (100.00)
Epoch: [120][ 30/101]	Time  0.412 ( 0.423)	Data  0.000 ( 0.040)	Loss 1.9252e-02 (1.6998e-02)	Acc@1  99.22 ( 99.29)	Acc@2 100.00 (100.00)
Epoch: [120][ 40/101]	Time  0.411 ( 0.422)	Data  0.000 ( 0.037)	Loss 4.2678e-02 (1.8623e-02)	Acc@1  98.05 ( 99.22)	Acc@2 100.00 (100.00)
Epoch: [120][ 50/101]	Time  0.421 ( 0.420)	Data  0.000 ( 0.034)	Loss 2.9703e-02 (1.8708e-02)	Acc@1  98.44 ( 99.21)	Acc@2 100.00 (100.00)
Epoch: [120][ 60/101]	Time  0.418 ( 0.420)	Data  0.000 ( 0.033)	Loss 9.1563e-03 (1.8685e-02)	Acc@1 100.00 ( 99.24)	Acc@2 100.00 (100.00)
Epoch: [120][ 70/101]	Time  0.404 ( 0.419)	Data  0.000 ( 0.032)	Loss 2.4343e-02 (1.9136e-02)	Acc@1  99.22 ( 99.21)	Acc@2 100.00 (100.00)
Epoch: [120][ 80/101]	Time  0.419 ( 0.419)	Data  0.000 ( 0.031)	Loss 2.9472e-02 (1.9889e-02)	Acc@1  98.44 ( 99.18)	Acc@2 100.00 (100.00)
Epoch: [120][ 90/101]	Time  0.414 ( 0.418)	Data  0.000 ( 0.031)	Loss 1.9834e-02 (1.9851e-02)	Acc@1  99.22 ( 99.18)	Acc@2 100.00 (100.00)
Epoch: [120][100/101]	Time  0.387 ( 0.418)	Data  0.000 ( 0.030)	Loss 2.2203e-02 (1.9969e-02)	Acc@1  99.32 ( 99.18)	Acc@2 100.00 (100.00)
Test: [ 0/34]	Time  0.548 ( 0.548)	Loss 4.6441e-04 (4.6441e-04)	Acc@1 100.00 (100.00)	Acc@2 100.00 (100.00)
Test: [10/34]	Time  0.122 ( 0.168)	Loss 3.4005e-03 (1.9537e-02)	Acc@1  99.61 ( 99.68)	Acc@2 100.00 (100.00)
Test: [20/34]	Time  0.127 ( 0.147)	Loss 1.5775e-03 (1.9691e-02)	Acc@1 100.00 ( 99.68)	Acc@2 100.00 (100.00)
Test: [30/34]	Time  0.122 ( 0.140)	Loss 3.1050e-03 (1.7141e-02)	Acc@1 100.00 ( 99.67)	Acc@2 100.00 (100.00)
 * Acc@1 99.686 Acc@2 100.000
Epoch: [121][  0/101]	Time  0.617 ( 0.617)	Data  0.470 ( 0.470)	Loss 2.0803e-03 (2.0803e-03)	Acc@1 100.00 (100.00)	Acc@2 100.00 (100.00)
Epoch: [121][ 10/101]	Time  0.416 ( 0.435)	Data  0.000 ( 0.066)	Loss 2.3318e-02 (1.4499e-02)	Acc@1  99.22 ( 99.47)	Acc@2 100.00 (100.00)
Epoch: [121][ 20/101]	Time  0.409 ( 0.425)	Data  0.000 ( 0.047)	Loss 1.7803e-02 (1.6263e-02)	Acc@1  99.22 ( 99.35)	Acc@2 100.00 (100.00)
Epoch: [121][ 30/101]	Time  0.427 ( 0.424)	Data  0.000 ( 0.040)	Loss 4.8006e-03 (2.0123e-02)	Acc@1 100.00 ( 99.22)	Acc@2 100.00 (100.00)
Epoch: [121][ 40/101]	Time  0.410 ( 0.422)	Data  0.000 ( 0.036)	Loss 4.3156e-03 (1.8222e-02)	Acc@1 100.00 ( 99.28)	Acc@2 100.00 (100.00)
Epoch: [121][ 50/101]	Time  0.422 ( 0.421)	Data  0.000 ( 0.034)	Loss 1.9907e-02 (1.8469e-02)	Acc@1  99.22 ( 99.24)	Acc@2 100.00 (100.00)
Epoch: [121][ 60/101]	Time  0.402 ( 0.420)	Data  0.000 ( 0.033)	Loss 9.1800e-03 (1.8536e-02)	Acc@1  99.22 ( 99.23)	Acc@2 100.00 (100.00)
Epoch: [121][ 70/101]	Time  0.434 ( 0.419)	Data  0.000 ( 0.032)	Loss 2.5889e-03 (1.7847e-02)	Acc@1 100.00 ( 99.27)	Acc@2 100.00 (100.00)
Epoch: [121][ 80/101]	Time  0.395 ( 0.419)	Data  0.000 ( 0.031)	Loss 4.6684e-03 (1.7685e-02)	Acc@1 100.00 ( 99.29)	Acc@2 100.00 (100.00)
Epoch: [121][ 90/101]	Time  0.409 ( 0.418)	Data  0.000 ( 0.030)	Loss 1.4013e-02 (1.7328e-02)	Acc@1  99.22 ( 99.30)	Acc@2 100.00 (100.00)
Epoch: [121][100/101]	Time  0.357 ( 0.418)	Data  0.000 ( 0.030)	Loss 1.6164e-02 (1.7793e-02)	Acc@1  98.63 ( 99.30)	Acc@2 100.00 (100.00)
Test: [ 0/34]	Time  0.563 ( 0.563)	Loss 7.0948e-04 (7.0948e-04)	Acc@1 100.00 (100.00)	Acc@2 100.00 (100.00)
Test: [10/34]	Time  0.124 ( 0.166)	Loss 5.0540e-03 (2.0983e-02)	Acc@1  99.61 ( 99.68)	Acc@2 100.00 (100.00)
Test: [20/34]	Time  0.122 ( 0.146)	Loss 1.0645e-03 (2.0846e-02)	Acc@1 100.00 ( 99.68)	Acc@2 100.00 (100.00)
Test: [30/34]	Time  0.122 ( 0.139)	Loss 1.8488e-03 (1.7232e-02)	Acc@1 100.00 ( 99.72)	Acc@2 100.00 (100.00)
 * Acc@1 99.732 Acc@2 100.000
Epoch: [122][  0/101]	Time  0.717 ( 0.717)	Data  0.567 ( 0.567)	Loss 2.0548e-02 (2.0548e-02)	Acc@1  99.61 ( 99.61)	Acc@2 100.00 (100.00)
Epoch: [122][ 10/101]	Time  0.429 ( 0.445)	Data  0.000 ( 0.076)	Loss 2.8391e-02 (1.8815e-02)	Acc@1  99.22 ( 99.15)	Acc@2 100.00 (100.00)
Epoch: [122][ 20/101]	Time  0.418 ( 0.432)	Data  0.000 ( 0.051)	Loss 3.5877e-02 (1.7944e-02)	Acc@1  98.05 ( 99.24)	Acc@2 100.00 (100.00)
Epoch: [122][ 30/101]	Time  0.430 ( 0.427)	Data  0.000 ( 0.043)	Loss 3.0858e-02 (1.8369e-02)	Acc@1  98.83 ( 99.24)	Acc@2 100.00 (100.00)
Epoch: [122][ 40/101]	Time  0.431 ( 0.425)	Data  0.000 ( 0.039)	Loss 1.4731e-02 (1.8120e-02)	Acc@1  99.22 ( 99.24)	Acc@2 100.00 (100.00)
Epoch: [122][ 50/101]	Time  0.435 ( 0.424)	Data  0.000 ( 0.036)	Loss 4.5033e-03 (1.7303e-02)	Acc@1 100.00 ( 99.29)	Acc@2 100.00 (100.00)
Epoch: [122][ 60/101]	Time  0.409 ( 0.422)	Data  0.000 ( 0.034)	Loss 1.1707e-02 (1.7919e-02)	Acc@1  99.61 ( 99.29)	Acc@2 100.00 (100.00)
Epoch: [122][ 70/101]	Time  0.421 ( 0.422)	Data  0.000 ( 0.033)	Loss 2.3094e-02 (1.7855e-02)	Acc@1  98.83 ( 99.31)	Acc@2 100.00 (100.00)
Epoch: [122][ 80/101]	Time  0.420 ( 0.422)	Data  0.000 ( 0.032)	Loss 1.7889e-02 (1.7150e-02)	Acc@1  99.22 ( 99.33)	Acc@2 100.00 (100.00)
Epoch: [122][ 90/101]	Time  0.436 ( 0.422)	Data  0.000 ( 0.032)	Loss 2.6608e-02 (1.7095e-02)	Acc@1  98.83 ( 99.32)	Acc@2 100.00 (100.00)
Epoch: [122][100/101]	Time  0.363 ( 0.420)	Data  0.000 ( 0.031)	Loss 2.2006e-02 (1.6958e-02)	Acc@1  98.63 ( 99.33)	Acc@2 100.00 (100.00)
Test: [ 0/34]	Time  0.544 ( 0.544)	Loss 7.6258e-04 (7.6258e-04)	Acc@1 100.00 (100.00)	Acc@2 100.00 (100.00)
Test: [10/34]	Time  0.124 ( 0.163)	Loss 5.1821e-03 (2.1270e-02)	Acc@1  99.61 ( 99.68)	Acc@2 100.00 (100.00)
Test: [20/34]	Time  0.123 ( 0.145)	Loss 1.1073e-03 (2.1150e-02)	Acc@1 100.00 ( 99.68)	Acc@2 100.00 (100.00)
Test: [30/34]	Time  0.121 ( 0.138)	Loss 2.1017e-03 (1.7613e-02)	Acc@1 100.00 ( 99.72)	Acc@2 100.00 (100.00)
 * Acc@1 99.732 Acc@2 100.000
Epoch: [123][  0/101]	Time  0.723 ( 0.723)	Data  0.568 ( 0.568)	Loss 1.8876e-02 (1.8876e-02)	Acc@1  99.22 ( 99.22)	Acc@2 100.00 (100.00)
Epoch: [123][ 10/101]	Time  0.396 ( 0.443)	Data  0.000 ( 0.075)	Loss 1.8283e-02 (2.0766e-02)	Acc@1  99.61 ( 99.11)	Acc@2 100.00 (100.00)
Epoch: [123][ 20/101]	Time  0.416 ( 0.430)	Data  0.000 ( 0.051)	Loss 7.0698e-03 (1.9436e-02)	Acc@1  99.61 ( 99.22)	Acc@2 100.00 (100.00)
Epoch: [123][ 30/101]	Time  0.404 ( 0.426)	Data  0.000 ( 0.043)	Loss 1.2070e-02 (2.0159e-02)	Acc@1  99.61 ( 99.19)	Acc@2 100.00 (100.00)
Epoch: [123][ 40/101]	Time  0.425 ( 0.423)	Data  0.000 ( 0.039)	Loss 1.1620e-02 (2.0409e-02)	Acc@1  99.61 ( 99.20)	Acc@2 100.00 (100.00)
Epoch: [123][ 50/101]	Time  0.400 ( 0.422)	Data  0.000 ( 0.037)	Loss 9.3858e-03 (2.0379e-02)	Acc@1  99.61 ( 99.20)	Acc@2 100.00 (100.00)
Epoch: [123][ 60/101]	Time  0.429 ( 0.422)	Data  0.000 ( 0.035)	Loss 1.1292e-02 (2.0784e-02)	Acc@1  99.61 ( 99.18)	Acc@2 100.00 (100.00)
Epoch: [123][ 70/101]	Time  0.409 ( 0.421)	Data  0.000 ( 0.034)	Loss 1.4870e-02 (2.0276e-02)	Acc@1  99.22 ( 99.20)	Acc@2 100.00 (100.00)
Epoch: [123][ 80/101]	Time  0.420 ( 0.421)	Data  0.000 ( 0.033)	Loss 3.2549e-02 (2.0612e-02)	Acc@1  98.83 ( 99.17)	Acc@2 100.00 (100.00)
Epoch: [123][ 90/101]	Time  0.402 ( 0.420)	Data  0.000 ( 0.032)	Loss 9.1507e-03 (2.0142e-02)	Acc@1 100.00 ( 99.19)	Acc@2 100.00 (100.00)
Epoch: [123][100/101]	Time  0.379 ( 0.419)	Data  0.000 ( 0.031)	Loss 8.5116e-02 (2.0345e-02)	Acc@1  96.58 ( 99.19)	Acc@2 100.00 (100.00)
Test: [ 0/34]	Time  0.571 ( 0.571)	Loss 8.1374e-04 (8.1374e-04)	Acc@1 100.00 (100.00)	Acc@2 100.00 (100.00)
Test: [10/34]	Time  0.123 ( 0.164)	Loss 5.3055e-03 (2.1045e-02)	Acc@1  99.61 ( 99.68)	Acc@2 100.00 (100.00)
Test: [20/34]	Time  0.127 ( 0.145)	Loss 1.0729e-03 (2.0858e-02)	Acc@1 100.00 ( 99.68)	Acc@2 100.00 (100.00)
Test: [30/34]	Time  0.122 ( 0.138)	Loss 1.8292e-03 (1.7090e-02)	Acc@1 100.00 ( 99.72)	Acc@2 100.00 (100.00)
 * Acc@1 99.732 Acc@2 100.000
Epoch: [124][  0/101]	Time  0.671 ( 0.671)	Data  0.526 ( 0.526)	Loss 9.4176e-03 (9.4176e-03)	Acc@1  99.61 ( 99.61)	Acc@2 100.00 (100.00)
Epoch: [124][ 10/101]	Time  0.414 ( 0.441)	Data  0.000 ( 0.071)	Loss 2.3860e-02 (2.1559e-02)	Acc@1  98.83 ( 98.90)	Acc@2 100.00 (100.00)
Epoch: [124][ 20/101]	Time  0.412 ( 0.434)	Data  0.000 ( 0.050)	Loss 2.1382e-02 (2.0748e-02)	Acc@1  99.22 ( 99.13)	Acc@2 100.00 (100.00)
Epoch: [124][ 30/101]	Time  0.416 ( 0.429)	Data  0.000 ( 0.042)	Loss 9.7696e-03 (1.8517e-02)	Acc@1 100.00 ( 99.29)	Acc@2 100.00 (100.00)
Epoch: [124][ 40/101]	Time  0.437 ( 0.427)	Data  0.000 ( 0.038)	Loss 2.1668e-02 (1.6972e-02)	Acc@1  99.22 ( 99.38)	Acc@2 100.00 (100.00)
Epoch: [124][ 50/101]	Time  0.417 ( 0.424)	Data  0.000 ( 0.035)	Loss 1.1203e-02 (1.7216e-02)	Acc@1  99.22 ( 99.38)	Acc@2 100.00 (100.00)
Epoch: [124][ 60/101]	Time  0.420 ( 0.424)	Data  0.000 ( 0.034)	Loss 4.4205e-02 (1.7032e-02)	Acc@1  98.44 ( 99.38)	Acc@2 100.00 (100.00)
Epoch: [124][ 70/101]	Time  0.422 ( 0.423)	Data  0.000 ( 0.033)	Loss 7.8737e-03 (1.6749e-02)	Acc@1 100.00 ( 99.36)	Acc@2 100.00 (100.00)
Epoch: [124][ 80/101]	Time  0.435 ( 0.423)	Data  0.000 ( 0.032)	Loss 2.7886e-02 (1.7370e-02)	Acc@1  98.83 ( 99.36)	Acc@2 100.00 (100.00)
Epoch: [124][ 90/101]	Time  0.412 ( 0.422)	Data  0.000 ( 0.031)	Loss 1.6837e-02 (1.7582e-02)	Acc@1  99.22 ( 99.34)	Acc@2 100.00 (100.00)
Epoch: [124][100/101]	Time  0.379 ( 0.421)	Data  0.000 ( 0.031)	Loss 2.0499e-02 (1.8102e-02)	Acc@1  99.32 ( 99.32)	Acc@2 100.00 (100.00)
Test: [ 0/34]	Time  0.610 ( 0.610)	Loss 7.1944e-04 (7.1944e-04)	Acc@1 100.00 (100.00)	Acc@2 100.00 (100.00)
Test: [10/34]	Time  0.129 ( 0.168)	Loss 4.7044e-03 (2.1010e-02)	Acc@1  99.61 ( 99.68)	Acc@2 100.00 (100.00)
Test: [20/34]	Time  0.122 ( 0.147)	Loss 1.1671e-03 (2.0944e-02)	Acc@1 100.00 ( 99.68)	Acc@2 100.00 (100.00)
Test: [30/34]	Time  0.121 ( 0.140)	Loss 2.1887e-03 (1.7564e-02)	Acc@1 100.00 ( 99.71)	Acc@2 100.00 (100.00)
 * Acc@1 99.721 Acc@2 100.000
Epoch: [125][  0/101]	Time  0.642 ( 0.642)	Data  0.486 ( 0.486)	Loss 2.6667e-02 (2.6667e-02)	Acc@1  99.22 ( 99.22)	Acc@2 100.00 (100.00)
Epoch: [125][ 10/101]	Time  0.424 ( 0.438)	Data  0.000 ( 0.067)	Loss 2.2491e-02 (1.4295e-02)	Acc@1  99.22 ( 99.47)	Acc@2 100.00 (100.00)
Epoch: [125][ 20/101]	Time  0.401 ( 0.429)	Data  0.000 ( 0.048)	Loss 9.4872e-03 (1.5529e-02)	Acc@1  99.61 ( 99.46)	Acc@2 100.00 (100.00)
Epoch: [125][ 30/101]	Time  0.423 ( 0.426)	Data  0.000 ( 0.041)	Loss 2.1327e-02 (1.5930e-02)	Acc@1  99.22 ( 99.41)	Acc@2 100.00 (100.00)
Epoch: [125][ 40/101]	Time  0.407 ( 0.423)	Data  0.000 ( 0.037)	Loss 1.3683e-02 (1.4900e-02)	Acc@1  99.61 ( 99.42)	Acc@2 100.00 (100.00)
Epoch: [125][ 50/101]	Time  0.439 ( 0.422)	Data  0.000 ( 0.035)	Loss 4.5004e-02 (1.6464e-02)	Acc@1  98.83 ( 99.36)	Acc@2 100.00 (100.00)
Epoch: [125][ 60/101]	Time  0.406 ( 0.421)	Data  0.000 ( 0.033)	Loss 2.6603e-02 (1.6485e-02)	Acc@1  98.83 ( 99.37)	Acc@2 100.00 (100.00)
Epoch: [125][ 70/101]	Time  0.428 ( 0.421)	Data  0.000 ( 0.032)	Loss 1.6788e-02 (1.6984e-02)	Acc@1  98.83 ( 99.32)	Acc@2 100.00 (100.00)
Epoch: [125][ 80/101]	Time  0.392 ( 0.420)	Data  0.000 ( 0.031)	Loss 7.0223e-03 (1.7211e-02)	Acc@1  99.61 ( 99.32)	Acc@2 100.00 (100.00)
Epoch: [125][ 90/101]	Time  0.422 ( 0.420)	Data  0.000 ( 0.031)	Loss 4.1801e-02 (1.8087e-02)	Acc@1  98.05 ( 99.28)	Acc@2 100.00 (100.00)
Epoch: [125][100/101]	Time  0.359 ( 0.420)	Data  0.000 ( 0.030)	Loss 1.5837e-02 (1.8016e-02)	Acc@1  99.32 ( 99.29)	Acc@2 100.00 (100.00)
Test: [ 0/34]	Time  0.570 ( 0.570)	Loss 6.0467e-04 (6.0467e-04)	Acc@1 100.00 (100.00)	Acc@2 100.00 (100.00)
Test: [10/34]	Time  0.123 ( 0.165)	Loss 4.2620e-03 (2.0516e-02)	Acc@1  99.61 ( 99.68)	Acc@2 100.00 (100.00)
Test: [20/34]	Time  0.134 ( 0.147)	Loss 1.2557e-03 (2.0497e-02)	Acc@1 100.00 ( 99.68)	Acc@2 100.00 (100.00)
Test: [30/34]	Time  0.121 ( 0.140)	Loss 2.2870e-03 (1.7325e-02)	Acc@1 100.00 ( 99.71)	Acc@2 100.00 (100.00)
 * Acc@1 99.721 Acc@2 100.000
Epoch: [126][  0/101]	Time  0.605 ( 0.605)	Data  0.448 ( 0.448)	Loss 1.8528e-02 (1.8528e-02)	Acc@1  98.83 ( 98.83)	Acc@2 100.00 (100.00)
Epoch: [126][ 10/101]	Time  0.418 ( 0.434)	Data  0.000 ( 0.065)	Loss 1.4761e-02 (1.2306e-02)	Acc@1  98.83 ( 99.47)	Acc@2 100.00 (100.00)
Epoch: [126][ 20/101]	Time  0.424 ( 0.426)	Data  0.000 ( 0.046)	Loss 1.2460e-02 (1.5397e-02)	Acc@1  99.61 ( 99.35)	Acc@2 100.00 (100.00)
Epoch: [126][ 30/101]	Time  0.423 ( 0.425)	Data  0.000 ( 0.040)	Loss 6.4930e-03 (1.5820e-02)	Acc@1 100.00 ( 99.40)	Acc@2 100.00 (100.00)
Epoch: [126][ 40/101]	Time  0.413 ( 0.422)	Data  0.000 ( 0.036)	Loss 2.4327e-02 (1.6736e-02)	Acc@1  98.83 ( 99.35)	Acc@2 100.00 (100.00)
Epoch: [126][ 50/101]	Time  0.420 ( 0.422)	Data  0.000 ( 0.035)	Loss 1.2145e-02 (1.7016e-02)	Acc@1  99.61 ( 99.30)	Acc@2 100.00 (100.00)
Epoch: [126][ 60/101]	Time  0.420 ( 0.421)	Data  0.000 ( 0.033)	Loss 2.2338e-02 (1.7575e-02)	Acc@1  98.83 ( 99.30)	Acc@2 100.00 (100.00)
Epoch: [126][ 70/101]	Time  0.419 ( 0.421)	Data  0.000 ( 0.032)	Loss 1.5595e-02 (1.8449e-02)	Acc@1  99.61 ( 99.26)	Acc@2 100.00 (100.00)
Epoch: [126][ 80/101]	Time  0.414 ( 0.420)	Data  0.000 ( 0.031)	Loss 1.2988e-02 (1.8224e-02)	Acc@1  99.22 ( 99.27)	Acc@2 100.00 (100.00)
Epoch: [126][ 90/101]	Time  0.421 ( 0.421)	Data  0.000 ( 0.031)	Loss 1.6927e-02 (1.7743e-02)	Acc@1  99.22 ( 99.30)	Acc@2 100.00 (100.00)
Epoch: [126][100/101]	Time  0.365 ( 0.419)	Data  0.000 ( 0.030)	Loss 3.6092e-02 (1.7652e-02)	Acc@1  99.32 ( 99.30)	Acc@2 100.00 (100.00)
Test: [ 0/34]	Time  0.539 ( 0.539)	Loss 7.5343e-04 (7.5343e-04)	Acc@1 100.00 (100.00)	Acc@2 100.00 (100.00)
Test: [10/34]	Time  0.123 ( 0.162)	Loss 5.3116e-03 (2.1461e-02)	Acc@1  99.61 ( 99.68)	Acc@2 100.00 (100.00)
Test: [20/34]	Time  0.122 ( 0.145)	Loss 1.0070e-03 (2.1303e-02)	Acc@1 100.00 ( 99.68)	Acc@2 100.00 (100.00)
Test: [30/34]	Time  0.123 ( 0.138)	Loss 1.8157e-03 (1.7622e-02)	Acc@1 100.00 ( 99.72)	Acc@2 100.00 (100.00)
 * Acc@1 99.732 Acc@2 100.000
Epoch: [127][  0/101]	Time  0.590 ( 0.590)	Data  0.433 ( 0.433)	Loss 7.5721e-03 (7.5721e-03)	Acc@1 100.00 (100.00)	Acc@2 100.00 (100.00)
Epoch: [127][ 10/101]	Time  0.409 ( 0.431)	Data  0.000 ( 0.063)	Loss 3.3050e-02 (1.8571e-02)	Acc@1  98.05 ( 99.18)	Acc@2 100.00 (100.00)
Epoch: [127][ 20/101]	Time  0.422 ( 0.423)	Data  0.000 ( 0.045)	Loss 1.4680e-02 (1.8031e-02)	Acc@1  99.61 ( 99.29)	Acc@2 100.00 (100.00)
Epoch: [127][ 30/101]	Time  0.399 ( 0.421)	Data  0.000 ( 0.039)	Loss 2.7379e-02 (1.7232e-02)	Acc@1  99.22 ( 99.34)	Acc@2 100.00 (100.00)
Epoch: [127][ 40/101]	Time  0.435 ( 0.422)	Data  0.000 ( 0.035)	Loss 1.4359e-02 (1.7680e-02)	Acc@1  99.22 ( 99.33)	Acc@2 100.00 (100.00)
Epoch: [127][ 50/101]	Time  0.404 ( 0.420)	Data  0.000 ( 0.034)	Loss 2.2372e-02 (1.8853e-02)	Acc@1  98.83 ( 99.29)	Acc@2 100.00 (100.00)
Epoch: [127][ 60/101]	Time  0.419 ( 0.420)	Data  0.000 ( 0.032)	Loss 3.4412e-02 (1.8724e-02)	Acc@1  98.44 ( 99.28)	Acc@2 100.00 (100.00)
Epoch: [127][ 70/101]	Time  0.405 ( 0.420)	Data  0.000 ( 0.031)	Loss 5.2174e-03 (1.8309e-02)	Acc@1 100.00 ( 99.29)	Acc@2 100.00 (100.00)
Epoch: [127][ 80/101]	Time  0.423 ( 0.419)	Data  0.000 ( 0.031)	Loss 2.5918e-02 (1.8600e-02)	Acc@1  98.44 ( 99.28)	Acc@2 100.00 (100.00)
Epoch: [127][ 90/101]	Time  0.407 ( 0.420)	Data  0.000 ( 0.030)	Loss 5.1889e-02 (1.8742e-02)	Acc@1  98.05 ( 99.27)	Acc@2 100.00 (100.00)
Epoch: [127][100/101]	Time  0.380 ( 0.419)	Data  0.000 ( 0.030)	Loss 2.6462e-03 (1.8005e-02)	Acc@1 100.00 ( 99.30)	Acc@2 100.00 (100.00)
Test: [ 0/34]	Time  0.597 ( 0.597)	Loss 6.6270e-04 (6.6270e-04)	Acc@1 100.00 (100.00)	Acc@2 100.00 (100.00)
Test: [10/34]	Time  0.123 ( 0.167)	Loss 4.4364e-03 (2.0885e-02)	Acc@1  99.61 ( 99.68)	Acc@2 100.00 (100.00)
Test: [20/34]	Time  0.124 ( 0.147)	Loss 1.1910e-03 (2.0896e-02)	Acc@1 100.00 ( 99.68)	Acc@2 100.00 (100.00)
Test: [30/34]	Time  0.122 ( 0.140)	Loss 2.4334e-03 (1.7783e-02)	Acc@1 100.00 ( 99.71)	Acc@2 100.00 (100.00)
 * Acc@1 99.721 Acc@2 100.000
Epoch: [128][  0/101]	Time  0.573 ( 0.573)	Data  0.419 ( 0.419)	Loss 1.3996e-02 (1.3996e-02)	Acc@1  99.22 ( 99.22)	Acc@2 100.00 (100.00)
Epoch: [128][ 10/101]	Time  0.424 ( 0.432)	Data  0.000 ( 0.060)	Loss 1.9846e-02 (1.8236e-02)	Acc@1  99.22 ( 99.11)	Acc@2 100.00 (100.00)
Epoch: [128][ 20/101]	Time  0.428 ( 0.427)	Data  0.000 ( 0.044)	Loss 7.4635e-03 (1.8014e-02)	Acc@1  99.61 ( 99.14)	Acc@2 100.00 (100.00)
Epoch: [128][ 30/101]	Time  0.417 ( 0.423)	Data  0.000 ( 0.038)	Loss 1.8643e-02 (1.8427e-02)	Acc@1  99.61 ( 99.16)	Acc@2 100.00 (100.00)
Epoch: [128][ 40/101]	Time  0.415 ( 0.421)	Data  0.000 ( 0.035)	Loss 3.4195e-02 (1.9816e-02)	Acc@1  98.05 ( 99.11)	Acc@2 100.00 (100.00)
Epoch: [128][ 50/101]	Time  0.419 ( 0.421)	Data  0.000 ( 0.033)	Loss 1.5638e-02 (1.8335e-02)	Acc@1  99.22 ( 99.20)	Acc@2 100.00 (100.00)
Epoch: [128][ 60/101]	Time  0.429 ( 0.421)	Data  0.000 ( 0.032)	Loss 1.2082e-02 (1.7057e-02)	Acc@1  99.22 ( 99.27)	Acc@2 100.00 (100.00)
Epoch: [128][ 70/101]	Time  0.410 ( 0.420)	Data  0.000 ( 0.031)	Loss 2.1765e-02 (1.6723e-02)	Acc@1  99.22 ( 99.30)	Acc@2 100.00 (100.00)
Epoch: [128][ 80/101]	Time  0.413 ( 0.420)	Data  0.000 ( 0.030)	Loss 3.3256e-02 (1.6576e-02)	Acc@1  98.83 ( 99.32)	Acc@2 100.00 (100.00)
Epoch: [128][ 90/101]	Time  0.416 ( 0.419)	Data  0.000 ( 0.030)	Loss 4.0146e-02 (1.6494e-02)	Acc@1  99.22 ( 99.34)	Acc@2 100.00 (100.00)
Epoch: [128][100/101]	Time  0.378 ( 0.418)	Data  0.000 ( 0.029)	Loss 4.8522e-02 (1.6944e-02)	Acc@1  98.63 ( 99.34)	Acc@2 100.00 (100.00)
Test: [ 0/34]	Time  0.634 ( 0.634)	Loss 5.0012e-04 (5.0012e-04)	Acc@1 100.00 (100.00)	Acc@2 100.00 (100.00)
Test: [10/34]	Time  0.122 ( 0.174)	Loss 3.5289e-03 (1.9689e-02)	Acc@1  99.61 ( 99.68)	Acc@2 100.00 (100.00)
Test: [20/34]	Time  0.123 ( 0.151)	Loss 1.3424e-03 (1.9765e-02)	Acc@1 100.00 ( 99.68)	Acc@2 100.00 (100.00)
Test: [30/34]	Time  0.122 ( 0.143)	Loss 2.6374e-03 (1.6906e-02)	Acc@1 100.00 ( 99.71)	Acc@2 100.00 (100.00)
 * Acc@1 99.721 Acc@2 100.000
Epoch: [129][  0/101]	Time  0.627 ( 0.627)	Data  0.479 ( 0.479)	Loss 1.1861e-02 (1.1861e-02)	Acc@1  99.22 ( 99.22)	Acc@2 100.00 (100.00)
Epoch: [129][ 10/101]	Time  0.410 ( 0.436)	Data  0.000 ( 0.066)	Loss 4.8787e-02 (2.1752e-02)	Acc@1  98.83 ( 99.25)	Acc@2 100.00 (100.00)
Epoch: [129][ 20/101]	Time  0.410 ( 0.427)	Data  0.000 ( 0.047)	Loss 1.6622e-02 (2.1388e-02)	Acc@1  99.61 ( 99.29)	Acc@2 100.00 (100.00)
Epoch: [129][ 30/101]	Time  0.430 ( 0.424)	Data  0.000 ( 0.040)	Loss 6.3195e-03 (2.0974e-02)	Acc@1 100.00 ( 99.29)	Acc@2 100.00 (100.00)
Epoch: [129][ 40/101]	Time  0.410 ( 0.422)	Data  0.000 ( 0.037)	Loss 1.5244e-02 (1.9871e-02)	Acc@1  98.83 ( 99.28)	Acc@2 100.00 (100.00)
Epoch: [129][ 50/101]	Time  0.413 ( 0.421)	Data  0.000 ( 0.034)	Loss 2.4072e-02 (1.9389e-02)	Acc@1  99.22 ( 99.29)	Acc@2 100.00 (100.00)
Epoch: [129][ 60/101]	Time  0.411 ( 0.420)	Data  0.000 ( 0.033)	Loss 3.9970e-02 (1.9108e-02)	Acc@1  98.05 ( 99.29)	Acc@2 100.00 (100.00)
Epoch: [129][ 70/101]	Time  0.434 ( 0.420)	Data  0.000 ( 0.032)	Loss 3.3497e-02 (1.9085e-02)	Acc@1  99.22 ( 99.30)	Acc@2 100.00 (100.00)
Epoch: [129][ 80/101]	Time  0.405 ( 0.419)	Data  0.000 ( 0.031)	Loss 3.9855e-03 (1.8694e-02)	Acc@1 100.00 ( 99.32)	Acc@2 100.00 (100.00)
Epoch: [129][ 90/101]	Time  0.429 ( 0.419)	Data  0.000 ( 0.030)	Loss 1.7093e-02 (1.9308e-02)	Acc@1  99.22 ( 99.28)	Acc@2 100.00 (100.00)
Epoch: [129][100/101]	Time  0.356 ( 0.418)	Data  0.000 ( 0.030)	Loss 1.8319e-03 (1.9451e-02)	Acc@1 100.00 ( 99.28)	Acc@2 100.00 (100.00)
Test: [ 0/34]	Time  0.534 ( 0.534)	Loss 8.5837e-04 (8.5837e-04)	Acc@1 100.00 (100.00)	Acc@2 100.00 (100.00)
Test: [10/34]	Time  0.122 ( 0.163)	Loss 6.0861e-03 (2.2027e-02)	Acc@1  99.61 ( 99.64)	Acc@2 100.00 (100.00)
Test: [20/34]	Time  0.132 ( 0.145)	Loss 8.7181e-04 (2.1684e-02)	Acc@1 100.00 ( 99.67)	Acc@2 100.00 (100.00)
Test: [30/34]	Time  0.121 ( 0.139)	Loss 1.6032e-03 (1.7529e-02)	Acc@1 100.00 ( 99.71)	Acc@2 100.00 (100.00)
 * Acc@1 99.721 Acc@2 100.000
Epoch: [130][  0/101]	Time  0.654 ( 0.654)	Data  0.503 ( 0.503)	Loss 3.3410e-02 (3.3410e-02)	Acc@1  98.83 ( 98.83)	Acc@2 100.00 (100.00)
Epoch: [130][ 10/101]	Time  0.425 ( 0.450)	Data  0.000 ( 0.071)	Loss 2.6652e-02 (2.0705e-02)	Acc@1  99.22 ( 99.29)	Acc@2 100.00 (100.00)
Epoch: [130][ 20/101]	Time  0.407 ( 0.435)	Data  0.000 ( 0.049)	Loss 3.7212e-02 (2.0401e-02)	Acc@1  99.22 ( 99.26)	Acc@2 100.00 (100.00)
Epoch: [130][ 30/101]	Time  0.415 ( 0.429)	Data  0.000 ( 0.042)	Loss 1.3775e-02 (2.0015e-02)	Acc@1  99.22 ( 99.24)	Acc@2 100.00 (100.00)
Epoch: [130][ 40/101]	Time  0.418 ( 0.426)	Data  0.000 ( 0.038)	Loss 9.3727e-03 (1.8727e-02)	Acc@1 100.00 ( 99.29)	Acc@2 100.00 (100.00)
Epoch: [130][ 50/101]	Time  0.421 ( 0.425)	Data  0.000 ( 0.036)	Loss 1.8466e-02 (1.8374e-02)	Acc@1  99.61 ( 99.30)	Acc@2 100.00 (100.00)
Epoch: [130][ 60/101]	Time  0.408 ( 0.423)	Data  0.000 ( 0.034)	Loss 2.6017e-02 (1.7940e-02)	Acc@1  98.44 ( 99.29)	Acc@2 100.00 (100.00)
Epoch: [130][ 70/101]	Time  0.414 ( 0.422)	Data  0.000 ( 0.033)	Loss 3.7694e-02 (1.8076e-02)	Acc@1  98.44 ( 99.30)	Acc@2 100.00 (100.00)
Epoch: [130][ 80/101]	Time  0.427 ( 0.422)	Data  0.000 ( 0.032)	Loss 6.7598e-03 (1.7191e-02)	Acc@1 100.00 ( 99.33)	Acc@2 100.00 (100.00)
Epoch: [130][ 90/101]	Time  0.431 ( 0.421)	Data  0.000 ( 0.031)	Loss 1.5531e-02 (1.7405e-02)	Acc@1  99.61 ( 99.35)	Acc@2 100.00 (100.00)
Epoch: [130][100/101]	Time  0.362 ( 0.421)	Data  0.000 ( 0.031)	Loss 1.2975e-02 (1.7583e-02)	Acc@1  99.32 ( 99.34)	Acc@2 100.00 (100.00)
Test: [ 0/34]	Time  0.551 ( 0.551)	Loss 7.4098e-04 (7.4098e-04)	Acc@1 100.00 (100.00)	Acc@2 100.00 (100.00)
Test: [10/34]	Time  0.123 ( 0.165)	Loss 4.8779e-03 (2.0915e-02)	Acc@1  99.61 ( 99.68)	Acc@2 100.00 (100.00)
Test: [20/34]	Time  0.123 ( 0.146)	Loss 1.1532e-03 (2.0885e-02)	Acc@1 100.00 ( 99.68)	Acc@2 100.00 (100.00)
Test: [30/34]	Time  0.126 ( 0.140)	Loss 2.0076e-03 (1.7561e-02)	Acc@1 100.00 ( 99.71)	Acc@2 100.00 (100.00)
 * Acc@1 99.721 Acc@2 100.000
Epoch: [131][  0/101]	Time  0.597 ( 0.597)	Data  0.441 ( 0.441)	Loss 3.6420e-02 (3.6420e-02)	Acc@1  98.05 ( 98.05)	Acc@2 100.00 (100.00)
Epoch: [131][ 10/101]	Time  0.403 ( 0.433)	Data  0.000 ( 0.065)	Loss 4.7792e-03 (1.2212e-02)	Acc@1  99.61 ( 99.54)	Acc@2 100.00 (100.00)
Epoch: [131][ 20/101]	Time  0.429 ( 0.425)	Data  0.000 ( 0.046)	Loss 1.4989e-02 (1.2953e-02)	Acc@1  99.22 ( 99.53)	Acc@2 100.00 (100.00)
Epoch: [131][ 30/101]	Time  0.413 ( 0.423)	Data  0.000 ( 0.040)	Loss 1.3405e-02 (1.5209e-02)	Acc@1  99.22 ( 99.46)	Acc@2 100.00 (100.00)
Epoch: [131][ 40/101]	Time  0.429 ( 0.422)	Data  0.000 ( 0.036)	Loss 5.8036e-03 (1.6055e-02)	Acc@1  99.61 ( 99.39)	Acc@2 100.00 (100.00)
Epoch: [131][ 50/101]	Time  0.400 ( 0.421)	Data  0.000 ( 0.034)	Loss 2.2659e-02 (1.5031e-02)	Acc@1  98.44 ( 99.43)	Acc@2 100.00 (100.00)
Epoch: [131][ 60/101]	Time  0.429 ( 0.420)	Data  0.000 ( 0.033)	Loss 2.2356e-02 (1.4408e-02)	Acc@1  99.22 ( 99.46)	Acc@2 100.00 (100.00)
Epoch: [131][ 70/101]	Time  0.420 ( 0.420)	Data  0.000 ( 0.032)	Loss 1.8081e-02 (1.4523e-02)	Acc@1  99.61 ( 99.46)	Acc@2 100.00 (100.00)
Epoch: [131][ 80/101]	Time  0.420 ( 0.420)	Data  0.000 ( 0.031)	Loss 5.2177e-03 (1.5220e-02)	Acc@1  99.61 ( 99.42)	Acc@2 100.00 (100.00)
Epoch: [131][ 90/101]	Time  0.400 ( 0.419)	Data  0.000 ( 0.031)	Loss 1.5311e-02 (1.5490e-02)	Acc@1  99.22 ( 99.42)	Acc@2 100.00 (100.00)
Epoch: [131][100/101]	Time  0.380 ( 0.418)	Data  0.000 ( 0.030)	Loss 2.0559e-02 (1.5167e-02)	Acc@1  99.32 ( 99.43)	Acc@2 100.00 (100.00)
Test: [ 0/34]	Time  0.585 ( 0.585)	Loss 6.6870e-04 (6.6870e-04)	Acc@1 100.00 (100.00)	Acc@2 100.00 (100.00)
Test: [10/34]	Time  0.123 ( 0.166)	Loss 4.3887e-03 (2.0730e-02)	Acc@1  99.61 ( 99.68)	Acc@2 100.00 (100.00)
Test: [20/34]	Time  0.122 ( 0.146)	Loss 1.2583e-03 (2.0802e-02)	Acc@1 100.00 ( 99.68)	Acc@2 100.00 (100.00)
Test: [30/34]	Time  0.123 ( 0.139)	Loss 2.4796e-03 (1.7895e-02)	Acc@1 100.00 ( 99.71)	Acc@2 100.00 (100.00)
 * Acc@1 99.721 Acc@2 100.000
Epoch: [132][  0/101]	Time  0.614 ( 0.614)	Data  0.464 ( 0.464)	Loss 1.2120e-02 (1.2120e-02)	Acc@1  99.61 ( 99.61)	Acc@2 100.00 (100.00)
Epoch: [132][ 10/101]	Time  0.402 ( 0.436)	Data  0.000 ( 0.064)	Loss 1.7614e-02 (1.5554e-02)	Acc@1  99.22 ( 99.47)	Acc@2 100.00 (100.00)
Epoch: [132][ 20/101]	Time  0.416 ( 0.427)	Data  0.000 ( 0.046)	Loss 9.1579e-03 (1.5912e-02)	Acc@1  99.61 ( 99.35)	Acc@2 100.00 (100.00)
Epoch: [132][ 30/101]	Time  0.422 ( 0.424)	Data  0.000 ( 0.039)	Loss 2.4394e-02 (1.6725e-02)	Acc@1  99.22 ( 99.29)	Acc@2 100.00 (100.00)
Epoch: [132][ 40/101]	Time  0.413 ( 0.423)	Data  0.000 ( 0.036)	Loss 5.8743e-02 (1.7648e-02)	Acc@1  98.83 ( 99.29)	Acc@2 100.00 (100.00)
Epoch: [132][ 50/101]	Time  0.421 ( 0.421)	Data  0.000 ( 0.034)	Loss 2.9479e-02 (1.9241e-02)	Acc@1  98.83 ( 99.22)	Acc@2 100.00 (100.00)
Epoch: [132][ 60/101]	Time  0.413 ( 0.421)	Data  0.000 ( 0.033)	Loss 2.5319e-02 (1.9431e-02)	Acc@1  99.22 ( 99.23)	Acc@2 100.00 (100.00)
Epoch: [132][ 70/101]	Time  0.427 ( 0.420)	Data  0.000 ( 0.032)	Loss 2.8100e-02 (1.9008e-02)	Acc@1  98.44 ( 99.24)	Acc@2 100.00 (100.00)
Epoch: [132][ 80/101]	Time  0.411 ( 0.420)	Data  0.000 ( 0.031)	Loss 2.4656e-02 (1.9286e-02)	Acc@1  98.83 ( 99.22)	Acc@2 100.00 (100.00)
Epoch: [132][ 90/101]	Time  0.420 ( 0.420)	Data  0.000 ( 0.030)	Loss 1.3061e-02 (1.8705e-02)	Acc@1  99.22 ( 99.23)	Acc@2 100.00 (100.00)
Epoch: [132][100/101]	Time  0.373 ( 0.419)	Data  0.000 ( 0.030)	Loss 2.1463e-02 (1.8853e-02)	Acc@1  99.32 ( 99.23)	Acc@2 100.00 (100.00)
Test: [ 0/34]	Time  0.520 ( 0.520)	Loss 1.1083e-03 (1.1083e-03)	Acc@1 100.00 (100.00)	Acc@2 100.00 (100.00)
Test: [10/34]	Time  0.133 ( 0.160)	Loss 6.8462e-03 (2.2963e-02)	Acc@1  99.61 ( 99.61)	Acc@2 100.00 (100.00)
Test: [20/34]	Time  0.124 ( 0.144)	Loss 8.0892e-04 (2.2603e-02)	Acc@1 100.00 ( 99.65)	Acc@2 100.00 (100.00)
Test: [30/34]	Time  0.124 ( 0.137)	Loss 1.3542e-03 (1.8294e-02)	Acc@1 100.00 ( 99.70)	Acc@2 100.00 (100.00)
 * Acc@1 99.709 Acc@2 100.000
Epoch: [133][  0/101]	Time  0.591 ( 0.591)	Data  0.445 ( 0.445)	Loss 1.0176e-02 (1.0176e-02)	Acc@1  99.61 ( 99.61)	Acc@2 100.00 (100.00)
Epoch: [133][ 10/101]	Time  0.444 ( 0.434)	Data  0.000 ( 0.064)	Loss 3.3107e-03 (1.0934e-02)	Acc@1 100.00 ( 99.64)	Acc@2 100.00 (100.00)
Epoch: [133][ 20/101]	Time  0.405 ( 0.426)	Data  0.000 ( 0.046)	Loss 2.5471e-02 (1.4587e-02)	Acc@1  98.44 ( 99.39)	Acc@2 100.00 (100.00)
Epoch: [133][ 30/101]	Time  0.419 ( 0.423)	Data  0.000 ( 0.039)	Loss 2.0624e-02 (1.5751e-02)	Acc@1  99.61 ( 99.37)	Acc@2 100.00 (100.00)
Epoch: [133][ 40/101]	Time  0.394 ( 0.422)	Data  0.000 ( 0.036)	Loss 4.1797e-02 (1.5422e-02)	Acc@1  98.44 ( 99.40)	Acc@2 100.00 (100.00)
Epoch: [133][ 50/101]	Time  0.428 ( 0.421)	Data  0.000 ( 0.034)	Loss 1.4317e-02 (1.5483e-02)	Acc@1  99.61 ( 99.37)	Acc@2 100.00 (100.00)
Epoch: [133][ 60/101]	Time  0.399 ( 0.420)	Data  0.000 ( 0.033)	Loss 8.2676e-03 (1.6008e-02)	Acc@1 100.00 ( 99.31)	Acc@2 100.00 (100.00)
Epoch: [133][ 70/101]	Time  0.426 ( 0.420)	Data  0.000 ( 0.032)	Loss 8.1612e-03 (1.5705e-02)	Acc@1 100.00 ( 99.37)	Acc@2 100.00 (100.00)
Epoch: [133][ 80/101]	Time  0.398 ( 0.419)	Data  0.000 ( 0.031)	Loss 1.0309e-02 (1.5599e-02)	Acc@1  99.61 ( 99.39)	Acc@2 100.00 (100.00)
Epoch: [133][ 90/101]	Time  0.433 ( 0.419)	Data  0.000 ( 0.030)	Loss 5.2711e-03 (1.6016e-02)	Acc@1 100.00 ( 99.37)	Acc@2 100.00 (100.00)
Epoch: [133][100/101]	Time  0.371 ( 0.419)	Data  0.000 ( 0.030)	Loss 4.0807e-02 (1.6364e-02)	Acc@1  97.95 ( 99.36)	Acc@2 100.00 (100.00)
Test: [ 0/34]	Time  0.560 ( 0.560)	Loss 7.6357e-04 (7.6357e-04)	Acc@1 100.00 (100.00)	Acc@2 100.00 (100.00)
Test: [10/34]	Time  0.121 ( 0.163)	Loss 4.9137e-03 (2.1344e-02)	Acc@1  99.61 ( 99.68)	Acc@2 100.00 (100.00)
Test: [20/34]	Time  0.128 ( 0.145)	Loss 1.0251e-03 (2.1240e-02)	Acc@1 100.00 ( 99.68)	Acc@2 100.00 (100.00)
Test: [30/34]	Time  0.122 ( 0.138)	Loss 1.9812e-03 (1.7676e-02)	Acc@1 100.00 ( 99.71)	Acc@2 100.00 (100.00)
 * Acc@1 99.721 Acc@2 100.000
Epoch: [134][  0/101]	Time  0.632 ( 0.632)	Data  0.486 ( 0.486)	Loss 2.9284e-02 (2.9284e-02)	Acc@1  99.61 ( 99.61)	Acc@2 100.00 (100.00)
Epoch: [134][ 10/101]	Time  0.408 ( 0.436)	Data  0.000 ( 0.068)	Loss 6.1661e-03 (1.6207e-02)	Acc@1 100.00 ( 99.57)	Acc@2 100.00 (100.00)
Epoch: [134][ 20/101]	Time  0.431 ( 0.426)	Data  0.000 ( 0.048)	Loss 1.8963e-02 (1.5515e-02)	Acc@1  98.83 ( 99.52)	Acc@2 100.00 (100.00)
Epoch: [134][ 30/101]	Time  0.430 ( 0.425)	Data  0.000 ( 0.041)	Loss 8.4889e-03 (1.5424e-02)	Acc@1 100.00 ( 99.51)	Acc@2 100.00 (100.00)
Epoch: [134][ 40/101]	Time  0.408 ( 0.423)	Data  0.000 ( 0.037)	Loss 2.5708e-02 (1.6445e-02)	Acc@1  99.61 ( 99.43)	Acc@2 100.00 (100.00)
Epoch: [134][ 50/101]	Time  0.421 ( 0.421)	Data  0.000 ( 0.035)	Loss 2.0282e-02 (1.7980e-02)	Acc@1  99.61 ( 99.35)	Acc@2 100.00 (100.00)
Epoch: [134][ 60/101]	Time  0.428 ( 0.421)	Data  0.000 ( 0.033)	Loss 2.5650e-02 (1.9286e-02)	Acc@1  98.44 ( 99.30)	Acc@2 100.00 (100.00)
Epoch: [134][ 70/101]	Time  0.421 ( 0.420)	Data  0.000 ( 0.032)	Loss 2.3686e-02 (1.9345e-02)	Acc@1  99.22 ( 99.29)	Acc@2 100.00 (100.00)
Epoch: [134][ 80/101]	Time  0.408 ( 0.420)	Data  0.000 ( 0.031)	Loss 2.6081e-02 (1.9146e-02)	Acc@1  98.83 ( 99.29)	Acc@2 100.00 (100.00)
Epoch: [134][ 90/101]	Time  0.404 ( 0.419)	Data  0.000 ( 0.031)	Loss 4.2498e-03 (1.9261e-02)	Acc@1  99.61 ( 99.28)	Acc@2 100.00 (100.00)
Epoch: [134][100/101]	Time  0.357 ( 0.418)	Data  0.000 ( 0.030)	Loss 4.4832e-02 (1.9130e-02)	Acc@1  97.95 ( 99.28)	Acc@2 100.00 (100.00)
Test: [ 0/34]	Time  0.611 ( 0.611)	Loss 4.4896e-04 (4.4896e-04)	Acc@1 100.00 (100.00)	Acc@2 100.00 (100.00)
Test: [10/34]	Time  0.121 ( 0.168)	Loss 3.1832e-03 (1.9452e-02)	Acc@1  99.61 ( 99.72)	Acc@2 100.00 (100.00)
Test: [20/34]	Time  0.123 ( 0.147)	Loss 1.5269e-03 (1.9586e-02)	Acc@1 100.00 ( 99.70)	Acc@2 100.00 (100.00)
Test: [30/34]	Time  0.121 ( 0.140)	Loss 3.0798e-03 (1.6937e-02)	Acc@1 100.00 ( 99.70)	Acc@2 100.00 (100.00)
 * Acc@1 99.709 Acc@2 100.000
Epoch: [135][  0/101]	Time  0.577 ( 0.577)	Data  0.424 ( 0.424)	Loss 2.6503e-02 (2.6503e-02)	Acc@1  98.83 ( 98.83)	Acc@2 100.00 (100.00)
Epoch: [135][ 10/101]	Time  0.404 ( 0.430)	Data  0.000 ( 0.063)	Loss 1.7009e-02 (2.3542e-02)	Acc@1  99.22 ( 99.11)	Acc@2 100.00 (100.00)
Epoch: [135][ 20/101]	Time  0.418 ( 0.423)	Data  0.000 ( 0.045)	Loss 1.9882e-02 (2.0337e-02)	Acc@1  99.61 ( 99.27)	Acc@2 100.00 (100.00)
Epoch: [135][ 30/101]	Time  0.440 ( 0.422)	Data  0.000 ( 0.039)	Loss 3.0602e-02 (2.1366e-02)	Acc@1  98.05 ( 99.16)	Acc@2 100.00 (100.00)
Epoch: [135][ 40/101]	Time  0.429 ( 0.421)	Data  0.000 ( 0.035)	Loss 2.0005e-02 (2.0415e-02)	Acc@1  99.22 ( 99.19)	Acc@2 100.00 (100.00)
Epoch: [135][ 50/101]	Time  0.406 ( 0.420)	Data  0.000 ( 0.034)	Loss 1.1545e-02 (1.9387e-02)	Acc@1  99.61 ( 99.23)	Acc@2 100.00 (100.00)
Epoch: [135][ 60/101]	Time  0.414 ( 0.419)	Data  0.000 ( 0.032)	Loss 2.4677e-02 (1.9226e-02)	Acc@1  98.83 ( 99.22)	Acc@2 100.00 (100.00)
Epoch: [135][ 70/101]	Time  0.404 ( 0.419)	Data  0.000 ( 0.031)	Loss 3.8716e-03 (1.8789e-02)	Acc@1 100.00 ( 99.24)	Acc@2 100.00 (100.00)
Epoch: [135][ 80/101]	Time  0.429 ( 0.419)	Data  0.000 ( 0.031)	Loss 2.9066e-02 (1.8511e-02)	Acc@1  99.22 ( 99.25)	Acc@2 100.00 (100.00)
Epoch: [135][ 90/101]	Time  0.407 ( 0.418)	Data  0.000 ( 0.030)	Loss 4.6427e-03 (1.8254e-02)	Acc@1 100.00 ( 99.25)	Acc@2 100.00 (100.00)
Epoch: [135][100/101]	Time  0.386 ( 0.418)	Data  0.000 ( 0.030)	Loss 2.0638e-02 (1.8008e-02)	Acc@1  99.32 ( 99.26)	Acc@2 100.00 (100.00)
Test: [ 0/34]	Time  0.625 ( 0.625)	Loss 6.3109e-04 (6.3109e-04)	Acc@1 100.00 (100.00)	Acc@2 100.00 (100.00)
Test: [10/34]	Time  0.129 ( 0.169)	Loss 3.9828e-03 (2.0323e-02)	Acc@1  99.61 ( 99.68)	Acc@2 100.00 (100.00)
Test: [20/34]	Time  0.122 ( 0.148)	Loss 1.2647e-03 (2.0312e-02)	Acc@1 100.00 ( 99.68)	Acc@2 100.00 (100.00)
Test: [30/34]	Time  0.121 ( 0.141)	Loss 2.3283e-03 (1.7072e-02)	Acc@1 100.00 ( 99.71)	Acc@2 100.00 (100.00)
 * Acc@1 99.721 Acc@2 100.000
Epoch: [136][  0/101]	Time  0.647 ( 0.647)	Data  0.488 ( 0.488)	Loss 1.6201e-02 (1.6201e-02)	Acc@1  99.22 ( 99.22)	Acc@2 100.00 (100.00)
Epoch: [136][ 10/101]	Time  0.417 ( 0.438)	Data  0.000 ( 0.067)	Loss 7.0229e-03 (2.3204e-02)	Acc@1 100.00 ( 99.08)	Acc@2 100.00 (100.00)
Epoch: [136][ 20/101]	Time  0.504 ( 0.434)	Data  0.000 ( 0.048)	Loss 1.5538e-02 (1.9142e-02)	Acc@1  99.22 ( 99.22)	Acc@2 100.00 (100.00)
Epoch: [136][ 30/101]	Time  0.426 ( 0.429)	Data  0.000 ( 0.040)	Loss 4.1961e-02 (2.0506e-02)	Acc@1  97.27 ( 99.12)	Acc@2 100.00 (100.00)
Epoch: [136][ 40/101]	Time  0.414 ( 0.426)	Data  0.000 ( 0.037)	Loss 1.3724e-02 (1.8649e-02)	Acc@1  99.61 ( 99.22)	Acc@2 100.00 (100.00)
Epoch: [136][ 50/101]	Time  0.426 ( 0.424)	Data  0.000 ( 0.035)	Loss 1.2675e-02 (1.8299e-02)	Acc@1  98.83 ( 99.25)	Acc@2 100.00 (100.00)
Epoch: [136][ 60/101]	Time  0.425 ( 0.424)	Data  0.000 ( 0.034)	Loss 1.1696e-02 (1.7909e-02)	Acc@1 100.00 ( 99.26)	Acc@2 100.00 (100.00)
Epoch: [136][ 70/101]	Time  0.414 ( 0.424)	Data  0.000 ( 0.033)	Loss 1.7391e-02 (1.7600e-02)	Acc@1  99.22 ( 99.28)	Acc@2 100.00 (100.00)
Epoch: [136][ 80/101]	Time  0.424 ( 0.423)	Data  0.000 ( 0.032)	Loss 1.8424e-02 (1.7227e-02)	Acc@1  99.61 ( 99.31)	Acc@2 100.00 (100.00)
Epoch: [136][ 90/101]	Time  0.427 ( 0.423)	Data  0.000 ( 0.031)	Loss 1.4608e-02 (1.7940e-02)	Acc@1  99.61 ( 99.27)	Acc@2 100.00 (100.00)
Epoch: [136][100/101]	Time  0.386 ( 0.423)	Data  0.000 ( 0.031)	Loss 2.7528e-02 (1.7448e-02)	Acc@1  98.63 ( 99.29)	Acc@2 100.00 (100.00)
Test: [ 0/34]	Time  0.606 ( 0.606)	Loss 4.4005e-04 (4.4005e-04)	Acc@1 100.00 (100.00)	Acc@2 100.00 (100.00)
Test: [10/34]	Time  0.124 ( 0.170)	Loss 3.5551e-03 (1.9390e-02)	Acc@1  99.61 ( 99.68)	Acc@2 100.00 (100.00)
Test: [20/34]	Time  0.121 ( 0.149)	Loss 1.6881e-03 (1.9548e-02)	Acc@1 100.00 ( 99.68)	Acc@2 100.00 (100.00)
Test: [30/34]	Time  0.122 ( 0.141)	Loss 3.2209e-03 (1.7077e-02)	Acc@1 100.00 ( 99.68)	Acc@2 100.00 (100.00)
 * Acc@1 99.697 Acc@2 100.000
Epoch: [137][  0/101]	Time  0.598 ( 0.598)	Data  0.455 ( 0.455)	Loss 1.3367e-02 (1.3367e-02)	Acc@1  99.22 ( 99.22)	Acc@2 100.00 (100.00)
Epoch: [137][ 10/101]	Time  0.429 ( 0.437)	Data  0.000 ( 0.064)	Loss 2.0602e-02 (1.4039e-02)	Acc@1  99.22 ( 99.54)	Acc@2 100.00 (100.00)
Epoch: [137][ 20/101]	Time  0.400 ( 0.427)	Data  0.000 ( 0.046)	Loss 1.5710e-02 (1.5859e-02)	Acc@1  99.61 ( 99.48)	Acc@2 100.00 (100.00)
Epoch: [137][ 30/101]	Time  0.443 ( 0.424)	Data  0.000 ( 0.039)	Loss 2.3531e-02 (1.5833e-02)	Acc@1  98.83 ( 99.42)	Acc@2 100.00 (100.00)
Epoch: [137][ 40/101]	Time  0.410 ( 0.422)	Data  0.000 ( 0.036)	Loss 1.1496e-02 (1.6937e-02)	Acc@1  99.61 ( 99.37)	Acc@2 100.00 (100.00)
Epoch: [137][ 50/101]	Time  0.420 ( 0.421)	Data  0.000 ( 0.034)	Loss 1.5646e-02 (1.6801e-02)	Acc@1  99.22 ( 99.42)	Acc@2 100.00 (100.00)
Epoch: [137][ 60/101]	Time  0.403 ( 0.420)	Data  0.000 ( 0.033)	Loss 2.5918e-02 (1.7508e-02)	Acc@1  99.61 ( 99.37)	Acc@2 100.00 (100.00)
Epoch: [137][ 70/101]	Time  0.432 ( 0.420)	Data  0.000 ( 0.032)	Loss 1.7956e-02 (1.6960e-02)	Acc@1  99.22 ( 99.38)	Acc@2 100.00 (100.00)
Epoch: [137][ 80/101]	Time  0.398 ( 0.419)	Data  0.000 ( 0.031)	Loss 1.6254e-02 (1.7394e-02)	Acc@1  99.22 ( 99.35)	Acc@2 100.00 (100.00)
Epoch: [137][ 90/101]	Time  0.413 ( 0.419)	Data  0.000 ( 0.030)	Loss 1.1656e-02 (1.7618e-02)	Acc@1  99.22 ( 99.33)	Acc@2 100.00 (100.00)
Epoch: [137][100/101]	Time  0.361 ( 0.418)	Data  0.000 ( 0.030)	Loss 2.7508e-02 (1.7655e-02)	Acc@1  98.63 ( 99.33)	Acc@2 100.00 (100.00)
Test: [ 0/34]	Time  0.622 ( 0.622)	Loss 4.9721e-04 (4.9721e-04)	Acc@1 100.00 (100.00)	Acc@2 100.00 (100.00)
Test: [10/34]	Time  0.121 ( 0.169)	Loss 3.2767e-03 (1.9724e-02)	Acc@1  99.61 ( 99.68)	Acc@2 100.00 (100.00)
Test: [20/34]	Time  0.122 ( 0.148)	Loss 1.3929e-03 (1.9821e-02)	Acc@1 100.00 ( 99.68)	Acc@2 100.00 (100.00)
Test: [30/34]	Time  0.123 ( 0.140)	Loss 2.7485e-03 (1.7001e-02)	Acc@1 100.00 ( 99.70)	Acc@2 100.00 (100.00)
 * Acc@1 99.709 Acc@2 100.000
Epoch: [138][  0/101]	Time  0.596 ( 0.596)	Data  0.432 ( 0.432)	Loss 2.2301e-02 (2.2301e-02)	Acc@1  98.83 ( 98.83)	Acc@2 100.00 (100.00)
Epoch: [138][ 10/101]	Time  0.433 ( 0.434)	Data  0.000 ( 0.063)	Loss 1.9454e-02 (1.5998e-02)	Acc@1  99.22 ( 99.11)	Acc@2 100.00 (100.00)
Epoch: [138][ 20/101]	Time  0.420 ( 0.425)	Data  0.000 ( 0.045)	Loss 1.6615e-02 (1.5223e-02)	Acc@1  98.83 ( 99.26)	Acc@2 100.00 (100.00)
Epoch: [138][ 30/101]	Time  0.404 ( 0.423)	Data  0.000 ( 0.039)	Loss 2.0379e-02 (1.5259e-02)	Acc@1  98.83 ( 99.24)	Acc@2 100.00 (100.00)
Epoch: [138][ 40/101]	Time  0.419 ( 0.422)	Data  0.000 ( 0.036)	Loss 2.6355e-02 (1.4878e-02)	Acc@1  98.83 ( 99.30)	Acc@2 100.00 (100.00)
Epoch: [138][ 50/101]	Time  0.426 ( 0.422)	Data  0.000 ( 0.034)	Loss 2.4289e-02 (1.6231e-02)	Acc@1  98.44 ( 99.25)	Acc@2 100.00 (100.00)
Epoch: [138][ 60/101]	Time  0.409 ( 0.421)	Data  0.000 ( 0.033)	Loss 2.4069e-03 (1.5781e-02)	Acc@1 100.00 ( 99.31)	Acc@2 100.00 (100.00)
Epoch: [138][ 70/101]	Time  0.420 ( 0.420)	Data  0.000 ( 0.032)	Loss 4.9386e-02 (1.6489e-02)	Acc@1  99.22 ( 99.31)	Acc@2 100.00 (100.00)
Epoch: [138][ 80/101]	Time  0.434 ( 0.420)	Data  0.000 ( 0.031)	Loss 9.3177e-03 (1.7302e-02)	Acc@1  99.61 ( 99.28)	Acc@2 100.00 (100.00)
Epoch: [138][ 90/101]	Time  0.419 ( 0.420)	Data  0.000 ( 0.030)	Loss 1.2107e-02 (1.7267e-02)	Acc@1  99.61 ( 99.29)	Acc@2 100.00 (100.00)
Epoch: [138][100/101]	Time  0.363 ( 0.419)	Data  0.000 ( 0.030)	Loss 7.0709e-03 (1.7603e-02)	Acc@1 100.00 ( 99.28)	Acc@2 100.00 (100.00)
Test: [ 0/34]	Time  0.578 ( 0.578)	Loss 7.1944e-04 (7.1944e-04)	Acc@1 100.00 (100.00)	Acc@2 100.00 (100.00)
Test: [10/34]	Time  0.123 ( 0.166)	Loss 4.6437e-03 (2.0900e-02)	Acc@1  99.61 ( 99.68)	Acc@2 100.00 (100.00)
Test: [20/34]	Time  0.132 ( 0.147)	Loss 1.0796e-03 (2.0822e-02)	Acc@1 100.00 ( 99.68)	Acc@2 100.00 (100.00)
Test: [30/34]	Time  0.122 ( 0.139)	Loss 2.2758e-03 (1.7474e-02)	Acc@1 100.00 ( 99.71)	Acc@2 100.00 (100.00)
 * Acc@1 99.721 Acc@2 100.000
Epoch: [139][  0/101]	Time  0.664 ( 0.664)	Data  0.499 ( 0.499)	Loss 2.0756e-02 (2.0756e-02)	Acc@1  99.22 ( 99.22)	Acc@2 100.00 (100.00)
Epoch: [139][ 10/101]	Time  0.403 ( 0.436)	Data  0.000 ( 0.067)	Loss 2.4953e-02 (2.0607e-02)	Acc@1  99.22 ( 99.04)	Acc@2 100.00 (100.00)
Epoch: [139][ 20/101]	Time  0.431 ( 0.428)	Data  0.000 ( 0.047)	Loss 3.5064e-02 (1.8770e-02)	Acc@1  98.44 ( 99.14)	Acc@2 100.00 (100.00)
Epoch: [139][ 30/101]	Time  0.404 ( 0.424)	Data  0.000 ( 0.041)	Loss 1.9201e-02 (1.8698e-02)	Acc@1  98.83 ( 99.14)	Acc@2 100.00 (100.00)
Epoch: [139][ 40/101]	Time  0.414 ( 0.421)	Data  0.000 ( 0.037)	Loss 1.4334e-02 (1.7235e-02)	Acc@1  99.61 ( 99.23)	Acc@2 100.00 (100.00)
Epoch: [139][ 50/101]	Time  0.401 ( 0.420)	Data  0.000 ( 0.035)	Loss 2.8436e-02 (1.6680e-02)	Acc@1  99.22 ( 99.30)	Acc@2 100.00 (100.00)
Epoch: [139][ 60/101]	Time  0.410 ( 0.419)	Data  0.000 ( 0.033)	Loss 8.0165e-03 (1.6218e-02)	Acc@1  99.61 ( 99.33)	Acc@2 100.00 (100.00)
Epoch: [139][ 70/101]	Time  0.402 ( 0.418)	Data  0.000 ( 0.032)	Loss 2.2418e-02 (1.6430e-02)	Acc@1  98.44 ( 99.32)	Acc@2 100.00 (100.00)
Epoch: [139][ 80/101]	Time  0.414 ( 0.418)	Data  0.000 ( 0.031)	Loss 7.6096e-03 (1.6683e-02)	Acc@1  99.61 ( 99.30)	Acc@2 100.00 (100.00)
Epoch: [139][ 90/101]	Time  0.401 ( 0.418)	Data  0.000 ( 0.031)	Loss 2.1105e-02 (1.7191e-02)	Acc@1  99.22 ( 99.27)	Acc@2 100.00 (100.00)
Epoch: [139][100/101]	Time  0.383 ( 0.418)	Data  0.000 ( 0.030)	Loss 1.6632e-02 (1.7438e-02)	Acc@1  98.63 ( 99.26)	Acc@2 100.00 (100.00)
Test: [ 0/34]	Time  0.636 ( 0.636)	Loss 1.1080e-03 (1.1080e-03)	Acc@1 100.00 (100.00)	Acc@2 100.00 (100.00)
Test: [10/34]	Time  0.122 ( 0.171)	Loss 6.8191e-03 (2.3258e-02)	Acc@1  99.61 ( 99.61)	Acc@2 100.00 (100.00)
Test: [20/34]	Time  0.129 ( 0.149)	Loss 7.9759e-04 (2.2912e-02)	Acc@1 100.00 ( 99.65)	Acc@2 100.00 (100.00)
Test: [30/34]	Time  0.120 ( 0.141)	Loss 1.5107e-03 (1.8694e-02)	Acc@1 100.00 ( 99.70)	Acc@2 100.00 (100.00)
 * Acc@1 99.709 Acc@2 100.000
Epoch: [140][  0/101]	Time  0.586 ( 0.586)	Data  0.427 ( 0.427)	Loss 4.4181e-02 (4.4181e-02)	Acc@1  98.44 ( 98.44)	Acc@2 100.00 (100.00)
Epoch: [140][ 10/101]	Time  0.414 ( 0.432)	Data  0.000 ( 0.060)	Loss 6.8892e-03 (1.8134e-02)	Acc@1  99.61 ( 99.36)	Acc@2 100.00 (100.00)
Epoch: [140][ 20/101]	Time  0.413 ( 0.424)	Data  0.000 ( 0.044)	Loss 2.0439e-02 (1.8953e-02)	Acc@1  99.22 ( 99.35)	Acc@2 100.00 (100.00)
Epoch: [140][ 30/101]	Time  0.438 ( 0.422)	Data  0.000 ( 0.038)	Loss 2.5369e-02 (1.8702e-02)	Acc@1  99.22 ( 99.34)	Acc@2 100.00 (100.00)
Epoch: [140][ 40/101]	Time  0.421 ( 0.420)	Data  0.000 ( 0.035)	Loss 4.6989e-02 (1.8848e-02)	Acc@1  98.44 ( 99.32)	Acc@2 100.00 (100.00)
Epoch: [140][ 50/101]	Time  0.429 ( 0.420)	Data  0.000 ( 0.033)	Loss 6.1847e-03 (1.7884e-02)	Acc@1 100.00 ( 99.36)	Acc@2 100.00 (100.00)
Epoch: [140][ 60/101]	Time  0.415 ( 0.419)	Data  0.000 ( 0.032)	Loss 2.0976e-02 (1.7547e-02)	Acc@1  99.22 ( 99.35)	Acc@2 100.00 (100.00)
Epoch: [140][ 70/101]	Time  0.435 ( 0.419)	Data  0.000 ( 0.031)	Loss 1.0869e-02 (1.7767e-02)	Acc@1  99.61 ( 99.32)	Acc@2 100.00 (100.00)
Epoch: [140][ 80/101]	Time  0.458 ( 0.419)	Data  0.000 ( 0.030)	Loss 2.6866e-03 (1.8036e-02)	Acc@1 100.00 ( 99.33)	Acc@2 100.00 (100.00)
Epoch: [140][ 90/101]	Time  0.408 ( 0.419)	Data  0.000 ( 0.030)	Loss 8.6015e-03 (1.7712e-02)	Acc@1 100.00 ( 99.35)	Acc@2 100.00 (100.00)
Epoch: [140][100/101]	Time  0.379 ( 0.418)	Data  0.000 ( 0.029)	Loss 2.3714e-02 (1.8167e-02)	Acc@1  98.63 ( 99.33)	Acc@2 100.00 (100.00)
Test: [ 0/34]	Time  0.542 ( 0.542)	Loss 5.9801e-04 (5.9801e-04)	Acc@1 100.00 (100.00)	Acc@2 100.00 (100.00)
Test: [10/34]	Time  0.123 ( 0.166)	Loss 3.8564e-03 (2.0778e-02)	Acc@1  99.61 ( 99.68)	Acc@2 100.00 (100.00)
Test: [20/34]	Time  0.122 ( 0.146)	Loss 1.1653e-03 (2.0818e-02)	Acc@1 100.00 ( 99.68)	Acc@2 100.00 (100.00)
Test: [30/34]	Time  0.121 ( 0.139)	Loss 2.3984e-03 (1.7678e-02)	Acc@1 100.00 ( 99.71)	Acc@2 100.00 (100.00)
 * Acc@1 99.721 Acc@2 100.000
Epoch: [141][  0/101]	Time  0.587 ( 0.587)	Data  0.433 ( 0.433)	Loss 3.1647e-02 (3.1647e-02)	Acc@1  98.44 ( 98.44)	Acc@2 100.00 (100.00)
Epoch: [141][ 10/101]	Time  0.424 ( 0.433)	Data  0.000 ( 0.062)	Loss 2.7565e-02 (1.8430e-02)	Acc@1  98.83 ( 99.15)	Acc@2 100.00 (100.00)
Epoch: [141][ 20/101]	Time  0.404 ( 0.424)	Data  0.000 ( 0.046)	Loss 1.0843e-02 (1.7182e-02)	Acc@1  99.61 ( 99.18)	Acc@2 100.00 (100.00)
Epoch: [141][ 30/101]	Time  0.417 ( 0.421)	Data  0.000 ( 0.039)	Loss 2.4340e-02 (1.6921e-02)	Acc@1  99.22 ( 99.27)	Acc@2 100.00 (100.00)
Epoch: [141][ 40/101]	Time  0.403 ( 0.420)	Data  0.000 ( 0.036)	Loss 2.3368e-02 (1.7295e-02)	Acc@1  99.61 ( 99.29)	Acc@2 100.00 (100.00)
Epoch: [141][ 50/101]	Time  0.422 ( 0.420)	Data  0.000 ( 0.034)	Loss 6.1499e-03 (1.6707e-02)	Acc@1 100.00 ( 99.29)	Acc@2 100.00 (100.00)
Epoch: [141][ 60/101]	Time  0.413 ( 0.421)	Data  0.000 ( 0.032)	Loss 2.3666e-02 (1.7000e-02)	Acc@1  99.22 ( 99.27)	Acc@2 100.00 (100.00)
Epoch: [141][ 70/101]	Time  0.417 ( 0.421)	Data  0.000 ( 0.031)	Loss 1.1643e-02 (1.6838e-02)	Acc@1 100.00 ( 99.30)	Acc@2 100.00 (100.00)
Epoch: [141][ 80/101]	Time  0.403 ( 0.420)	Data  0.000 ( 0.031)	Loss 2.7219e-02 (1.7154e-02)	Acc@1  98.83 ( 99.29)	Acc@2 100.00 (100.00)
Epoch: [141][ 90/101]	Time  0.428 ( 0.420)	Data  0.000 ( 0.030)	Loss 7.8968e-03 (1.6526e-02)	Acc@1  99.61 ( 99.32)	Acc@2 100.00 (100.00)
Epoch: [141][100/101]	Time  0.373 ( 0.419)	Data  0.000 ( 0.030)	Loss 1.7022e-02 (1.6201e-02)	Acc@1 100.00 ( 99.33)	Acc@2 100.00 (100.00)
Test: [ 0/34]	Time  0.548 ( 0.548)	Loss 4.2618e-04 (4.2618e-04)	Acc@1 100.00 (100.00)	Acc@2 100.00 (100.00)
Test: [10/34]	Time  0.123 ( 0.162)	Loss 3.0196e-03 (1.8954e-02)	Acc@1  99.61 ( 99.68)	Acc@2 100.00 (100.00)
Test: [20/34]	Time  0.123 ( 0.145)	Loss 1.6742e-03 (1.9141e-02)	Acc@1 100.00 ( 99.68)	Acc@2 100.00 (100.00)
Test: [30/34]	Time  0.122 ( 0.138)	Loss 3.1492e-03 (1.6670e-02)	Acc@1 100.00 ( 99.67)	Acc@2 100.00 (100.00)
 * Acc@1 99.686 Acc@2 100.000
Epoch: [142][  0/101]	Time  0.637 ( 0.637)	Data  0.480 ( 0.480)	Loss 1.4264e-02 (1.4264e-02)	Acc@1  98.83 ( 98.83)	Acc@2 100.00 (100.00)
Epoch: [142][ 10/101]	Time  0.416 ( 0.437)	Data  0.000 ( 0.067)	Loss 1.7172e-02 (1.4538e-02)	Acc@1  99.22 ( 99.40)	Acc@2 100.00 (100.00)
Epoch: [142][ 20/101]	Time  0.426 ( 0.428)	Data  0.000 ( 0.047)	Loss 2.1450e-02 (1.8768e-02)	Acc@1  99.61 ( 99.24)	Acc@2 100.00 (100.00)
Epoch: [142][ 30/101]	Time  0.419 ( 0.424)	Data  0.000 ( 0.041)	Loss 7.0251e-03 (1.6800e-02)	Acc@1 100.00 ( 99.32)	Acc@2 100.00 (100.00)
Epoch: [142][ 40/101]	Time  0.411 ( 0.423)	Data  0.000 ( 0.037)	Loss 1.6391e-02 (1.7052e-02)	Acc@1  99.61 ( 99.33)	Acc@2 100.00 (100.00)
Epoch: [142][ 50/101]	Time  0.416 ( 0.422)	Data  0.000 ( 0.035)	Loss 5.8121e-03 (1.6951e-02)	Acc@1 100.00 ( 99.30)	Acc@2 100.00 (100.00)
Epoch: [142][ 60/101]	Time  0.425 ( 0.421)	Data  0.000 ( 0.033)	Loss 3.7084e-02 (1.6634e-02)	Acc@1  98.05 ( 99.31)	Acc@2 100.00 (100.00)
Epoch: [142][ 70/101]	Time  0.427 ( 0.420)	Data  0.000 ( 0.032)	Loss 1.6272e-02 (1.6606e-02)	Acc@1  99.22 ( 99.31)	Acc@2 100.00 (100.00)
Epoch: [142][ 80/101]	Time  0.411 ( 0.420)	Data  0.000 ( 0.031)	Loss 5.8631e-03 (1.6671e-02)	Acc@1 100.00 ( 99.32)	Acc@2 100.00 (100.00)
Epoch: [142][ 90/101]	Time  0.419 ( 0.419)	Data  0.000 ( 0.031)	Loss 3.4523e-02 (1.6497e-02)	Acc@1  98.44 ( 99.34)	Acc@2 100.00 (100.00)
Epoch: [142][100/101]	Time  0.370 ( 0.418)	Data  0.000 ( 0.030)	Loss 2.1569e-02 (1.6482e-02)	Acc@1  99.32 ( 99.34)	Acc@2 100.00 (100.00)
Test: [ 0/34]	Time  0.540 ( 0.540)	Loss 8.3063e-04 (8.3063e-04)	Acc@1 100.00 (100.00)	Acc@2 100.00 (100.00)
Test: [10/34]	Time  0.124 ( 0.164)	Loss 5.2600e-03 (2.1769e-02)	Acc@1  99.61 ( 99.68)	Acc@2 100.00 (100.00)
Test: [20/34]	Time  0.132 ( 0.146)	Loss 9.7585e-04 (2.1597e-02)	Acc@1 100.00 ( 99.68)	Acc@2 100.00 (100.00)
Test: [30/34]	Time  0.123 ( 0.139)	Loss 1.8344e-03 (1.7780e-02)	Acc@1 100.00 ( 99.72)	Acc@2 100.00 (100.00)
 * Acc@1 99.732 Acc@2 100.000
Epoch: [143][  0/101]	Time  0.628 ( 0.628)	Data  0.473 ( 0.473)	Loss 1.2432e-02 (1.2432e-02)	Acc@1  99.22 ( 99.22)	Acc@2 100.00 (100.00)
Epoch: [143][ 10/101]	Time  0.414 ( 0.434)	Data  0.000 ( 0.066)	Loss 1.4656e-02 (1.8002e-02)	Acc@1  99.61 ( 99.15)	Acc@2 100.00 (100.00)
Epoch: [143][ 20/101]	Time  0.426 ( 0.428)	Data  0.000 ( 0.047)	Loss 2.6190e-02 (1.6118e-02)	Acc@1  98.83 ( 99.27)	Acc@2 100.00 (100.00)
Epoch: [143][ 30/101]	Time  0.401 ( 0.425)	Data  0.000 ( 0.040)	Loss 3.1822e-02 (1.5767e-02)	Acc@1  98.83 ( 99.33)	Acc@2 100.00 (100.00)
Epoch: [143][ 40/101]	Time  0.439 ( 0.423)	Data  0.000 ( 0.037)	Loss 1.2672e-02 (1.6188e-02)	Acc@1  99.22 ( 99.32)	Acc@2 100.00 (100.00)
Epoch: [143][ 50/101]	Time  0.416 ( 0.422)	Data  0.000 ( 0.035)	Loss 3.0885e-02 (1.5942e-02)	Acc@1  98.44 ( 99.34)	Acc@2 100.00 (100.00)
Epoch: [143][ 60/101]	Time  0.419 ( 0.421)	Data  0.000 ( 0.033)	Loss 8.4050e-03 (1.6017e-02)	Acc@1 100.00 ( 99.33)	Acc@2 100.00 (100.00)
Epoch: [143][ 70/101]	Time  0.415 ( 0.420)	Data  0.000 ( 0.032)	Loss 1.6796e-02 (1.6118e-02)	Acc@1  99.61 ( 99.36)	Acc@2 100.00 (100.00)
Epoch: [143][ 80/101]	Time  0.426 ( 0.419)	Data  0.000 ( 0.031)	Loss 9.7690e-03 (1.6452e-02)	Acc@1  99.61 ( 99.34)	Acc@2 100.00 (100.00)
Epoch: [143][ 90/101]	Time  0.397 ( 0.419)	Data  0.000 ( 0.030)	Loss 2.9253e-03 (1.6590e-02)	Acc@1 100.00 ( 99.34)	Acc@2 100.00 (100.00)
Epoch: [143][100/101]	Time  0.370 ( 0.418)	Data  0.000 ( 0.030)	Loss 1.0309e-02 (1.6783e-02)	Acc@1 100.00 ( 99.33)	Acc@2 100.00 (100.00)
Test: [ 0/34]	Time  0.524 ( 0.524)	Loss 5.4366e-04 (5.4366e-04)	Acc@1 100.00 (100.00)	Acc@2 100.00 (100.00)
Test: [10/34]	Time  0.121 ( 0.160)	Loss 4.0717e-03 (2.0112e-02)	Acc@1  99.61 ( 99.68)	Acc@2 100.00 (100.00)
Test: [20/34]	Time  0.142 ( 0.144)	Loss 1.3220e-03 (2.0097e-02)	Acc@1 100.00 ( 99.68)	Acc@2 100.00 (100.00)
Test: [30/34]	Time  0.123 ( 0.137)	Loss 2.6825e-03 (1.6997e-02)	Acc@1 100.00 ( 99.72)	Acc@2 100.00 (100.00)
 * Acc@1 99.732 Acc@2 100.000
Epoch: [144][  0/101]	Time  0.609 ( 0.609)	Data  0.452 ( 0.452)	Loss 9.2015e-03 (9.2015e-03)	Acc@1  99.61 ( 99.61)	Acc@2 100.00 (100.00)
Epoch: [144][ 10/101]	Time  0.426 ( 0.434)	Data  0.000 ( 0.063)	Loss 2.6015e-02 (1.9359e-02)	Acc@1  99.22 ( 99.22)	Acc@2 100.00 (100.00)
Epoch: [144][ 20/101]	Time  0.423 ( 0.427)	Data  0.000 ( 0.046)	Loss 8.0486e-03 (1.8350e-02)	Acc@1  99.61 ( 99.20)	Acc@2 100.00 (100.00)
Epoch: [144][ 30/101]	Time  0.426 ( 0.424)	Data  0.000 ( 0.039)	Loss 3.6440e-03 (1.6572e-02)	Acc@1 100.00 ( 99.28)	Acc@2 100.00 (100.00)
Epoch: [144][ 40/101]	Time  0.412 ( 0.422)	Data  0.000 ( 0.036)	Loss 4.4058e-03 (1.5314e-02)	Acc@1 100.00 ( 99.35)	Acc@2 100.00 (100.00)
Epoch: [144][ 50/101]	Time  0.440 ( 0.421)	Data  0.000 ( 0.034)	Loss 3.7129e-02 (1.6036e-02)	Acc@1  98.05 ( 99.30)	Acc@2 100.00 (100.00)
Epoch: [144][ 60/101]	Time  0.448 ( 0.421)	Data  0.000 ( 0.033)	Loss 1.7381e-02 (1.5089e-02)	Acc@1  99.22 ( 99.35)	Acc@2 100.00 (100.00)
Epoch: [144][ 70/101]	Time  0.414 ( 0.420)	Data  0.000 ( 0.032)	Loss 6.4325e-03 (1.5374e-02)	Acc@1  99.61 ( 99.35)	Acc@2 100.00 (100.00)
Epoch: [144][ 80/101]	Time  0.420 ( 0.420)	Data  0.000 ( 0.031)	Loss 1.3254e-02 (1.5641e-02)	Acc@1 100.00 ( 99.36)	Acc@2 100.00 (100.00)
Epoch: [144][ 90/101]	Time  0.433 ( 0.420)	Data  0.000 ( 0.030)	Loss 4.4836e-03 (1.5252e-02)	Acc@1 100.00 ( 99.37)	Acc@2 100.00 (100.00)
Epoch: [144][100/101]	Time  0.383 ( 0.419)	Data  0.000 ( 0.030)	Loss 1.9069e-02 (1.4944e-02)	Acc@1  99.32 ( 99.39)	Acc@2 100.00 (100.00)
Test: [ 0/34]	Time  0.529 ( 0.529)	Loss 8.2240e-04 (8.2240e-04)	Acc@1 100.00 (100.00)	Acc@2 100.00 (100.00)
Test: [10/34]	Time  0.129 ( 0.168)	Loss 5.9032e-03 (2.1597e-02)	Acc@1  99.61 ( 99.64)	Acc@2 100.00 (100.00)
Test: [20/34]	Time  0.123 ( 0.148)	Loss 9.8413e-04 (2.1295e-02)	Acc@1 100.00 ( 99.67)	Acc@2 100.00 (100.00)
Test: [30/34]	Time  0.124 ( 0.140)	Loss 1.6936e-03 (1.7236e-02)	Acc@1 100.00 ( 99.71)	Acc@2 100.00 (100.00)
 * Acc@1 99.721 Acc@2 100.000
Epoch: [145][  0/101]	Time  0.622 ( 0.622)	Data  0.465 ( 0.465)	Loss 3.1840e-02 (3.1840e-02)	Acc@1  99.22 ( 99.22)	Acc@2 100.00 (100.00)
Epoch: [145][ 10/101]	Time  0.421 ( 0.432)	Data  0.000 ( 0.064)	Loss 1.1117e-02 (1.4953e-02)	Acc@1  99.61 ( 99.50)	Acc@2 100.00 (100.00)
Epoch: [145][ 20/101]	Time  0.396 ( 0.424)	Data  0.000 ( 0.046)	Loss 1.9875e-02 (1.8285e-02)	Acc@1  99.22 ( 99.31)	Acc@2 100.00 (100.00)
Epoch: [145][ 30/101]	Time  0.438 ( 0.422)	Data  0.000 ( 0.039)	Loss 2.0925e-02 (1.8275e-02)	Acc@1  98.83 ( 99.29)	Acc@2 100.00 (100.00)
Epoch: [145][ 40/101]	Time  0.403 ( 0.421)	Data  0.000 ( 0.036)	Loss 4.4595e-03 (1.8890e-02)	Acc@1 100.00 ( 99.27)	Acc@2 100.00 (100.00)
Epoch: [145][ 50/101]	Time  0.426 ( 0.420)	Data  0.000 ( 0.034)	Loss 4.5541e-02 (1.8372e-02)	Acc@1  98.05 ( 99.30)	Acc@2 100.00 (100.00)
Epoch: [145][ 60/101]	Time  0.401 ( 0.419)	Data  0.000 ( 0.033)	Loss 8.0234e-03 (1.7861e-02)	Acc@1  99.61 ( 99.30)	Acc@2 100.00 (100.00)
Epoch: [145][ 70/101]	Time  0.457 ( 0.419)	Data  0.000 ( 0.032)	Loss 3.0960e-02 (1.8431e-02)	Acc@1  98.83 ( 99.28)	Acc@2 100.00 (100.00)
Epoch: [145][ 80/101]	Time  0.401 ( 0.419)	Data  0.000 ( 0.031)	Loss 7.2232e-03 (1.8225e-02)	Acc@1  99.61 ( 99.29)	Acc@2 100.00 (100.00)
Epoch: [145][ 90/101]	Time  0.417 ( 0.418)	Data  0.000 ( 0.030)	Loss 2.2444e-02 (1.8218e-02)	Acc@1  98.83 ( 99.28)	Acc@2 100.00 (100.00)
Epoch: [145][100/101]	Time  0.358 ( 0.418)	Data  0.000 ( 0.030)	Loss 7.2749e-03 (1.7916e-02)	Acc@1 100.00 ( 99.29)	Acc@2 100.00 (100.00)
Test: [ 0/34]	Time  0.617 ( 0.617)	Loss 6.8225e-04 (6.8225e-04)	Acc@1 100.00 (100.00)	Acc@2 100.00 (100.00)
Test: [10/34]	Time  0.122 ( 0.169)	Loss 3.9008e-03 (2.0596e-02)	Acc@1  99.61 ( 99.68)	Acc@2 100.00 (100.00)
Test: [20/34]	Time  0.122 ( 0.148)	Loss 1.1915e-03 (2.0633e-02)	Acc@1 100.00 ( 99.68)	Acc@2 100.00 (100.00)
Test: [30/34]	Time  0.122 ( 0.140)	Loss 2.4543e-03 (1.7467e-02)	Acc@1 100.00 ( 99.71)	Acc@2 100.00 (100.00)
 * Acc@1 99.721 Acc@2 100.000
Epoch: [146][  0/101]	Time  0.574 ( 0.574)	Data  0.421 ( 0.421)	Loss 1.0880e-02 (1.0880e-02)	Acc@1  99.61 ( 99.61)	Acc@2 100.00 (100.00)
Epoch: [146][ 10/101]	Time  0.425 ( 0.432)	Data  0.000 ( 0.062)	Loss 3.0646e-02 (1.9012e-02)	Acc@1  98.44 ( 99.11)	Acc@2 100.00 (100.00)
Epoch: [146][ 20/101]	Time  0.413 ( 0.424)	Data  0.000 ( 0.044)	Loss 9.6013e-03 (1.8952e-02)	Acc@1 100.00 ( 99.27)	Acc@2 100.00 (100.00)
Epoch: [146][ 30/101]	Time  0.419 ( 0.421)	Data  0.000 ( 0.039)	Loss 2.1974e-02 (1.9741e-02)	Acc@1  98.83 ( 99.24)	Acc@2 100.00 (100.00)
Epoch: [146][ 40/101]	Time  0.420 ( 0.420)	Data  0.000 ( 0.035)	Loss 2.8384e-02 (1.8559e-02)	Acc@1  98.83 ( 99.28)	Acc@2 100.00 (100.00)
Epoch: [146][ 50/101]	Time  0.425 ( 0.421)	Data  0.000 ( 0.034)	Loss 2.1246e-02 (1.8754e-02)	Acc@1  98.83 ( 99.26)	Acc@2 100.00 (100.00)
Epoch: [146][ 60/101]	Time  0.416 ( 0.420)	Data  0.000 ( 0.032)	Loss 2.5511e-02 (1.8783e-02)	Acc@1  98.44 ( 99.23)	Acc@2 100.00 (100.00)
Epoch: [146][ 70/101]	Time  0.428 ( 0.420)	Data  0.000 ( 0.031)	Loss 8.4175e-03 (1.8461e-02)	Acc@1  99.61 ( 99.25)	Acc@2 100.00 (100.00)
Epoch: [146][ 80/101]	Time  0.426 ( 0.420)	Data  0.000 ( 0.030)	Loss 1.7710e-02 (1.8638e-02)	Acc@1  98.44 ( 99.23)	Acc@2 100.00 (100.00)
Epoch: [146][ 90/101]	Time  0.433 ( 0.420)	Data  0.000 ( 0.030)	Loss 2.9204e-02 (1.8812e-02)	Acc@1  98.44 ( 99.23)	Acc@2 100.00 (100.00)
Epoch: [146][100/101]	Time  0.367 ( 0.419)	Data  0.000 ( 0.029)	Loss 1.2652e-02 (1.8882e-02)	Acc@1 100.00 ( 99.24)	Acc@2 100.00 (100.00)
Test: [ 0/34]	Time  0.543 ( 0.543)	Loss 5.3104e-04 (5.3104e-04)	Acc@1 100.00 (100.00)	Acc@2 100.00 (100.00)
Test: [10/34]	Time  0.121 ( 0.163)	Loss 3.6781e-03 (1.9847e-02)	Acc@1  99.61 ( 99.68)	Acc@2 100.00 (100.00)
Test: [20/34]	Time  0.133 ( 0.145)	Loss 1.3589e-03 (1.9890e-02)	Acc@1 100.00 ( 99.68)	Acc@2 100.00 (100.00)
Test: [30/34]	Time  0.122 ( 0.138)	Loss 2.5804e-03 (1.6815e-02)	Acc@1 100.00 ( 99.71)	Acc@2 100.00 (100.00)
 * Acc@1 99.721 Acc@2 100.000
Epoch: [147][  0/101]	Time  0.667 ( 0.667)	Data  0.515 ( 0.515)	Loss 2.1403e-02 (2.1403e-02)	Acc@1  98.83 ( 98.83)	Acc@2 100.00 (100.00)
Epoch: [147][ 10/101]	Time  0.403 ( 0.436)	Data  0.000 ( 0.070)	Loss 2.9013e-02 (1.6679e-02)	Acc@1  98.83 ( 99.29)	Acc@2 100.00 (100.00)
Epoch: [147][ 20/101]	Time  0.448 ( 0.427)	Data  0.000 ( 0.048)	Loss 1.9180e-02 (1.6210e-02)	Acc@1  98.83 ( 99.37)	Acc@2 100.00 (100.00)
Epoch: [147][ 30/101]	Time  0.408 ( 0.427)	Data  0.000 ( 0.044)	Loss 1.4157e-02 (1.8129e-02)	Acc@1  99.61 ( 99.33)	Acc@2 100.00 (100.00)
Epoch: [147][ 40/101]	Time  0.414 ( 0.423)	Data  0.000 ( 0.039)	Loss 1.7360e-02 (1.8648e-02)	Acc@1  99.61 ( 99.31)	Acc@2 100.00 (100.00)
Epoch: [147][ 50/101]	Time  0.406 ( 0.422)	Data  0.000 ( 0.037)	Loss 2.0483e-02 (1.8227e-02)	Acc@1  99.22 ( 99.35)	Acc@2 100.00 (100.00)
Epoch: [147][ 60/101]	Time  0.428 ( 0.421)	Data  0.000 ( 0.034)	Loss 2.0066e-02 (1.8029e-02)	Acc@1  98.44 ( 99.31)	Acc@2 100.00 (100.00)
Epoch: [147][ 70/101]	Time  0.401 ( 0.420)	Data  0.000 ( 0.033)	Loss 1.2349e-02 (1.8256e-02)	Acc@1  99.61 ( 99.30)	Acc@2 100.00 (100.00)
Epoch: [147][ 80/101]	Time  0.417 ( 0.420)	Data  0.000 ( 0.032)	Loss 2.3152e-02 (1.8155e-02)	Acc@1  98.83 ( 99.30)	Acc@2 100.00 (100.00)
Epoch: [147][ 90/101]	Time  0.402 ( 0.419)	Data  0.000 ( 0.032)	Loss 5.8451e-03 (1.8103e-02)	Acc@1 100.00 ( 99.30)	Acc@2 100.00 (100.00)
Epoch: [147][100/101]	Time  0.393 ( 0.419)	Data  0.000 ( 0.031)	Loss 9.1642e-02 (1.8973e-02)	Acc@1  95.89 ( 99.27)	Acc@2 100.00 (100.00)
Test: [ 0/34]	Time  0.546 ( 0.546)	Loss 1.1861e-03 (1.1861e-03)	Acc@1 100.00 (100.00)	Acc@2 100.00 (100.00)
Test: [10/34]	Time  0.132 ( 0.165)	Loss 7.7734e-03 (2.3656e-02)	Acc@1  99.61 ( 99.61)	Acc@2 100.00 (100.00)
Test: [20/34]	Time  0.122 ( 0.145)	Loss 7.1999e-04 (2.3110e-02)	Acc@1 100.00 ( 99.65)	Acc@2 100.00 (100.00)
Test: [30/34]	Time  0.121 ( 0.139)	Loss 1.3562e-03 (1.8474e-02)	Acc@1 100.00 ( 99.70)	Acc@2 100.00 (100.00)
 * Acc@1 99.709 Acc@2 100.000
Epoch: [148][  0/101]	Time  0.615 ( 0.615)	Data  0.468 ( 0.468)	Loss 1.9535e-02 (1.9535e-02)	Acc@1  99.22 ( 99.22)	Acc@2 100.00 (100.00)
Epoch: [148][ 10/101]	Time  0.423 ( 0.438)	Data  0.000 ( 0.065)	Loss 2.4895e-02 (1.6428e-02)	Acc@1  98.44 ( 99.33)	Acc@2 100.00 (100.00)
Epoch: [148][ 20/101]	Time  0.420 ( 0.427)	Data  0.000 ( 0.046)	Loss 1.6166e-02 (1.7129e-02)	Acc@1  99.61 ( 99.27)	Acc@2 100.00 (100.00)
Epoch: [148][ 30/101]	Time  0.441 ( 0.424)	Data  0.000 ( 0.039)	Loss 3.7873e-02 (1.7740e-02)	Acc@1  98.44 ( 99.26)	Acc@2 100.00 (100.00)
Epoch: [148][ 40/101]	Time  0.436 ( 0.422)	Data  0.000 ( 0.036)	Loss 9.5390e-03 (1.7602e-02)	Acc@1  99.61 ( 99.28)	Acc@2 100.00 (100.00)
Epoch: [148][ 50/101]	Time  0.417 ( 0.421)	Data  0.000 ( 0.034)	Loss 2.8355e-02 (1.8361e-02)	Acc@1  98.44 ( 99.28)	Acc@2 100.00 (100.00)
Epoch: [148][ 60/101]	Time  0.419 ( 0.421)	Data  0.000 ( 0.033)	Loss 2.4648e-02 (1.8381e-02)	Acc@1  99.61 ( 99.30)	Acc@2 100.00 (100.00)
Epoch: [148][ 70/101]	Time  0.423 ( 0.420)	Data  0.000 ( 0.032)	Loss 1.4506e-02 (1.7866e-02)	Acc@1  99.22 ( 99.31)	Acc@2 100.00 (100.00)
Epoch: [148][ 80/101]	Time  0.419 ( 0.419)	Data  0.000 ( 0.031)	Loss 1.1849e-02 (1.7507e-02)	Acc@1  99.61 ( 99.31)	Acc@2 100.00 (100.00)
Epoch: [148][ 90/101]	Time  0.404 ( 0.419)	Data  0.000 ( 0.031)	Loss 1.8896e-02 (1.8066e-02)	Acc@1  99.22 ( 99.28)	Acc@2 100.00 (100.00)
Epoch: [148][100/101]	Time  0.371 ( 0.418)	Data  0.000 ( 0.030)	Loss 2.6633e-02 (1.7951e-02)	Acc@1  98.63 ( 99.29)	Acc@2 100.00 (100.00)
Test: [ 0/34]	Time  0.597 ( 0.597)	Loss 8.3143e-04 (8.3143e-04)	Acc@1 100.00 (100.00)	Acc@2 100.00 (100.00)
Test: [10/34]	Time  0.121 ( 0.167)	Loss 5.8108e-03 (2.1641e-02)	Acc@1  99.61 ( 99.68)	Acc@2 100.00 (100.00)
Test: [20/34]	Time  0.124 ( 0.147)	Loss 9.4467e-04 (2.1417e-02)	Acc@1 100.00 ( 99.68)	Acc@2 100.00 (100.00)
Test: [30/34]	Time  0.123 ( 0.140)	Loss 1.8589e-03 (1.7559e-02)	Acc@1 100.00 ( 99.72)	Acc@2 100.00 (100.00)
 * Acc@1 99.732 Acc@2 100.000
Epoch: [149][  0/101]	Time  0.644 ( 0.644)	Data  0.498 ( 0.498)	Loss 1.5109e-02 (1.5109e-02)	Acc@1  99.22 ( 99.22)	Acc@2 100.00 (100.00)
Epoch: [149][ 10/101]	Time  0.427 ( 0.436)	Data  0.000 ( 0.068)	Loss 1.6617e-02 (1.8310e-02)	Acc@1  99.22 ( 99.22)	Acc@2 100.00 (100.00)
Epoch: [149][ 20/101]	Time  0.404 ( 0.426)	Data  0.000 ( 0.048)	Loss 1.5823e-02 (1.7327e-02)	Acc@1  99.61 ( 99.33)	Acc@2 100.00 (100.00)
Epoch: [149][ 30/101]	Time  0.411 ( 0.423)	Data  0.000 ( 0.041)	Loss 2.8551e-02 (1.6511e-02)	Acc@1  99.22 ( 99.38)	Acc@2 100.00 (100.00)
Epoch: [149][ 40/101]	Time  0.407 ( 0.421)	Data  0.000 ( 0.037)	Loss 3.7262e-03 (1.5367e-02)	Acc@1 100.00 ( 99.43)	Acc@2 100.00 (100.00)
Epoch: [149][ 50/101]	Time  0.434 ( 0.420)	Data  0.000 ( 0.035)	Loss 1.5008e-02 (1.6438e-02)	Acc@1  99.61 ( 99.37)	Acc@2 100.00 (100.00)
Epoch: [149][ 60/101]	Time  0.408 ( 0.419)	Data  0.000 ( 0.034)	Loss 2.9055e-02 (1.7132e-02)	Acc@1  98.44 ( 99.35)	Acc@2 100.00 (100.00)
Epoch: [149][ 70/101]	Time  0.417 ( 0.419)	Data  0.000 ( 0.032)	Loss 1.1019e-02 (1.6795e-02)	Acc@1 100.00 ( 99.37)	Acc@2 100.00 (100.00)
Epoch: [149][ 80/101]	Time  0.398 ( 0.420)	Data  0.000 ( 0.032)	Loss 1.2728e-02 (1.6946e-02)	Acc@1  99.22 ( 99.33)	Acc@2 100.00 (100.00)
Epoch: [149][ 90/101]	Time  0.421 ( 0.419)	Data  0.000 ( 0.031)	Loss 7.8329e-03 (1.6904e-02)	Acc@1 100.00 ( 99.34)	Acc@2 100.00 (100.00)
Epoch: [149][100/101]	Time  0.369 ( 0.418)	Data  0.000 ( 0.030)	Loss 7.5800e-03 (1.6580e-02)	Acc@1 100.00 ( 99.37)	Acc@2 100.00 (100.00)
Test: [ 0/34]	Time  0.695 ( 0.695)	Loss 6.6099e-04 (6.6099e-04)	Acc@1 100.00 (100.00)	Acc@2 100.00 (100.00)
Test: [10/34]	Time  0.122 ( 0.177)	Loss 4.3332e-03 (2.0755e-02)	Acc@1  99.61 ( 99.68)	Acc@2 100.00 (100.00)
Test: [20/34]	Time  0.123 ( 0.152)	Loss 1.2432e-03 (2.0695e-02)	Acc@1 100.00 ( 99.68)	Acc@2 100.00 (100.00)
Test: [30/34]	Time  0.120 ( 0.143)	Loss 2.3233e-03 (1.7310e-02)	Acc@1 100.00 ( 99.72)	Acc@2 100.00 (100.00)
 * Acc@1 99.732 Acc@2 100.000
Epoch: [150][  0/101]	Time  0.557 ( 0.557)	Data  0.411 ( 0.411)	Loss 6.4192e-03 (6.4192e-03)	Acc@1 100.00 (100.00)	Acc@2 100.00 (100.00)
Epoch: [150][ 10/101]	Time  0.420 ( 0.435)	Data  0.000 ( 0.065)	Loss 1.3836e-02 (1.8802e-02)	Acc@1  99.61 ( 99.33)	Acc@2 100.00 (100.00)
Epoch: [150][ 20/101]	Time  0.418 ( 0.427)	Data  0.000 ( 0.046)	Loss 1.6209e-02 (1.5934e-02)	Acc@1  99.61 ( 99.40)	Acc@2 100.00 (100.00)
Epoch: [150][ 30/101]	Time  0.424 ( 0.424)	Data  0.000 ( 0.040)	Loss 2.4053e-02 (1.8226e-02)	Acc@1  98.83 ( 99.32)	Acc@2 100.00 (100.00)
Epoch: [150][ 40/101]	Time  0.412 ( 0.422)	Data  0.000 ( 0.036)	Loss 2.0154e-02 (1.9052e-02)	Acc@1  98.83 ( 99.28)	Acc@2 100.00 (100.00)
Epoch: [150][ 50/101]	Time  0.461 ( 0.422)	Data  0.000 ( 0.035)	Loss 1.5883e-02 (1.8145e-02)	Acc@1  99.61 ( 99.33)	Acc@2 100.00 (100.00)
Epoch: [150][ 60/101]	Time  0.438 ( 0.421)	Data  0.000 ( 0.033)	Loss 9.7910e-03 (1.8201e-02)	Acc@1  99.61 ( 99.32)	Acc@2 100.00 (100.00)
Epoch: [150][ 70/101]	Time  0.428 ( 0.421)	Data  0.000 ( 0.032)	Loss 1.0959e-02 (1.8272e-02)	Acc@1  99.61 ( 99.35)	Acc@2 100.00 (100.00)
Epoch: [150][ 80/101]	Time  0.413 ( 0.420)	Data  0.000 ( 0.031)	Loss 1.4423e-02 (1.7958e-02)	Acc@1  99.61 ( 99.36)	Acc@2 100.00 (100.00)
Epoch: [150][ 90/101]	Time  0.412 ( 0.420)	Data  0.000 ( 0.031)	Loss 3.1382e-02 (1.8531e-02)	Acc@1  98.83 ( 99.35)	Acc@2 100.00 (100.00)
Epoch: [150][100/101]	Time  0.361 ( 0.419)	Data  0.000 ( 0.030)	Loss 1.0362e-02 (1.9113e-02)	Acc@1  99.32 ( 99.33)	Acc@2 100.00 (100.00)
Test: [ 0/34]	Time  0.580 ( 0.580)	Loss 9.4663e-04 (9.4663e-04)	Acc@1 100.00 (100.00)	Acc@2 100.00 (100.00)
Test: [10/34]	Time  0.129 ( 0.170)	Loss 5.6995e-03 (2.2044e-02)	Acc@1  99.61 ( 99.64)	Acc@2 100.00 (100.00)
Test: [20/34]	Time  0.134 ( 0.149)	Loss 9.3109e-04 (2.1795e-02)	Acc@1 100.00 ( 99.67)	Acc@2 100.00 (100.00)
Test: [30/34]	Time  0.124 ( 0.141)	Loss 1.9241e-03 (1.7876e-02)	Acc@1 100.00 ( 99.71)	Acc@2 100.00 (100.00)
 * Acc@1 99.721 Acc@2 100.000
Epoch: [151][  0/101]	Time  0.594 ( 0.594)	Data  0.436 ( 0.436)	Loss 2.7340e-03 (2.7340e-03)	Acc@1 100.00 (100.00)	Acc@2 100.00 (100.00)
Epoch: [151][ 10/101]	Time  0.415 ( 0.435)	Data  0.000 ( 0.064)	Loss 1.1127e-02 (1.8774e-02)	Acc@1  99.22 ( 99.43)	Acc@2 100.00 (100.00)
Epoch: [151][ 20/101]	Time  0.427 ( 0.428)	Data  0.000 ( 0.045)	Loss 2.8026e-02 (2.0220e-02)	Acc@1  98.83 ( 99.31)	Acc@2 100.00 (100.00)
Epoch: [151][ 30/101]	Time  0.409 ( 0.424)	Data  0.000 ( 0.039)	Loss 1.4948e-02 (2.2052e-02)	Acc@1  99.61 ( 99.24)	Acc@2 100.00 (100.00)
Epoch: [151][ 40/101]	Time  0.430 ( 0.423)	Data  0.000 ( 0.036)	Loss 1.6087e-02 (2.0325e-02)	Acc@1  99.22 ( 99.26)	Acc@2 100.00 (100.00)
Epoch: [151][ 50/101]	Time  0.411 ( 0.422)	Data  0.000 ( 0.034)	Loss 2.6128e-02 (2.0433e-02)	Acc@1  99.22 ( 99.23)	Acc@2 100.00 (100.00)
Epoch: [151][ 60/101]	Time  0.418 ( 0.421)	Data  0.000 ( 0.033)	Loss 1.1595e-02 (2.0179e-02)	Acc@1  99.61 ( 99.23)	Acc@2 100.00 (100.00)
Epoch: [151][ 70/101]	Time  0.406 ( 0.421)	Data  0.000 ( 0.032)	Loss 3.1657e-02 (1.9589e-02)	Acc@1  98.83 ( 99.25)	Acc@2 100.00 (100.00)
Epoch: [151][ 80/101]	Time  0.436 ( 0.421)	Data  0.000 ( 0.031)	Loss 1.3206e-02 (1.9289e-02)	Acc@1  99.61 ( 99.27)	Acc@2 100.00 (100.00)
Epoch: [151][ 90/101]	Time  0.405 ( 0.420)	Data  0.000 ( 0.030)	Loss 6.7871e-03 (1.9154e-02)	Acc@1  99.61 ( 99.26)	Acc@2 100.00 (100.00)
Epoch: [151][100/101]	Time  0.385 ( 0.419)	Data  0.000 ( 0.030)	Loss 2.6996e-02 (1.8929e-02)	Acc@1  98.63 ( 99.26)	Acc@2 100.00 (100.00)
Test: [ 0/34]	Time  0.563 ( 0.563)	Loss 5.7354e-04 (5.7354e-04)	Acc@1 100.00 (100.00)	Acc@2 100.00 (100.00)
Test: [10/34]	Time  0.127 ( 0.166)	Loss 4.3090e-03 (2.0318e-02)	Acc@1  99.61 ( 99.68)	Acc@2 100.00 (100.00)
Test: [20/34]	Time  0.123 ( 0.146)	Loss 1.2982e-03 (2.0299e-02)	Acc@1 100.00 ( 99.68)	Acc@2 100.00 (100.00)
Test: [30/34]	Time  0.122 ( 0.139)	Loss 2.5650e-03 (1.7139e-02)	Acc@1 100.00 ( 99.72)	Acc@2 100.00 (100.00)
 * Acc@1 99.732 Acc@2 100.000
Epoch: [152][  0/101]	Time  0.658 ( 0.658)	Data  0.503 ( 0.503)	Loss 1.2628e-02 (1.2628e-02)	Acc@1  99.61 ( 99.61)	Acc@2 100.00 (100.00)
Epoch: [152][ 10/101]	Time  0.433 ( 0.439)	Data  0.000 ( 0.067)	Loss 2.2935e-02 (1.3904e-02)	Acc@1  99.22 ( 99.47)	Acc@2 100.00 (100.00)
Epoch: [152][ 20/101]	Time  0.418 ( 0.429)	Data  0.000 ( 0.048)	Loss 1.1920e-02 (1.4151e-02)	Acc@1  99.61 ( 99.42)	Acc@2 100.00 (100.00)
Epoch: [152][ 30/101]	Time  0.414 ( 0.425)	Data  0.000 ( 0.041)	Loss 1.9453e-02 (1.4476e-02)	Acc@1  98.83 ( 99.41)	Acc@2 100.00 (100.00)
Epoch: [152][ 40/101]	Time  0.413 ( 0.423)	Data  0.000 ( 0.037)	Loss 2.8993e-02 (1.6336e-02)	Acc@1  98.83 ( 99.36)	Acc@2 100.00 (100.00)
Epoch: [152][ 50/101]	Time  0.423 ( 0.422)	Data  0.000 ( 0.035)	Loss 1.1363e-02 (1.6110e-02)	Acc@1  99.61 ( 99.36)	Acc@2 100.00 (100.00)
Epoch: [152][ 60/101]	Time  0.417 ( 0.422)	Data  0.000 ( 0.034)	Loss 2.1220e-02 (1.6565e-02)	Acc@1  99.22 ( 99.34)	Acc@2 100.00 (100.00)
Epoch: [152][ 70/101]	Time  0.419 ( 0.421)	Data  0.000 ( 0.032)	Loss 2.5342e-02 (1.7503e-02)	Acc@1  98.44 ( 99.31)	Acc@2 100.00 (100.00)
Epoch: [152][ 80/101]	Time  0.418 ( 0.420)	Data  0.000 ( 0.032)	Loss 1.2060e-02 (1.7708e-02)	Acc@1  99.61 ( 99.31)	Acc@2 100.00 (100.00)
Epoch: [152][ 90/101]	Time  0.425 ( 0.421)	Data  0.000 ( 0.031)	Loss 3.9713e-03 (1.7078e-02)	Acc@1 100.00 ( 99.33)	Acc@2 100.00 (100.00)
Epoch: [152][100/101]	Time  0.385 ( 0.420)	Data  0.000 ( 0.031)	Loss 1.2901e-02 (1.6612e-02)	Acc@1 100.00 ( 99.36)	Acc@2 100.00 (100.00)
Test: [ 0/34]	Time  0.602 ( 0.602)	Loss 7.4170e-04 (7.4170e-04)	Acc@1 100.00 (100.00)	Acc@2 100.00 (100.00)
Test: [10/34]	Time  0.128 ( 0.168)	Loss 5.0549e-03 (2.1108e-02)	Acc@1  99.61 ( 99.68)	Acc@2 100.00 (100.00)
Test: [20/34]	Time  0.122 ( 0.148)	Loss 1.0485e-03 (2.0972e-02)	Acc@1 100.00 ( 99.68)	Acc@2 100.00 (100.00)
Test: [30/34]	Time  0.123 ( 0.140)	Loss 1.9206e-03 (1.7375e-02)	Acc@1 100.00 ( 99.72)	Acc@2 100.00 (100.00)
 * Acc@1 99.732 Acc@2 100.000
Epoch: [153][  0/101]	Time  0.671 ( 0.671)	Data  0.515 ( 0.515)	Loss 5.2722e-03 (5.2722e-03)	Acc@1  99.61 ( 99.61)	Acc@2 100.00 (100.00)
Epoch: [153][ 10/101]	Time  0.413 ( 0.438)	Data  0.000 ( 0.068)	Loss 6.1587e-03 (1.4942e-02)	Acc@1  99.61 ( 99.33)	Acc@2 100.00 (100.00)
Epoch: [153][ 20/101]	Time  0.401 ( 0.429)	Data  0.000 ( 0.049)	Loss 3.6054e-02 (1.5886e-02)	Acc@1  97.66 ( 99.31)	Acc@2 100.00 (100.00)
Epoch: [153][ 30/101]	Time  0.434 ( 0.425)	Data  0.000 ( 0.041)	Loss 2.4544e-03 (1.6158e-02)	Acc@1 100.00 ( 99.33)	Acc@2 100.00 (100.00)
Epoch: [153][ 40/101]	Time  0.405 ( 0.423)	Data  0.000 ( 0.037)	Loss 1.1241e-02 (1.7982e-02)	Acc@1  99.61 ( 99.30)	Acc@2 100.00 (100.00)
Epoch: [153][ 50/101]	Time  0.412 ( 0.421)	Data  0.000 ( 0.035)	Loss 1.3668e-02 (1.8775e-02)	Acc@1  99.61 ( 99.28)	Acc@2 100.00 (100.00)
Epoch: [153][ 60/101]	Time  0.396 ( 0.420)	Data  0.000 ( 0.034)	Loss 4.1242e-02 (1.8296e-02)	Acc@1  98.83 ( 99.30)	Acc@2 100.00 (100.00)
Epoch: [153][ 70/101]	Time  0.428 ( 0.420)	Data  0.000 ( 0.032)	Loss 1.2220e-02 (1.8618e-02)	Acc@1  99.61 ( 99.27)	Acc@2 100.00 (100.00)
Epoch: [153][ 80/101]	Time  0.403 ( 0.420)	Data  0.000 ( 0.032)	Loss 9.2229e-03 (1.8647e-02)	Acc@1 100.00 ( 99.27)	Acc@2 100.00 (100.00)
Epoch: [153][ 90/101]	Time  0.418 ( 0.419)	Data  0.000 ( 0.031)	Loss 6.1642e-03 (1.8872e-02)	Acc@1 100.00 ( 99.26)	Acc@2 100.00 (100.00)
Epoch: [153][100/101]	Time  0.361 ( 0.419)	Data  0.000 ( 0.031)	Loss 1.0431e-02 (1.8946e-02)	Acc@1  99.32 ( 99.25)	Acc@2 100.00 (100.00)
Test: [ 0/34]	Time  0.527 ( 0.527)	Loss 5.5846e-04 (5.5846e-04)	Acc@1 100.00 (100.00)	Acc@2 100.00 (100.00)
Test: [10/34]	Time  0.122 ( 0.161)	Loss 4.2207e-03 (1.9979e-02)	Acc@1  99.61 ( 99.68)	Acc@2 100.00 (100.00)
Test: [20/34]	Time  0.123 ( 0.143)	Loss 1.4672e-03 (2.0021e-02)	Acc@1 100.00 ( 99.68)	Acc@2 100.00 (100.00)
Test: [30/34]	Time  0.123 ( 0.137)	Loss 2.7848e-03 (1.7140e-02)	Acc@1 100.00 ( 99.71)	Acc@2 100.00 (100.00)
 * Acc@1 99.721 Acc@2 100.000
Epoch: [154][  0/101]	Time  0.621 ( 0.621)	Data  0.464 ( 0.464)	Loss 1.4802e-02 (1.4802e-02)	Acc@1  99.22 ( 99.22)	Acc@2 100.00 (100.00)
Epoch: [154][ 10/101]	Time  0.416 ( 0.434)	Data  0.000 ( 0.066)	Loss 5.7436e-03 (2.0818e-02)	Acc@1 100.00 ( 99.08)	Acc@2 100.00 (100.00)
Epoch: [154][ 20/101]	Time  0.410 ( 0.425)	Data  0.000 ( 0.046)	Loss 1.5684e-02 (1.8245e-02)	Acc@1  99.61 ( 99.26)	Acc@2 100.00 (100.00)
Epoch: [154][ 30/101]	Time  0.413 ( 0.422)	Data  0.000 ( 0.040)	Loss 1.9301e-02 (1.9221e-02)	Acc@1  99.22 ( 99.24)	Acc@2 100.00 (100.00)
Epoch: [154][ 40/101]	Time  0.422 ( 0.422)	Data  0.000 ( 0.036)	Loss 1.0557e-02 (1.8183e-02)	Acc@1  99.22 ( 99.29)	Acc@2 100.00 (100.00)
Epoch: [154][ 50/101]	Time  0.425 ( 0.421)	Data  0.000 ( 0.034)	Loss 6.9033e-03 (1.7444e-02)	Acc@1  99.61 ( 99.33)	Acc@2 100.00 (100.00)
Epoch: [154][ 60/101]	Time  0.420 ( 0.420)	Data  0.000 ( 0.033)	Loss 2.2069e-02 (1.7634e-02)	Acc@1  99.61 ( 99.33)	Acc@2 100.00 (100.00)
Epoch: [154][ 70/101]	Time  0.406 ( 0.420)	Data  0.000 ( 0.032)	Loss 1.2135e-02 (1.7706e-02)	Acc@1  99.61 ( 99.33)	Acc@2 100.00 (100.00)
Epoch: [154][ 80/101]	Time  0.421 ( 0.419)	Data  0.000 ( 0.031)	Loss 3.5750e-02 (1.8136e-02)	Acc@1  98.44 ( 99.27)	Acc@2 100.00 (100.00)
Epoch: [154][ 90/101]	Time  0.418 ( 0.419)	Data  0.000 ( 0.030)	Loss 3.0948e-02 (1.8312e-02)	Acc@1  98.83 ( 99.24)	Acc@2 100.00 (100.00)
Epoch: [154][100/101]	Time  0.355 ( 0.418)	Data  0.000 ( 0.030)	Loss 9.4534e-03 (1.8185e-02)	Acc@1 100.00 ( 99.25)	Acc@2 100.00 (100.00)
Test: [ 0/34]	Time  0.557 ( 0.557)	Loss 6.6459e-04 (6.6459e-04)	Acc@1 100.00 (100.00)	Acc@2 100.00 (100.00)
Test: [10/34]	Time  0.123 ( 0.164)	Loss 4.6789e-03 (2.0912e-02)	Acc@1  99.61 ( 99.68)	Acc@2 100.00 (100.00)
Test: [20/34]	Time  0.122 ( 0.145)	Loss 1.1653e-03 (2.0834e-02)	Acc@1 100.00 ( 99.68)	Acc@2 100.00 (100.00)
Test: [30/34]	Time  0.122 ( 0.139)	Loss 2.2981e-03 (1.7450e-02)	Acc@1 100.00 ( 99.72)	Acc@2 100.00 (100.00)
 * Acc@1 99.732 Acc@2 100.000
Epoch: [155][  0/101]	Time  0.574 ( 0.574)	Data  0.431 ( 0.431)	Loss 9.1576e-03 (9.1576e-03)	Acc@1 100.00 (100.00)	Acc@2 100.00 (100.00)
Epoch: [155][ 10/101]	Time  0.402 ( 0.427)	Data  0.000 ( 0.063)	Loss 3.9474e-02 (1.9076e-02)	Acc@1  98.05 ( 99.33)	Acc@2 100.00 (100.00)
Epoch: [155][ 20/101]	Time  0.433 ( 0.422)	Data  0.000 ( 0.045)	Loss 4.2556e-03 (2.0016e-02)	Acc@1 100.00 ( 99.27)	Acc@2 100.00 (100.00)
Epoch: [155][ 30/101]	Time  0.395 ( 0.420)	Data  0.000 ( 0.039)	Loss 1.3169e-02 (2.0166e-02)	Acc@1  99.61 ( 99.27)	Acc@2 100.00 (100.00)
Epoch: [155][ 40/101]	Time  0.425 ( 0.419)	Data  0.000 ( 0.036)	Loss 4.5178e-02 (2.0455e-02)	Acc@1  98.44 ( 99.26)	Acc@2 100.00 (100.00)
Epoch: [155][ 50/101]	Time  0.408 ( 0.418)	Data  0.000 ( 0.034)	Loss 1.7395e-02 (1.8948e-02)	Acc@1  99.61 ( 99.27)	Acc@2 100.00 (100.00)
Epoch: [155][ 60/101]	Time  0.431 ( 0.418)	Data  0.000 ( 0.032)	Loss 8.4462e-03 (1.8864e-02)	Acc@1  99.61 ( 99.28)	Acc@2 100.00 (100.00)
Epoch: [155][ 70/101]	Time  0.411 ( 0.418)	Data  0.000 ( 0.031)	Loss 2.0770e-02 (1.8984e-02)	Acc@1  98.83 ( 99.28)	Acc@2 100.00 (100.00)
Epoch: [155][ 80/101]	Time  0.414 ( 0.417)	Data  0.000 ( 0.030)	Loss 8.2368e-03 (1.8286e-02)	Acc@1 100.00 ( 99.32)	Acc@2 100.00 (100.00)
Epoch: [155][ 90/101]	Time  0.401 ( 0.417)	Data  0.000 ( 0.030)	Loss 1.0764e-02 (1.7711e-02)	Acc@1  99.61 ( 99.35)	Acc@2 100.00 (100.00)
Epoch: [155][100/101]	Time  0.388 ( 0.417)	Data  0.000 ( 0.030)	Loss 1.3519e-02 (1.7724e-02)	Acc@1  99.32 ( 99.35)	Acc@2 100.00 (100.00)
Test: [ 0/34]	Time  0.543 ( 0.543)	Loss 1.0687e-03 (1.0687e-03)	Acc@1 100.00 (100.00)	Acc@2 100.00 (100.00)
Test: [10/34]	Time  0.127 ( 0.163)	Loss 7.0460e-03 (2.2841e-02)	Acc@1  99.61 ( 99.64)	Acc@2 100.00 (100.00)
Test: [20/34]	Time  0.123 ( 0.144)	Loss 7.7795e-04 (2.2399e-02)	Acc@1 100.00 ( 99.67)	Acc@2 100.00 (100.00)
Test: [30/34]	Time  0.122 ( 0.138)	Loss 1.3781e-03 (1.7918e-02)	Acc@1 100.00 ( 99.71)	Acc@2 100.00 (100.00)
 * Acc@1 99.721 Acc@2 100.000
Epoch: [156][  0/101]	Time  0.613 ( 0.613)	Data  0.457 ( 0.457)	Loss 6.8654e-03 (6.8654e-03)	Acc@1 100.00 (100.00)	Acc@2 100.00 (100.00)
Epoch: [156][ 10/101]	Time  0.407 ( 0.434)	Data  0.000 ( 0.064)	Loss 7.8023e-03 (1.8885e-02)	Acc@1 100.00 ( 99.25)	Acc@2 100.00 (100.00)
Epoch: [156][ 20/101]	Time  0.418 ( 0.427)	Data  0.000 ( 0.047)	Loss 3.1549e-02 (2.1669e-02)	Acc@1  98.83 ( 99.18)	Acc@2 100.00 (100.00)
Epoch: [156][ 30/101]	Time  0.425 ( 0.423)	Data  0.000 ( 0.040)	Loss 4.6690e-02 (2.3058e-02)	Acc@1  98.44 ( 99.18)	Acc@2 100.00 (100.00)
Epoch: [156][ 40/101]	Time  0.429 ( 0.422)	Data  0.000 ( 0.037)	Loss 1.5462e-02 (2.0509e-02)	Acc@1  99.22 ( 99.28)	Acc@2 100.00 (100.00)
Epoch: [156][ 50/101]	Time  0.422 ( 0.421)	Data  0.000 ( 0.035)	Loss 1.8582e-02 (1.9240e-02)	Acc@1  99.61 ( 99.31)	Acc@2 100.00 (100.00)
Epoch: [156][ 60/101]	Time  0.423 ( 0.420)	Data  0.000 ( 0.033)	Loss 1.4098e-02 (1.9069e-02)	Acc@1  99.61 ( 99.31)	Acc@2 100.00 (100.00)
Epoch: [156][ 70/101]	Time  0.417 ( 0.419)	Data  0.000 ( 0.032)	Loss 1.3365e-02 (1.8364e-02)	Acc@1  99.61 ( 99.33)	Acc@2 100.00 (100.00)
Epoch: [156][ 80/101]	Time  0.422 ( 0.419)	Data  0.000 ( 0.031)	Loss 7.1270e-03 (1.8259e-02)	Acc@1 100.00 ( 99.33)	Acc@2 100.00 (100.00)
Epoch: [156][ 90/101]	Time  0.417 ( 0.419)	Data  0.000 ( 0.031)	Loss 9.4939e-03 (1.8032e-02)	Acc@1  99.61 ( 99.34)	Acc@2 100.00 (100.00)
Epoch: [156][100/101]	Time  0.371 ( 0.418)	Data  0.000 ( 0.030)	Loss 3.3777e-02 (1.7973e-02)	Acc@1  97.95 ( 99.35)	Acc@2 100.00 (100.00)
Test: [ 0/34]	Time  0.539 ( 0.539)	Loss 8.3703e-04 (8.3703e-04)	Acc@1 100.00 (100.00)	Acc@2 100.00 (100.00)
Test: [10/34]	Time  0.123 ( 0.164)	Loss 5.5564e-03 (2.1915e-02)	Acc@1  99.61 ( 99.64)	Acc@2 100.00 (100.00)
Test: [20/34]	Time  0.129 ( 0.146)	Loss 9.0928e-04 (2.1662e-02)	Acc@1 100.00 ( 99.67)	Acc@2 100.00 (100.00)
Test: [30/34]	Time  0.123 ( 0.139)	Loss 1.8178e-03 (1.7859e-02)	Acc@1 100.00 ( 99.70)	Acc@2 100.00 (100.00)
 * Acc@1 99.709 Acc@2 100.000
Epoch: [157][  0/101]	Time  0.570 ( 0.570)	Data  0.420 ( 0.420)	Loss 1.1947e-02 (1.1947e-02)	Acc@1  99.61 ( 99.61)	Acc@2 100.00 (100.00)
Epoch: [157][ 10/101]	Time  0.431 ( 0.430)	Data  0.000 ( 0.060)	Loss 2.7901e-02 (1.8299e-02)	Acc@1  99.22 ( 99.43)	Acc@2 100.00 (100.00)
Epoch: [157][ 20/101]	Time  0.409 ( 0.424)	Data  0.000 ( 0.044)	Loss 2.0383e-02 (1.8387e-02)	Acc@1  99.22 ( 99.42)	Acc@2 100.00 (100.00)
Epoch: [157][ 30/101]	Time  0.425 ( 0.421)	Data  0.000 ( 0.038)	Loss 2.8140e-03 (1.8566e-02)	Acc@1 100.00 ( 99.36)	Acc@2 100.00 (100.00)
Epoch: [157][ 40/101]	Time  0.397 ( 0.419)	Data  0.000 ( 0.035)	Loss 5.8994e-03 (1.7506e-02)	Acc@1 100.00 ( 99.35)	Acc@2 100.00 (100.00)
Epoch: [157][ 50/101]	Time  0.427 ( 0.419)	Data  0.000 ( 0.033)	Loss 1.6152e-02 (1.7980e-02)	Acc@1  99.61 ( 99.33)	Acc@2 100.00 (100.00)
Epoch: [157][ 60/101]	Time  0.406 ( 0.420)	Data  0.000 ( 0.032)	Loss 1.2104e-02 (1.7387e-02)	Acc@1 100.00 ( 99.35)	Acc@2 100.00 (100.00)
Epoch: [157][ 70/101]	Time  0.419 ( 0.420)	Data  0.000 ( 0.031)	Loss 2.7577e-02 (1.8144e-02)	Acc@1  99.61 ( 99.33)	Acc@2 100.00 (100.00)
Epoch: [157][ 80/101]	Time  0.405 ( 0.419)	Data  0.000 ( 0.031)	Loss 2.0122e-02 (1.7950e-02)	Acc@1  98.83 ( 99.34)	Acc@2 100.00 (100.00)
Epoch: [157][ 90/101]	Time  0.436 ( 0.419)	Data  0.000 ( 0.030)	Loss 4.1837e-02 (1.8732e-02)	Acc@1  98.05 ( 99.30)	Acc@2 100.00 (100.00)
Epoch: [157][100/101]	Time  0.370 ( 0.419)	Data  0.000 ( 0.029)	Loss 8.1139e-03 (1.8902e-02)	Acc@1 100.00 ( 99.29)	Acc@2 100.00 (100.00)
Test: [ 0/34]	Time  0.528 ( 0.528)	Loss 4.7117e-04 (4.7117e-04)	Acc@1 100.00 (100.00)	Acc@2 100.00 (100.00)
Test: [10/34]	Time  0.122 ( 0.165)	Loss 3.5630e-03 (1.9434e-02)	Acc@1  99.61 ( 99.68)	Acc@2 100.00 (100.00)
Test: [20/34]	Time  0.133 ( 0.146)	Loss 1.5263e-03 (1.9503e-02)	Acc@1 100.00 ( 99.68)	Acc@2 100.00 (100.00)
Test: [30/34]	Time  0.122 ( 0.139)	Loss 3.0188e-03 (1.6771e-02)	Acc@1 100.00 ( 99.71)	Acc@2 100.00 (100.00)
 * Acc@1 99.721 Acc@2 100.000
Epoch: [158][  0/101]	Time  0.672 ( 0.672)	Data  0.526 ( 0.526)	Loss 1.5894e-02 (1.5894e-02)	Acc@1  99.61 ( 99.61)	Acc@2 100.00 (100.00)
Epoch: [158][ 10/101]	Time  0.428 ( 0.441)	Data  0.000 ( 0.072)	Loss 1.8657e-02 (1.6709e-02)	Acc@1  99.22 ( 99.40)	Acc@2 100.00 (100.00)
Epoch: [158][ 20/101]	Time  0.424 ( 0.429)	Data  0.000 ( 0.050)	Loss 4.6856e-03 (1.4899e-02)	Acc@1  99.61 ( 99.44)	Acc@2 100.00 (100.00)
Epoch: [158][ 30/101]	Time  0.424 ( 0.425)	Data  0.000 ( 0.042)	Loss 1.4583e-02 (1.6309e-02)	Acc@1  99.61 ( 99.34)	Acc@2 100.00 (100.00)
Epoch: [158][ 40/101]	Time  0.412 ( 0.423)	Data  0.000 ( 0.038)	Loss 1.8519e-02 (1.6424e-02)	Acc@1  98.83 ( 99.34)	Acc@2 100.00 (100.00)
Epoch: [158][ 50/101]	Time  0.406 ( 0.422)	Data  0.000 ( 0.036)	Loss 2.6934e-02 (1.6770e-02)	Acc@1  98.83 ( 99.32)	Acc@2 100.00 (100.00)
Epoch: [158][ 60/101]	Time  0.421 ( 0.421)	Data  0.000 ( 0.034)	Loss 2.5327e-02 (1.7161e-02)	Acc@1  98.83 ( 99.33)	Acc@2 100.00 (100.00)
Epoch: [158][ 70/101]	Time  0.433 ( 0.421)	Data  0.000 ( 0.033)	Loss 3.5918e-02 (1.7446e-02)	Acc@1  98.44 ( 99.31)	Acc@2 100.00 (100.00)
Epoch: [158][ 80/101]	Time  0.413 ( 0.421)	Data  0.000 ( 0.032)	Loss 2.7352e-02 (1.7756e-02)	Acc@1  99.22 ( 99.31)	Acc@2 100.00 (100.00)
Epoch: [158][ 90/101]	Time  0.416 ( 0.420)	Data  0.000 ( 0.031)	Loss 1.7795e-02 (1.7287e-02)	Acc@1  99.61 ( 99.33)	Acc@2 100.00 (100.00)
Epoch: [158][100/101]	Time  0.362 ( 0.419)	Data  0.000 ( 0.031)	Loss 1.5635e-02 (1.7470e-02)	Acc@1  99.32 ( 99.32)	Acc@2 100.00 (100.00)
Test: [ 0/34]	Time  0.594 ( 0.594)	Loss 7.0844e-04 (7.0844e-04)	Acc@1 100.00 (100.00)	Acc@2 100.00 (100.00)
Test: [10/34]	Time  0.120 ( 0.167)	Loss 5.0103e-03 (2.1181e-02)	Acc@1  99.61 ( 99.68)	Acc@2 100.00 (100.00)
Test: [20/34]	Time  0.121 ( 0.147)	Loss 1.0703e-03 (2.1115e-02)	Acc@1 100.00 ( 99.68)	Acc@2 100.00 (100.00)
Test: [30/34]	Time  0.122 ( 0.140)	Loss 2.0950e-03 (1.7728e-02)	Acc@1 100.00 ( 99.71)	Acc@2 100.00 (100.00)
 * Acc@1 99.721 Acc@2 100.000
Epoch: [159][  0/101]	Time  0.656 ( 0.656)	Data  0.492 ( 0.492)	Loss 9.3399e-03 (9.3399e-03)	Acc@1 100.00 (100.00)	Acc@2 100.00 (100.00)
Epoch: [159][ 10/101]	Time  0.451 ( 0.444)	Data  0.000 ( 0.069)	Loss 7.8650e-03 (1.2019e-02)	Acc@1 100.00 ( 99.54)	Acc@2 100.00 (100.00)
Epoch: [159][ 20/101]	Time  0.425 ( 0.430)	Data  0.000 ( 0.047)	Loss 2.9813e-02 (1.6742e-02)	Acc@1  98.05 ( 99.22)	Acc@2 100.00 (100.00)
Epoch: [159][ 30/101]	Time  0.399 ( 0.425)	Data  0.000 ( 0.040)	Loss 2.8175e-02 (1.8279e-02)	Acc@1  99.61 ( 99.24)	Acc@2 100.00 (100.00)
Epoch: [159][ 40/101]	Time  0.431 ( 0.423)	Data  0.000 ( 0.037)	Loss 3.9458e-02 (1.8502e-02)	Acc@1  98.83 ( 99.26)	Acc@2 100.00 (100.00)
Epoch: [159][ 50/101]	Time  0.412 ( 0.422)	Data  0.000 ( 0.035)	Loss 2.7163e-02 (1.8422e-02)	Acc@1  99.22 ( 99.27)	Acc@2 100.00 (100.00)
Epoch: [159][ 60/101]	Time  0.409 ( 0.421)	Data  0.000 ( 0.033)	Loss 2.1365e-02 (1.8590e-02)	Acc@1  99.22 ( 99.26)	Acc@2 100.00 (100.00)
Epoch: [159][ 70/101]	Time  0.402 ( 0.420)	Data  0.000 ( 0.032)	Loss 9.4227e-03 (1.8388e-02)	Acc@1  99.61 ( 99.27)	Acc@2 100.00 (100.00)
Epoch: [159][ 80/101]	Time  0.432 ( 0.419)	Data  0.000 ( 0.032)	Loss 3.0849e-02 (1.8833e-02)	Acc@1  99.22 ( 99.23)	Acc@2 100.00 (100.00)
Epoch: [159][ 90/101]	Time  0.411 ( 0.419)	Data  0.000 ( 0.031)	Loss 3.7088e-02 (1.8875e-02)	Acc@1  98.83 ( 99.24)	Acc@2 100.00 (100.00)
Epoch: [159][100/101]	Time  0.378 ( 0.418)	Data  0.000 ( 0.030)	Loss 4.5408e-03 (1.9368e-02)	Acc@1 100.00 ( 99.21)	Acc@2 100.00 (100.00)
Test: [ 0/34]	Time  0.532 ( 0.532)	Loss 6.1752e-04 (6.1752e-04)	Acc@1 100.00 (100.00)	Acc@2 100.00 (100.00)
Test: [10/34]	Time  0.122 ( 0.161)	Loss 4.3333e-03 (2.0898e-02)	Acc@1  99.61 ( 99.68)	Acc@2 100.00 (100.00)
Test: [20/34]	Time  0.122 ( 0.144)	Loss 1.1728e-03 (2.0884e-02)	Acc@1 100.00 ( 99.68)	Acc@2 100.00 (100.00)
Test: [30/34]	Time  0.123 ( 0.137)	Loss 2.3482e-03 (1.7585e-02)	Acc@1 100.00 ( 99.71)	Acc@2 100.00 (100.00)
 * Acc@1 99.721 Acc@2 100.000
Epoch: [160][  0/101]	Time  0.596 ( 0.596)	Data  0.452 ( 0.452)	Loss 1.0125e-02 (1.0125e-02)	Acc@1  99.61 ( 99.61)	Acc@2 100.00 (100.00)
Epoch: [160][ 10/101]	Time  0.422 ( 0.430)	Data  0.000 ( 0.064)	Loss 8.3811e-03 (1.8690e-02)	Acc@1  99.61 ( 99.29)	Acc@2 100.00 (100.00)
Epoch: [160][ 20/101]	Time  0.430 ( 0.426)	Data  0.000 ( 0.046)	Loss 1.9972e-02 (1.8309e-02)	Acc@1  98.83 ( 99.37)	Acc@2 100.00 (100.00)
Epoch: [160][ 30/101]	Time  0.401 ( 0.422)	Data  0.000 ( 0.039)	Loss 1.4239e-02 (1.7533e-02)	Acc@1  99.22 ( 99.33)	Acc@2 100.00 (100.00)
Epoch: [160][ 40/101]	Time  0.415 ( 0.421)	Data  0.000 ( 0.036)	Loss 1.9291e-02 (1.8652e-02)	Acc@1  99.22 ( 99.25)	Acc@2 100.00 (100.00)
Epoch: [160][ 50/101]	Time  0.426 ( 0.420)	Data  0.000 ( 0.034)	Loss 1.3237e-02 (1.9825e-02)	Acc@1 100.00 ( 99.21)	Acc@2 100.00 (100.00)
Epoch: [160][ 60/101]	Time  0.417 ( 0.420)	Data  0.000 ( 0.033)	Loss 9.7154e-03 (1.8104e-02)	Acc@1  99.61 ( 99.28)	Acc@2 100.00 (100.00)
Epoch: [160][ 70/101]	Time  0.414 ( 0.419)	Data  0.000 ( 0.032)	Loss 1.0305e-02 (1.8040e-02)	Acc@1  99.61 ( 99.27)	Acc@2 100.00 (100.00)
Epoch: [160][ 80/101]	Time  0.404 ( 0.420)	Data  0.000 ( 0.031)	Loss 5.4668e-03 (1.8797e-02)	Acc@1  99.61 ( 99.22)	Acc@2 100.00 (100.00)
Epoch: [160][ 90/101]	Time  0.418 ( 0.419)	Data  0.000 ( 0.031)	Loss 7.6080e-03 (1.8726e-02)	Acc@1 100.00 ( 99.22)	Acc@2 100.00 (100.00)
Epoch: [160][100/101]	Time  0.384 ( 0.419)	Data  0.000 ( 0.030)	Loss 6.8530e-03 (1.8356e-02)	Acc@1 100.00 ( 99.23)	Acc@2 100.00 (100.00)
Test: [ 0/34]	Time  0.539 ( 0.539)	Loss 6.6723e-04 (6.6723e-04)	Acc@1 100.00 (100.00)	Acc@2 100.00 (100.00)
Test: [10/34]	Time  0.122 ( 0.163)	Loss 4.3964e-03 (2.0914e-02)	Acc@1  99.61 ( 99.68)	Acc@2 100.00 (100.00)
Test: [20/34]	Time  0.120 ( 0.145)	Loss 1.2732e-03 (2.1018e-02)	Acc@1 100.00 ( 99.68)	Acc@2 100.00 (100.00)
Test: [30/34]	Time  0.122 ( 0.138)	Loss 2.4923e-03 (1.8125e-02)	Acc@1 100.00 ( 99.71)	Acc@2 100.00 (100.00)
 * Acc@1 99.721 Acc@2 100.000
Epoch: [161][  0/101]	Time  0.665 ( 0.665)	Data  0.519 ( 0.519)	Loss 5.8571e-03 (5.8571e-03)	Acc@1 100.00 (100.00)	Acc@2 100.00 (100.00)
Epoch: [161][ 10/101]	Time  0.440 ( 0.443)	Data  0.000 ( 0.071)	Loss 2.5461e-02 (2.3295e-02)	Acc@1  98.83 ( 99.29)	Acc@2 100.00 (100.00)
Epoch: [161][ 20/101]	Time  0.399 ( 0.430)	Data  0.000 ( 0.049)	Loss 1.1991e-02 (1.9572e-02)	Acc@1  99.61 ( 99.40)	Acc@2 100.00 (100.00)
Epoch: [161][ 30/101]	Time  0.427 ( 0.426)	Data  0.000 ( 0.041)	Loss 1.8024e-02 (1.9180e-02)	Acc@1  99.22 ( 99.34)	Acc@2 100.00 (100.00)
Epoch: [161][ 40/101]	Time  0.409 ( 0.423)	Data  0.000 ( 0.038)	Loss 5.5178e-03 (1.8042e-02)	Acc@1  99.61 ( 99.37)	Acc@2 100.00 (100.00)
Epoch: [161][ 50/101]	Time  0.424 ( 0.422)	Data  0.000 ( 0.035)	Loss 2.7585e-02 (1.8213e-02)	Acc@1  99.22 ( 99.33)	Acc@2 100.00 (100.00)
Epoch: [161][ 60/101]	Time  0.397 ( 0.421)	Data  0.000 ( 0.034)	Loss 1.4985e-02 (1.8271e-02)	Acc@1  99.22 ( 99.30)	Acc@2 100.00 (100.00)
Epoch: [161][ 70/101]	Time  0.427 ( 0.420)	Data  0.000 ( 0.032)	Loss 5.0684e-03 (1.8130e-02)	Acc@1 100.00 ( 99.33)	Acc@2 100.00 (100.00)
Epoch: [161][ 80/101]	Time  0.397 ( 0.419)	Data  0.000 ( 0.032)	Loss 1.2986e-02 (1.8356e-02)	Acc@1  99.22 ( 99.32)	Acc@2 100.00 (100.00)
Epoch: [161][ 90/101]	Time  0.418 ( 0.419)	Data  0.000 ( 0.031)	Loss 2.5441e-02 (1.8386e-02)	Acc@1  99.22 ( 99.30)	Acc@2 100.00 (100.00)
Epoch: [161][100/101]	Time  0.361 ( 0.418)	Data  0.000 ( 0.030)	Loss 1.5686e-02 (1.8424e-02)	Acc@1  99.32 ( 99.31)	Acc@2 100.00 (100.00)
Test: [ 0/34]	Time  0.600 ( 0.600)	Loss 5.6687e-04 (5.6687e-04)	Acc@1 100.00 (100.00)	Acc@2 100.00 (100.00)
Test: [10/34]	Time  0.123 ( 0.168)	Loss 4.2068e-03 (2.0425e-02)	Acc@1  99.61 ( 99.68)	Acc@2 100.00 (100.00)
Test: [20/34]	Time  0.122 ( 0.148)	Loss 1.2750e-03 (2.0446e-02)	Acc@1 100.00 ( 99.68)	Acc@2 100.00 (100.00)
Test: [30/34]	Time  0.120 ( 0.140)	Loss 2.5372e-03 (1.7428e-02)	Acc@1 100.00 ( 99.71)	Acc@2 100.00 (100.00)
 * Acc@1 99.721 Acc@2 100.000
Epoch: [162][  0/101]	Time  0.664 ( 0.664)	Data  0.517 ( 0.517)	Loss 7.5895e-03 (7.5895e-03)	Acc@1 100.00 (100.00)	Acc@2 100.00 (100.00)
Epoch: [162][ 10/101]	Time  0.428 ( 0.442)	Data  0.000 ( 0.072)	Loss 1.3307e-02 (1.5156e-02)	Acc@1  99.22 ( 99.47)	Acc@2 100.00 (100.00)
Epoch: [162][ 20/101]	Time  0.411 ( 0.428)	Data  0.000 ( 0.050)	Loss 4.4131e-03 (1.3536e-02)	Acc@1 100.00 ( 99.55)	Acc@2 100.00 (100.00)
Epoch: [162][ 30/101]	Time  0.421 ( 0.426)	Data  0.000 ( 0.043)	Loss 1.4925e-02 (1.5327e-02)	Acc@1  99.22 ( 99.51)	Acc@2 100.00 (100.00)
Epoch: [162][ 40/101]	Time  0.425 ( 0.424)	Data  0.000 ( 0.039)	Loss 1.2814e-02 (1.5899e-02)	Acc@1  99.61 ( 99.47)	Acc@2 100.00 (100.00)
Epoch: [162][ 50/101]	Time  0.427 ( 0.423)	Data  0.000 ( 0.037)	Loss 8.6916e-03 (1.5667e-02)	Acc@1  99.61 ( 99.46)	Acc@2 100.00 (100.00)
Epoch: [162][ 60/101]	Time  0.415 ( 0.422)	Data  0.000 ( 0.035)	Loss 2.6218e-02 (1.6013e-02)	Acc@1  98.83 ( 99.44)	Acc@2 100.00 (100.00)
Epoch: [162][ 70/101]	Time  0.431 ( 0.421)	Data  0.000 ( 0.034)	Loss 1.8730e-02 (1.7116e-02)	Acc@1  99.22 ( 99.36)	Acc@2 100.00 (100.00)
Epoch: [162][ 80/101]	Time  0.429 ( 0.420)	Data  0.000 ( 0.032)	Loss 2.0882e-02 (1.6600e-02)	Acc@1  99.61 ( 99.39)	Acc@2 100.00 (100.00)
Epoch: [162][ 90/101]	Time  0.429 ( 0.420)	Data  0.000 ( 0.032)	Loss 4.2872e-02 (1.7448e-02)	Acc@1  98.44 ( 99.36)	Acc@2 100.00 (100.00)
Epoch: [162][100/101]	Time  0.360 ( 0.420)	Data  0.000 ( 0.031)	Loss 2.7094e-02 (1.7461e-02)	Acc@1  98.63 ( 99.35)	Acc@2 100.00 (100.00)
Test: [ 0/34]	Time  0.536 ( 0.536)	Loss 7.9738e-04 (7.9738e-04)	Acc@1 100.00 (100.00)	Acc@2 100.00 (100.00)
Test: [10/34]	Time  0.123 ( 0.162)	Loss 5.1741e-03 (2.1528e-02)	Acc@1  99.61 ( 99.68)	Acc@2 100.00 (100.00)
Test: [20/34]	Time  0.129 ( 0.144)	Loss 9.5803e-04 (2.1361e-02)	Acc@1 100.00 ( 99.68)	Acc@2 100.00 (100.00)
Test: [30/34]	Time  0.123 ( 0.138)	Loss 2.0127e-03 (1.7681e-02)	Acc@1 100.00 ( 99.72)	Acc@2 100.00 (100.00)
 * Acc@1 99.732 Acc@2 100.000
Epoch: [163][  0/101]	Time  0.632 ( 0.632)	Data  0.484 ( 0.484)	Loss 1.0752e-02 (1.0752e-02)	Acc@1  99.61 ( 99.61)	Acc@2 100.00 (100.00)
Epoch: [163][ 10/101]	Time  0.400 ( 0.435)	Data  0.000 ( 0.068)	Loss 3.6053e-02 (2.5950e-02)	Acc@1  98.44 ( 98.93)	Acc@2 100.00 (100.00)
Epoch: [163][ 20/101]	Time  0.419 ( 0.427)	Data  0.000 ( 0.048)	Loss 3.0788e-02 (2.3614e-02)	Acc@1  98.83 ( 99.03)	Acc@2 100.00 (100.00)
Epoch: [163][ 30/101]	Time  0.403 ( 0.423)	Data  0.000 ( 0.041)	Loss 2.3399e-02 (2.2582e-02)	Acc@1  98.83 ( 99.12)	Acc@2 100.00 (100.00)
Epoch: [163][ 40/101]	Time  0.421 ( 0.421)	Data  0.000 ( 0.037)	Loss 1.9387e-02 (2.2896e-02)	Acc@1  98.83 ( 99.13)	Acc@2 100.00 (100.00)
Epoch: [163][ 50/101]	Time  0.407 ( 0.420)	Data  0.000 ( 0.035)	Loss 1.7466e-02 (2.2527e-02)	Acc@1  99.61 ( 99.13)	Acc@2 100.00 (100.00)
Epoch: [163][ 60/101]	Time  0.434 ( 0.420)	Data  0.000 ( 0.033)	Loss 9.1974e-03 (2.2203e-02)	Acc@1 100.00 ( 99.17)	Acc@2 100.00 (100.00)
Epoch: [163][ 70/101]	Time  0.406 ( 0.419)	Data  0.000 ( 0.032)	Loss 6.5171e-03 (2.0289e-02)	Acc@1  99.61 ( 99.24)	Acc@2 100.00 (100.00)
Epoch: [163][ 80/101]	Time  0.406 ( 0.418)	Data  0.000 ( 0.031)	Loss 3.5488e-02 (2.0263e-02)	Acc@1  98.44 ( 99.23)	Acc@2 100.00 (100.00)
Epoch: [163][ 90/101]	Time  0.408 ( 0.418)	Data  0.000 ( 0.031)	Loss 1.2634e-02 (2.0417e-02)	Acc@1  99.61 ( 99.22)	Acc@2 100.00 (100.00)
Epoch: [163][100/101]	Time  0.378 ( 0.417)	Data  0.000 ( 0.030)	Loss 9.4128e-03 (1.9944e-02)	Acc@1  99.32 ( 99.23)	Acc@2 100.00 (100.00)
Test: [ 0/34]	Time  0.557 ( 0.557)	Loss 5.1394e-04 (5.1394e-04)	Acc@1 100.00 (100.00)	Acc@2 100.00 (100.00)
Test: [10/34]	Time  0.122 ( 0.165)	Loss 3.3815e-03 (1.9743e-02)	Acc@1  99.61 ( 99.68)	Acc@2 100.00 (100.00)
Test: [20/34]	Time  0.122 ( 0.146)	Loss 1.3935e-03 (1.9875e-02)	Acc@1 100.00 ( 99.68)	Acc@2 100.00 (100.00)
Test: [30/34]	Time  0.124 ( 0.139)	Loss 2.9169e-03 (1.7194e-02)	Acc@1 100.00 ( 99.71)	Acc@2 100.00 (100.00)
 * Acc@1 99.721 Acc@2 100.000
Epoch: [164][  0/101]	Time  0.601 ( 0.601)	Data  0.455 ( 0.455)	Loss 8.5179e-03 (8.5179e-03)	Acc@1 100.00 (100.00)	Acc@2 100.00 (100.00)
Epoch: [164][ 10/101]	Time  0.399 ( 0.431)	Data  0.000 ( 0.064)	Loss 2.6164e-02 (1.5910e-02)	Acc@1  99.22 ( 99.47)	Acc@2 100.00 (100.00)
Epoch: [164][ 20/101]	Time  0.419 ( 0.424)	Data  0.000 ( 0.046)	Loss 1.9350e-02 (1.8571e-02)	Acc@1  99.61 ( 99.39)	Acc@2 100.00 (100.00)
Epoch: [164][ 30/101]	Time  0.435 ( 0.422)	Data  0.000 ( 0.039)	Loss 9.4161e-03 (1.8832e-02)	Acc@1  99.61 ( 99.28)	Acc@2 100.00 (100.00)
Epoch: [164][ 40/101]	Time  0.465 ( 0.423)	Data  0.000 ( 0.036)	Loss 4.7514e-03 (1.7749e-02)	Acc@1 100.00 ( 99.33)	Acc@2 100.00 (100.00)
Epoch: [164][ 50/101]	Time  0.411 ( 0.421)	Data  0.000 ( 0.034)	Loss 1.4459e-02 (1.7643e-02)	Acc@1  99.61 ( 99.32)	Acc@2 100.00 (100.00)
Epoch: [164][ 60/101]	Time  0.422 ( 0.420)	Data  0.000 ( 0.033)	Loss 8.4295e-03 (1.6845e-02)	Acc@1  99.61 ( 99.34)	Acc@2 100.00 (100.00)
Epoch: [164][ 70/101]	Time  0.427 ( 0.420)	Data  0.000 ( 0.032)	Loss 1.9776e-02 (1.6993e-02)	Acc@1  99.22 ( 99.34)	Acc@2 100.00 (100.00)
Epoch: [164][ 80/101]	Time  0.429 ( 0.420)	Data  0.000 ( 0.031)	Loss 5.7911e-03 (1.7192e-02)	Acc@1 100.00 ( 99.34)	Acc@2 100.00 (100.00)
Epoch: [164][ 90/101]	Time  0.415 ( 0.419)	Data  0.000 ( 0.030)	Loss 7.5223e-03 (1.7191e-02)	Acc@1  99.61 ( 99.35)	Acc@2 100.00 (100.00)
Epoch: [164][100/101]	Time  0.371 ( 0.419)	Data  0.000 ( 0.030)	Loss 4.9966e-02 (1.7639e-02)	Acc@1  97.95 ( 99.33)	Acc@2 100.00 (100.00)
Test: [ 0/34]	Time  0.549 ( 0.549)	Loss 6.3547e-04 (6.3547e-04)	Acc@1 100.00 (100.00)	Acc@2 100.00 (100.00)
Test: [10/34]	Time  0.121 ( 0.163)	Loss 4.5420e-03 (2.0608e-02)	Acc@1  99.61 ( 99.68)	Acc@2 100.00 (100.00)
Test: [20/34]	Time  0.123 ( 0.145)	Loss 1.2001e-03 (2.0584e-02)	Acc@1 100.00 ( 99.68)	Acc@2 100.00 (100.00)
Test: [30/34]	Time  0.123 ( 0.138)	Loss 2.3250e-03 (1.7384e-02)	Acc@1 100.00 ( 99.71)	Acc@2 100.00 (100.00)
 * Acc@1 99.721 Acc@2 100.000
Epoch: [165][  0/101]	Time  0.609 ( 0.609)	Data  0.464 ( 0.464)	Loss 2.3106e-02 (2.3106e-02)	Acc@1  98.83 ( 98.83)	Acc@2 100.00 (100.00)
Epoch: [165][ 10/101]	Time  0.439 ( 0.435)	Data  0.000 ( 0.065)	Loss 1.6411e-02 (1.6133e-02)	Acc@1  99.22 ( 99.33)	Acc@2 100.00 (100.00)
Epoch: [165][ 20/101]	Time  0.404 ( 0.426)	Data  0.000 ( 0.047)	Loss 1.8519e-02 (1.4836e-02)	Acc@1  99.22 ( 99.39)	Acc@2 100.00 (100.00)
Epoch: [165][ 30/101]	Time  0.414 ( 0.422)	Data  0.000 ( 0.040)	Loss 9.6072e-03 (1.7476e-02)	Acc@1  99.61 ( 99.31)	Acc@2 100.00 (100.00)
Epoch: [165][ 40/101]	Time  0.402 ( 0.420)	Data  0.000 ( 0.037)	Loss 2.1976e-02 (1.7721e-02)	Acc@1  99.22 ( 99.29)	Acc@2 100.00 (100.00)
Epoch: [165][ 50/101]	Time  0.444 ( 0.421)	Data  0.000 ( 0.034)	Loss 1.3194e-02 (1.7140e-02)	Acc@1  99.61 ( 99.33)	Acc@2 100.00 (100.00)
Epoch: [165][ 60/101]	Time  0.404 ( 0.421)	Data  0.000 ( 0.033)	Loss 3.5182e-02 (1.8074e-02)	Acc@1  99.61 ( 99.28)	Acc@2 100.00 (100.00)
Epoch: [165][ 70/101]	Time  0.428 ( 0.421)	Data  0.000 ( 0.032)	Loss 1.7176e-02 (1.8333e-02)	Acc@1  99.22 ( 99.27)	Acc@2 100.00 (100.00)
Epoch: [165][ 80/101]	Time  0.404 ( 0.420)	Data  0.000 ( 0.031)	Loss 4.6263e-02 (1.8330e-02)	Acc@1  98.44 ( 99.29)	Acc@2 100.00 (100.00)
Epoch: [165][ 90/101]	Time  0.430 ( 0.420)	Data  0.000 ( 0.030)	Loss 2.0543e-03 (1.8204e-02)	Acc@1 100.00 ( 99.29)	Acc@2 100.00 (100.00)
Epoch: [165][100/101]	Time  0.369 ( 0.419)	Data  0.000 ( 0.030)	Loss 6.3591e-03 (1.8344e-02)	Acc@1 100.00 ( 99.29)	Acc@2 100.00 (100.00)
Test: [ 0/34]	Time  0.584 ( 0.584)	Loss 1.5644e-03 (1.5644e-03)	Acc@1 100.00 (100.00)	Acc@2 100.00 (100.00)
Test: [10/34]	Time  0.129 ( 0.165)	Loss 8.0851e-03 (2.4331e-02)	Acc@1  99.61 ( 99.61)	Acc@2 100.00 (100.00)
Test: [20/34]	Time  0.121 ( 0.146)	Loss 6.4062e-04 (2.3756e-02)	Acc@1 100.00 ( 99.63)	Acc@2 100.00 (100.00)
Test: [30/34]	Time  0.125 ( 0.139)	Loss 1.1350e-03 (1.8882e-02)	Acc@1 100.00 ( 99.68)	Acc@2 100.00 (100.00)
 * Acc@1 99.697 Acc@2 100.000
Epoch: [166][  0/101]	Time  0.800 ( 0.800)	Data  0.645 ( 0.645)	Loss 1.1288e-02 (1.1288e-02)	Acc@1  99.61 ( 99.61)	Acc@2 100.00 (100.00)
Epoch: [166][ 10/101]	Time  0.415 ( 0.453)	Data  0.000 ( 0.082)	Loss 8.0140e-03 (1.4667e-02)	Acc@1 100.00 ( 99.33)	Acc@2 100.00 (100.00)
Epoch: [166][ 20/101]	Time  0.421 ( 0.435)	Data  0.000 ( 0.055)	Loss 1.9207e-02 (1.8258e-02)	Acc@1  99.22 ( 99.26)	Acc@2 100.00 (100.00)
Epoch: [166][ 30/101]	Time  0.431 ( 0.430)	Data  0.000 ( 0.046)	Loss 3.5059e-02 (1.8751e-02)	Acc@1  99.22 ( 99.29)	Acc@2 100.00 (100.00)
Epoch: [166][ 40/101]	Time  0.405 ( 0.426)	Data  0.000 ( 0.041)	Loss 2.5174e-02 (1.8751e-02)	Acc@1  98.83 ( 99.30)	Acc@2 100.00 (100.00)
Epoch: [166][ 50/101]	Time  0.412 ( 0.424)	Data  0.000 ( 0.038)	Loss 3.1187e-02 (1.7707e-02)	Acc@1  98.44 ( 99.30)	Acc@2 100.00 (100.00)
Epoch: [166][ 60/101]	Time  0.421 ( 0.423)	Data  0.000 ( 0.036)	Loss 1.6515e-02 (1.7332e-02)	Acc@1  98.83 ( 99.30)	Acc@2 100.00 (100.00)
Epoch: [166][ 70/101]	Time  0.435 ( 0.423)	Data  0.000 ( 0.035)	Loss 2.4814e-03 (1.6309e-02)	Acc@1 100.00 ( 99.33)	Acc@2 100.00 (100.00)
Epoch: [166][ 80/101]	Time  0.417 ( 0.422)	Data  0.000 ( 0.033)	Loss 1.0850e-02 (1.6781e-02)	Acc@1  99.22 ( 99.31)	Acc@2 100.00 (100.00)
Epoch: [166][ 90/101]	Time  0.419 ( 0.422)	Data  0.000 ( 0.033)	Loss 3.8099e-03 (1.6534e-02)	Acc@1 100.00 ( 99.33)	Acc@2 100.00 (100.00)
Epoch: [166][100/101]	Time  0.361 ( 0.421)	Data  0.000 ( 0.032)	Loss 2.1074e-02 (1.6724e-02)	Acc@1  98.63 ( 99.32)	Acc@2 100.00 (100.00)
Test: [ 0/34]	Time  0.518 ( 0.518)	Loss 6.1242e-04 (6.1242e-04)	Acc@1 100.00 (100.00)	Acc@2 100.00 (100.00)
Test: [10/34]	Time  0.127 ( 0.160)	Loss 4.0073e-03 (2.0291e-02)	Acc@1  99.61 ( 99.68)	Acc@2 100.00 (100.00)
Test: [20/34]	Time  0.129 ( 0.143)	Loss 1.3419e-03 (2.0336e-02)	Acc@1 100.00 ( 99.68)	Acc@2 100.00 (100.00)
Test: [30/34]	Time  0.125 ( 0.137)	Loss 2.4946e-03 (1.7315e-02)	Acc@1 100.00 ( 99.71)	Acc@2 100.00 (100.00)
 * Acc@1 99.721 Acc@2 100.000
Epoch: [167][  0/101]	Time  0.587 ( 0.587)	Data  0.440 ( 0.440)	Loss 3.3604e-02 (3.3604e-02)	Acc@1  98.44 ( 98.44)	Acc@2 100.00 (100.00)
Epoch: [167][ 10/101]	Time  0.451 ( 0.438)	Data  0.000 ( 0.064)	Loss 3.4589e-02 (2.2390e-02)	Acc@1  98.83 ( 99.08)	Acc@2 100.00 (100.00)
Epoch: [167][ 20/101]	Time  0.409 ( 0.427)	Data  0.000 ( 0.045)	Loss 1.7563e-02 (1.8223e-02)	Acc@1  99.22 ( 99.26)	Acc@2 100.00 (100.00)
Epoch: [167][ 30/101]	Time  0.397 ( 0.424)	Data  0.000 ( 0.039)	Loss 1.8190e-02 (1.9128e-02)	Acc@1  99.61 ( 99.19)	Acc@2 100.00 (100.00)
Epoch: [167][ 40/101]	Time  0.439 ( 0.422)	Data  0.000 ( 0.036)	Loss 7.4626e-03 (1.7740e-02)	Acc@1  99.61 ( 99.25)	Acc@2 100.00 (100.00)
Epoch: [167][ 50/101]	Time  0.410 ( 0.422)	Data  0.000 ( 0.035)	Loss 4.9895e-02 (1.8809e-02)	Acc@1  98.05 ( 99.23)	Acc@2 100.00 (100.00)
Epoch: [167][ 60/101]	Time  0.422 ( 0.421)	Data  0.000 ( 0.033)	Loss 8.7671e-03 (1.7788e-02)	Acc@1  99.61 ( 99.26)	Acc@2 100.00 (100.00)
Epoch: [167][ 70/101]	Time  0.403 ( 0.421)	Data  0.000 ( 0.032)	Loss 1.5247e-02 (1.8533e-02)	Acc@1  99.61 ( 99.23)	Acc@2 100.00 (100.00)
Epoch: [167][ 80/101]	Time  0.441 ( 0.421)	Data  0.000 ( 0.031)	Loss 3.9296e-03 (1.8161e-02)	Acc@1 100.00 ( 99.25)	Acc@2 100.00 (100.00)
Epoch: [167][ 90/101]	Time  0.400 ( 0.420)	Data  0.000 ( 0.031)	Loss 1.5642e-02 (1.7887e-02)	Acc@1  98.83 ( 99.25)	Acc@2 100.00 (100.00)
Epoch: [167][100/101]	Time  0.385 ( 0.419)	Data  0.000 ( 0.030)	Loss 3.9079e-02 (1.7647e-02)	Acc@1  98.63 ( 99.27)	Acc@2 100.00 (100.00)
Test: [ 0/34]	Time  0.523 ( 0.523)	Loss 6.2229e-04 (6.2229e-04)	Acc@1 100.00 (100.00)	Acc@2 100.00 (100.00)
Test: [10/34]	Time  0.121 ( 0.161)	Loss 4.4007e-03 (2.0932e-02)	Acc@1  99.61 ( 99.68)	Acc@2 100.00 (100.00)
Test: [20/34]	Time  0.123 ( 0.144)	Loss 1.2600e-03 (2.1004e-02)	Acc@1 100.00 ( 99.68)	Acc@2 100.00 (100.00)
Test: [30/34]	Time  0.123 ( 0.137)	Loss 2.4575e-03 (1.7973e-02)	Acc@1 100.00 ( 99.71)	Acc@2 100.00 (100.00)
 * Acc@1 99.721 Acc@2 100.000
Epoch: [168][  0/101]	Time  0.580 ( 0.580)	Data  0.427 ( 0.427)	Loss 1.5579e-02 (1.5579e-02)	Acc@1  99.61 ( 99.61)	Acc@2 100.00 (100.00)
Epoch: [168][ 10/101]	Time  0.411 ( 0.430)	Data  0.000 ( 0.062)	Loss 1.7902e-02 (1.9573e-02)	Acc@1  98.83 ( 99.25)	Acc@2 100.00 (100.00)
Epoch: [168][ 20/101]	Time  0.419 ( 0.425)	Data  0.000 ( 0.045)	Loss 2.6843e-02 (1.9155e-02)	Acc@1  99.22 ( 99.26)	Acc@2 100.00 (100.00)
Epoch: [168][ 30/101]	Time  0.416 ( 0.422)	Data  0.000 ( 0.039)	Loss 3.7459e-02 (1.9368e-02)	Acc@1  98.83 ( 99.26)	Acc@2 100.00 (100.00)
Epoch: [168][ 40/101]	Time  0.413 ( 0.421)	Data  0.000 ( 0.036)	Loss 9.2710e-03 (1.8265e-02)	Acc@1  99.61 ( 99.28)	Acc@2 100.00 (100.00)
Epoch: [168][ 50/101]	Time  0.429 ( 0.420)	Data  0.000 ( 0.034)	Loss 1.9581e-02 (1.9363e-02)	Acc@1  99.61 ( 99.21)	Acc@2 100.00 (100.00)
Epoch: [168][ 60/101]	Time  0.424 ( 0.420)	Data  0.000 ( 0.032)	Loss 2.2847e-02 (1.8678e-02)	Acc@1  98.83 ( 99.23)	Acc@2 100.00 (100.00)
Epoch: [168][ 70/101]	Time  0.415 ( 0.419)	Data  0.000 ( 0.031)	Loss 1.4726e-02 (1.7805e-02)	Acc@1  98.83 ( 99.26)	Acc@2 100.00 (100.00)
Epoch: [168][ 80/101]	Time  0.406 ( 0.419)	Data  0.000 ( 0.031)	Loss 2.1012e-02 (1.8198e-02)	Acc@1  99.61 ( 99.26)	Acc@2 100.00 (100.00)
Epoch: [168][ 90/101]	Time  0.419 ( 0.419)	Data  0.000 ( 0.030)	Loss 6.2085e-03 (1.7749e-02)	Acc@1 100.00 ( 99.29)	Acc@2 100.00 (100.00)
Epoch: [168][100/101]	Time  0.378 ( 0.419)	Data  0.000 ( 0.030)	Loss 5.2858e-02 (1.7520e-02)	Acc@1  98.63 ( 99.31)	Acc@2 100.00 (100.00)
Test: [ 0/34]	Time  0.537 ( 0.537)	Loss 6.7689e-04 (6.7689e-04)	Acc@1 100.00 (100.00)	Acc@2 100.00 (100.00)
Test: [10/34]	Time  0.124 ( 0.162)	Loss 4.8019e-03 (2.0959e-02)	Acc@1  99.61 ( 99.68)	Acc@2 100.00 (100.00)
Test: [20/34]	Time  0.123 ( 0.145)	Loss 1.1982e-03 (2.0930e-02)	Acc@1 100.00 ( 99.68)	Acc@2 100.00 (100.00)
Test: [30/34]	Time  0.121 ( 0.138)	Loss 2.1116e-03 (1.7582e-02)	Acc@1 100.00 ( 99.71)	Acc@2 100.00 (100.00)
 * Acc@1 99.721 Acc@2 100.000
Epoch: [169][  0/101]	Time  0.585 ( 0.585)	Data  0.435 ( 0.435)	Loss 1.5271e-02 (1.5271e-02)	Acc@1  99.22 ( 99.22)	Acc@2 100.00 (100.00)
Epoch: [169][ 10/101]	Time  0.416 ( 0.431)	Data  0.000 ( 0.063)	Loss 3.6895e-02 (1.7329e-02)	Acc@1  98.44 ( 99.33)	Acc@2 100.00 (100.00)
Epoch: [169][ 20/101]	Time  0.416 ( 0.424)	Data  0.000 ( 0.046)	Loss 4.1323e-03 (1.8100e-02)	Acc@1 100.00 ( 99.29)	Acc@2 100.00 (100.00)
Epoch: [169][ 30/101]	Time  0.434 ( 0.422)	Data  0.000 ( 0.039)	Loss 3.1079e-03 (1.6675e-02)	Acc@1 100.00 ( 99.36)	Acc@2 100.00 (100.00)
Epoch: [169][ 40/101]	Time  0.399 ( 0.420)	Data  0.000 ( 0.036)	Loss 1.1521e-02 (1.7491e-02)	Acc@1  99.61 ( 99.28)	Acc@2 100.00 (100.00)
Epoch: [169][ 50/101]	Time  0.420 ( 0.419)	Data  0.000 ( 0.033)	Loss 2.7627e-02 (1.8284e-02)	Acc@1  98.83 ( 99.23)	Acc@2 100.00 (100.00)
Epoch: [169][ 60/101]	Time  0.395 ( 0.419)	Data  0.000 ( 0.032)	Loss 1.2863e-02 (1.7721e-02)	Acc@1  99.22 ( 99.25)	Acc@2 100.00 (100.00)
Epoch: [169][ 70/101]	Time  0.432 ( 0.418)	Data  0.000 ( 0.031)	Loss 3.1896e-02 (1.7681e-02)	Acc@1  98.83 ( 99.28)	Acc@2 100.00 (100.00)
Epoch: [169][ 80/101]	Time  0.409 ( 0.418)	Data  0.000 ( 0.031)	Loss 1.1730e-02 (1.6799e-02)	Acc@1  99.22 ( 99.32)	Acc@2 100.00 (100.00)
Epoch: [169][ 90/101]	Time  0.413 ( 0.418)	Data  0.000 ( 0.030)	Loss 3.6962e-02 (1.6559e-02)	Acc@1  98.83 ( 99.34)	Acc@2 100.00 (100.00)
Epoch: [169][100/101]	Time  0.392 ( 0.418)	Data  0.000 ( 0.030)	Loss 1.0844e-02 (1.6348e-02)	Acc@1  99.32 ( 99.35)	Acc@2 100.00 (100.00)
Test: [ 0/34]	Time  0.578 ( 0.578)	Loss 6.4054e-04 (6.4054e-04)	Acc@1 100.00 (100.00)	Acc@2 100.00 (100.00)
Test: [10/34]	Time  0.122 ( 0.165)	Loss 4.6291e-03 (2.0571e-02)	Acc@1  99.61 ( 99.68)	Acc@2 100.00 (100.00)
Test: [20/34]	Time  0.121 ( 0.146)	Loss 1.2368e-03 (2.0608e-02)	Acc@1 100.00 ( 99.68)	Acc@2 100.00 (100.00)
Test: [30/34]	Time  0.123 ( 0.139)	Loss 2.3101e-03 (1.7521e-02)	Acc@1 100.00 ( 99.71)	Acc@2 100.00 (100.00)
 * Acc@1 99.721 Acc@2 100.000
Epoch: [170][  0/101]	Time  0.639 ( 0.639)	Data  0.491 ( 0.491)	Loss 2.2080e-02 (2.2080e-02)	Acc@1  99.22 ( 99.22)	Acc@2 100.00 (100.00)
Epoch: [170][ 10/101]	Time  0.425 ( 0.439)	Data  0.000 ( 0.070)	Loss 5.4877e-03 (1.7216e-02)	Acc@1 100.00 ( 99.36)	Acc@2 100.00 (100.00)
Epoch: [170][ 20/101]	Time  0.407 ( 0.427)	Data  0.000 ( 0.048)	Loss 1.5567e-02 (1.5865e-02)	Acc@1  99.22 ( 99.35)	Acc@2 100.00 (100.00)
Epoch: [170][ 30/101]	Time  0.430 ( 0.425)	Data  0.000 ( 0.042)	Loss 1.2710e-02 (1.7128e-02)	Acc@1  99.61 ( 99.33)	Acc@2 100.00 (100.00)
Epoch: [170][ 40/101]	Time  0.424 ( 0.423)	Data  0.000 ( 0.038)	Loss 2.6624e-02 (1.6775e-02)	Acc@1  98.83 ( 99.35)	Acc@2 100.00 (100.00)
Epoch: [170][ 50/101]	Time  0.423 ( 0.422)	Data  0.000 ( 0.036)	Loss 4.7581e-03 (1.6878e-02)	Acc@1 100.00 ( 99.36)	Acc@2 100.00 (100.00)
Epoch: [170][ 60/101]	Time  0.414 ( 0.421)	Data  0.000 ( 0.034)	Loss 3.1628e-03 (1.6112e-02)	Acc@1 100.00 ( 99.38)	Acc@2 100.00 (100.00)
Epoch: [170][ 70/101]	Time  0.413 ( 0.420)	Data  0.000 ( 0.033)	Loss 9.4973e-03 (1.6644e-02)	Acc@1  99.61 ( 99.36)	Acc@2 100.00 (100.00)
Epoch: [170][ 80/101]	Time  0.410 ( 0.420)	Data  0.000 ( 0.032)	Loss 1.9229e-02 (1.6479e-02)	Acc@1  99.22 ( 99.36)	Acc@2 100.00 (100.00)
Epoch: [170][ 90/101]	Time  0.430 ( 0.419)	Data  0.000 ( 0.031)	Loss 1.9735e-02 (1.6298e-02)	Acc@1  99.61 ( 99.36)	Acc@2 100.00 (100.00)
Epoch: [170][100/101]	Time  0.368 ( 0.419)	Data  0.000 ( 0.031)	Loss 5.1020e-03 (1.6665e-02)	Acc@1 100.00 ( 99.35)	Acc@2 100.00 (100.00)
Test: [ 0/34]	Time  0.589 ( 0.589)	Loss 7.7333e-04 (7.7333e-04)	Acc@1 100.00 (100.00)	Acc@2 100.00 (100.00)
Test: [10/34]	Time  0.124 ( 0.166)	Loss 5.4469e-03 (2.1307e-02)	Acc@1  99.61 ( 99.64)	Acc@2 100.00 (100.00)
Test: [20/34]	Time  0.129 ( 0.147)	Loss 1.0694e-03 (2.1157e-02)	Acc@1 100.00 ( 99.67)	Acc@2 100.00 (100.00)
Test: [30/34]	Time  0.122 ( 0.139)	Loss 1.8700e-03 (1.7510e-02)	Acc@1 100.00 ( 99.71)	Acc@2 100.00 (100.00)
 * Acc@1 99.721 Acc@2 100.000
Epoch: [171][  0/101]	Time  0.642 ( 0.642)	Data  0.487 ( 0.487)	Loss 1.7069e-02 (1.7069e-02)	Acc@1  99.22 ( 99.22)	Acc@2 100.00 (100.00)
Epoch: [171][ 10/101]	Time  0.397 ( 0.436)	Data  0.000 ( 0.068)	Loss 5.9934e-02 (1.9705e-02)	Acc@1  98.44 ( 99.22)	Acc@2 100.00 (100.00)
Epoch: [171][ 20/101]	Time  0.451 ( 0.427)	Data  0.000 ( 0.048)	Loss 5.1177e-03 (1.8097e-02)	Acc@1 100.00 ( 99.29)	Acc@2 100.00 (100.00)
Epoch: [171][ 30/101]	Time  0.414 ( 0.424)	Data  0.000 ( 0.041)	Loss 5.4760e-03 (1.8663e-02)	Acc@1 100.00 ( 99.32)	Acc@2 100.00 (100.00)
Epoch: [171][ 40/101]	Time  0.400 ( 0.423)	Data  0.000 ( 0.037)	Loss 1.6907e-02 (1.7420e-02)	Acc@1  98.83 ( 99.36)	Acc@2 100.00 (100.00)
Epoch: [171][ 50/101]	Time  0.392 ( 0.421)	Data  0.000 ( 0.034)	Loss 2.0560e-02 (1.7377e-02)	Acc@1  98.83 ( 99.35)	Acc@2 100.00 (100.00)
Epoch: [171][ 60/101]	Time  0.412 ( 0.421)	Data  0.000 ( 0.032)	Loss 1.1109e-02 (1.7550e-02)	Acc@1  99.22 ( 99.34)	Acc@2 100.00 (100.00)
Epoch: [171][ 70/101]	Time  0.409 ( 0.419)	Data  0.000 ( 0.031)	Loss 1.5167e-02 (1.7975e-02)	Acc@1  98.83 ( 99.31)	Acc@2 100.00 (100.00)
Epoch: [171][ 80/101]	Time  0.407 ( 0.419)	Data  0.000 ( 0.030)	Loss 2.0489e-02 (1.7598e-02)	Acc@1  99.61 ( 99.32)	Acc@2 100.00 (100.00)
Epoch: [171][ 90/101]	Time  0.412 ( 0.419)	Data  0.000 ( 0.030)	Loss 1.0989e-02 (1.7560e-02)	Acc@1  99.61 ( 99.32)	Acc@2 100.00 (100.00)
Epoch: [171][100/101]	Time  0.388 ( 0.419)	Data  0.000 ( 0.029)	Loss 3.0454e-02 (1.7803e-02)	Acc@1  97.95 ( 99.32)	Acc@2 100.00 (100.00)
Test: [ 0/34]	Time  0.628 ( 0.628)	Loss 6.6237e-04 (6.6237e-04)	Acc@1 100.00 (100.00)	Acc@2 100.00 (100.00)
Test: [10/34]	Time  0.123 ( 0.170)	Loss 4.7961e-03 (2.0756e-02)	Acc@1  99.61 ( 99.68)	Acc@2 100.00 (100.00)
Test: [20/34]	Time  0.122 ( 0.149)	Loss 1.1402e-03 (2.0693e-02)	Acc@1 100.00 ( 99.68)	Acc@2 100.00 (100.00)
Test: [30/34]	Time  0.123 ( 0.141)	Loss 2.2205e-03 (1.7370e-02)	Acc@1 100.00 ( 99.71)	Acc@2 100.00 (100.00)
 * Acc@1 99.721 Acc@2 100.000
Epoch: [172][  0/101]	Time  0.697 ( 0.697)	Data  0.538 ( 0.538)	Loss 1.4560e-02 (1.4560e-02)	Acc@1  99.22 ( 99.22)	Acc@2 100.00 (100.00)
Epoch: [172][ 10/101]	Time  0.424 ( 0.446)	Data  0.000 ( 0.071)	Loss 1.2374e-02 (1.7807e-02)	Acc@1  99.61 ( 99.33)	Acc@2 100.00 (100.00)
Epoch: [172][ 20/101]	Time  0.421 ( 0.433)	Data  0.000 ( 0.050)	Loss 2.4850e-02 (2.1201e-02)	Acc@1  99.22 ( 99.09)	Acc@2 100.00 (100.00)
Epoch: [172][ 30/101]	Time  0.417 ( 0.428)	Data  0.000 ( 0.042)	Loss 1.1576e-02 (1.8944e-02)	Acc@1  99.22 ( 99.22)	Acc@2 100.00 (100.00)
Epoch: [172][ 40/101]	Time  0.438 ( 0.426)	Data  0.000 ( 0.038)	Loss 1.3239e-02 (2.0218e-02)	Acc@1  99.22 ( 99.18)	Acc@2 100.00 (100.00)
Epoch: [172][ 50/101]	Time  0.411 ( 0.424)	Data  0.000 ( 0.036)	Loss 4.2375e-02 (2.0120e-02)	Acc@1  98.05 ( 99.19)	Acc@2 100.00 (100.00)
Epoch: [172][ 60/101]	Time  0.417 ( 0.423)	Data  0.000 ( 0.034)	Loss 2.6370e-02 (1.9457e-02)	Acc@1  98.44 ( 99.22)	Acc@2 100.00 (100.00)
Epoch: [172][ 70/101]	Time  0.430 ( 0.422)	Data  0.000 ( 0.033)	Loss 2.4022e-02 (1.8894e-02)	Acc@1  99.22 ( 99.25)	Acc@2 100.00 (100.00)
Epoch: [172][ 80/101]	Time  0.417 ( 0.422)	Data  0.000 ( 0.032)	Loss 1.1050e-02 (1.8362e-02)	Acc@1  99.61 ( 99.27)	Acc@2 100.00 (100.00)
Epoch: [172][ 90/101]	Time  0.404 ( 0.423)	Data  0.000 ( 0.031)	Loss 1.4332e-02 (1.8369e-02)	Acc@1  99.22 ( 99.28)	Acc@2 100.00 (100.00)
Epoch: [172][100/101]	Time  0.382 ( 0.422)	Data  0.000 ( 0.031)	Loss 2.4028e-03 (1.7985e-02)	Acc@1 100.00 ( 99.29)	Acc@2 100.00 (100.00)
Test: [ 0/34]	Time  0.587 ( 0.587)	Loss 8.1764e-04 (8.1764e-04)	Acc@1 100.00 (100.00)	Acc@2 100.00 (100.00)
Test: [10/34]	Time  0.123 ( 0.174)	Loss 4.5489e-03 (2.1199e-02)	Acc@1  99.61 ( 99.68)	Acc@2 100.00 (100.00)
Test: [20/34]	Time  0.129 ( 0.151)	Loss 1.0498e-03 (2.1142e-02)	Acc@1 100.00 ( 99.68)	Acc@2 100.00 (100.00)
Test: [30/34]	Time  0.123 ( 0.142)	Loss 1.9115e-03 (1.7637e-02)	Acc@1 100.00 ( 99.71)	Acc@2 100.00 (100.00)
 * Acc@1 99.721 Acc@2 100.000
Epoch: [173][  0/101]	Time  0.670 ( 0.670)	Data  0.521 ( 0.521)	Loss 9.5461e-03 (9.5461e-03)	Acc@1  99.22 ( 99.22)	Acc@2 100.00 (100.00)
Epoch: [173][ 10/101]	Time  0.445 ( 0.447)	Data  0.000 ( 0.070)	Loss 2.3385e-02 (2.0469e-02)	Acc@1  99.22 ( 99.15)	Acc@2 100.00 (100.00)
Epoch: [173][ 20/101]	Time  0.426 ( 0.444)	Data  0.000 ( 0.053)	Loss 4.8782e-03 (1.7836e-02)	Acc@1 100.00 ( 99.29)	Acc@2 100.00 (100.00)
Epoch: [173][ 30/101]	Time  0.425 ( 0.437)	Data  0.000 ( 0.044)	Loss 1.8545e-02 (1.7270e-02)	Acc@1  99.22 ( 99.33)	Acc@2 100.00 (100.00)
Epoch: [173][ 40/101]	Time  0.406 ( 0.433)	Data  0.000 ( 0.040)	Loss 3.3170e-02 (1.8055e-02)	Acc@1  98.05 ( 99.30)	Acc@2 100.00 (100.00)
Epoch: [173][ 50/101]	Time  0.437 ( 0.432)	Data  0.000 ( 0.037)	Loss 1.9930e-02 (1.7120e-02)	Acc@1  99.22 ( 99.33)	Acc@2 100.00 (100.00)
Epoch: [173][ 60/101]	Time  0.404 ( 0.431)	Data  0.000 ( 0.035)	Loss 4.1049e-03 (1.6715e-02)	Acc@1 100.00 ( 99.35)	Acc@2 100.00 (100.00)
Epoch: [173][ 70/101]	Time  0.439 ( 0.430)	Data  0.000 ( 0.034)	Loss 1.2245e-02 (1.6769e-02)	Acc@1  99.61 ( 99.35)	Acc@2 100.00 (100.00)
Epoch: [173][ 80/101]	Time  0.404 ( 0.429)	Data  0.000 ( 0.033)	Loss 1.3862e-02 (1.7169e-02)	Acc@1  99.22 ( 99.32)	Acc@2 100.00 (100.00)
Epoch: [173][ 90/101]	Time  0.462 ( 0.433)	Data  0.000 ( 0.032)	Loss 3.3672e-02 (1.7519e-02)	Acc@1  99.22 ( 99.31)	Acc@2 100.00 (100.00)
Epoch: [173][100/101]	Time  0.372 ( 0.432)	Data  0.000 ( 0.032)	Loss 2.6263e-02 (1.7839e-02)	Acc@1  99.32 ( 99.31)	Acc@2 100.00 (100.00)
Test: [ 0/34]	Time  0.607 ( 0.607)	Loss 6.4758e-04 (6.4758e-04)	Acc@1 100.00 (100.00)	Acc@2 100.00 (100.00)
Test: [10/34]	Time  0.135 ( 0.172)	Loss 4.3745e-03 (2.0905e-02)	Acc@1  99.61 ( 99.68)	Acc@2 100.00 (100.00)
Test: [20/34]	Time  0.123 ( 0.150)	Loss 1.1404e-03 (2.0838e-02)	Acc@1 100.00 ( 99.68)	Acc@2 100.00 (100.00)
Test: [30/34]	Time  0.122 ( 0.142)	Loss 2.2331e-03 (1.7479e-02)	Acc@1 100.00 ( 99.71)	Acc@2 100.00 (100.00)
 * Acc@1 99.721 Acc@2 100.000
Epoch: [174][  0/101]	Time  0.646 ( 0.646)	Data  0.480 ( 0.480)	Loss 1.7743e-02 (1.7743e-02)	Acc@1  99.22 ( 99.22)	Acc@2 100.00 (100.00)
Epoch: [174][ 10/101]	Time  0.420 ( 0.437)	Data  0.000 ( 0.067)	Loss 1.5602e-02 (1.9204e-02)	Acc@1  99.61 ( 99.18)	Acc@2 100.00 (100.00)
Epoch: [174][ 20/101]	Time  0.432 ( 0.434)	Data  0.000 ( 0.047)	Loss 1.3851e-02 (1.8116e-02)	Acc@1 100.00 ( 99.31)	Acc@2 100.00 (100.00)
Epoch: [174][ 30/101]	Time  0.438 ( 0.434)	Data  0.000 ( 0.041)	Loss 1.6435e-02 (1.9288e-02)	Acc@1  99.61 ( 99.24)	Acc@2 100.00 (100.00)
Epoch: [174][ 40/101]	Time  0.426 ( 0.432)	Data  0.000 ( 0.037)	Loss 2.3355e-02 (1.9514e-02)	Acc@1  98.83 ( 99.22)	Acc@2 100.00 (100.00)
Epoch: [174][ 50/101]	Time  0.428 ( 0.433)	Data  0.000 ( 0.036)	Loss 5.6562e-02 (2.1126e-02)	Acc@1  97.66 ( 99.16)	Acc@2 100.00 (100.00)
Epoch: [174][ 60/101]	Time  0.435 ( 0.432)	Data  0.000 ( 0.034)	Loss 1.4961e-02 (2.0127e-02)	Acc@1  99.61 ( 99.21)	Acc@2 100.00 (100.00)
Epoch: [174][ 70/101]	Time  0.440 ( 0.432)	Data  0.000 ( 0.033)	Loss 4.9438e-02 (1.9844e-02)	Acc@1  98.44 ( 99.22)	Acc@2 100.00 (100.00)
Epoch: [174][ 80/101]	Time  0.419 ( 0.431)	Data  0.000 ( 0.032)	Loss 7.3518e-03 (1.9141e-02)	Acc@1  99.61 ( 99.25)	Acc@2 100.00 (100.00)
Epoch: [174][ 90/101]	Time  0.437 ( 0.432)	Data  0.000 ( 0.032)	Loss 2.1926e-02 (1.8735e-02)	Acc@1  99.22 ( 99.25)	Acc@2 100.00 (100.00)
Epoch: [174][100/101]	Time  0.360 ( 0.430)	Data  0.000 ( 0.031)	Loss 2.3631e-02 (1.8699e-02)	Acc@1  99.32 ( 99.25)	Acc@2 100.00 (100.00)
Test: [ 0/34]	Time  0.672 ( 0.672)	Loss 7.7235e-04 (7.7235e-04)	Acc@1 100.00 (100.00)	Acc@2 100.00 (100.00)
Test: [10/34]	Time  0.123 ( 0.174)	Loss 4.9768e-03 (2.1060e-02)	Acc@1  99.61 ( 99.68)	Acc@2 100.00 (100.00)
Test: [20/34]	Time  0.134 ( 0.152)	Loss 1.1131e-03 (2.0999e-02)	Acc@1 100.00 ( 99.68)	Acc@2 100.00 (100.00)
Test: [30/34]	Time  0.124 ( 0.144)	Loss 1.9947e-03 (1.7435e-02)	Acc@1 100.00 ( 99.72)	Acc@2 100.00 (100.00)
 * Acc@1 99.732 Acc@2 100.000
Epoch: [175][  0/101]	Time  0.648 ( 0.648)	Data  0.502 ( 0.502)	Loss 1.4734e-02 (1.4734e-02)	Acc@1  99.22 ( 99.22)	Acc@2 100.00 (100.00)
Epoch: [175][ 10/101]	Time  0.408 ( 0.439)	Data  0.000 ( 0.070)	Loss 2.1569e-02 (1.6661e-02)	Acc@1  99.22 ( 99.33)	Acc@2 100.00 (100.00)
Epoch: [175][ 20/101]	Time  0.424 ( 0.429)	Data  0.000 ( 0.049)	Loss 1.7436e-02 (1.5447e-02)	Acc@1  99.22 ( 99.44)	Acc@2 100.00 (100.00)
Epoch: [175][ 30/101]	Time  0.406 ( 0.430)	Data  0.000 ( 0.041)	Loss 2.2607e-02 (1.5399e-02)	Acc@1  98.83 ( 99.37)	Acc@2 100.00 (100.00)
Epoch: [175][ 40/101]	Time  0.434 ( 0.429)	Data  0.000 ( 0.038)	Loss 1.8233e-02 (1.6799e-02)	Acc@1  99.61 ( 99.37)	Acc@2 100.00 (100.00)
Epoch: [175][ 50/101]	Time  0.405 ( 0.426)	Data  0.000 ( 0.035)	Loss 4.4026e-03 (1.6212e-02)	Acc@1 100.00 ( 99.40)	Acc@2 100.00 (100.00)
Epoch: [175][ 60/101]	Time  0.420 ( 0.425)	Data  0.000 ( 0.034)	Loss 9.6680e-03 (1.6040e-02)	Acc@1  99.61 ( 99.40)	Acc@2 100.00 (100.00)
Epoch: [175][ 70/101]	Time  0.402 ( 0.424)	Data  0.000 ( 0.033)	Loss 2.1595e-02 (1.6734e-02)	Acc@1  98.44 ( 99.39)	Acc@2 100.00 (100.00)
Epoch: [175][ 80/101]	Time  0.466 ( 0.423)	Data  0.000 ( 0.032)	Loss 1.7186e-02 (1.7925e-02)	Acc@1  99.61 ( 99.35)	Acc@2 100.00 (100.00)
Epoch: [175][ 90/101]	Time  0.407 ( 0.422)	Data  0.000 ( 0.031)	Loss 1.5148e-02 (1.8003e-02)	Acc@1  99.61 ( 99.34)	Acc@2 100.00 (100.00)
Epoch: [175][100/101]	Time  0.371 ( 0.421)	Data  0.000 ( 0.030)	Loss 4.4944e-03 (1.8398e-02)	Acc@1 100.00 ( 99.31)	Acc@2 100.00 (100.00)
Test: [ 0/34]	Time  0.636 ( 0.636)	Loss 7.1558e-04 (7.1558e-04)	Acc@1 100.00 (100.00)	Acc@2 100.00 (100.00)
Test: [10/34]	Time  0.123 ( 0.171)	Loss 4.6879e-03 (2.1264e-02)	Acc@1  99.61 ( 99.68)	Acc@2 100.00 (100.00)
Test: [20/34]	Time  0.129 ( 0.149)	Loss 1.0222e-03 (2.1133e-02)	Acc@1 100.00 ( 99.68)	Acc@2 100.00 (100.00)
Test: [30/34]	Time  0.122 ( 0.141)	Loss 2.1244e-03 (1.7552e-02)	Acc@1 100.00 ( 99.72)	Acc@2 100.00 (100.00)
 * Acc@1 99.732 Acc@2 100.000
Epoch: [176][  0/101]	Time  0.598 ( 0.598)	Data  0.452 ( 0.452)	Loss 1.9250e-02 (1.9250e-02)	Acc@1  99.22 ( 99.22)	Acc@2 100.00 (100.00)
Epoch: [176][ 10/101]	Time  0.434 ( 0.432)	Data  0.000 ( 0.065)	Loss 2.3316e-02 (1.4098e-02)	Acc@1  99.22 ( 99.40)	Acc@2 100.00 (100.00)
Epoch: [176][ 20/101]	Time  0.427 ( 0.426)	Data  0.000 ( 0.047)	Loss 1.2242e-02 (1.4582e-02)	Acc@1  99.61 ( 99.46)	Acc@2 100.00 (100.00)
Epoch: [176][ 30/101]	Time  0.413 ( 0.422)	Data  0.000 ( 0.040)	Loss 1.8836e-02 (1.3800e-02)	Acc@1  99.22 ( 99.50)	Acc@2 100.00 (100.00)
Epoch: [176][ 40/101]	Time  0.422 ( 0.424)	Data  0.000 ( 0.036)	Loss 1.3133e-02 (1.4708e-02)	Acc@1  99.22 ( 99.46)	Acc@2 100.00 (100.00)
Epoch: [176][ 50/101]	Time  0.423 ( 0.422)	Data  0.000 ( 0.034)	Loss 3.3649e-03 (1.5167e-02)	Acc@1 100.00 ( 99.43)	Acc@2 100.00 (100.00)
Epoch: [176][ 60/101]	Time  0.432 ( 0.422)	Data  0.000 ( 0.033)	Loss 1.9345e-02 (1.5642e-02)	Acc@1  99.61 ( 99.43)	Acc@2 100.00 (100.00)
Epoch: [176][ 70/101]	Time  0.409 ( 0.422)	Data  0.000 ( 0.032)	Loss 1.7367e-02 (1.7251e-02)	Acc@1  99.61 ( 99.37)	Acc@2 100.00 (100.00)
Epoch: [176][ 80/101]	Time  0.423 ( 0.421)	Data  0.000 ( 0.031)	Loss 2.1010e-02 (1.7099e-02)	Acc@1  99.22 ( 99.36)	Acc@2 100.00 (100.00)
Epoch: [176][ 90/101]	Time  0.425 ( 0.421)	Data  0.000 ( 0.030)	Loss 1.8999e-02 (1.6674e-02)	Acc@1  98.83 ( 99.37)	Acc@2 100.00 (100.00)
Epoch: [176][100/101]	Time  0.382 ( 0.420)	Data  0.000 ( 0.030)	Loss 6.2714e-03 (1.6214e-02)	Acc@1  99.32 ( 99.37)	Acc@2 100.00 (100.00)
Test: [ 0/34]	Time  0.586 ( 0.586)	Loss 9.7612e-04 (9.7612e-04)	Acc@1 100.00 (100.00)	Acc@2 100.00 (100.00)
Test: [10/34]	Time  0.123 ( 0.167)	Loss 6.3874e-03 (2.2394e-02)	Acc@1  99.61 ( 99.61)	Acc@2 100.00 (100.00)
Test: [20/34]	Time  0.124 ( 0.147)	Loss 9.0254e-04 (2.2201e-02)	Acc@1 100.00 ( 99.65)	Acc@2 100.00 (100.00)
Test: [30/34]	Time  0.123 ( 0.140)	Loss 1.6157e-03 (1.8324e-02)	Acc@1 100.00 ( 99.70)	Acc@2 100.00 (100.00)
 * Acc@1 99.709 Acc@2 100.000
Epoch: [177][  0/101]	Time  0.595 ( 0.595)	Data  0.449 ( 0.449)	Loss 1.2882e-02 (1.2882e-02)	Acc@1  99.61 ( 99.61)	Acc@2 100.00 (100.00)
Epoch: [177][ 10/101]	Time  0.416 ( 0.432)	Data  0.000 ( 0.063)	Loss 2.0401e-02 (1.7310e-02)	Acc@1  99.22 ( 99.33)	Acc@2 100.00 (100.00)
Epoch: [177][ 20/101]	Time  0.401 ( 0.424)	Data  0.000 ( 0.046)	Loss 1.0493e-02 (1.6110e-02)	Acc@1  99.61 ( 99.35)	Acc@2 100.00 (100.00)
Epoch: [177][ 30/101]	Time  0.440 ( 0.422)	Data  0.000 ( 0.039)	Loss 2.8643e-02 (1.9191e-02)	Acc@1  99.22 ( 99.27)	Acc@2 100.00 (100.00)
Epoch: [177][ 40/101]	Time  0.407 ( 0.423)	Data  0.000 ( 0.036)	Loss 1.2046e-02 (1.9531e-02)	Acc@1  99.61 ( 99.28)	Acc@2 100.00 (100.00)
Epoch: [177][ 50/101]	Time  0.421 ( 0.421)	Data  0.000 ( 0.034)	Loss 2.0538e-02 (1.9641e-02)	Acc@1  99.22 ( 99.30)	Acc@2 100.00 (100.00)
Epoch: [177][ 60/101]	Time  0.400 ( 0.420)	Data  0.000 ( 0.033)	Loss 1.4114e-02 (1.9479e-02)	Acc@1  99.61 ( 99.29)	Acc@2 100.00 (100.00)
Epoch: [177][ 70/101]	Time  0.424 ( 0.420)	Data  0.000 ( 0.032)	Loss 1.1471e-02 (1.9100e-02)	Acc@1  99.61 ( 99.31)	Acc@2 100.00 (100.00)
Epoch: [177][ 80/101]	Time  0.410 ( 0.419)	Data  0.000 ( 0.031)	Loss 2.1179e-02 (1.8848e-02)	Acc@1  98.83 ( 99.32)	Acc@2 100.00 (100.00)
Epoch: [177][ 90/101]	Time  0.419 ( 0.419)	Data  0.000 ( 0.030)	Loss 5.3291e-03 (1.8420e-02)	Acc@1 100.00 ( 99.33)	Acc@2 100.00 (100.00)
Epoch: [177][100/101]	Time  0.357 ( 0.418)	Data  0.000 ( 0.030)	Loss 1.2451e-02 (1.8509e-02)	Acc@1  99.32 ( 99.32)	Acc@2 100.00 (100.00)
Test: [ 0/34]	Time  0.541 ( 0.541)	Loss 7.6797e-04 (7.6797e-04)	Acc@1 100.00 (100.00)	Acc@2 100.00 (100.00)
Test: [10/34]	Time  0.122 ( 0.162)	Loss 5.6048e-03 (2.1028e-02)	Acc@1  99.61 ( 99.68)	Acc@2 100.00 (100.00)
Test: [20/34]	Time  0.123 ( 0.144)	Loss 1.1897e-03 (2.0855e-02)	Acc@1 100.00 ( 99.68)	Acc@2 100.00 (100.00)
Test: [30/34]	Time  0.122 ( 0.138)	Loss 2.1376e-03 (1.7204e-02)	Acc@1 100.00 ( 99.72)	Acc@2 100.00 (100.00)
 * Acc@1 99.732 Acc@2 100.000
Epoch: [178][  0/101]	Time  0.609 ( 0.609)	Data  0.448 ( 0.448)	Loss 3.7104e-02 (3.7104e-02)	Acc@1  98.05 ( 98.05)	Acc@2 100.00 (100.00)
Epoch: [178][ 10/101]	Time  0.426 ( 0.435)	Data  0.000 ( 0.065)	Loss 3.1569e-02 (1.7318e-02)	Acc@1  98.05 ( 99.36)	Acc@2 100.00 (100.00)
Epoch: [178][ 20/101]	Time  0.469 ( 0.429)	Data  0.000 ( 0.046)	Loss 1.8992e-02 (1.6888e-02)	Acc@1  99.22 ( 99.35)	Acc@2 100.00 (100.00)
Epoch: [178][ 30/101]	Time  0.416 ( 0.425)	Data  0.000 ( 0.040)	Loss 8.2643e-03 (2.0378e-02)	Acc@1  99.61 ( 99.18)	Acc@2 100.00 (100.00)
Epoch: [178][ 40/101]	Time  0.437 ( 0.424)	Data  0.000 ( 0.036)	Loss 1.7642e-02 (1.8902e-02)	Acc@1  99.22 ( 99.22)	Acc@2 100.00 (100.00)
Epoch: [178][ 50/101]	Time  0.432 ( 0.423)	Data  0.000 ( 0.034)	Loss 1.7049e-02 (1.8631e-02)	Acc@1  99.61 ( 99.22)	Acc@2 100.00 (100.00)
Epoch: [178][ 60/101]	Time  0.405 ( 0.422)	Data  0.000 ( 0.033)	Loss 2.5108e-02 (1.8471e-02)	Acc@1  98.44 ( 99.22)	Acc@2 100.00 (100.00)
Epoch: [178][ 70/101]	Time  0.423 ( 0.421)	Data  0.000 ( 0.032)	Loss 5.2350e-03 (1.7358e-02)	Acc@1 100.00 ( 99.28)	Acc@2 100.00 (100.00)
Epoch: [178][ 80/101]	Time  0.425 ( 0.421)	Data  0.000 ( 0.031)	Loss 3.4112e-02 (1.7704e-02)	Acc@1  98.83 ( 99.25)	Acc@2 100.00 (100.00)
Epoch: [178][ 90/101]	Time  0.439 ( 0.421)	Data  0.000 ( 0.031)	Loss 1.0357e-02 (1.7301e-02)	Acc@1  99.61 ( 99.27)	Acc@2 100.00 (100.00)
Epoch: [178][100/101]	Time  0.369 ( 0.420)	Data  0.000 ( 0.030)	Loss 8.7185e-03 (1.7323e-02)	Acc@1 100.00 ( 99.25)	Acc@2 100.00 (100.00)
Test: [ 0/34]	Time  0.594 ( 0.594)	Loss 5.1325e-04 (5.1325e-04)	Acc@1 100.00 (100.00)	Acc@2 100.00 (100.00)
Test: [10/34]	Time  0.123 ( 0.167)	Loss 3.6475e-03 (1.9746e-02)	Acc@1  99.61 ( 99.68)	Acc@2 100.00 (100.00)
Test: [20/34]	Time  0.127 ( 0.147)	Loss 1.5311e-03 (1.9890e-02)	Acc@1 100.00 ( 99.68)	Acc@2 100.00 (100.00)
Test: [30/34]	Time  0.121 ( 0.140)	Loss 2.8706e-03 (1.7269e-02)	Acc@1 100.00 ( 99.70)	Acc@2 100.00 (100.00)
 * Acc@1 99.709 Acc@2 100.000
Epoch: [179][  0/101]	Time  0.595 ( 0.595)	Data  0.441 ( 0.441)	Loss 1.2882e-02 (1.2882e-02)	Acc@1  98.83 ( 98.83)	Acc@2 100.00 (100.00)
Epoch: [179][ 10/101]	Time  0.400 ( 0.432)	Data  0.000 ( 0.065)	Loss 1.8269e-02 (1.8643e-02)	Acc@1  99.22 ( 99.29)	Acc@2 100.00 (100.00)
Epoch: [179][ 20/101]	Time  0.431 ( 0.426)	Data  0.000 ( 0.046)	Loss 1.4852e-02 (1.7833e-02)	Acc@1  99.22 ( 99.26)	Acc@2 100.00 (100.00)
Epoch: [179][ 30/101]	Time  0.409 ( 0.424)	Data  0.000 ( 0.040)	Loss 2.0993e-02 (1.7089e-02)	Acc@1  98.44 ( 99.24)	Acc@2 100.00 (100.00)
Epoch: [179][ 40/101]	Time  0.422 ( 0.422)	Data  0.000 ( 0.036)	Loss 1.2330e-02 (1.6495e-02)	Acc@1  99.22 ( 99.32)	Acc@2 100.00 (100.00)
Epoch: [179][ 50/101]	Time  0.402 ( 0.421)	Data  0.000 ( 0.034)	Loss 2.2181e-02 (1.6733e-02)	Acc@1  98.83 ( 99.30)	Acc@2 100.00 (100.00)
Epoch: [179][ 60/101]	Time  0.434 ( 0.420)	Data  0.000 ( 0.033)	Loss 8.0360e-03 (1.7284e-02)	Acc@1 100.00 ( 99.30)	Acc@2 100.00 (100.00)
Epoch: [179][ 70/101]	Time  0.405 ( 0.420)	Data  0.000 ( 0.032)	Loss 1.7746e-02 (1.8020e-02)	Acc@1  98.83 ( 99.29)	Acc@2 100.00 (100.00)
Epoch: [179][ 80/101]	Time  0.426 ( 0.420)	Data  0.000 ( 0.031)	Loss 8.9996e-03 (1.8015e-02)	Acc@1  99.61 ( 99.30)	Acc@2 100.00 (100.00)
Epoch: [179][ 90/101]	Time  0.399 ( 0.421)	Data  0.000 ( 0.031)	Loss 9.4919e-03 (1.7876e-02)	Acc@1 100.00 ( 99.30)	Acc@2 100.00 (100.00)
Epoch: [179][100/101]	Time  0.387 ( 0.420)	Data  0.000 ( 0.030)	Loss 1.0269e-02 (1.7768e-02)	Acc@1  99.32 ( 99.32)	Acc@2 100.00 (100.00)
Test: [ 0/34]	Time  0.579 ( 0.579)	Loss 7.9320e-04 (7.9320e-04)	Acc@1 100.00 (100.00)	Acc@2 100.00 (100.00)
Test: [10/34]	Time  0.122 ( 0.166)	Loss 5.4306e-03 (2.1430e-02)	Acc@1  99.61 ( 99.68)	Acc@2 100.00 (100.00)
Test: [20/34]	Time  0.122 ( 0.147)	Loss 9.8997e-04 (2.1170e-02)	Acc@1 100.00 ( 99.68)	Acc@2 100.00 (100.00)
Test: [30/34]	Time  0.122 ( 0.139)	Loss 1.8957e-03 (1.7268e-02)	Acc@1 100.00 ( 99.72)	Acc@2 100.00 (100.00)
 * Acc@1 99.732 Acc@2 100.000
Epoch: [180][  0/101]	Time  0.618 ( 0.618)	Data  0.469 ( 0.469)	Loss 1.5646e-02 (1.5646e-02)	Acc@1  99.22 ( 99.22)	Acc@2 100.00 (100.00)
Epoch: [180][ 10/101]	Time  0.413 ( 0.434)	Data  0.000 ( 0.066)	Loss 1.5114e-02 (1.9054e-02)	Acc@1  99.61 ( 99.15)	Acc@2 100.00 (100.00)
Epoch: [180][ 20/101]	Time  0.414 ( 0.426)	Data  0.000 ( 0.047)	Loss 1.9858e-03 (2.2506e-02)	Acc@1 100.00 ( 99.01)	Acc@2 100.00 (100.00)
Epoch: [180][ 30/101]	Time  0.418 ( 0.424)	Data  0.000 ( 0.040)	Loss 1.6598e-02 (1.9100e-02)	Acc@1  98.83 ( 99.19)	Acc@2 100.00 (100.00)
Epoch: [180][ 40/101]	Time  0.419 ( 0.423)	Data  0.000 ( 0.037)	Loss 8.2733e-03 (1.7329e-02)	Acc@1 100.00 ( 99.31)	Acc@2 100.00 (100.00)
Epoch: [180][ 50/101]	Time  0.405 ( 0.421)	Data  0.000 ( 0.035)	Loss 4.6735e-02 (1.6814e-02)	Acc@1  98.83 ( 99.36)	Acc@2 100.00 (100.00)
Epoch: [180][ 60/101]	Time  0.423 ( 0.420)	Data  0.000 ( 0.033)	Loss 1.9437e-02 (1.6946e-02)	Acc@1  98.83 ( 99.32)	Acc@2 100.00 (100.00)
Epoch: [180][ 70/101]	Time  0.416 ( 0.421)	Data  0.000 ( 0.032)	Loss 1.0066e-02 (1.6921e-02)	Acc@1  99.61 ( 99.31)	Acc@2 100.00 (100.00)
Epoch: [180][ 80/101]	Time  0.431 ( 0.421)	Data  0.000 ( 0.032)	Loss 1.0241e-02 (1.6831e-02)	Acc@1  99.22 ( 99.29)	Acc@2 100.00 (100.00)
Epoch: [180][ 90/101]	Time  0.402 ( 0.420)	Data  0.000 ( 0.031)	Loss 1.3261e-02 (1.7668e-02)	Acc@1  99.61 ( 99.27)	Acc@2 100.00 (100.00)
Epoch: [180][100/101]	Time  0.371 ( 0.419)	Data  0.000 ( 0.031)	Loss 4.4887e-02 (1.7157e-02)	Acc@1  98.63 ( 99.30)	Acc@2 100.00 (100.00)
Test: [ 0/34]	Time  0.546 ( 0.546)	Loss 5.8932e-04 (5.8932e-04)	Acc@1 100.00 (100.00)	Acc@2 100.00 (100.00)
Test: [10/34]	Time  0.123 ( 0.164)	Loss 4.1802e-03 (2.0285e-02)	Acc@1  99.61 ( 99.68)	Acc@2 100.00 (100.00)
Test: [20/34]	Time  0.122 ( 0.145)	Loss 1.3716e-03 (2.0344e-02)	Acc@1 100.00 ( 99.68)	Acc@2 100.00 (100.00)
Test: [30/34]	Time  0.122 ( 0.138)	Loss 2.4289e-03 (1.7349e-02)	Acc@1 100.00 ( 99.71)	Acc@2 100.00 (100.00)
 * Acc@1 99.721 Acc@2 100.000
Epoch: [181][  0/101]	Time  0.595 ( 0.595)	Data  0.453 ( 0.453)	Loss 3.0426e-02 (3.0426e-02)	Acc@1  99.22 ( 99.22)	Acc@2 100.00 (100.00)
Epoch: [181][ 10/101]	Time  0.430 ( 0.432)	Data  0.000 ( 0.064)	Loss 3.2863e-02 (1.8783e-02)	Acc@1  98.83 ( 99.22)	Acc@2 100.00 (100.00)
Epoch: [181][ 20/101]	Time  0.418 ( 0.425)	Data  0.000 ( 0.046)	Loss 2.0790e-02 (1.9765e-02)	Acc@1  99.61 ( 99.24)	Acc@2 100.00 (100.00)
Epoch: [181][ 30/101]	Time  0.412 ( 0.423)	Data  0.000 ( 0.039)	Loss 9.1242e-03 (1.8339e-02)	Acc@1 100.00 ( 99.31)	Acc@2 100.00 (100.00)
Epoch: [181][ 40/101]	Time  0.396 ( 0.422)	Data  0.000 ( 0.036)	Loss 3.5533e-02 (1.7951e-02)	Acc@1  98.83 ( 99.30)	Acc@2 100.00 (100.00)
Epoch: [181][ 50/101]	Time  0.419 ( 0.421)	Data  0.000 ( 0.034)	Loss 3.3888e-02 (1.8434e-02)	Acc@1  98.83 ( 99.28)	Acc@2 100.00 (100.00)
Epoch: [181][ 60/101]	Time  0.408 ( 0.420)	Data  0.000 ( 0.033)	Loss 4.2597e-02 (1.8245e-02)	Acc@1  98.05 ( 99.30)	Acc@2 100.00 (100.00)
Epoch: [181][ 70/101]	Time  0.419 ( 0.420)	Data  0.000 ( 0.031)	Loss 3.9819e-02 (1.8555e-02)	Acc@1  99.22 ( 99.31)	Acc@2 100.00 (100.00)
Epoch: [181][ 80/101]	Time  0.401 ( 0.419)	Data  0.000 ( 0.031)	Loss 1.1687e-02 (1.8567e-02)	Acc@1  99.22 ( 99.28)	Acc@2 100.00 (100.00)
Epoch: [181][ 90/101]	Time  0.430 ( 0.419)	Data  0.000 ( 0.030)	Loss 4.0959e-03 (1.8619e-02)	Acc@1  99.61 ( 99.27)	Acc@2 100.00 (100.00)
Epoch: [181][100/101]	Time  0.363 ( 0.418)	Data  0.000 ( 0.030)	Loss 1.2175e-02 (1.8140e-02)	Acc@1  99.32 ( 99.29)	Acc@2 100.00 (100.00)
Test: [ 0/34]	Time  0.532 ( 0.532)	Loss 8.5164e-04 (8.5164e-04)	Acc@1 100.00 (100.00)	Acc@2 100.00 (100.00)
Test: [10/34]	Time  0.123 ( 0.161)	Loss 4.6760e-03 (2.1634e-02)	Acc@1  99.61 ( 99.68)	Acc@2 100.00 (100.00)
Test: [20/34]	Time  0.123 ( 0.144)	Loss 1.0375e-03 (2.1595e-02)	Acc@1 100.00 ( 99.68)	Acc@2 100.00 (100.00)
Test: [30/34]	Time  0.123 ( 0.137)	Loss 2.0416e-03 (1.8220e-02)	Acc@1 100.00 ( 99.71)	Acc@2 100.00 (100.00)
 * Acc@1 99.721 Acc@2 100.000
Epoch: [182][  0/101]	Time  0.574 ( 0.574)	Data  0.426 ( 0.426)	Loss 9.4759e-03 (9.4759e-03)	Acc@1  99.61 ( 99.61)	Acc@2 100.00 (100.00)
Epoch: [182][ 10/101]	Time  0.427 ( 0.433)	Data  0.000 ( 0.064)	Loss 4.7818e-02 (2.2620e-02)	Acc@1  98.05 ( 99.15)	Acc@2 100.00 (100.00)
Epoch: [182][ 20/101]	Time  0.408 ( 0.423)	Data  0.000 ( 0.045)	Loss 4.8477e-03 (1.9697e-02)	Acc@1 100.00 ( 99.24)	Acc@2 100.00 (100.00)
Epoch: [182][ 30/101]	Time  0.430 ( 0.422)	Data  0.000 ( 0.039)	Loss 1.9632e-02 (1.8307e-02)	Acc@1  99.22 ( 99.27)	Acc@2 100.00 (100.00)
Epoch: [182][ 40/101]	Time  0.410 ( 0.419)	Data  0.000 ( 0.036)	Loss 2.8564e-02 (1.8715e-02)	Acc@1  98.44 ( 99.27)	Acc@2 100.00 (100.00)
Epoch: [182][ 50/101]	Time  0.416 ( 0.419)	Data  0.000 ( 0.034)	Loss 2.1147e-02 (1.8295e-02)	Acc@1  99.61 ( 99.31)	Acc@2 100.00 (100.00)
Epoch: [182][ 60/101]	Time  0.428 ( 0.418)	Data  0.000 ( 0.033)	Loss 3.3122e-03 (1.8943e-02)	Acc@1 100.00 ( 99.27)	Acc@2 100.00 (100.00)
Epoch: [182][ 70/101]	Time  0.421 ( 0.418)	Data  0.000 ( 0.032)	Loss 2.3218e-03 (1.9093e-02)	Acc@1 100.00 ( 99.25)	Acc@2 100.00 (100.00)
Epoch: [182][ 80/101]	Time  0.414 ( 0.418)	Data  0.000 ( 0.031)	Loss 2.2701e-02 (1.9246e-02)	Acc@1  99.22 ( 99.23)	Acc@2 100.00 (100.00)
Epoch: [182][ 90/101]	Time  0.422 ( 0.418)	Data  0.000 ( 0.031)	Loss 1.3607e-02 (1.9679e-02)	Acc@1  99.61 ( 99.22)	Acc@2 100.00 (100.00)
Epoch: [182][100/101]	Time  0.359 ( 0.417)	Data  0.000 ( 0.030)	Loss 2.7673e-02 (1.9390e-02)	Acc@1  99.32 ( 99.24)	Acc@2 100.00 (100.00)
Test: [ 0/34]	Time  0.551 ( 0.551)	Loss 7.3000e-04 (7.3000e-04)	Acc@1 100.00 (100.00)	Acc@2 100.00 (100.00)
Test: [10/34]	Time  0.139 ( 0.163)	Loss 4.7809e-03 (2.1282e-02)	Acc@1  99.61 ( 99.68)	Acc@2 100.00 (100.00)
Test: [20/34]	Time  0.132 ( 0.146)	Loss 1.0482e-03 (2.1143e-02)	Acc@1 100.00 ( 99.68)	Acc@2 100.00 (100.00)
Test: [30/34]	Time  0.123 ( 0.139)	Loss 2.0572e-03 (1.7536e-02)	Acc@1 100.00 ( 99.72)	Acc@2 100.00 (100.00)
 * Acc@1 99.732 Acc@2 100.000
Epoch: [183][  0/101]	Time  0.603 ( 0.603)	Data  0.457 ( 0.457)	Loss 3.1899e-02 (3.1899e-02)	Acc@1  98.83 ( 98.83)	Acc@2 100.00 (100.00)
Epoch: [183][ 10/101]	Time  0.402 ( 0.433)	Data  0.000 ( 0.066)	Loss 9.7940e-03 (1.7675e-02)	Acc@1  99.61 ( 99.36)	Acc@2 100.00 (100.00)
Epoch: [183][ 20/101]	Time  0.427 ( 0.426)	Data  0.000 ( 0.047)	Loss 1.9195e-02 (1.6245e-02)	Acc@1  99.22 ( 99.46)	Acc@2 100.00 (100.00)
Epoch: [183][ 30/101]	Time  0.405 ( 0.422)	Data  0.000 ( 0.040)	Loss 1.6107e-02 (1.5777e-02)	Acc@1  99.22 ( 99.47)	Acc@2 100.00 (100.00)
Epoch: [183][ 40/101]	Time  0.427 ( 0.420)	Data  0.000 ( 0.037)	Loss 2.3177e-02 (1.6810e-02)	Acc@1  99.22 ( 99.42)	Acc@2 100.00 (100.00)
Epoch: [183][ 50/101]	Time  0.413 ( 0.419)	Data  0.000 ( 0.034)	Loss 1.3956e-02 (1.7106e-02)	Acc@1  99.61 ( 99.39)	Acc@2 100.00 (100.00)
Epoch: [183][ 60/101]	Time  0.423 ( 0.419)	Data  0.000 ( 0.033)	Loss 1.4470e-02 (1.6730e-02)	Acc@1  99.61 ( 99.39)	Acc@2 100.00 (100.00)
Epoch: [183][ 70/101]	Time  0.407 ( 0.418)	Data  0.000 ( 0.032)	Loss 1.3794e-02 (1.6486e-02)	Acc@1  99.22 ( 99.38)	Acc@2 100.00 (100.00)
Epoch: [183][ 80/101]	Time  0.427 ( 0.418)	Data  0.000 ( 0.031)	Loss 8.7016e-03 (1.5995e-02)	Acc@1  99.61 ( 99.41)	Acc@2 100.00 (100.00)
Epoch: [183][ 90/101]	Time  0.413 ( 0.418)	Data  0.000 ( 0.030)	Loss 1.2277e-02 (1.6462e-02)	Acc@1  98.83 ( 99.36)	Acc@2 100.00 (100.00)
Epoch: [183][100/101]	Time  0.368 ( 0.418)	Data  0.000 ( 0.030)	Loss 5.4327e-03 (1.6852e-02)	Acc@1 100.00 ( 99.35)	Acc@2 100.00 (100.00)
Test: [ 0/34]	Time  0.551 ( 0.551)	Loss 6.9072e-04 (6.9072e-04)	Acc@1 100.00 (100.00)	Acc@2 100.00 (100.00)
Test: [10/34]	Time  0.122 ( 0.165)	Loss 4.3923e-03 (2.0940e-02)	Acc@1  99.61 ( 99.68)	Acc@2 100.00 (100.00)
Test: [20/34]	Time  0.122 ( 0.146)	Loss 1.1585e-03 (2.0897e-02)	Acc@1 100.00 ( 99.68)	Acc@2 100.00 (100.00)
Test: [30/34]	Time  0.120 ( 0.139)	Loss 2.3588e-03 (1.7615e-02)	Acc@1 100.00 ( 99.71)	Acc@2 100.00 (100.00)
 * Acc@1 99.721 Acc@2 100.000
Epoch: [184][  0/101]	Time  0.621 ( 0.621)	Data  0.467 ( 0.467)	Loss 2.7969e-02 (2.7969e-02)	Acc@1  98.83 ( 98.83)	Acc@2 100.00 (100.00)
Epoch: [184][ 10/101]	Time  0.427 ( 0.431)	Data  0.000 ( 0.064)	Loss 1.7341e-02 (1.6619e-02)	Acc@1  98.83 ( 99.29)	Acc@2 100.00 (100.00)
Epoch: [184][ 20/101]	Time  0.425 ( 0.425)	Data  0.000 ( 0.046)	Loss 1.6441e-02 (1.5299e-02)	Acc@1  99.22 ( 99.40)	Acc@2 100.00 (100.00)
Epoch: [184][ 30/101]	Time  0.409 ( 0.421)	Data  0.000 ( 0.039)	Loss 4.8780e-03 (1.5600e-02)	Acc@1 100.00 ( 99.40)	Acc@2 100.00 (100.00)
Epoch: [184][ 40/101]	Time  0.412 ( 0.420)	Data  0.000 ( 0.036)	Loss 1.2150e-02 (1.5826e-02)	Acc@1  99.61 ( 99.39)	Acc@2 100.00 (100.00)
Epoch: [184][ 50/101]	Time  0.441 ( 0.419)	Data  0.000 ( 0.034)	Loss 5.5085e-02 (1.6700e-02)	Acc@1  97.66 ( 99.39)	Acc@2 100.00 (100.00)
Epoch: [184][ 60/101]	Time  0.446 ( 0.420)	Data  0.000 ( 0.033)	Loss 1.9343e-02 (1.6592e-02)	Acc@1  99.22 ( 99.38)	Acc@2 100.00 (100.00)
Epoch: [184][ 70/101]	Time  0.402 ( 0.419)	Data  0.000 ( 0.032)	Loss 1.9890e-02 (1.6584e-02)	Acc@1  98.83 ( 99.37)	Acc@2 100.00 (100.00)
Epoch: [184][ 80/101]	Time  0.416 ( 0.419)	Data  0.000 ( 0.031)	Loss 2.0902e-02 (1.5966e-02)	Acc@1  99.22 ( 99.40)	Acc@2 100.00 (100.00)
Epoch: [184][ 90/101]	Time  0.413 ( 0.419)	Data  0.000 ( 0.031)	Loss 2.6063e-03 (1.6269e-02)	Acc@1 100.00 ( 99.37)	Acc@2 100.00 (100.00)
Epoch: [184][100/101]	Time  0.381 ( 0.418)	Data  0.000 ( 0.030)	Loss 7.4277e-03 (1.6804e-02)	Acc@1 100.00 ( 99.36)	Acc@2 100.00 (100.00)
Test: [ 0/34]	Time  0.545 ( 0.545)	Loss 8.9073e-04 (8.9073e-04)	Acc@1 100.00 (100.00)	Acc@2 100.00 (100.00)
Test: [10/34]	Time  0.122 ( 0.163)	Loss 5.5359e-03 (2.1938e-02)	Acc@1  99.61 ( 99.68)	Acc@2 100.00 (100.00)
Test: [20/34]	Time  0.121 ( 0.145)	Loss 9.8357e-04 (2.1791e-02)	Acc@1 100.00 ( 99.68)	Acc@2 100.00 (100.00)
Test: [30/34]	Time  0.123 ( 0.138)	Loss 1.8862e-03 (1.8076e-02)	Acc@1 100.00 ( 99.72)	Acc@2 100.00 (100.00)
 * Acc@1 99.732 Acc@2 100.000
Epoch: [185][  0/101]	Time  0.624 ( 0.624)	Data  0.477 ( 0.477)	Loss 1.5999e-02 (1.5999e-02)	Acc@1  99.22 ( 99.22)	Acc@2 100.00 (100.00)
Epoch: [185][ 10/101]	Time  0.425 ( 0.436)	Data  0.000 ( 0.066)	Loss 2.3124e-02 (1.4235e-02)	Acc@1  99.22 ( 99.40)	Acc@2 100.00 (100.00)
Epoch: [185][ 20/101]	Time  0.401 ( 0.426)	Data  0.000 ( 0.047)	Loss 1.1712e-02 (1.4282e-02)	Acc@1  99.61 ( 99.40)	Acc@2 100.00 (100.00)
Epoch: [185][ 30/101]	Time  0.430 ( 0.423)	Data  0.000 ( 0.040)	Loss 2.8865e-02 (1.4293e-02)	Acc@1  98.44 ( 99.37)	Acc@2 100.00 (100.00)
Epoch: [185][ 40/101]	Time  0.418 ( 0.421)	Data  0.000 ( 0.037)	Loss 4.2956e-03 (1.4899e-02)	Acc@1 100.00 ( 99.39)	Acc@2 100.00 (100.00)
Epoch: [185][ 50/101]	Time  0.420 ( 0.420)	Data  0.000 ( 0.035)	Loss 1.6320e-02 (1.5651e-02)	Acc@1  99.61 ( 99.35)	Acc@2 100.00 (100.00)
Epoch: [185][ 60/101]	Time  0.399 ( 0.420)	Data  0.000 ( 0.033)	Loss 1.3879e-02 (1.6521e-02)	Acc@1  99.61 ( 99.31)	Acc@2 100.00 (100.00)
Epoch: [185][ 70/101]	Time  0.429 ( 0.420)	Data  0.000 ( 0.032)	Loss 1.1215e-02 (1.6288e-02)	Acc@1  99.61 ( 99.33)	Acc@2 100.00 (100.00)
Epoch: [185][ 80/101]	Time  0.405 ( 0.420)	Data  0.000 ( 0.031)	Loss 1.5211e-02 (1.5955e-02)	Acc@1  99.61 ( 99.35)	Acc@2 100.00 (100.00)
Epoch: [185][ 90/101]	Time  0.418 ( 0.419)	Data  0.000 ( 0.031)	Loss 1.2261e-02 (1.6248e-02)	Acc@1  99.22 ( 99.34)	Acc@2 100.00 (100.00)
Epoch: [185][100/101]	Time  0.359 ( 0.418)	Data  0.000 ( 0.030)	Loss 8.1332e-04 (1.6042e-02)	Acc@1 100.00 ( 99.34)	Acc@2 100.00 (100.00)
Test: [ 0/34]	Time  0.543 ( 0.543)	Loss 5.9425e-04 (5.9425e-04)	Acc@1 100.00 (100.00)	Acc@2 100.00 (100.00)
Test: [10/34]	Time  0.128 ( 0.167)	Loss 4.1327e-03 (2.0591e-02)	Acc@1  99.61 ( 99.68)	Acc@2 100.00 (100.00)
Test: [20/34]	Time  0.124 ( 0.147)	Loss 1.2014e-03 (2.0556e-02)	Acc@1 100.00 ( 99.68)	Acc@2 100.00 (100.00)
Test: [30/34]	Time  0.122 ( 0.140)	Loss 2.4677e-03 (1.7312e-02)	Acc@1 100.00 ( 99.71)	Acc@2 100.00 (100.00)
 * Acc@1 99.721 Acc@2 100.000
Epoch: [186][  0/101]	Time  0.640 ( 0.640)	Data  0.493 ( 0.493)	Loss 2.8773e-02 (2.8773e-02)	Acc@1  98.83 ( 98.83)	Acc@2 100.00 (100.00)
Epoch: [186][ 10/101]	Time  0.423 ( 0.450)	Data  0.000 ( 0.070)	Loss 2.4418e-02 (2.0195e-02)	Acc@1  98.83 ( 99.18)	Acc@2 100.00 (100.00)
Epoch: [186][ 20/101]	Time  0.413 ( 0.437)	Data  0.000 ( 0.049)	Loss 4.1133e-02 (1.9422e-02)	Acc@1  98.05 ( 99.18)	Acc@2 100.00 (100.00)
Epoch: [186][ 30/101]	Time  0.410 ( 0.430)	Data  0.000 ( 0.042)	Loss 1.4433e-02 (1.8355e-02)	Acc@1  99.61 ( 99.22)	Acc@2 100.00 (100.00)
Epoch: [186][ 40/101]	Time  0.427 ( 0.427)	Data  0.000 ( 0.038)	Loss 2.6977e-02 (1.8883e-02)	Acc@1  98.83 ( 99.18)	Acc@2 100.00 (100.00)
Epoch: [186][ 50/101]	Time  0.422 ( 0.426)	Data  0.000 ( 0.036)	Loss 1.6194e-02 (1.9346e-02)	Acc@1  99.61 ( 99.23)	Acc@2 100.00 (100.00)
Epoch: [186][ 60/101]	Time  0.407 ( 0.424)	Data  0.000 ( 0.034)	Loss 4.7864e-02 (1.9567e-02)	Acc@1  98.05 ( 99.24)	Acc@2 100.00 (100.00)
Epoch: [186][ 70/101]	Time  0.415 ( 0.423)	Data  0.000 ( 0.033)	Loss 2.1615e-02 (1.9096e-02)	Acc@1  99.22 ( 99.26)	Acc@2 100.00 (100.00)
Epoch: [186][ 80/101]	Time  0.420 ( 0.422)	Data  0.000 ( 0.032)	Loss 3.0912e-02 (1.9023e-02)	Acc@1  97.27 ( 99.24)	Acc@2 100.00 (100.00)
Epoch: [186][ 90/101]	Time  0.436 ( 0.422)	Data  0.000 ( 0.032)	Loss 1.7134e-02 (1.8312e-02)	Acc@1  98.83 ( 99.27)	Acc@2 100.00 (100.00)
Epoch: [186][100/101]	Time  0.364 ( 0.421)	Data  0.000 ( 0.031)	Loss 1.2123e-02 (1.8403e-02)	Acc@1 100.00 ( 99.28)	Acc@2 100.00 (100.00)
Test: [ 0/34]	Time  0.546 ( 0.546)	Loss 7.2793e-04 (7.2793e-04)	Acc@1 100.00 (100.00)	Acc@2 100.00 (100.00)
Test: [10/34]	Time  0.132 ( 0.169)	Loss 4.6455e-03 (2.1015e-02)	Acc@1  99.61 ( 99.68)	Acc@2 100.00 (100.00)
Test: [20/34]	Time  0.124 ( 0.148)	Loss 1.0831e-03 (2.0900e-02)	Acc@1 100.00 ( 99.68)	Acc@2 100.00 (100.00)
Test: [30/34]	Time  0.123 ( 0.140)	Loss 2.2423e-03 (1.7319e-02)	Acc@1 100.00 ( 99.72)	Acc@2 100.00 (100.00)
 * Acc@1 99.732 Acc@2 100.000
Epoch: [187][  0/101]	Time  0.623 ( 0.623)	Data  0.475 ( 0.475)	Loss 2.0835e-02 (2.0835e-02)	Acc@1  98.83 ( 98.83)	Acc@2 100.00 (100.00)
Epoch: [187][ 10/101]	Time  0.397 ( 0.436)	Data  0.000 ( 0.067)	Loss 1.4044e-02 (1.4471e-02)	Acc@1  99.22 ( 99.29)	Acc@2 100.00 (100.00)
Epoch: [187][ 20/101]	Time  0.431 ( 0.429)	Data  0.000 ( 0.047)	Loss 1.1259e-02 (1.5848e-02)	Acc@1  99.61 ( 99.35)	Acc@2 100.00 (100.00)
Epoch: [187][ 30/101]	Time  0.403 ( 0.425)	Data  0.000 ( 0.041)	Loss 1.0171e-02 (1.6364e-02)	Acc@1  99.61 ( 99.32)	Acc@2 100.00 (100.00)
Epoch: [187][ 40/101]	Time  0.421 ( 0.423)	Data  0.000 ( 0.037)	Loss 7.3562e-03 (1.6617e-02)	Acc@1  99.61 ( 99.30)	Acc@2 100.00 (100.00)
Epoch: [187][ 50/101]	Time  0.397 ( 0.421)	Data  0.000 ( 0.035)	Loss 4.3185e-03 (1.5244e-02)	Acc@1 100.00 ( 99.36)	Acc@2 100.00 (100.00)
Epoch: [187][ 60/101]	Time  0.453 ( 0.421)	Data  0.000 ( 0.033)	Loss 1.2921e-02 (1.6083e-02)	Acc@1  99.61 ( 99.38)	Acc@2 100.00 (100.00)
Epoch: [187][ 70/101]	Time  0.404 ( 0.420)	Data  0.000 ( 0.032)	Loss 2.1136e-02 (1.7180e-02)	Acc@1  98.83 ( 99.31)	Acc@2 100.00 (100.00)
Epoch: [187][ 80/101]	Time  0.475 ( 0.420)	Data  0.000 ( 0.031)	Loss 2.5428e-02 (1.7128e-02)	Acc@1  98.83 ( 99.30)	Acc@2 100.00 (100.00)
Epoch: [187][ 90/101]	Time  0.406 ( 0.420)	Data  0.000 ( 0.031)	Loss 2.4160e-02 (1.7528e-02)	Acc@1  98.83 ( 99.29)	Acc@2 100.00 (100.00)
Epoch: [187][100/101]	Time  0.389 ( 0.419)	Data  0.000 ( 0.030)	Loss 1.2214e-02 (1.7455e-02)	Acc@1  99.32 ( 99.28)	Acc@2 100.00 (100.00)
Test: [ 0/34]	Time  0.549 ( 0.549)	Loss 5.8595e-04 (5.8595e-04)	Acc@1 100.00 (100.00)	Acc@2 100.00 (100.00)
Test: [10/34]	Time  0.123 ( 0.163)	Loss 3.9998e-03 (2.0373e-02)	Acc@1  99.61 ( 99.68)	Acc@2 100.00 (100.00)
Test: [20/34]	Time  0.122 ( 0.145)	Loss 1.3666e-03 (2.0437e-02)	Acc@1 100.00 ( 99.68)	Acc@2 100.00 (100.00)
Test: [30/34]	Time  0.121 ( 0.138)	Loss 2.7263e-03 (1.7490e-02)	Acc@1 100.00 ( 99.71)	Acc@2 100.00 (100.00)
 * Acc@1 99.721 Acc@2 100.000
Epoch: [188][  0/101]	Time  0.577 ( 0.577)	Data  0.427 ( 0.427)	Loss 1.0269e-02 (1.0269e-02)	Acc@1 100.00 (100.00)	Acc@2 100.00 (100.00)
Epoch: [188][ 10/101]	Time  0.410 ( 0.431)	Data  0.000 ( 0.062)	Loss 5.1284e-03 (1.3627e-02)	Acc@1 100.00 ( 99.50)	Acc@2 100.00 (100.00)
Epoch: [188][ 20/101]	Time  0.405 ( 0.424)	Data  0.000 ( 0.045)	Loss 8.1172e-03 (1.5122e-02)	Acc@1  99.61 ( 99.42)	Acc@2 100.00 (100.00)
Epoch: [188][ 30/101]	Time  0.427 ( 0.422)	Data  0.000 ( 0.038)	Loss 2.4250e-02 (1.6059e-02)	Acc@1  98.83 ( 99.45)	Acc@2 100.00 (100.00)
Epoch: [188][ 40/101]	Time  0.434 ( 0.421)	Data  0.000 ( 0.036)	Loss 1.2399e-02 (1.6912e-02)	Acc@1  99.22 ( 99.42)	Acc@2 100.00 (100.00)
Epoch: [188][ 50/101]	Time  0.414 ( 0.420)	Data  0.000 ( 0.034)	Loss 2.0825e-02 (1.7196e-02)	Acc@1  99.22 ( 99.37)	Acc@2 100.00 (100.00)
Epoch: [188][ 60/101]	Time  0.423 ( 0.419)	Data  0.000 ( 0.033)	Loss 2.0106e-02 (1.7624e-02)	Acc@1  99.22 ( 99.33)	Acc@2 100.00 (100.00)
Epoch: [188][ 70/101]	Time  0.427 ( 0.419)	Data  0.000 ( 0.032)	Loss 7.5071e-03 (1.7605e-02)	Acc@1  99.61 ( 99.35)	Acc@2 100.00 (100.00)
Epoch: [188][ 80/101]	Time  0.417 ( 0.418)	Data  0.000 ( 0.031)	Loss 1.1345e-02 (1.6805e-02)	Acc@1  99.61 ( 99.37)	Acc@2 100.00 (100.00)
Epoch: [188][ 90/101]	Time  0.412 ( 0.419)	Data  0.000 ( 0.030)	Loss 1.3000e-02 (1.7119e-02)	Acc@1  99.61 ( 99.36)	Acc@2 100.00 (100.00)
Epoch: [188][100/101]	Time  0.382 ( 0.418)	Data  0.000 ( 0.030)	Loss 7.4504e-03 (1.7511e-02)	Acc@1 100.00 ( 99.33)	Acc@2 100.00 (100.00)
Test: [ 0/34]	Time  0.534 ( 0.534)	Loss 6.8420e-04 (6.8420e-04)	Acc@1 100.00 (100.00)	Acc@2 100.00 (100.00)
Test: [10/34]	Time  0.121 ( 0.161)	Loss 5.2362e-03 (2.1012e-02)	Acc@1  99.61 ( 99.68)	Acc@2 100.00 (100.00)
Test: [20/34]	Time  0.124 ( 0.144)	Loss 1.0809e-03 (2.0842e-02)	Acc@1 100.00 ( 99.68)	Acc@2 100.00 (100.00)
Test: [30/34]	Time  0.121 ( 0.137)	Loss 2.0567e-03 (1.7134e-02)	Acc@1 100.00 ( 99.72)	Acc@2 100.00 (100.00)
 * Acc@1 99.732 Acc@2 100.000
Epoch: [189][  0/101]	Time  0.625 ( 0.625)	Data  0.479 ( 0.479)	Loss 1.2125e-02 (1.2125e-02)	Acc@1  99.61 ( 99.61)	Acc@2 100.00 (100.00)
Epoch: [189][ 10/101]	Time  0.431 ( 0.437)	Data  0.000 ( 0.067)	Loss 1.2668e-02 (2.1802e-02)	Acc@1  99.61 ( 99.15)	Acc@2 100.00 (100.00)
Epoch: [189][ 20/101]	Time  0.408 ( 0.428)	Data  0.000 ( 0.048)	Loss 2.9843e-02 (2.2082e-02)	Acc@1  98.44 ( 99.14)	Acc@2 100.00 (100.00)
Epoch: [189][ 30/101]	Time  0.425 ( 0.423)	Data  0.000 ( 0.040)	Loss 7.8610e-03 (2.1440e-02)	Acc@1  99.61 ( 99.19)	Acc@2 100.00 (100.00)
Epoch: [189][ 40/101]	Time  0.404 ( 0.422)	Data  0.000 ( 0.037)	Loss 2.3174e-02 (2.1112e-02)	Acc@1  99.22 ( 99.22)	Acc@2 100.00 (100.00)
Epoch: [189][ 50/101]	Time  0.436 ( 0.421)	Data  0.000 ( 0.035)	Loss 1.8732e-02 (2.0427e-02)	Acc@1  99.22 ( 99.25)	Acc@2 100.00 (100.00)
Epoch: [189][ 60/101]	Time  0.404 ( 0.420)	Data  0.000 ( 0.033)	Loss 2.3446e-02 (2.0463e-02)	Acc@1  99.22 ( 99.24)	Acc@2 100.00 (100.00)
Epoch: [189][ 70/101]	Time  0.421 ( 0.420)	Data  0.000 ( 0.032)	Loss 2.0501e-02 (1.9803e-02)	Acc@1  99.22 ( 99.28)	Acc@2 100.00 (100.00)
Epoch: [189][ 80/101]	Time  0.406 ( 0.419)	Data  0.000 ( 0.031)	Loss 2.3468e-02 (1.9285e-02)	Acc@1  99.22 ( 99.31)	Acc@2 100.00 (100.00)
Epoch: [189][ 90/101]	Time  0.424 ( 0.419)	Data  0.000 ( 0.031)	Loss 1.7950e-02 (1.9236e-02)	Acc@1  99.61 ( 99.31)	Acc@2 100.00 (100.00)
Epoch: [189][100/101]	Time  0.361 ( 0.418)	Data  0.000 ( 0.030)	Loss 3.3767e-02 (1.8416e-02)	Acc@1  99.32 ( 99.36)	Acc@2 100.00 (100.00)
Test: [ 0/34]	Time  0.633 ( 0.633)	Loss 4.2434e-04 (4.2434e-04)	Acc@1 100.00 (100.00)	Acc@2 100.00 (100.00)
Test: [10/34]	Time  0.121 ( 0.171)	Loss 3.1691e-03 (1.9129e-02)	Acc@1  99.61 ( 99.72)	Acc@2 100.00 (100.00)
Test: [20/34]	Time  0.127 ( 0.149)	Loss 1.6512e-03 (1.9310e-02)	Acc@1 100.00 ( 99.70)	Acc@2 100.00 (100.00)
Test: [30/34]	Time  0.123 ( 0.141)	Loss 3.2430e-03 (1.6801e-02)	Acc@1 100.00 ( 99.68)	Acc@2 100.00 (100.00)
 * Acc@1 99.697 Acc@2 100.000
Epoch: [190][  0/101]	Time  0.648 ( 0.648)	Data  0.493 ( 0.493)	Loss 1.4392e-02 (1.4392e-02)	Acc@1  99.22 ( 99.22)	Acc@2 100.00 (100.00)
Epoch: [190][ 10/101]	Time  0.412 ( 0.436)	Data  0.000 ( 0.069)	Loss 2.2059e-02 (2.0091e-02)	Acc@1  99.61 ( 99.33)	Acc@2 100.00 (100.00)
Epoch: [190][ 20/101]	Time  0.420 ( 0.427)	Data  0.000 ( 0.048)	Loss 1.6617e-02 (1.9489e-02)	Acc@1  99.61 ( 99.33)	Acc@2 100.00 (100.00)
Epoch: [190][ 30/101]	Time  0.422 ( 0.425)	Data  0.000 ( 0.041)	Loss 5.3301e-02 (2.1879e-02)	Acc@1  98.44 ( 99.19)	Acc@2 100.00 (100.00)
Epoch: [190][ 40/101]	Time  0.416 ( 0.422)	Data  0.000 ( 0.038)	Loss 1.6515e-02 (2.0337e-02)	Acc@1  99.61 ( 99.27)	Acc@2 100.00 (100.00)
Epoch: [190][ 50/101]	Time  0.426 ( 0.423)	Data  0.000 ( 0.036)	Loss 1.6183e-02 (2.0214e-02)	Acc@1  99.61 ( 99.27)	Acc@2 100.00 (100.00)
Epoch: [190][ 60/101]	Time  0.437 ( 0.422)	Data  0.000 ( 0.034)	Loss 2.6830e-02 (2.0864e-02)	Acc@1  98.83 ( 99.24)	Acc@2 100.00 (100.00)
Epoch: [190][ 70/101]	Time  0.419 ( 0.421)	Data  0.000 ( 0.033)	Loss 5.5120e-03 (2.0240e-02)	Acc@1 100.00 ( 99.29)	Acc@2 100.00 (100.00)
Epoch: [190][ 80/101]	Time  0.409 ( 0.420)	Data  0.000 ( 0.032)	Loss 2.9861e-02 (1.9636e-02)	Acc@1  99.22 ( 99.32)	Acc@2 100.00 (100.00)
Epoch: [190][ 90/101]	Time  0.416 ( 0.420)	Data  0.000 ( 0.031)	Loss 1.2167e-02 (1.9262e-02)	Acc@1  99.61 ( 99.33)	Acc@2 100.00 (100.00)
Epoch: [190][100/101]	Time  0.360 ( 0.419)	Data  0.000 ( 0.031)	Loss 3.5320e-02 (1.9319e-02)	Acc@1  98.63 ( 99.31)	Acc@2 100.00 (100.00)
Test: [ 0/34]	Time  0.550 ( 0.550)	Loss 9.0526e-04 (9.0526e-04)	Acc@1 100.00 (100.00)	Acc@2 100.00 (100.00)
Test: [10/34]	Time  0.120 ( 0.165)	Loss 6.0650e-03 (2.2091e-02)	Acc@1  99.61 ( 99.64)	Acc@2 100.00 (100.00)
Test: [20/34]	Time  0.121 ( 0.146)	Loss 8.6465e-04 (2.1820e-02)	Acc@1 100.00 ( 99.67)	Acc@2 100.00 (100.00)
Test: [30/34]	Time  0.124 ( 0.139)	Loss 1.6109e-03 (1.7755e-02)	Acc@1 100.00 ( 99.71)	Acc@2 100.00 (100.00)
 * Acc@1 99.721 Acc@2 100.000
Epoch: [191][  0/101]	Time  0.608 ( 0.608)	Data  0.462 ( 0.462)	Loss 1.2091e-02 (1.2091e-02)	Acc@1  99.61 ( 99.61)	Acc@2 100.00 (100.00)
Epoch: [191][ 10/101]	Time  0.407 ( 0.433)	Data  0.000 ( 0.066)	Loss 1.8946e-02 (2.2102e-02)	Acc@1  99.22 ( 99.11)	Acc@2 100.00 (100.00)
Epoch: [191][ 20/101]	Time  0.436 ( 0.425)	Data  0.000 ( 0.047)	Loss 1.8578e-03 (1.9148e-02)	Acc@1 100.00 ( 99.20)	Acc@2 100.00 (100.00)
Epoch: [191][ 30/101]	Time  0.409 ( 0.422)	Data  0.000 ( 0.040)	Loss 7.6108e-03 (1.8011e-02)	Acc@1  99.61 ( 99.27)	Acc@2 100.00 (100.00)
Epoch: [191][ 40/101]	Time  0.417 ( 0.421)	Data  0.000 ( 0.036)	Loss 1.7085e-02 (1.8610e-02)	Acc@1  99.22 ( 99.29)	Acc@2 100.00 (100.00)
Epoch: [191][ 50/101]	Time  0.401 ( 0.420)	Data  0.000 ( 0.034)	Loss 2.7586e-02 (1.8066e-02)	Acc@1  98.83 ( 99.30)	Acc@2 100.00 (100.00)
Epoch: [191][ 60/101]	Time  0.410 ( 0.420)	Data  0.001 ( 0.033)	Loss 7.0090e-03 (1.8262e-02)	Acc@1 100.00 ( 99.29)	Acc@2 100.00 (100.00)
Epoch: [191][ 70/101]	Time  0.401 ( 0.420)	Data  0.000 ( 0.032)	Loss 6.9705e-03 (1.8096e-02)	Acc@1  99.61 ( 99.30)	Acc@2 100.00 (100.00)
Epoch: [191][ 80/101]	Time  0.422 ( 0.419)	Data  0.000 ( 0.031)	Loss 5.1508e-03 (1.8138e-02)	Acc@1 100.00 ( 99.32)	Acc@2 100.00 (100.00)
Epoch: [191][ 90/101]	Time  0.415 ( 0.419)	Data  0.000 ( 0.031)	Loss 3.3851e-03 (1.8271e-02)	Acc@1 100.00 ( 99.30)	Acc@2 100.00 (100.00)
Epoch: [191][100/101]	Time  0.376 ( 0.418)	Data  0.000 ( 0.030)	Loss 1.6975e-02 (1.8471e-02)	Acc@1  99.32 ( 99.30)	Acc@2 100.00 (100.00)
Test: [ 0/34]	Time  0.572 ( 0.572)	Loss 5.8199e-04 (5.8199e-04)	Acc@1 100.00 (100.00)	Acc@2 100.00 (100.00)
Test: [10/34]	Time  0.122 ( 0.172)	Loss 4.1529e-03 (2.0324e-02)	Acc@1  99.61 ( 99.68)	Acc@2 100.00 (100.00)
Test: [20/34]	Time  0.122 ( 0.149)	Loss 1.3385e-03 (2.0400e-02)	Acc@1 100.00 ( 99.68)	Acc@2 100.00 (100.00)
Test: [30/34]	Time  0.121 ( 0.142)	Loss 2.6296e-03 (1.7420e-02)	Acc@1 100.00 ( 99.71)	Acc@2 100.00 (100.00)
 * Acc@1 99.721 Acc@2 100.000
Epoch: [192][  0/101]	Time  0.588 ( 0.588)	Data  0.442 ( 0.442)	Loss 2.5495e-02 (2.5495e-02)	Acc@1  98.83 ( 98.83)	Acc@2 100.00 (100.00)
Epoch: [192][ 10/101]	Time  0.424 ( 0.434)	Data  0.000 ( 0.063)	Loss 4.3668e-03 (1.2749e-02)	Acc@1 100.00 ( 99.47)	Acc@2 100.00 (100.00)
Epoch: [192][ 20/101]	Time  0.422 ( 0.426)	Data  0.000 ( 0.046)	Loss 3.3578e-02 (1.3423e-02)	Acc@1  98.83 ( 99.50)	Acc@2 100.00 (100.00)
Epoch: [192][ 30/101]	Time  0.412 ( 0.422)	Data  0.000 ( 0.039)	Loss 1.0233e-02 (1.5337e-02)	Acc@1  99.61 ( 99.40)	Acc@2 100.00 (100.00)
Epoch: [192][ 40/101]	Time  0.423 ( 0.421)	Data  0.000 ( 0.036)	Loss 1.0967e-02 (1.7301e-02)	Acc@1  99.61 ( 99.32)	Acc@2 100.00 (100.00)
Epoch: [192][ 50/101]	Time  0.443 ( 0.422)	Data  0.000 ( 0.034)	Loss 1.9987e-02 (1.7220e-02)	Acc@1  99.22 ( 99.31)	Acc@2 100.00 (100.00)
Epoch: [192][ 60/101]	Time  0.453 ( 0.421)	Data  0.000 ( 0.031)	Loss 1.3223e-02 (1.6422e-02)	Acc@1  99.22 ( 99.34)	Acc@2 100.00 (100.00)
Epoch: [192][ 70/101]	Time  0.405 ( 0.420)	Data  0.000 ( 0.030)	Loss 1.7376e-02 (1.7707e-02)	Acc@1  99.22 ( 99.29)	Acc@2 100.00 (100.00)
Epoch: [192][ 80/101]	Time  0.397 ( 0.419)	Data  0.000 ( 0.028)	Loss 1.4888e-02 (1.7455e-02)	Acc@1  99.61 ( 99.32)	Acc@2 100.00 (100.00)
Epoch: [192][ 90/101]	Time  0.421 ( 0.418)	Data  0.000 ( 0.027)	Loss 9.5541e-03 (1.7936e-02)	Acc@1  99.61 ( 99.30)	Acc@2 100.00 (100.00)
Epoch: [192][100/101]	Time  0.384 ( 0.418)	Data  0.000 ( 0.027)	Loss 6.4397e-03 (1.8002e-02)	Acc@1  99.32 ( 99.32)	Acc@2 100.00 (100.00)
Test: [ 0/34]	Time  0.526 ( 0.526)	Loss 6.5457e-04 (6.5457e-04)	Acc@1 100.00 (100.00)	Acc@2 100.00 (100.00)
Test: [10/34]	Time  0.121 ( 0.160)	Loss 4.6783e-03 (2.0816e-02)	Acc@1  99.61 ( 99.68)	Acc@2 100.00 (100.00)
Test: [20/34]	Time  0.129 ( 0.143)	Loss 1.1871e-03 (2.0748e-02)	Acc@1 100.00 ( 99.68)	Acc@2 100.00 (100.00)
Test: [30/34]	Time  0.120 ( 0.137)	Loss 2.2667e-03 (1.7375e-02)	Acc@1 100.00 ( 99.72)	Acc@2 100.00 (100.00)
 * Acc@1 99.732 Acc@2 100.000
Epoch: [193][  0/101]	Time  0.635 ( 0.635)	Data  0.479 ( 0.479)	Loss 2.4966e-02 (2.4966e-02)	Acc@1  98.83 ( 98.83)	Acc@2 100.00 (100.00)
Epoch: [193][ 10/101]	Time  0.419 ( 0.436)	Data  0.000 ( 0.066)	Loss 3.3404e-02 (1.8721e-02)	Acc@1  98.44 ( 99.22)	Acc@2 100.00 (100.00)
Epoch: [193][ 20/101]	Time  0.402 ( 0.426)	Data  0.000 ( 0.047)	Loss 3.2905e-03 (1.6759e-02)	Acc@1 100.00 ( 99.26)	Acc@2 100.00 (100.00)
Epoch: [193][ 30/101]	Time  0.430 ( 0.423)	Data  0.000 ( 0.040)	Loss 1.5657e-02 (1.8917e-02)	Acc@1  99.61 ( 99.18)	Acc@2 100.00 (100.00)
Epoch: [193][ 40/101]	Time  0.404 ( 0.421)	Data  0.000 ( 0.036)	Loss 2.3753e-02 (1.7690e-02)	Acc@1  99.22 ( 99.25)	Acc@2 100.00 (100.00)
Epoch: [193][ 50/101]	Time  0.417 ( 0.419)	Data  0.000 ( 0.034)	Loss 2.0935e-02 (1.7734e-02)	Acc@1  99.22 ( 99.27)	Acc@2 100.00 (100.00)
Epoch: [193][ 60/101]	Time  0.395 ( 0.419)	Data  0.000 ( 0.033)	Loss 1.7862e-02 (1.7416e-02)	Acc@1  99.61 ( 99.31)	Acc@2 100.00 (100.00)
Epoch: [193][ 70/101]	Time  0.425 ( 0.419)	Data  0.000 ( 0.032)	Loss 7.3289e-03 (1.7282e-02)	Acc@1 100.00 ( 99.32)	Acc@2 100.00 (100.00)
Epoch: [193][ 80/101]	Time  0.408 ( 0.420)	Data  0.000 ( 0.031)	Loss 3.1023e-02 (1.6996e-02)	Acc@1  98.83 ( 99.34)	Acc@2 100.00 (100.00)
Epoch: [193][ 90/101]	Time  0.406 ( 0.420)	Data  0.000 ( 0.031)	Loss 1.1424e-02 (1.7284e-02)	Acc@1  99.61 ( 99.33)	Acc@2 100.00 (100.00)
Epoch: [193][100/101]	Time  0.364 ( 0.419)	Data  0.000 ( 0.030)	Loss 1.4053e-02 (1.7798e-02)	Acc@1  98.63 ( 99.31)	Acc@2 100.00 (100.00)
Test: [ 0/34]	Time  0.531 ( 0.531)	Loss 5.3059e-04 (5.3059e-04)	Acc@1 100.00 (100.00)	Acc@2 100.00 (100.00)
Test: [10/34]	Time  0.130 ( 0.161)	Loss 3.3197e-03 (1.9779e-02)	Acc@1  99.61 ( 99.68)	Acc@2 100.00 (100.00)
Test: [20/34]	Time  0.122 ( 0.144)	Loss 1.4078e-03 (1.9913e-02)	Acc@1 100.00 ( 99.68)	Acc@2 100.00 (100.00)
Test: [30/34]	Time  0.122 ( 0.137)	Loss 2.7204e-03 (1.7053e-02)	Acc@1 100.00 ( 99.71)	Acc@2 100.00 (100.00)
 * Acc@1 99.721 Acc@2 100.000
Epoch: [194][  0/101]	Time  0.608 ( 0.608)	Data  0.453 ( 0.453)	Loss 4.5649e-03 (4.5649e-03)	Acc@1 100.00 (100.00)	Acc@2 100.00 (100.00)
Epoch: [194][ 10/101]	Time  0.435 ( 0.435)	Data  0.000 ( 0.065)	Loss 1.5227e-02 (1.4417e-02)	Acc@1  99.22 ( 99.36)	Acc@2 100.00 (100.00)
Epoch: [194][ 20/101]	Time  0.411 ( 0.426)	Data  0.000 ( 0.046)	Loss 1.4910e-02 (1.5567e-02)	Acc@1  99.22 ( 99.39)	Acc@2 100.00 (100.00)
Epoch: [194][ 30/101]	Time  0.424 ( 0.424)	Data  0.000 ( 0.039)	Loss 3.0215e-03 (1.6719e-02)	Acc@1 100.00 ( 99.31)	Acc@2 100.00 (100.00)
Epoch: [194][ 40/101]	Time  0.428 ( 0.423)	Data  0.000 ( 0.036)	Loss 1.5790e-02 (1.6688e-02)	Acc@1  99.61 ( 99.31)	Acc@2 100.00 (100.00)
Epoch: [194][ 50/101]	Time  0.415 ( 0.422)	Data  0.000 ( 0.034)	Loss 2.0875e-02 (1.6475e-02)	Acc@1  98.83 ( 99.30)	Acc@2 100.00 (100.00)
Epoch: [194][ 60/101]	Time  0.409 ( 0.422)	Data  0.000 ( 0.033)	Loss 8.3740e-03 (1.6490e-02)	Acc@1  99.22 ( 99.30)	Acc@2 100.00 (100.00)
Epoch: [194][ 70/101]	Time  0.427 ( 0.421)	Data  0.000 ( 0.032)	Loss 1.3739e-02 (1.6498e-02)	Acc@1  98.83 ( 99.31)	Acc@2 100.00 (100.00)
Epoch: [194][ 80/101]	Time  0.420 ( 0.420)	Data  0.000 ( 0.031)	Loss 1.7643e-02 (1.7124e-02)	Acc@1  99.22 ( 99.29)	Acc@2 100.00 (100.00)
Epoch: [194][ 90/101]	Time  0.430 ( 0.420)	Data  0.000 ( 0.030)	Loss 1.1266e-02 (1.7089e-02)	Acc@1 100.00 ( 99.29)	Acc@2 100.00 (100.00)
Epoch: [194][100/101]	Time  0.369 ( 0.419)	Data  0.000 ( 0.030)	Loss 2.6432e-02 (1.7221e-02)	Acc@1  99.32 ( 99.30)	Acc@2 100.00 (100.00)
Test: [ 0/34]	Time  0.552 ( 0.552)	Loss 6.1031e-04 (6.1031e-04)	Acc@1 100.00 (100.00)	Acc@2 100.00 (100.00)
Test: [10/34]	Time  0.123 ( 0.164)	Loss 4.1495e-03 (2.0451e-02)	Acc@1  99.61 ( 99.68)	Acc@2 100.00 (100.00)
Test: [20/34]	Time  0.122 ( 0.145)	Loss 1.2651e-03 (2.0500e-02)	Acc@1 100.00 ( 99.68)	Acc@2 100.00 (100.00)
Test: [30/34]	Time  0.129 ( 0.138)	Loss 2.5130e-03 (1.7458e-02)	Acc@1 100.00 ( 99.71)	Acc@2 100.00 (100.00)
 * Acc@1 99.721 Acc@2 100.000
Epoch: [195][  0/101]	Time  0.602 ( 0.602)	Data  0.456 ( 0.456)	Loss 1.8493e-02 (1.8493e-02)	Acc@1  99.22 ( 99.22)	Acc@2 100.00 (100.00)
Epoch: [195][ 10/101]	Time  0.404 ( 0.432)	Data  0.000 ( 0.066)	Loss 8.0102e-03 (1.6979e-02)	Acc@1 100.00 ( 99.40)	Acc@2 100.00 (100.00)
Epoch: [195][ 20/101]	Time  0.420 ( 0.425)	Data  0.000 ( 0.047)	Loss 5.2437e-03 (1.5648e-02)	Acc@1 100.00 ( 99.44)	Acc@2 100.00 (100.00)
Epoch: [195][ 30/101]	Time  0.408 ( 0.422)	Data  0.000 ( 0.040)	Loss 2.1818e-02 (1.6155e-02)	Acc@1  99.22 ( 99.40)	Acc@2 100.00 (100.00)
Epoch: [195][ 40/101]	Time  0.408 ( 0.422)	Data  0.000 ( 0.036)	Loss 1.3463e-02 (1.6675e-02)	Acc@1  99.61 ( 99.36)	Acc@2 100.00 (100.00)
Epoch: [195][ 50/101]	Time  0.398 ( 0.421)	Data  0.000 ( 0.035)	Loss 2.2023e-02 (1.5933e-02)	Acc@1  99.61 ( 99.40)	Acc@2 100.00 (100.00)
Epoch: [195][ 60/101]	Time  0.427 ( 0.420)	Data  0.000 ( 0.033)	Loss 1.0849e-02 (1.5415e-02)	Acc@1  99.22 ( 99.42)	Acc@2 100.00 (100.00)
Epoch: [195][ 70/101]	Time  0.410 ( 0.420)	Data  0.000 ( 0.032)	Loss 6.9293e-03 (1.6012e-02)	Acc@1 100.00 ( 99.40)	Acc@2 100.00 (100.00)
Epoch: [195][ 80/101]	Time  0.424 ( 0.419)	Data  0.000 ( 0.031)	Loss 1.1026e-02 (1.6178e-02)	Acc@1  99.22 ( 99.40)	Acc@2 100.00 (100.00)
Epoch: [195][ 90/101]	Time  0.401 ( 0.419)	Data  0.000 ( 0.031)	Loss 1.4873e-02 (1.6194e-02)	Acc@1  99.22 ( 99.40)	Acc@2 100.00 (100.00)
Epoch: [195][100/101]	Time  0.387 ( 0.418)	Data  0.000 ( 0.030)	Loss 1.5980e-03 (1.6342e-02)	Acc@1 100.00 ( 99.39)	Acc@2 100.00 (100.00)
Test: [ 0/34]	Time  0.699 ( 0.699)	Loss 9.3546e-04 (9.3546e-04)	Acc@1 100.00 (100.00)	Acc@2 100.00 (100.00)
Test: [10/34]	Time  0.125 ( 0.178)	Loss 5.7083e-03 (2.2258e-02)	Acc@1  99.61 ( 99.64)	Acc@2 100.00 (100.00)
Test: [20/34]	Time  0.123 ( 0.153)	Loss 8.2190e-04 (2.1987e-02)	Acc@1 100.00 ( 99.67)	Acc@2 100.00 (100.00)
Test: [30/34]	Time  0.122 ( 0.144)	Loss 1.6804e-03 (1.7958e-02)	Acc@1 100.00 ( 99.71)	Acc@2 100.00 (100.00)
 * Acc@1 99.721 Acc@2 100.000
Epoch: [196][  0/101]	Time  0.601 ( 0.601)	Data  0.453 ( 0.453)	Loss 2.3931e-02 (2.3931e-02)	Acc@1  98.83 ( 98.83)	Acc@2 100.00 (100.00)
Epoch: [196][ 10/101]	Time  0.421 ( 0.435)	Data  0.000 ( 0.064)	Loss 1.3401e-02 (1.5295e-02)	Acc@1  99.22 ( 99.25)	Acc@2 100.00 (100.00)
Epoch: [196][ 20/101]	Time  0.421 ( 0.426)	Data  0.000 ( 0.046)	Loss 1.5385e-02 (1.5311e-02)	Acc@1  99.22 ( 99.39)	Acc@2 100.00 (100.00)
Epoch: [196][ 30/101]	Time  0.428 ( 0.423)	Data  0.000 ( 0.039)	Loss 1.8982e-02 (1.5059e-02)	Acc@1  99.61 ( 99.40)	Acc@2 100.00 (100.00)
Epoch: [196][ 40/101]	Time  0.420 ( 0.421)	Data  0.000 ( 0.036)	Loss 3.2829e-02 (1.5140e-02)	Acc@1  98.44 ( 99.38)	Acc@2 100.00 (100.00)
Epoch: [196][ 50/101]	Time  0.412 ( 0.421)	Data  0.000 ( 0.034)	Loss 1.0098e-02 (1.5174e-02)	Acc@1  99.61 ( 99.36)	Acc@2 100.00 (100.00)
Epoch: [196][ 60/101]	Time  0.412 ( 0.420)	Data  0.000 ( 0.033)	Loss 6.8798e-03 (1.4684e-02)	Acc@1 100.00 ( 99.41)	Acc@2 100.00 (100.00)
Epoch: [196][ 70/101]	Time  0.428 ( 0.420)	Data  0.000 ( 0.032)	Loss 2.6535e-02 (1.5293e-02)	Acc@1  98.83 ( 99.38)	Acc@2 100.00 (100.00)
Epoch: [196][ 80/101]	Time  0.424 ( 0.420)	Data  0.000 ( 0.031)	Loss 1.2805e-02 (1.5766e-02)	Acc@1  99.22 ( 99.36)	Acc@2 100.00 (100.00)
Epoch: [196][ 90/101]	Time  0.406 ( 0.419)	Data  0.000 ( 0.030)	Loss 1.4660e-02 (1.6142e-02)	Acc@1  99.22 ( 99.34)	Acc@2 100.00 (100.00)
Epoch: [196][100/101]	Time  0.389 ( 0.419)	Data  0.000 ( 0.030)	Loss 2.7563e-02 (1.6203e-02)	Acc@1  97.95 ( 99.34)	Acc@2 100.00 (100.00)
Test: [ 0/34]	Time  0.604 ( 0.604)	Loss 7.0397e-04 (7.0397e-04)	Acc@1 100.00 (100.00)	Acc@2 100.00 (100.00)
Test: [10/34]	Time  0.122 ( 0.167)	Loss 4.7383e-03 (2.1096e-02)	Acc@1  99.61 ( 99.68)	Acc@2 100.00 (100.00)
Test: [20/34]	Time  0.122 ( 0.148)	Loss 1.1050e-03 (2.1050e-02)	Acc@1 100.00 ( 99.68)	Acc@2 100.00 (100.00)
Test: [30/34]	Time  0.122 ( 0.141)	Loss 2.1910e-03 (1.7792e-02)	Acc@1 100.00 ( 99.71)	Acc@2 100.00 (100.00)
 * Acc@1 99.721 Acc@2 100.000
Epoch: [197][  0/101]	Time  0.642 ( 0.642)	Data  0.496 ( 0.496)	Loss 1.5135e-02 (1.5135e-02)	Acc@1  99.22 ( 99.22)	Acc@2 100.00 (100.00)
Epoch: [197][ 10/101]	Time  0.427 ( 0.436)	Data  0.000 ( 0.068)	Loss 9.6919e-03 (1.5086e-02)	Acc@1  99.61 ( 99.43)	Acc@2 100.00 (100.00)
Epoch: [197][ 20/101]	Time  0.412 ( 0.427)	Data  0.000 ( 0.048)	Loss 1.0889e-02 (1.5379e-02)	Acc@1  99.61 ( 99.39)	Acc@2 100.00 (100.00)
Epoch: [197][ 30/101]	Time  0.421 ( 0.423)	Data  0.000 ( 0.041)	Loss 1.6516e-02 (1.5731e-02)	Acc@1  98.44 ( 99.40)	Acc@2 100.00 (100.00)
Epoch: [197][ 40/101]	Time  0.403 ( 0.420)	Data  0.000 ( 0.037)	Loss 2.7637e-02 (1.7877e-02)	Acc@1  98.83 ( 99.38)	Acc@2 100.00 (100.00)
Epoch: [197][ 50/101]	Time  0.416 ( 0.420)	Data  0.000 ( 0.035)	Loss 1.5433e-02 (1.8111e-02)	Acc@1  99.22 ( 99.35)	Acc@2 100.00 (100.00)
Epoch: [197][ 60/101]	Time  0.406 ( 0.421)	Data  0.000 ( 0.034)	Loss 2.1705e-02 (1.8525e-02)	Acc@1  98.83 ( 99.31)	Acc@2 100.00 (100.00)
Epoch: [197][ 70/101]	Time  0.416 ( 0.420)	Data  0.000 ( 0.032)	Loss 8.5890e-03 (1.8154e-02)	Acc@1 100.00 ( 99.32)	Acc@2 100.00 (100.00)
Epoch: [197][ 80/101]	Time  0.408 ( 0.419)	Data  0.000 ( 0.032)	Loss 2.7766e-02 (1.8316e-02)	Acc@1  98.44 ( 99.29)	Acc@2 100.00 (100.00)
Epoch: [197][ 90/101]	Time  0.440 ( 0.419)	Data  0.000 ( 0.031)	Loss 3.5912e-02 (1.8217e-02)	Acc@1  98.83 ( 99.30)	Acc@2 100.00 (100.00)
Epoch: [197][100/101]	Time  0.370 ( 0.418)	Data  0.000 ( 0.030)	Loss 3.3964e-03 (1.8377e-02)	Acc@1 100.00 ( 99.29)	Acc@2 100.00 (100.00)
Test: [ 0/34]	Time  0.537 ( 0.537)	Loss 9.3076e-04 (9.3076e-04)	Acc@1 100.00 (100.00)	Acc@2 100.00 (100.00)
Test: [10/34]	Time  0.123 ( 0.162)	Loss 5.8158e-03 (2.2252e-02)	Acc@1  99.61 ( 99.64)	Acc@2 100.00 (100.00)
Test: [20/34]	Time  0.128 ( 0.144)	Loss 9.0184e-04 (2.2055e-02)	Acc@1 100.00 ( 99.67)	Acc@2 100.00 (100.00)
Test: [30/34]	Time  0.122 ( 0.138)	Loss 1.6778e-03 (1.8253e-02)	Acc@1 100.00 ( 99.70)	Acc@2 100.00 (100.00)
 * Acc@1 99.709 Acc@2 100.000
Epoch: [198][  0/101]	Time  0.660 ( 0.660)	Data  0.518 ( 0.518)	Loss 2.6649e-02 (2.6649e-02)	Acc@1  98.83 ( 98.83)	Acc@2 100.00 (100.00)
Epoch: [198][ 10/101]	Time  0.418 ( 0.440)	Data  0.000 ( 0.071)	Loss 6.8059e-03 (1.6372e-02)	Acc@1  99.61 ( 99.36)	Acc@2 100.00 (100.00)
Epoch: [198][ 20/101]	Time  0.427 ( 0.428)	Data  0.000 ( 0.049)	Loss 1.8011e-02 (1.6416e-02)	Acc@1  99.22 ( 99.37)	Acc@2 100.00 (100.00)
Epoch: [198][ 30/101]	Time  0.417 ( 0.425)	Data  0.000 ( 0.042)	Loss 1.7937e-02 (1.5414e-02)	Acc@1  99.22 ( 99.43)	Acc@2 100.00 (100.00)
Epoch: [198][ 40/101]	Time  0.418 ( 0.422)	Data  0.000 ( 0.037)	Loss 1.1190e-02 (1.5216e-02)	Acc@1  99.61 ( 99.44)	Acc@2 100.00 (100.00)
Epoch: [198][ 50/101]	Time  0.422 ( 0.421)	Data  0.000 ( 0.035)	Loss 2.7162e-02 (1.5739e-02)	Acc@1  98.44 ( 99.40)	Acc@2 100.00 (100.00)
Epoch: [198][ 60/101]	Time  0.420 ( 0.421)	Data  0.000 ( 0.033)	Loss 9.6948e-03 (1.6558e-02)	Acc@1 100.00 ( 99.39)	Acc@2 100.00 (100.00)
Epoch: [198][ 70/101]	Time  0.421 ( 0.421)	Data  0.000 ( 0.032)	Loss 4.1253e-02 (1.6515e-02)	Acc@1  98.83 ( 99.38)	Acc@2 100.00 (100.00)
Epoch: [198][ 80/101]	Time  0.420 ( 0.420)	Data  0.000 ( 0.031)	Loss 1.4159e-02 (1.6781e-02)	Acc@1  99.61 ( 99.36)	Acc@2 100.00 (100.00)
Epoch: [198][ 90/101]	Time  0.420 ( 0.420)	Data  0.000 ( 0.031)	Loss 1.3356e-02 (1.6699e-02)	Acc@1  99.61 ( 99.35)	Acc@2 100.00 (100.00)
Epoch: [198][100/101]	Time  0.356 ( 0.419)	Data  0.000 ( 0.030)	Loss 1.5005e-02 (1.6670e-02)	Acc@1  99.32 ( 99.36)	Acc@2 100.00 (100.00)
Test: [ 0/34]	Time  0.528 ( 0.528)	Loss 9.7077e-04 (9.7077e-04)	Acc@1 100.00 (100.00)	Acc@2 100.00 (100.00)
Test: [10/34]	Time  0.132 ( 0.161)	Loss 5.5828e-03 (2.1926e-02)	Acc@1  99.61 ( 99.64)	Acc@2 100.00 (100.00)
Test: [20/34]	Time  0.123 ( 0.144)	Loss 9.7881e-04 (2.1805e-02)	Acc@1 100.00 ( 99.67)	Acc@2 100.00 (100.00)
Test: [30/34]	Time  0.123 ( 0.138)	Loss 1.7472e-03 (1.8084e-02)	Acc@1 100.00 ( 99.71)	Acc@2 100.00 (100.00)
 * Acc@1 99.721 Acc@2 100.000
Epoch: [199][  0/101]	Time  0.671 ( 0.671)	Data  0.510 ( 0.510)	Loss 9.3524e-03 (9.3524e-03)	Acc@1  99.61 ( 99.61)	Acc@2 100.00 (100.00)
Epoch: [199][ 10/101]	Time  0.411 ( 0.438)	Data  0.000 ( 0.070)	Loss 2.9772e-02 (1.7824e-02)	Acc@1  98.44 ( 99.25)	Acc@2 100.00 (100.00)
Epoch: [199][ 20/101]	Time  0.415 ( 0.429)	Data  0.000 ( 0.048)	Loss 1.1860e-02 (1.5436e-02)	Acc@1  99.22 ( 99.42)	Acc@2 100.00 (100.00)
Epoch: [199][ 30/101]	Time  0.397 ( 0.425)	Data  0.000 ( 0.041)	Loss 1.1178e-02 (1.4467e-02)	Acc@1  99.22 ( 99.45)	Acc@2 100.00 (100.00)
Epoch: [199][ 40/101]	Time  0.425 ( 0.423)	Data  0.000 ( 0.037)	Loss 1.0426e-02 (1.5022e-02)	Acc@1  99.61 ( 99.41)	Acc@2 100.00 (100.00)
Epoch: [199][ 50/101]	Time  0.409 ( 0.421)	Data  0.000 ( 0.035)	Loss 1.1355e-02 (1.5045e-02)	Acc@1  99.61 ( 99.41)	Acc@2 100.00 (100.00)
Epoch: [199][ 60/101]	Time  0.415 ( 0.420)	Data  0.000 ( 0.034)	Loss 6.4807e-03 (1.4375e-02)	Acc@1 100.00 ( 99.45)	Acc@2 100.00 (100.00)
Epoch: [199][ 70/101]	Time  0.403 ( 0.420)	Data  0.000 ( 0.033)	Loss 8.9025e-03 (1.5183e-02)	Acc@1 100.00 ( 99.42)	Acc@2 100.00 (100.00)
Epoch: [199][ 80/101]	Time  0.435 ( 0.420)	Data  0.000 ( 0.032)	Loss 2.9455e-02 (1.5091e-02)	Acc@1  98.44 ( 99.43)	Acc@2 100.00 (100.00)
Epoch: [199][ 90/101]	Time  0.413 ( 0.420)	Data  0.000 ( 0.031)	Loss 3.1607e-02 (1.5242e-02)	Acc@1  98.83 ( 99.42)	Acc@2 100.00 (100.00)
Epoch: [199][100/101]	Time  0.381 ( 0.419)	Data  0.000 ( 0.030)	Loss 2.9567e-02 (1.5614e-02)	Acc@1  98.63 ( 99.40)	Acc@2 100.00 (100.00)
Test: [ 0/34]	Time  0.555 ( 0.555)	Loss 7.9267e-04 (7.9267e-04)	Acc@1 100.00 (100.00)	Acc@2 100.00 (100.00)
Test: [10/34]	Time  0.122 ( 0.163)	Loss 5.5356e-03 (2.1336e-02)	Acc@1  99.61 ( 99.68)	Acc@2 100.00 (100.00)
Test: [20/34]	Time  0.127 ( 0.145)	Loss 1.0204e-03 (2.1133e-02)	Acc@1 100.00 ( 99.68)	Acc@2 100.00 (100.00)
Test: [30/34]	Time  0.123 ( 0.139)	Loss 1.8555e-03 (1.7389e-02)	Acc@1 100.00 ( 99.72)	Acc@2 100.00 (100.00)
 * Acc@1 99.732 Acc@2 100.000
Epoch: [200][  0/101]	Time  0.653 ( 0.653)	Data  0.507 ( 0.507)	Loss 9.5471e-03 (9.5471e-03)	Acc@1 100.00 (100.00)	Acc@2 100.00 (100.00)
Epoch: [200][ 10/101]	Time  0.432 ( 0.436)	Data  0.000 ( 0.068)	Loss 2.1421e-02 (1.7611e-02)	Acc@1  99.22 ( 99.36)	Acc@2 100.00 (100.00)
Epoch: [200][ 20/101]	Time  0.429 ( 0.427)	Data  0.000 ( 0.048)	Loss 1.7705e-02 (1.6197e-02)	Acc@1  99.22 ( 99.35)	Acc@2 100.00 (100.00)
Epoch: [200][ 30/101]	Time  0.427 ( 0.426)	Data  0.000 ( 0.041)	Loss 1.1209e-02 (1.6124e-02)	Acc@1  99.61 ( 99.40)	Acc@2 100.00 (100.00)
Epoch: [200][ 40/101]	Time  0.412 ( 0.424)	Data  0.000 ( 0.037)	Loss 1.3318e-02 (1.6541e-02)	Acc@1  99.61 ( 99.39)	Acc@2 100.00 (100.00)
Epoch: [200][ 50/101]	Time  0.426 ( 0.422)	Data  0.000 ( 0.035)	Loss 1.1351e-02 (1.6941e-02)	Acc@1 100.00 ( 99.39)	Acc@2 100.00 (100.00)
Epoch: [200][ 60/101]	Time  0.415 ( 0.422)	Data  0.000 ( 0.034)	Loss 9.5507e-03 (1.6727e-02)	Acc@1  99.61 ( 99.41)	Acc@2 100.00 (100.00)
Epoch: [200][ 70/101]	Time  0.405 ( 0.421)	Data  0.000 ( 0.032)	Loss 3.5576e-02 (1.6692e-02)	Acc@1  98.44 ( 99.41)	Acc@2 100.00 (100.00)
Epoch: [200][ 80/101]	Time  0.409 ( 0.421)	Data  0.000 ( 0.032)	Loss 5.5673e-02 (1.7075e-02)	Acc@1  98.05 ( 99.39)	Acc@2 100.00 (100.00)
Epoch: [200][ 90/101]	Time  0.414 ( 0.420)	Data  0.000 ( 0.031)	Loss 3.1307e-02 (1.7584e-02)	Acc@1  98.83 ( 99.36)	Acc@2 100.00 (100.00)
Epoch: [200][100/101]	Time  0.378 ( 0.420)	Data  0.000 ( 0.031)	Loss 3.8828e-03 (1.7496e-02)	Acc@1 100.00 ( 99.36)	Acc@2 100.00 (100.00)
Test: [ 0/34]	Time  0.554 ( 0.554)	Loss 7.0950e-04 (7.0950e-04)	Acc@1 100.00 (100.00)	Acc@2 100.00 (100.00)
Test: [10/34]	Time  0.133 ( 0.164)	Loss 4.8456e-03 (2.1157e-02)	Acc@1  99.61 ( 99.68)	Acc@2 100.00 (100.00)
Test: [20/34]	Time  0.122 ( 0.145)	Loss 1.1632e-03 (2.1083e-02)	Acc@1 100.00 ( 99.68)	Acc@2 100.00 (100.00)
Test: [30/34]	Time  0.122 ( 0.138)	Loss 2.2268e-03 (1.7752e-02)	Acc@1 100.00 ( 99.71)	Acc@2 100.00 (100.00)
 * Acc@1 99.721 Acc@2 100.000
Epoch: [201][  0/101]	Time  0.616 ( 0.616)	Data  0.472 ( 0.472)	Loss 1.6879e-02 (1.6879e-02)	Acc@1  99.61 ( 99.61)	Acc@2 100.00 (100.00)
Epoch: [201][ 10/101]	Time  0.420 ( 0.435)	Data  0.000 ( 0.066)	Loss 1.6843e-02 (1.5369e-02)	Acc@1  99.61 ( 99.47)	Acc@2 100.00 (100.00)
Epoch: [201][ 20/101]	Time  0.408 ( 0.425)	Data  0.000 ( 0.047)	Loss 2.3344e-02 (1.6644e-02)	Acc@1  99.22 ( 99.39)	Acc@2 100.00 (100.00)
Epoch: [201][ 30/101]	Time  0.441 ( 0.423)	Data  0.000 ( 0.040)	Loss 2.1050e-02 (1.5838e-02)	Acc@1  99.22 ( 99.41)	Acc@2 100.00 (100.00)
Epoch: [201][ 40/101]	Time  0.411 ( 0.421)	Data  0.000 ( 0.037)	Loss 1.5323e-02 (1.6569e-02)	Acc@1  99.22 ( 99.40)	Acc@2 100.00 (100.00)
Epoch: [201][ 50/101]	Time  0.420 ( 0.421)	Data  0.000 ( 0.035)	Loss 1.3112e-02 (1.7169e-02)	Acc@1  99.61 ( 99.36)	Acc@2 100.00 (100.00)
Epoch: [201][ 60/101]	Time  0.410 ( 0.420)	Data  0.000 ( 0.033)	Loss 1.6411e-02 (1.6272e-02)	Acc@1  99.22 ( 99.40)	Acc@2 100.00 (100.00)
Epoch: [201][ 70/101]	Time  0.421 ( 0.419)	Data  0.000 ( 0.032)	Loss 2.4445e-02 (1.6173e-02)	Acc@1  98.83 ( 99.40)	Acc@2 100.00 (100.00)
Epoch: [201][ 80/101]	Time  0.403 ( 0.419)	Data  0.000 ( 0.031)	Loss 2.4635e-02 (1.6831e-02)	Acc@1  98.44 ( 99.37)	Acc@2 100.00 (100.00)
Epoch: [201][ 90/101]	Time  0.419 ( 0.419)	Data  0.000 ( 0.031)	Loss 2.9032e-02 (1.7410e-02)	Acc@1  98.83 ( 99.32)	Acc@2 100.00 (100.00)
Epoch: [201][100/101]	Time  0.392 ( 0.419)	Data  0.000 ( 0.030)	Loss 1.3154e-03 (1.7622e-02)	Acc@1 100.00 ( 99.32)	Acc@2 100.00 (100.00)
Test: [ 0/34]	Time  0.565 ( 0.565)	Loss 1.0516e-03 (1.0516e-03)	Acc@1 100.00 (100.00)	Acc@2 100.00 (100.00)
Test: [10/34]	Time  0.131 ( 0.169)	Loss 7.1077e-03 (2.2810e-02)	Acc@1  99.61 ( 99.64)	Acc@2 100.00 (100.00)
Test: [20/34]	Time  0.122 ( 0.148)	Loss 7.7121e-04 (2.2422e-02)	Acc@1 100.00 ( 99.67)	Acc@2 100.00 (100.00)
Test: [30/34]	Time  0.123 ( 0.140)	Loss 1.5171e-03 (1.8187e-02)	Acc@1 100.00 ( 99.71)	Acc@2 100.00 (100.00)
 * Acc@1 99.721 Acc@2 100.000
Epoch: [202][  0/101]	Time  0.601 ( 0.601)	Data  0.455 ( 0.455)	Loss 1.0813e-02 (1.0813e-02)	Acc@1  99.61 ( 99.61)	Acc@2 100.00 (100.00)
Epoch: [202][ 10/101]	Time  0.425 ( 0.432)	Data  0.000 ( 0.066)	Loss 1.3812e-02 (1.6022e-02)	Acc@1  99.61 ( 99.36)	Acc@2 100.00 (100.00)
Epoch: [202][ 20/101]	Time  0.406 ( 0.424)	Data  0.000 ( 0.046)	Loss 8.1721e-03 (1.7801e-02)	Acc@1  99.61 ( 99.37)	Acc@2 100.00 (100.00)
Epoch: [202][ 30/101]	Time  0.415 ( 0.421)	Data  0.000 ( 0.040)	Loss 3.1876e-02 (1.6983e-02)	Acc@1  98.83 ( 99.37)	Acc@2 100.00 (100.00)
Epoch: [202][ 40/101]	Time  0.421 ( 0.421)	Data  0.000 ( 0.036)	Loss 1.6913e-02 (1.6588e-02)	Acc@1  99.22 ( 99.37)	Acc@2 100.00 (100.00)
Epoch: [202][ 50/101]	Time  0.413 ( 0.421)	Data  0.000 ( 0.035)	Loss 2.4738e-02 (1.6804e-02)	Acc@1  99.22 ( 99.35)	Acc@2 100.00 (100.00)
Epoch: [202][ 60/101]	Time  0.416 ( 0.420)	Data  0.000 ( 0.034)	Loss 5.8658e-03 (1.6190e-02)	Acc@1 100.00 ( 99.38)	Acc@2 100.00 (100.00)
Epoch: [202][ 70/101]	Time  0.413 ( 0.419)	Data  0.000 ( 0.033)	Loss 1.1419e-02 (1.6447e-02)	Acc@1 100.00 ( 99.36)	Acc@2 100.00 (100.00)
Epoch: [202][ 80/101]	Time  0.428 ( 0.419)	Data  0.000 ( 0.032)	Loss 1.8546e-02 (1.6409e-02)	Acc@1  99.22 ( 99.36)	Acc@2 100.00 (100.00)
Epoch: [202][ 90/101]	Time  0.422 ( 0.419)	Data  0.000 ( 0.031)	Loss 1.2607e-02 (1.6413e-02)	Acc@1  99.61 ( 99.37)	Acc@2 100.00 (100.00)
Epoch: [202][100/101]	Time  0.371 ( 0.418)	Data  0.000 ( 0.030)	Loss 2.0456e-02 (1.6499e-02)	Acc@1  99.32 ( 99.36)	Acc@2 100.00 (100.00)
Test: [ 0/34]	Time  0.530 ( 0.530)	Loss 5.8314e-04 (5.8314e-04)	Acc@1 100.00 (100.00)	Acc@2 100.00 (100.00)
Test: [10/34]	Time  0.123 ( 0.163)	Loss 3.9432e-03 (2.0250e-02)	Acc@1  99.61 ( 99.68)	Acc@2 100.00 (100.00)
Test: [20/34]	Time  0.124 ( 0.145)	Loss 1.3530e-03 (2.0300e-02)	Acc@1 100.00 ( 99.68)	Acc@2 100.00 (100.00)
Test: [30/34]	Time  0.124 ( 0.138)	Loss 2.4921e-03 (1.7275e-02)	Acc@1 100.00 ( 99.71)	Acc@2 100.00 (100.00)
 * Acc@1 99.721 Acc@2 100.000
Epoch: [203][  0/101]	Time  0.648 ( 0.648)	Data  0.495 ( 0.495)	Loss 1.3786e-02 (1.3786e-02)	Acc@1  99.22 ( 99.22)	Acc@2 100.00 (100.00)
Epoch: [203][ 10/101]	Time  0.403 ( 0.435)	Data  0.000 ( 0.068)	Loss 2.7413e-02 (1.8307e-02)	Acc@1  99.22 ( 99.33)	Acc@2 100.00 (100.00)
Epoch: [203][ 20/101]	Time  0.439 ( 0.426)	Data  0.000 ( 0.048)	Loss 2.2066e-03 (1.4582e-02)	Acc@1 100.00 ( 99.42)	Acc@2 100.00 (100.00)
Epoch: [203][ 30/101]	Time  0.410 ( 0.423)	Data  0.000 ( 0.041)	Loss 7.6234e-03 (1.4648e-02)	Acc@1  99.61 ( 99.43)	Acc@2 100.00 (100.00)
Epoch: [203][ 40/101]	Time  0.416 ( 0.421)	Data  0.000 ( 0.037)	Loss 1.0329e-02 (1.5408e-02)	Acc@1  99.61 ( 99.37)	Acc@2 100.00 (100.00)
Epoch: [203][ 50/101]	Time  0.398 ( 0.420)	Data  0.000 ( 0.035)	Loss 2.9518e-02 (1.5116e-02)	Acc@1  98.83 ( 99.39)	Acc@2 100.00 (100.00)
Epoch: [203][ 60/101]	Time  0.437 ( 0.420)	Data  0.000 ( 0.034)	Loss 5.9865e-03 (1.5658e-02)	Acc@1  99.61 ( 99.39)	Acc@2 100.00 (100.00)
Epoch: [203][ 70/101]	Time  0.403 ( 0.420)	Data  0.000 ( 0.033)	Loss 2.8553e-02 (1.6394e-02)	Acc@1  98.83 ( 99.37)	Acc@2 100.00 (100.00)
Epoch: [203][ 80/101]	Time  0.406 ( 0.419)	Data  0.000 ( 0.032)	Loss 2.5218e-02 (1.6835e-02)	Acc@1  98.44 ( 99.34)	Acc@2 100.00 (100.00)
Epoch: [203][ 90/101]	Time  0.405 ( 0.419)	Data  0.000 ( 0.031)	Loss 2.2812e-02 (1.6872e-02)	Acc@1  99.61 ( 99.35)	Acc@2 100.00 (100.00)
Epoch: [203][100/101]	Time  0.378 ( 0.419)	Data  0.000 ( 0.030)	Loss 4.9747e-03 (1.6402e-02)	Acc@1 100.00 ( 99.37)	Acc@2 100.00 (100.00)
Test: [ 0/34]	Time  0.569 ( 0.569)	Loss 7.4947e-04 (7.4947e-04)	Acc@1 100.00 (100.00)	Acc@2 100.00 (100.00)
Test: [10/34]	Time  0.121 ( 0.166)	Loss 4.5652e-03 (2.1158e-02)	Acc@1  99.61 ( 99.68)	Acc@2 100.00 (100.00)
Test: [20/34]	Time  0.123 ( 0.145)	Loss 1.0061e-03 (2.1063e-02)	Acc@1 100.00 ( 99.68)	Acc@2 100.00 (100.00)
Test: [30/34]	Time  0.123 ( 0.138)	Loss 1.9867e-03 (1.7460e-02)	Acc@1 100.00 ( 99.71)	Acc@2 100.00 (100.00)
 * Acc@1 99.721 Acc@2 100.000
Epoch: [204][  0/101]	Time  0.578 ( 0.578)	Data  0.431 ( 0.431)	Loss 6.7408e-03 (6.7408e-03)	Acc@1  99.61 ( 99.61)	Acc@2 100.00 (100.00)
Epoch: [204][ 10/101]	Time  0.405 ( 0.428)	Data  0.000 ( 0.062)	Loss 1.1643e-02 (1.1527e-02)	Acc@1  99.22 ( 99.61)	Acc@2 100.00 (100.00)
Epoch: [204][ 20/101]	Time  0.420 ( 0.424)	Data  0.000 ( 0.045)	Loss 3.4076e-02 (1.5724e-02)	Acc@1  99.22 ( 99.44)	Acc@2 100.00 (100.00)
Epoch: [204][ 30/101]	Time  0.415 ( 0.421)	Data  0.000 ( 0.038)	Loss 3.5333e-02 (1.6625e-02)	Acc@1  98.44 ( 99.36)	Acc@2 100.00 (100.00)
Epoch: [204][ 40/101]	Time  0.424 ( 0.421)	Data  0.000 ( 0.036)	Loss 2.4983e-02 (1.6008e-02)	Acc@1  98.83 ( 99.38)	Acc@2 100.00 (100.00)
Epoch: [204][ 50/101]	Time  0.415 ( 0.420)	Data  0.000 ( 0.034)	Loss 1.2159e-02 (1.5049e-02)	Acc@1  99.22 ( 99.43)	Acc@2 100.00 (100.00)
Epoch: [204][ 60/101]	Time  0.434 ( 0.419)	Data  0.000 ( 0.033)	Loss 4.3809e-02 (1.5560e-02)	Acc@1  98.05 ( 99.40)	Acc@2 100.00 (100.00)
Epoch: [204][ 70/101]	Time  0.427 ( 0.419)	Data  0.000 ( 0.031)	Loss 7.3790e-03 (1.5483e-02)	Acc@1 100.00 ( 99.38)	Acc@2 100.00 (100.00)
Epoch: [204][ 80/101]	Time  0.427 ( 0.419)	Data  0.000 ( 0.031)	Loss 1.6683e-02 (1.5773e-02)	Acc@1  99.61 ( 99.39)	Acc@2 100.00 (100.00)
Epoch: [204][ 90/101]	Time  0.413 ( 0.419)	Data  0.000 ( 0.030)	Loss 1.7353e-02 (1.6166e-02)	Acc@1  99.61 ( 99.37)	Acc@2 100.00 (100.00)
Epoch: [204][100/101]	Time  0.368 ( 0.418)	Data  0.000 ( 0.030)	Loss 1.1927e-02 (1.6659e-02)	Acc@1  99.32 ( 99.36)	Acc@2 100.00 (100.00)
Test: [ 0/34]	Time  0.612 ( 0.612)	Loss 6.5777e-04 (6.5777e-04)	Acc@1 100.00 (100.00)	Acc@2 100.00 (100.00)
Test: [10/34]	Time  0.123 ( 0.168)	Loss 4.9641e-03 (2.1121e-02)	Acc@1  99.61 ( 99.68)	Acc@2 100.00 (100.00)
Test: [20/34]	Time  0.127 ( 0.148)	Loss 1.0492e-03 (2.0923e-02)	Acc@1 100.00 ( 99.68)	Acc@2 100.00 (100.00)
Test: [30/34]	Time  0.121 ( 0.140)	Loss 2.1509e-03 (1.7188e-02)	Acc@1 100.00 ( 99.72)	Acc@2 100.00 (100.00)
 * Acc@1 99.732 Acc@2 100.000
Epoch: [205][  0/101]	Time  0.761 ( 0.761)	Data  0.587 ( 0.587)	Loss 1.7052e-02 (1.7052e-02)	Acc@1  99.61 ( 99.61)	Acc@2 100.00 (100.00)
Epoch: [205][ 10/101]	Time  0.428 ( 0.448)	Data  0.000 ( 0.075)	Loss 4.9749e-02 (2.7833e-02)	Acc@1  97.27 ( 98.90)	Acc@2 100.00 (100.00)
Epoch: [205][ 20/101]	Time  0.406 ( 0.434)	Data  0.000 ( 0.054)	Loss 6.1252e-03 (2.2766e-02)	Acc@1 100.00 ( 99.13)	Acc@2 100.00 (100.00)
Epoch: [205][ 30/101]	Time  0.410 ( 0.428)	Data  0.000 ( 0.045)	Loss 2.0631e-02 (2.1244e-02)	Acc@1  99.22 ( 99.18)	Acc@2 100.00 (100.00)
Epoch: [205][ 40/101]	Time  0.408 ( 0.425)	Data  0.000 ( 0.040)	Loss 1.5852e-02 (2.1553e-02)	Acc@1  99.61 ( 99.16)	Acc@2 100.00 (100.00)
Epoch: [205][ 50/101]	Time  0.436 ( 0.424)	Data  0.000 ( 0.037)	Loss 2.5885e-02 (2.0120e-02)	Acc@1  98.83 ( 99.21)	Acc@2 100.00 (100.00)
Epoch: [205][ 60/101]	Time  0.404 ( 0.423)	Data  0.000 ( 0.035)	Loss 4.8778e-03 (1.9820e-02)	Acc@1  99.61 ( 99.22)	Acc@2 100.00 (100.00)
Epoch: [205][ 70/101]	Time  0.425 ( 0.422)	Data  0.000 ( 0.034)	Loss 1.8019e-02 (2.0359e-02)	Acc@1  99.61 ( 99.20)	Acc@2 100.00 (100.00)
Epoch: [205][ 80/101]	Time  0.404 ( 0.422)	Data  0.000 ( 0.033)	Loss 1.5061e-03 (1.9363e-02)	Acc@1 100.00 ( 99.25)	Acc@2 100.00 (100.00)
Epoch: [205][ 90/101]	Time  0.429 ( 0.421)	Data  0.000 ( 0.032)	Loss 2.1576e-02 (1.9179e-02)	Acc@1  98.44 ( 99.26)	Acc@2 100.00 (100.00)
Epoch: [205][100/101]	Time  0.363 ( 0.420)	Data  0.000 ( 0.032)	Loss 1.7395e-02 (1.8859e-02)	Acc@1 100.00 ( 99.27)	Acc@2 100.00 (100.00)
Test: [ 0/34]	Time  0.560 ( 0.560)	Loss 7.0805e-04 (7.0805e-04)	Acc@1 100.00 (100.00)	Acc@2 100.00 (100.00)
Test: [10/34]	Time  0.124 ( 0.164)	Loss 4.3225e-03 (2.1018e-02)	Acc@1  99.61 ( 99.68)	Acc@2 100.00 (100.00)
Test: [20/34]	Time  0.122 ( 0.146)	Loss 1.1527e-03 (2.0985e-02)	Acc@1 100.00 ( 99.68)	Acc@2 100.00 (100.00)
Test: [30/34]	Time  0.122 ( 0.139)	Loss 2.2312e-03 (1.7590e-02)	Acc@1 100.00 ( 99.71)	Acc@2 100.00 (100.00)
 * Acc@1 99.721 Acc@2 100.000
Epoch: [206][  0/101]	Time  0.619 ( 0.619)	Data  0.458 ( 0.458)	Loss 3.8987e-02 (3.8987e-02)	Acc@1  98.05 ( 98.05)	Acc@2 100.00 (100.00)
Epoch: [206][ 10/101]	Time  0.420 ( 0.434)	Data  0.000 ( 0.065)	Loss 5.4392e-03 (2.0133e-02)	Acc@1 100.00 ( 99.22)	Acc@2 100.00 (100.00)
Epoch: [206][ 20/101]	Time  0.433 ( 0.427)	Data  0.000 ( 0.046)	Loss 6.7920e-03 (1.7350e-02)	Acc@1 100.00 ( 99.31)	Acc@2 100.00 (100.00)
Epoch: [206][ 30/101]	Time  0.439 ( 0.425)	Data  0.000 ( 0.040)	Loss 3.3289e-02 (1.6833e-02)	Acc@1  98.44 ( 99.31)	Acc@2 100.00 (100.00)
Epoch: [206][ 40/101]	Time  0.415 ( 0.422)	Data  0.000 ( 0.036)	Loss 1.6721e-02 (1.5576e-02)	Acc@1  98.83 ( 99.36)	Acc@2 100.00 (100.00)
Epoch: [206][ 50/101]	Time  0.411 ( 0.421)	Data  0.000 ( 0.034)	Loss 1.8264e-02 (1.6585e-02)	Acc@1  99.61 ( 99.35)	Acc@2 100.00 (100.00)
Epoch: [206][ 60/101]	Time  0.433 ( 0.421)	Data  0.000 ( 0.033)	Loss 2.7025e-02 (1.7090e-02)	Acc@1  98.83 ( 99.30)	Acc@2 100.00 (100.00)
Epoch: [206][ 70/101]	Time  0.429 ( 0.421)	Data  0.000 ( 0.032)	Loss 1.8209e-02 (1.7263e-02)	Acc@1  99.22 ( 99.29)	Acc@2 100.00 (100.00)
Epoch: [206][ 80/101]	Time  0.425 ( 0.420)	Data  0.000 ( 0.031)	Loss 1.9970e-02 (1.7318e-02)	Acc@1  99.22 ( 99.28)	Acc@2 100.00 (100.00)
Epoch: [206][ 90/101]	Time  0.417 ( 0.420)	Data  0.000 ( 0.031)	Loss 9.9812e-03 (1.7128e-02)	Acc@1  99.61 ( 99.29)	Acc@2 100.00 (100.00)
Epoch: [206][100/101]	Time  0.360 ( 0.419)	Data  0.000 ( 0.030)	Loss 9.5874e-03 (1.6913e-02)	Acc@1  99.32 ( 99.32)	Acc@2 100.00 (100.00)
Test: [ 0/34]	Time  0.570 ( 0.570)	Loss 7.7437e-04 (7.7437e-04)	Acc@1 100.00 (100.00)	Acc@2 100.00 (100.00)
Test: [10/34]	Time  0.122 ( 0.172)	Loss 5.2991e-03 (2.1649e-02)	Acc@1  99.61 ( 99.68)	Acc@2 100.00 (100.00)
Test: [20/34]	Time  0.122 ( 0.149)	Loss 9.9641e-04 (2.1407e-02)	Acc@1 100.00 ( 99.68)	Acc@2 100.00 (100.00)
Test: [30/34]	Time  0.123 ( 0.141)	Loss 1.8626e-03 (1.7407e-02)	Acc@1 100.00 ( 99.72)	Acc@2 100.00 (100.00)
 * Acc@1 99.732 Acc@2 100.000
Epoch: [207][  0/101]	Time  0.613 ( 0.613)	Data  0.454 ( 0.454)	Loss 1.2969e-02 (1.2969e-02)	Acc@1  99.61 ( 99.61)	Acc@2 100.00 (100.00)
Epoch: [207][ 10/101]	Time  0.406 ( 0.437)	Data  0.000 ( 0.065)	Loss 2.7656e-02 (2.0817e-02)	Acc@1  98.05 ( 99.15)	Acc@2 100.00 (100.00)
Epoch: [207][ 20/101]	Time  0.417 ( 0.428)	Data  0.000 ( 0.046)	Loss 1.0297e-02 (1.9913e-02)	Acc@1  99.61 ( 99.22)	Acc@2 100.00 (100.00)
Epoch: [207][ 30/101]	Time  0.408 ( 0.424)	Data  0.000 ( 0.040)	Loss 1.1246e-02 (1.7597e-02)	Acc@1  99.61 ( 99.32)	Acc@2 100.00 (100.00)
Epoch: [207][ 40/101]	Time  0.432 ( 0.423)	Data  0.000 ( 0.036)	Loss 4.1024e-02 (1.8590e-02)	Acc@1  98.44 ( 99.29)	Acc@2 100.00 (100.00)
Epoch: [207][ 50/101]	Time  0.401 ( 0.421)	Data  0.000 ( 0.034)	Loss 1.7886e-02 (1.8309e-02)	Acc@1  98.83 ( 99.28)	Acc@2 100.00 (100.00)
Epoch: [207][ 60/101]	Time  0.417 ( 0.420)	Data  0.000 ( 0.033)	Loss 4.3079e-03 (1.8719e-02)	Acc@1 100.00 ( 99.28)	Acc@2 100.00 (100.00)
Epoch: [207][ 70/101]	Time  0.402 ( 0.420)	Data  0.000 ( 0.032)	Loss 4.0701e-02 (1.8608e-02)	Acc@1  98.44 ( 99.29)	Acc@2 100.00 (100.00)
Epoch: [207][ 80/101]	Time  0.431 ( 0.420)	Data  0.000 ( 0.031)	Loss 2.7470e-02 (1.8538e-02)	Acc@1  98.83 ( 99.29)	Acc@2 100.00 (100.00)
Epoch: [207][ 90/101]	Time  0.411 ( 0.419)	Data  0.000 ( 0.031)	Loss 3.5846e-02 (1.9235e-02)	Acc@1  98.44 ( 99.28)	Acc@2 100.00 (100.00)
Epoch: [207][100/101]	Time  0.381 ( 0.418)	Data  0.000 ( 0.030)	Loss 1.3813e-02 (1.9065e-02)	Acc@1  98.63 ( 99.29)	Acc@2 100.00 (100.00)
Test: [ 0/34]	Time  0.536 ( 0.536)	Loss 6.4892e-04 (6.4892e-04)	Acc@1 100.00 (100.00)	Acc@2 100.00 (100.00)
Test: [10/34]	Time  0.125 ( 0.162)	Loss 4.3645e-03 (2.0707e-02)	Acc@1  99.61 ( 99.68)	Acc@2 100.00 (100.00)
Test: [20/34]	Time  0.123 ( 0.144)	Loss 1.1831e-03 (2.0716e-02)	Acc@1 100.00 ( 99.68)	Acc@2 100.00 (100.00)
Test: [30/34]	Time  0.121 ( 0.138)	Loss 2.1989e-03 (1.7565e-02)	Acc@1 100.00 ( 99.71)	Acc@2 100.00 (100.00)
 * Acc@1 99.721 Acc@2 100.000
Epoch: [208][  0/101]	Time  0.637 ( 0.637)	Data  0.483 ( 0.483)	Loss 5.9144e-02 (5.9144e-02)	Acc@1  98.05 ( 98.05)	Acc@2 100.00 (100.00)
Epoch: [208][ 10/101]	Time  0.417 ( 0.437)	Data  0.000 ( 0.066)	Loss 1.0801e-02 (2.2638e-02)	Acc@1  99.22 ( 99.22)	Acc@2 100.00 (100.00)
Epoch: [208][ 20/101]	Time  0.424 ( 0.429)	Data  0.000 ( 0.048)	Loss 1.4767e-02 (2.1022e-02)	Acc@1  99.61 ( 99.29)	Acc@2 100.00 (100.00)
Epoch: [208][ 30/101]	Time  0.414 ( 0.425)	Data  0.000 ( 0.040)	Loss 1.4520e-02 (1.9679e-02)	Acc@1  98.83 ( 99.29)	Acc@2 100.00 (100.00)
Epoch: [208][ 40/101]	Time  0.412 ( 0.423)	Data  0.000 ( 0.037)	Loss 1.3822e-02 (1.9193e-02)	Acc@1  99.22 ( 99.28)	Acc@2 100.00 (100.00)
Epoch: [208][ 50/101]	Time  0.418 ( 0.422)	Data  0.000 ( 0.035)	Loss 4.3416e-02 (1.8932e-02)	Acc@1  98.44 ( 99.28)	Acc@2 100.00 (100.00)
Epoch: [208][ 60/101]	Time  0.429 ( 0.422)	Data  0.000 ( 0.033)	Loss 2.7408e-02 (1.8493e-02)	Acc@1  98.83 ( 99.28)	Acc@2 100.00 (100.00)
Epoch: [208][ 70/101]	Time  0.413 ( 0.421)	Data  0.000 ( 0.032)	Loss 3.3431e-02 (1.8104e-02)	Acc@1  98.83 ( 99.29)	Acc@2 100.00 (100.00)
Epoch: [208][ 80/101]	Time  0.424 ( 0.421)	Data  0.000 ( 0.031)	Loss 1.4386e-02 (1.8577e-02)	Acc@1  99.61 ( 99.27)	Acc@2 100.00 (100.00)
Epoch: [208][ 90/101]	Time  0.426 ( 0.420)	Data  0.000 ( 0.031)	Loss 3.9077e-02 (1.8250e-02)	Acc@1  97.66 ( 99.27)	Acc@2 100.00 (100.00)
Epoch: [208][100/101]	Time  0.383 ( 0.420)	Data  0.000 ( 0.030)	Loss 1.1946e-02 (1.8320e-02)	Acc@1  98.63 ( 99.25)	Acc@2 100.00 (100.00)
Test: [ 0/34]	Time  0.531 ( 0.531)	Loss 5.8128e-04 (5.8128e-04)	Acc@1 100.00 (100.00)	Acc@2 100.00 (100.00)
Test: [10/34]	Time  0.123 ( 0.161)	Loss 3.8653e-03 (2.0443e-02)	Acc@1  99.61 ( 99.68)	Acc@2 100.00 (100.00)
Test: [20/34]	Time  0.123 ( 0.144)	Loss 1.2580e-03 (2.0470e-02)	Acc@1 100.00 ( 99.68)	Acc@2 100.00 (100.00)
Test: [30/34]	Time  0.123 ( 0.138)	Loss 2.8482e-03 (1.7449e-02)	Acc@1 100.00 ( 99.71)	Acc@2 100.00 (100.00)
 * Acc@1 99.721 Acc@2 100.000
Epoch: [209][  0/101]	Time  0.652 ( 0.652)	Data  0.508 ( 0.508)	Loss 9.4729e-03 (9.4729e-03)	Acc@1  99.22 ( 99.22)	Acc@2 100.00 (100.00)
Epoch: [209][ 10/101]	Time  0.416 ( 0.438)	Data  0.000 ( 0.069)	Loss 1.5633e-02 (1.9183e-02)	Acc@1  99.61 ( 99.11)	Acc@2 100.00 (100.00)
Epoch: [209][ 20/101]	Time  0.404 ( 0.426)	Data  0.000 ( 0.049)	Loss 1.5127e-02 (1.8645e-02)	Acc@1  99.61 ( 99.20)	Acc@2 100.00 (100.00)
Epoch: [209][ 30/101]	Time  0.417 ( 0.423)	Data  0.000 ( 0.041)	Loss 1.1828e-02 (1.8890e-02)	Acc@1  99.61 ( 99.22)	Acc@2 100.00 (100.00)
Epoch: [209][ 40/101]	Time  0.408 ( 0.421)	Data  0.000 ( 0.037)	Loss 5.7079e-02 (2.0955e-02)	Acc@1  97.66 ( 99.14)	Acc@2 100.00 (100.00)
Epoch: [209][ 50/101]	Time  0.420 ( 0.421)	Data  0.000 ( 0.035)	Loss 9.1269e-03 (2.0017e-02)	Acc@1  99.61 ( 99.19)	Acc@2 100.00 (100.00)
Epoch: [209][ 60/101]	Time  0.411 ( 0.420)	Data  0.000 ( 0.034)	Loss 1.3124e-02 (2.0696e-02)	Acc@1  99.61 ( 99.17)	Acc@2 100.00 (100.00)
Epoch: [209][ 70/101]	Time  0.428 ( 0.419)	Data  0.000 ( 0.032)	Loss 3.5784e-02 (2.0294e-02)	Acc@1  98.44 ( 99.20)	Acc@2 100.00 (100.00)
Epoch: [209][ 80/101]	Time  0.403 ( 0.419)	Data  0.000 ( 0.032)	Loss 1.3125e-02 (2.0221e-02)	Acc@1  99.22 ( 99.21)	Acc@2 100.00 (100.00)
Epoch: [209][ 90/101]	Time  0.421 ( 0.419)	Data  0.000 ( 0.031)	Loss 9.1371e-03 (1.9998e-02)	Acc@1  99.61 ( 99.21)	Acc@2 100.00 (100.00)
Epoch: [209][100/101]	Time  0.361 ( 0.419)	Data  0.000 ( 0.030)	Loss 3.4547e-02 (1.9634e-02)	Acc@1  97.26 ( 99.21)	Acc@2 100.00 (100.00)
Test: [ 0/34]	Time  0.590 ( 0.590)	Loss 8.5248e-04 (8.5248e-04)	Acc@1 100.00 (100.00)	Acc@2 100.00 (100.00)
Test: [10/34]	Time  0.121 ( 0.167)	Loss 5.1554e-03 (2.1404e-02)	Acc@1  99.61 ( 99.68)	Acc@2 100.00 (100.00)
Test: [20/34]	Time  0.128 ( 0.147)	Loss 9.9145e-04 (2.1189e-02)	Acc@1 100.00 ( 99.68)	Acc@2 100.00 (100.00)
Test: [30/34]	Time  0.120 ( 0.139)	Loss 2.0023e-03 (1.7363e-02)	Acc@1 100.00 ( 99.72)	Acc@2 100.00 (100.00)
 * Acc@1 99.732 Acc@2 100.000
Epoch: [210][  0/101]	Time  0.736 ( 0.736)	Data  0.590 ( 0.590)	Loss 1.4255e-02 (1.4255e-02)	Acc@1  99.22 ( 99.22)	Acc@2 100.00 (100.00)
Epoch: [210][ 10/101]	Time  0.445 ( 0.448)	Data  0.000 ( 0.079)	Loss 2.4163e-02 (1.5447e-02)	Acc@1  99.22 ( 99.40)	Acc@2 100.00 (100.00)
Epoch: [210][ 20/101]	Time  0.414 ( 0.432)	Data  0.000 ( 0.053)	Loss 1.1685e-02 (1.8861e-02)	Acc@1  99.61 ( 99.22)	Acc@2 100.00 (100.00)
Epoch: [210][ 30/101]	Time  0.430 ( 0.429)	Data  0.000 ( 0.045)	Loss 2.2841e-02 (1.9394e-02)	Acc@1  99.22 ( 99.19)	Acc@2 100.00 (100.00)
Epoch: [210][ 40/101]	Time  0.420 ( 0.426)	Data  0.000 ( 0.040)	Loss 1.9837e-02 (1.8933e-02)	Acc@1  99.61 ( 99.23)	Acc@2 100.00 (100.00)
Epoch: [210][ 50/101]	Time  0.427 ( 0.425)	Data  0.000 ( 0.038)	Loss 9.5613e-03 (1.8379e-02)	Acc@1  99.61 ( 99.26)	Acc@2 100.00 (100.00)
Epoch: [210][ 60/101]	Time  0.413 ( 0.423)	Data  0.000 ( 0.036)	Loss 2.2771e-02 (1.8518e-02)	Acc@1  99.22 ( 99.27)	Acc@2 100.00 (100.00)
Epoch: [210][ 70/101]	Time  0.412 ( 0.423)	Data  0.000 ( 0.035)	Loss 1.2397e-02 (1.7988e-02)	Acc@1  99.61 ( 99.30)	Acc@2 100.00 (100.00)
Epoch: [210][ 80/101]	Time  0.418 ( 0.422)	Data  0.000 ( 0.033)	Loss 3.6491e-02 (1.7824e-02)	Acc@1  98.44 ( 99.32)	Acc@2 100.00 (100.00)
Epoch: [210][ 90/101]	Time  0.423 ( 0.421)	Data  0.000 ( 0.033)	Loss 9.2671e-03 (1.7466e-02)	Acc@1  99.61 ( 99.34)	Acc@2 100.00 (100.00)
Epoch: [210][100/101]	Time  0.363 ( 0.420)	Data  0.000 ( 0.032)	Loss 2.3659e-02 (1.7437e-02)	Acc@1  99.32 ( 99.34)	Acc@2 100.00 (100.00)
Test: [ 0/34]	Time  0.581 ( 0.581)	Loss 1.0883e-03 (1.0883e-03)	Acc@1 100.00 (100.00)	Acc@2 100.00 (100.00)
Test: [10/34]	Time  0.122 ( 0.165)	Loss 6.8820e-03 (2.2697e-02)	Acc@1  99.61 ( 99.64)	Acc@2 100.00 (100.00)
Test: [20/34]	Time  0.129 ( 0.146)	Loss 8.0475e-04 (2.2253e-02)	Acc@1 100.00 ( 99.67)	Acc@2 100.00 (100.00)
Test: [30/34]	Time  0.123 ( 0.139)	Loss 1.4519e-03 (1.7778e-02)	Acc@1 100.00 ( 99.71)	Acc@2 100.00 (100.00)
 * Acc@1 99.721 Acc@2 100.000
Epoch: [211][  0/101]	Time  0.555 ( 0.555)	Data  0.411 ( 0.411)	Loss 1.0257e-02 (1.0257e-02)	Acc@1  99.61 ( 99.61)	Acc@2 100.00 (100.00)
Epoch: [211][ 10/101]	Time  0.402 ( 0.426)	Data  0.000 ( 0.061)	Loss 1.4485e-02 (1.4483e-02)	Acc@1  99.61 ( 99.36)	Acc@2 100.00 (100.00)
Epoch: [211][ 20/101]	Time  0.423 ( 0.421)	Data  0.000 ( 0.044)	Loss 2.5707e-02 (1.6787e-02)	Acc@1  98.44 ( 99.29)	Acc@2 100.00 (100.00)
Epoch: [211][ 30/101]	Time  0.404 ( 0.419)	Data  0.000 ( 0.039)	Loss 4.1426e-02 (1.9860e-02)	Acc@1  98.05 ( 99.13)	Acc@2 100.00 (100.00)
Epoch: [211][ 40/101]	Time  0.419 ( 0.418)	Data  0.000 ( 0.036)	Loss 1.4367e-02 (1.9856e-02)	Acc@1  99.61 ( 99.17)	Acc@2 100.00 (100.00)
Epoch: [211][ 50/101]	Time  0.400 ( 0.418)	Data  0.000 ( 0.034)	Loss 1.3527e-02 (1.9764e-02)	Acc@1  99.22 ( 99.16)	Acc@2 100.00 (100.00)
Epoch: [211][ 60/101]	Time  0.442 ( 0.417)	Data  0.000 ( 0.032)	Loss 5.8377e-03 (1.9165e-02)	Acc@1 100.00 ( 99.21)	Acc@2 100.00 (100.00)
Epoch: [211][ 70/101]	Time  0.399 ( 0.417)	Data  0.000 ( 0.032)	Loss 3.1197e-02 (1.8682e-02)	Acc@1  98.05 ( 99.22)	Acc@2 100.00 (100.00)
Epoch: [211][ 80/101]	Time  0.422 ( 0.418)	Data  0.000 ( 0.031)	Loss 1.4842e-02 (1.9585e-02)	Acc@1  99.22 ( 99.21)	Acc@2 100.00 (100.00)
Epoch: [211][ 90/101]	Time  0.403 ( 0.417)	Data  0.000 ( 0.030)	Loss 8.1750e-03 (1.8976e-02)	Acc@1 100.00 ( 99.26)	Acc@2 100.00 (100.00)
Epoch: [211][100/101]	Time  0.387 ( 0.417)	Data  0.000 ( 0.030)	Loss 1.0404e-02 (1.8778e-02)	Acc@1 100.00 ( 99.29)	Acc@2 100.00 (100.00)
Test: [ 0/34]	Time  0.546 ( 0.546)	Loss 8.2871e-04 (8.2871e-04)	Acc@1 100.00 (100.00)	Acc@2 100.00 (100.00)
Test: [10/34]	Time  0.123 ( 0.165)	Loss 5.1738e-03 (2.1587e-02)	Acc@1  99.61 ( 99.68)	Acc@2 100.00 (100.00)
Test: [20/34]	Time  0.126 ( 0.145)	Loss 1.0144e-03 (2.1445e-02)	Acc@1 100.00 ( 99.68)	Acc@2 100.00 (100.00)
Test: [30/34]	Time  0.122 ( 0.138)	Loss 2.0488e-03 (1.7882e-02)	Acc@1 100.00 ( 99.71)	Acc@2 100.00 (100.00)
 * Acc@1 99.721 Acc@2 100.000
Epoch: [212][  0/101]	Time  0.681 ( 0.681)	Data  0.524 ( 0.524)	Loss 3.4252e-02 (3.4252e-02)	Acc@1  98.05 ( 98.05)	Acc@2 100.00 (100.00)
Epoch: [212][ 10/101]	Time  0.446 ( 0.444)	Data  0.000 ( 0.070)	Loss 2.9165e-02 (2.4522e-02)	Acc@1  99.61 ( 99.11)	Acc@2 100.00 (100.00)
Epoch: [212][ 20/101]	Time  0.413 ( 0.432)	Data  0.000 ( 0.051)	Loss 1.1847e-02 (2.0402e-02)	Acc@1  99.61 ( 99.24)	Acc@2 100.00 (100.00)
Epoch: [212][ 30/101]	Time  0.416 ( 0.427)	Data  0.000 ( 0.043)	Loss 1.5684e-02 (2.0553e-02)	Acc@1  99.22 ( 99.27)	Acc@2 100.00 (100.00)
Epoch: [212][ 40/101]	Time  0.421 ( 0.425)	Data  0.000 ( 0.039)	Loss 1.1731e-02 (1.9549e-02)	Acc@1  99.61 ( 99.27)	Acc@2 100.00 (100.00)
Epoch: [212][ 50/101]	Time  0.412 ( 0.423)	Data  0.000 ( 0.036)	Loss 1.9037e-02 (1.9818e-02)	Acc@1  99.22 ( 99.26)	Acc@2 100.00 (100.00)
Epoch: [212][ 60/101]	Time  0.423 ( 0.422)	Data  0.000 ( 0.034)	Loss 1.7736e-02 (1.9114e-02)	Acc@1  98.44 ( 99.28)	Acc@2 100.00 (100.00)
Epoch: [212][ 70/101]	Time  0.427 ( 0.421)	Data  0.000 ( 0.033)	Loss 1.7808e-02 (1.9851e-02)	Acc@1  99.22 ( 99.24)	Acc@2 100.00 (100.00)
Epoch: [212][ 80/101]	Time  0.432 ( 0.421)	Data  0.000 ( 0.032)	Loss 1.3348e-02 (1.9206e-02)	Acc@1  99.61 ( 99.26)	Acc@2 100.00 (100.00)
Epoch: [212][ 90/101]	Time  0.418 ( 0.421)	Data  0.000 ( 0.031)	Loss 4.0891e-02 (1.9131e-02)	Acc@1  98.44 ( 99.26)	Acc@2 100.00 (100.00)
Epoch: [212][100/101]	Time  0.372 ( 0.420)	Data  0.000 ( 0.031)	Loss 5.4830e-02 (1.9027e-02)	Acc@1  97.95 ( 99.25)	Acc@2 100.00 (100.00)
Test: [ 0/34]	Time  0.522 ( 0.522)	Loss 4.7036e-04 (4.7036e-04)	Acc@1 100.00 (100.00)	Acc@2 100.00 (100.00)
Test: [10/34]	Time  0.122 ( 0.160)	Loss 3.5410e-03 (1.9847e-02)	Acc@1  99.61 ( 99.68)	Acc@2 100.00 (100.00)
Test: [20/34]	Time  0.134 ( 0.144)	Loss 1.4409e-03 (1.9919e-02)	Acc@1 100.00 ( 99.68)	Acc@2 100.00 (100.00)
Test: [30/34]	Time  0.123 ( 0.138)	Loss 2.6830e-03 (1.6984e-02)	Acc@1 100.00 ( 99.71)	Acc@2 100.00 (100.00)
 * Acc@1 99.721 Acc@2 100.000
Epoch: [213][  0/101]	Time  0.627 ( 0.627)	Data  0.471 ( 0.471)	Loss 6.3623e-03 (6.3623e-03)	Acc@1 100.00 (100.00)	Acc@2 100.00 (100.00)
Epoch: [213][ 10/101]	Time  0.427 ( 0.434)	Data  0.000 ( 0.065)	Loss 1.9044e-02 (1.5422e-02)	Acc@1  99.22 ( 99.54)	Acc@2 100.00 (100.00)
Epoch: [213][ 20/101]	Time  0.400 ( 0.425)	Data  0.000 ( 0.046)	Loss 9.2566e-03 (1.9125e-02)	Acc@1  99.61 ( 99.27)	Acc@2 100.00 (100.00)
Epoch: [213][ 30/101]	Time  0.467 ( 0.424)	Data  0.000 ( 0.040)	Loss 2.6830e-02 (1.9664e-02)	Acc@1  99.22 ( 99.24)	Acc@2 100.00 (100.00)
Epoch: [213][ 40/101]	Time  0.401 ( 0.422)	Data  0.000 ( 0.036)	Loss 2.1473e-02 (2.0309e-02)	Acc@1  99.22 ( 99.19)	Acc@2 100.00 (100.00)
Epoch: [213][ 50/101]	Time  0.433 ( 0.422)	Data  0.000 ( 0.034)	Loss 2.9598e-02 (2.0516e-02)	Acc@1  99.22 ( 99.17)	Acc@2 100.00 (100.00)
Epoch: [213][ 60/101]	Time  0.409 ( 0.421)	Data  0.000 ( 0.033)	Loss 1.8970e-02 (1.9744e-02)	Acc@1  99.22 ( 99.21)	Acc@2 100.00 (100.00)
Epoch: [213][ 70/101]	Time  0.421 ( 0.421)	Data  0.000 ( 0.031)	Loss 2.7933e-02 (1.9298e-02)	Acc@1  98.83 ( 99.24)	Acc@2 100.00 (100.00)
Epoch: [213][ 80/101]	Time  0.404 ( 0.420)	Data  0.000 ( 0.031)	Loss 2.4050e-02 (1.9213e-02)	Acc@1  99.22 ( 99.22)	Acc@2 100.00 (100.00)
Epoch: [213][ 90/101]	Time  0.434 ( 0.420)	Data  0.000 ( 0.030)	Loss 1.5204e-02 (1.8718e-02)	Acc@1  99.61 ( 99.23)	Acc@2 100.00 (100.00)
Epoch: [213][100/101]	Time  0.366 ( 0.419)	Data  0.000 ( 0.030)	Loss 4.3351e-03 (1.9050e-02)	Acc@1 100.00 ( 99.23)	Acc@2 100.00 (100.00)
Test: [ 0/34]	Time  0.535 ( 0.535)	Loss 5.9979e-04 (5.9979e-04)	Acc@1 100.00 (100.00)	Acc@2 100.00 (100.00)
Test: [10/34]	Time  0.123 ( 0.166)	Loss 4.1623e-03 (2.0608e-02)	Acc@1  99.61 ( 99.68)	Acc@2 100.00 (100.00)
Test: [20/34]	Time  0.129 ( 0.147)	Loss 1.0932e-03 (2.0498e-02)	Acc@1 100.00 ( 99.68)	Acc@2 100.00 (100.00)
Test: [30/34]	Time  0.128 ( 0.140)	Loss 2.1672e-03 (1.7027e-02)	Acc@1 100.00 ( 99.72)	Acc@2 100.00 (100.00)
 * Acc@1 99.732 Acc@2 100.000
Epoch: [214][  0/101]	Time  0.675 ( 0.675)	Data  0.529 ( 0.529)	Loss 8.3310e-03 (8.3310e-03)	Acc@1  99.61 ( 99.61)	Acc@2 100.00 (100.00)
Epoch: [214][ 10/101]	Time  0.426 ( 0.442)	Data  0.000 ( 0.073)	Loss 1.9034e-02 (1.7908e-02)	Acc@1  99.22 ( 99.15)	Acc@2 100.00 (100.00)
Epoch: [214][ 20/101]	Time  0.415 ( 0.429)	Data  0.000 ( 0.050)	Loss 9.3122e-03 (1.4519e-02)	Acc@1  99.61 ( 99.35)	Acc@2 100.00 (100.00)
Epoch: [214][ 30/101]	Time  0.433 ( 0.426)	Data  0.000 ( 0.043)	Loss 1.1653e-02 (1.4258e-02)	Acc@1  99.61 ( 99.40)	Acc@2 100.00 (100.00)
Epoch: [214][ 40/101]	Time  0.410 ( 0.423)	Data  0.000 ( 0.038)	Loss 8.6655e-03 (1.5604e-02)	Acc@1 100.00 ( 99.33)	Acc@2 100.00 (100.00)
Epoch: [214][ 50/101]	Time  0.414 ( 0.423)	Data  0.000 ( 0.036)	Loss 2.6619e-02 (1.6439e-02)	Acc@1  98.44 ( 99.30)	Acc@2 100.00 (100.00)
Epoch: [214][ 60/101]	Time  0.416 ( 0.422)	Data  0.000 ( 0.034)	Loss 4.3368e-02 (1.6525e-02)	Acc@1  98.44 ( 99.31)	Acc@2 100.00 (100.00)
Epoch: [214][ 70/101]	Time  0.423 ( 0.421)	Data  0.000 ( 0.033)	Loss 2.6990e-02 (1.6837e-02)	Acc@1  98.83 ( 99.32)	Acc@2 100.00 (100.00)
Epoch: [214][ 80/101]	Time  0.416 ( 0.421)	Data  0.000 ( 0.032)	Loss 5.1652e-03 (1.6964e-02)	Acc@1 100.00 ( 99.31)	Acc@2 100.00 (100.00)
Epoch: [214][ 90/101]	Time  0.421 ( 0.421)	Data  0.000 ( 0.032)	Loss 1.4410e-02 (1.6596e-02)	Acc@1  99.22 ( 99.33)	Acc@2 100.00 (100.00)
Epoch: [214][100/101]	Time  0.360 ( 0.419)	Data  0.000 ( 0.031)	Loss 1.7022e-02 (1.6319e-02)	Acc@1  99.32 ( 99.35)	Acc@2 100.00 (100.00)
Test: [ 0/34]	Time  0.716 ( 0.716)	Loss 7.4749e-04 (7.4749e-04)	Acc@1 100.00 (100.00)	Acc@2 100.00 (100.00)
Test: [10/34]	Time  0.123 ( 0.177)	Loss 4.7449e-03 (2.1394e-02)	Acc@1  99.61 ( 99.68)	Acc@2 100.00 (100.00)
Test: [20/34]	Time  0.129 ( 0.153)	Loss 9.9205e-04 (2.1306e-02)	Acc@1 100.00 ( 99.68)	Acc@2 100.00 (100.00)
Test: [30/34]	Time  0.123 ( 0.144)	Loss 2.0574e-03 (1.7745e-02)	Acc@1 100.00 ( 99.71)	Acc@2 100.00 (100.00)
 * Acc@1 99.721 Acc@2 100.000
Epoch: [215][  0/101]	Time  0.604 ( 0.604)	Data  0.449 ( 0.449)	Loss 9.9972e-03 (9.9972e-03)	Acc@1  99.61 ( 99.61)	Acc@2 100.00 (100.00)
Epoch: [215][ 10/101]	Time  0.410 ( 0.431)	Data  0.000 ( 0.064)	Loss 7.4761e-02 (2.1113e-02)	Acc@1  96.88 ( 99.25)	Acc@2 100.00 (100.00)
Epoch: [215][ 20/101]	Time  0.420 ( 0.423)	Data  0.000 ( 0.045)	Loss 2.1650e-03 (1.8024e-02)	Acc@1 100.00 ( 99.35)	Acc@2 100.00 (100.00)
Epoch: [215][ 30/101]	Time  0.399 ( 0.421)	Data  0.000 ( 0.039)	Loss 7.6861e-03 (1.6690e-02)	Acc@1 100.00 ( 99.41)	Acc@2 100.00 (100.00)
Epoch: [215][ 40/101]	Time  0.419 ( 0.419)	Data  0.000 ( 0.036)	Loss 2.5085e-02 (1.6449e-02)	Acc@1  98.83 ( 99.39)	Acc@2 100.00 (100.00)
Epoch: [215][ 50/101]	Time  0.413 ( 0.418)	Data  0.000 ( 0.034)	Loss 7.3398e-03 (1.5408e-02)	Acc@1  99.61 ( 99.44)	Acc@2 100.00 (100.00)
Epoch: [215][ 60/101]	Time  0.416 ( 0.418)	Data  0.000 ( 0.032)	Loss 1.3082e-02 (1.6610e-02)	Acc@1  99.22 ( 99.36)	Acc@2 100.00 (100.00)
Epoch: [215][ 70/101]	Time  0.407 ( 0.418)	Data  0.000 ( 0.031)	Loss 1.4035e-02 (1.7166e-02)	Acc@1  99.22 ( 99.32)	Acc@2 100.00 (100.00)
Epoch: [215][ 80/101]	Time  0.444 ( 0.418)	Data  0.000 ( 0.031)	Loss 9.3615e-03 (1.7281e-02)	Acc@1 100.00 ( 99.33)	Acc@2 100.00 (100.00)
Epoch: [215][ 90/101]	Time  0.405 ( 0.418)	Data  0.000 ( 0.030)	Loss 1.4874e-02 (1.7673e-02)	Acc@1  99.61 ( 99.31)	Acc@2 100.00 (100.00)
Epoch: [215][100/101]	Time  0.385 ( 0.417)	Data  0.000 ( 0.030)	Loss 8.2469e-03 (1.7522e-02)	Acc@1 100.00 ( 99.31)	Acc@2 100.00 (100.00)
Test: [ 0/34]	Time  0.577 ( 0.577)	Loss 7.6426e-04 (7.6426e-04)	Acc@1 100.00 (100.00)	Acc@2 100.00 (100.00)
Test: [10/34]	Time  0.121 ( 0.165)	Loss 5.0669e-03 (2.1177e-02)	Acc@1  99.61 ( 99.68)	Acc@2 100.00 (100.00)
Test: [20/34]	Time  0.123 ( 0.146)	Loss 1.0528e-03 (2.1061e-02)	Acc@1 100.00 ( 99.68)	Acc@2 100.00 (100.00)
Test: [30/34]	Time  0.122 ( 0.139)	Loss 1.9471e-03 (1.7479e-02)	Acc@1 100.00 ( 99.72)	Acc@2 100.00 (100.00)
 * Acc@1 99.732 Acc@2 100.000
Epoch: [216][  0/101]	Time  0.634 ( 0.634)	Data  0.488 ( 0.488)	Loss 2.1413e-02 (2.1413e-02)	Acc@1  99.61 ( 99.61)	Acc@2 100.00 (100.00)
Epoch: [216][ 10/101]	Time  0.436 ( 0.436)	Data  0.000 ( 0.066)	Loss 1.6310e-02 (1.5539e-02)	Acc@1  99.22 ( 99.50)	Acc@2 100.00 (100.00)
Epoch: [216][ 20/101]	Time  0.435 ( 0.429)	Data  0.000 ( 0.047)	Loss 1.5034e-02 (1.4975e-02)	Acc@1  98.83 ( 99.42)	Acc@2 100.00 (100.00)
Epoch: [216][ 30/101]	Time  0.409 ( 0.425)	Data  0.000 ( 0.040)	Loss 2.3279e-02 (1.6707e-02)	Acc@1  98.83 ( 99.40)	Acc@2 100.00 (100.00)
Epoch: [216][ 40/101]	Time  0.419 ( 0.423)	Data  0.000 ( 0.037)	Loss 3.9405e-02 (1.6942e-02)	Acc@1  98.44 ( 99.36)	Acc@2 100.00 (100.00)
Epoch: [216][ 50/101]	Time  0.425 ( 0.422)	Data  0.000 ( 0.035)	Loss 1.5048e-02 (1.6763e-02)	Acc@1  99.61 ( 99.36)	Acc@2 100.00 (100.00)
Epoch: [216][ 60/101]	Time  0.495 ( 0.423)	Data  0.000 ( 0.034)	Loss 3.9787e-02 (1.7742e-02)	Acc@1  99.22 ( 99.35)	Acc@2 100.00 (100.00)
Epoch: [216][ 70/101]	Time  0.418 ( 0.422)	Data  0.000 ( 0.032)	Loss 5.9811e-02 (1.7865e-02)	Acc@1  96.88 ( 99.33)	Acc@2 100.00 (100.00)
Epoch: [216][ 80/101]	Time  0.413 ( 0.421)	Data  0.000 ( 0.031)	Loss 4.4752e-03 (1.7250e-02)	Acc@1 100.00 ( 99.34)	Acc@2 100.00 (100.00)
Epoch: [216][ 90/101]	Time  0.442 ( 0.421)	Data  0.000 ( 0.031)	Loss 1.4547e-02 (1.7613e-02)	Acc@1  99.61 ( 99.34)	Acc@2 100.00 (100.00)
Epoch: [216][100/101]	Time  0.382 ( 0.420)	Data  0.000 ( 0.030)	Loss 5.1295e-03 (1.7211e-02)	Acc@1 100.00 ( 99.35)	Acc@2 100.00 (100.00)
Test: [ 0/34]	Time  0.589 ( 0.589)	Loss 7.4253e-04 (7.4253e-04)	Acc@1 100.00 (100.00)	Acc@2 100.00 (100.00)
Test: [10/34]	Time  0.123 ( 0.167)	Loss 4.9819e-03 (2.1230e-02)	Acc@1  99.61 ( 99.68)	Acc@2 100.00 (100.00)
Test: [20/34]	Time  0.133 ( 0.147)	Loss 1.0344e-03 (2.1089e-02)	Acc@1 100.00 ( 99.68)	Acc@2 100.00 (100.00)
Test: [30/34]	Time  0.123 ( 0.140)	Loss 1.8860e-03 (1.7325e-02)	Acc@1 100.00 ( 99.72)	Acc@2 100.00 (100.00)
 * Acc@1 99.732 Acc@2 100.000
Epoch: [217][  0/101]	Time  0.601 ( 0.601)	Data  0.453 ( 0.453)	Loss 1.2727e-02 (1.2727e-02)	Acc@1  99.61 ( 99.61)	Acc@2 100.00 (100.00)
Epoch: [217][ 10/101]	Time  0.427 ( 0.434)	Data  0.000 ( 0.064)	Loss 2.6151e-02 (1.4937e-02)	Acc@1  98.44 ( 99.36)	Acc@2 100.00 (100.00)
Epoch: [217][ 20/101]	Time  0.406 ( 0.425)	Data  0.000 ( 0.046)	Loss 1.1028e-02 (1.3024e-02)	Acc@1  99.61 ( 99.50)	Acc@2 100.00 (100.00)
Epoch: [217][ 30/101]	Time  0.422 ( 0.422)	Data  0.000 ( 0.039)	Loss 4.9197e-03 (1.2244e-02)	Acc@1 100.00 ( 99.56)	Acc@2 100.00 (100.00)
Epoch: [217][ 40/101]	Time  0.402 ( 0.421)	Data  0.000 ( 0.036)	Loss 3.6458e-03 (1.4548e-02)	Acc@1 100.00 ( 99.45)	Acc@2 100.00 (100.00)
Epoch: [217][ 50/101]	Time  0.417 ( 0.420)	Data  0.000 ( 0.034)	Loss 2.8150e-02 (1.5035e-02)	Acc@1  98.44 ( 99.40)	Acc@2 100.00 (100.00)
Epoch: [217][ 60/101]	Time  0.404 ( 0.420)	Data  0.000 ( 0.033)	Loss 1.2789e-02 (1.6210e-02)	Acc@1  99.22 ( 99.33)	Acc@2 100.00 (100.00)
Epoch: [217][ 70/101]	Time  0.430 ( 0.420)	Data  0.000 ( 0.032)	Loss 1.4589e-02 (1.7135e-02)	Acc@1  99.22 ( 99.31)	Acc@2 100.00 (100.00)
Epoch: [217][ 80/101]	Time  0.410 ( 0.419)	Data  0.000 ( 0.031)	Loss 1.8500e-02 (1.7181e-02)	Acc@1  99.22 ( 99.29)	Acc@2 100.00 (100.00)
Epoch: [217][ 90/101]	Time  0.422 ( 0.419)	Data  0.000 ( 0.031)	Loss 1.0413e-02 (1.6968e-02)	Acc@1  99.61 ( 99.31)	Acc@2 100.00 (100.00)
Epoch: [217][100/101]	Time  0.364 ( 0.418)	Data  0.000 ( 0.030)	Loss 2.5746e-02 (1.7104e-02)	Acc@1  98.63 ( 99.30)	Acc@2 100.00 (100.00)
Test: [ 0/34]	Time  0.551 ( 0.551)	Loss 6.6938e-04 (6.6938e-04)	Acc@1 100.00 (100.00)	Acc@2 100.00 (100.00)
Test: [10/34]	Time  0.133 ( 0.169)	Loss 4.8496e-03 (2.0714e-02)	Acc@1  99.61 ( 99.68)	Acc@2 100.00 (100.00)
Test: [20/34]	Time  0.123 ( 0.148)	Loss 1.2473e-03 (2.0689e-02)	Acc@1 100.00 ( 99.68)	Acc@2 100.00 (100.00)
Test: [30/34]	Time  0.122 ( 0.140)	Loss 2.1041e-03 (1.7427e-02)	Acc@1 100.00 ( 99.71)	Acc@2 100.00 (100.00)
 * Acc@1 99.721 Acc@2 100.000
Epoch: [218][  0/101]	Time  0.806 ( 0.806)	Data  0.639 ( 0.639)	Loss 7.9594e-03 (7.9594e-03)	Acc@1 100.00 (100.00)	Acc@2 100.00 (100.00)
Epoch: [218][ 10/101]	Time  0.428 ( 0.457)	Data  0.000 ( 0.082)	Loss 3.7697e-03 (1.6885e-02)	Acc@1 100.00 ( 99.29)	Acc@2 100.00 (100.00)
Epoch: [218][ 20/101]	Time  0.403 ( 0.439)	Data  0.000 ( 0.055)	Loss 5.6436e-03 (1.5491e-02)	Acc@1  99.61 ( 99.35)	Acc@2 100.00 (100.00)
Epoch: [218][ 30/101]	Time  0.414 ( 0.431)	Data  0.000 ( 0.046)	Loss 2.1650e-02 (1.6536e-02)	Acc@1  98.83 ( 99.31)	Acc@2 100.00 (100.00)
Epoch: [218][ 40/101]	Time  0.417 ( 0.427)	Data  0.000 ( 0.040)	Loss 1.1514e-02 (1.7193e-02)	Acc@1  99.61 ( 99.32)	Acc@2 100.00 (100.00)
Epoch: [218][ 50/101]	Time  0.437 ( 0.426)	Data  0.000 ( 0.038)	Loss 1.6842e-02 (1.7485e-02)	Acc@1  99.22 ( 99.30)	Acc@2 100.00 (100.00)
Epoch: [218][ 60/101]	Time  0.417 ( 0.424)	Data  0.000 ( 0.036)	Loss 1.8712e-02 (1.7100e-02)	Acc@1  99.22 ( 99.31)	Acc@2 100.00 (100.00)
Epoch: [218][ 70/101]	Time  0.422 ( 0.424)	Data  0.000 ( 0.035)	Loss 3.3080e-02 (1.8218e-02)	Acc@1  98.83 ( 99.26)	Acc@2 100.00 (100.00)
Epoch: [218][ 80/101]	Time  0.426 ( 0.423)	Data  0.000 ( 0.033)	Loss 1.5886e-02 (1.8191e-02)	Acc@1  99.22 ( 99.26)	Acc@2 100.00 (100.00)
Epoch: [218][ 90/101]	Time  0.423 ( 0.422)	Data  0.000 ( 0.033)	Loss 3.8435e-02 (1.8239e-02)	Acc@1  98.44 ( 99.27)	Acc@2 100.00 (100.00)
Epoch: [218][100/101]	Time  0.368 ( 0.421)	Data  0.000 ( 0.032)	Loss 3.8557e-02 (1.8258e-02)	Acc@1  98.63 ( 99.27)	Acc@2 100.00 (100.00)
Test: [ 0/34]	Time  0.639 ( 0.639)	Loss 4.0602e-04 (4.0602e-04)	Acc@1 100.00 (100.00)	Acc@2 100.00 (100.00)
Test: [10/34]	Time  0.122 ( 0.176)	Loss 3.4667e-03 (1.8867e-02)	Acc@1  99.61 ( 99.72)	Acc@2 100.00 (100.00)
Test: [20/34]	Time  0.120 ( 0.152)	Loss 1.7053e-03 (1.9015e-02)	Acc@1 100.00 ( 99.70)	Acc@2 100.00 (100.00)
Test: [30/34]	Time  0.124 ( 0.143)	Loss 3.0738e-03 (1.6510e-02)	Acc@1 100.00 ( 99.68)	Acc@2 100.00 (100.00)
 * Acc@1 99.697 Acc@2 100.000
Epoch: [219][  0/101]	Time  0.621 ( 0.621)	Data  0.475 ( 0.475)	Loss 2.3869e-02 (2.3869e-02)	Acc@1  99.22 ( 99.22)	Acc@2 100.00 (100.00)
Epoch: [219][ 10/101]	Time  0.405 ( 0.435)	Data  0.000 ( 0.068)	Loss 7.1492e-03 (2.5915e-02)	Acc@1 100.00 ( 99.08)	Acc@2 100.00 (100.00)
Epoch: [219][ 20/101]	Time  0.451 ( 0.429)	Data  0.000 ( 0.047)	Loss 3.4010e-02 (2.3008e-02)	Acc@1  98.44 ( 99.14)	Acc@2 100.00 (100.00)
Epoch: [219][ 30/101]	Time  0.414 ( 0.425)	Data  0.000 ( 0.040)	Loss 5.3769e-02 (2.1809e-02)	Acc@1  98.44 ( 99.22)	Acc@2 100.00 (100.00)
Epoch: [219][ 40/101]	Time  0.428 ( 0.423)	Data  0.000 ( 0.036)	Loss 1.1320e-02 (2.0874e-02)	Acc@1  99.61 ( 99.26)	Acc@2 100.00 (100.00)
Epoch: [219][ 50/101]	Time  0.399 ( 0.422)	Data  0.000 ( 0.034)	Loss 6.3096e-03 (1.9967e-02)	Acc@1  99.61 ( 99.30)	Acc@2 100.00 (100.00)
Epoch: [219][ 60/101]	Time  0.432 ( 0.421)	Data  0.000 ( 0.033)	Loss 7.4903e-03 (1.8835e-02)	Acc@1  99.61 ( 99.31)	Acc@2 100.00 (100.00)
Epoch: [219][ 70/101]	Time  0.406 ( 0.421)	Data  0.000 ( 0.032)	Loss 9.2818e-03 (1.8322e-02)	Acc@1  99.61 ( 99.33)	Acc@2 100.00 (100.00)
Epoch: [219][ 80/101]	Time  0.411 ( 0.420)	Data  0.000 ( 0.031)	Loss 3.4481e-03 (1.7837e-02)	Acc@1 100.00 ( 99.35)	Acc@2 100.00 (100.00)
Epoch: [219][ 90/101]	Time  0.443 ( 0.420)	Data  0.000 ( 0.031)	Loss 1.4342e-02 (1.7500e-02)	Acc@1  99.61 ( 99.37)	Acc@2 100.00 (100.00)
Epoch: [219][100/101]	Time  0.382 ( 0.419)	Data  0.000 ( 0.030)	Loss 8.8101e-03 (1.7142e-02)	Acc@1 100.00 ( 99.38)	Acc@2 100.00 (100.00)
Test: [ 0/34]	Time  0.574 ( 0.574)	Loss 7.0282e-04 (7.0282e-04)	Acc@1 100.00 (100.00)	Acc@2 100.00 (100.00)
Test: [10/34]	Time  0.123 ( 0.165)	Loss 4.6843e-03 (2.1101e-02)	Acc@1  99.61 ( 99.68)	Acc@2 100.00 (100.00)
Test: [20/34]	Time  0.133 ( 0.146)	Loss 1.2189e-03 (2.1077e-02)	Acc@1 100.00 ( 99.68)	Acc@2 100.00 (100.00)
Test: [30/34]	Time  0.122 ( 0.139)	Loss 2.3671e-03 (1.7792e-02)	Acc@1 100.00 ( 99.71)	Acc@2 100.00 (100.00)
 * Acc@1 99.721 Acc@2 100.000
Epoch: [220][  0/101]	Time  0.654 ( 0.654)	Data  0.508 ( 0.508)	Loss 7.1767e-03 (7.1767e-03)	Acc@1  99.61 ( 99.61)	Acc@2 100.00 (100.00)
Epoch: [220][ 10/101]	Time  0.414 ( 0.438)	Data  0.000 ( 0.069)	Loss 8.5664e-03 (1.2661e-02)	Acc@1 100.00 ( 99.50)	Acc@2 100.00 (100.00)
Epoch: [220][ 20/101]	Time  0.432 ( 0.429)	Data  0.000 ( 0.049)	Loss 1.8120e-02 (1.1739e-02)	Acc@1  98.83 ( 99.52)	Acc@2 100.00 (100.00)
Epoch: [220][ 30/101]	Time  0.420 ( 0.425)	Data  0.000 ( 0.041)	Loss 1.8899e-02 (1.5742e-02)	Acc@1  99.61 ( 99.40)	Acc@2 100.00 (100.00)
Epoch: [220][ 40/101]	Time  0.427 ( 0.423)	Data  0.000 ( 0.038)	Loss 3.0114e-02 (1.6275e-02)	Acc@1  98.05 ( 99.35)	Acc@2 100.00 (100.00)
Epoch: [220][ 50/101]	Time  0.416 ( 0.422)	Data  0.000 ( 0.035)	Loss 8.1658e-03 (1.6295e-02)	Acc@1  99.61 ( 99.36)	Acc@2 100.00 (100.00)
Epoch: [220][ 60/101]	Time  0.418 ( 0.422)	Data  0.000 ( 0.034)	Loss 2.2382e-02 (1.7311e-02)	Acc@1  99.61 ( 99.32)	Acc@2 100.00 (100.00)
Epoch: [220][ 70/101]	Time  0.433 ( 0.421)	Data  0.000 ( 0.033)	Loss 9.2685e-03 (1.7308e-02)	Acc@1 100.00 ( 99.31)	Acc@2 100.00 (100.00)
Epoch: [220][ 80/101]	Time  0.424 ( 0.421)	Data  0.000 ( 0.032)	Loss 2.9570e-02 (1.8095e-02)	Acc@1  99.22 ( 99.28)	Acc@2 100.00 (100.00)
Epoch: [220][ 90/101]	Time  0.414 ( 0.421)	Data  0.000 ( 0.031)	Loss 5.0808e-03 (1.8288e-02)	Acc@1 100.00 ( 99.29)	Acc@2 100.00 (100.00)
Epoch: [220][100/101]	Time  0.370 ( 0.420)	Data  0.000 ( 0.031)	Loss 1.2133e-02 (1.8281e-02)	Acc@1  99.32 ( 99.30)	Acc@2 100.00 (100.00)
Test: [ 0/34]	Time  0.512 ( 0.512)	Loss 8.8277e-04 (8.8277e-04)	Acc@1 100.00 (100.00)	Acc@2 100.00 (100.00)
Test: [10/34]	Time  0.130 ( 0.160)	Loss 5.3682e-03 (2.1834e-02)	Acc@1  99.61 ( 99.68)	Acc@2 100.00 (100.00)
Test: [20/34]	Time  0.123 ( 0.143)	Loss 9.1385e-04 (2.1640e-02)	Acc@1 100.00 ( 99.68)	Acc@2 100.00 (100.00)
Test: [30/34]	Time  0.123 ( 0.137)	Loss 1.7821e-03 (1.7757e-02)	Acc@1 100.00 ( 99.72)	Acc@2 100.00 (100.00)
 * Acc@1 99.732 Acc@2 100.000
Epoch: [221][  0/101]	Time  0.660 ( 0.660)	Data  0.512 ( 0.512)	Loss 1.8176e-02 (1.8176e-02)	Acc@1  99.22 ( 99.22)	Acc@2 100.00 (100.00)
Epoch: [221][ 10/101]	Time  0.441 ( 0.443)	Data  0.000 ( 0.070)	Loss 2.2459e-03 (2.5254e-02)	Acc@1 100.00 ( 99.18)	Acc@2 100.00 (100.00)
Epoch: [221][ 20/101]	Time  0.404 ( 0.429)	Data  0.000 ( 0.049)	Loss 4.4647e-03 (1.9565e-02)	Acc@1 100.00 ( 99.35)	Acc@2 100.00 (100.00)
Epoch: [221][ 30/101]	Time  0.418 ( 0.425)	Data  0.000 ( 0.041)	Loss 2.2187e-02 (2.0534e-02)	Acc@1  99.22 ( 99.27)	Acc@2 100.00 (100.00)
Epoch: [221][ 40/101]	Time  0.410 ( 0.423)	Data  0.000 ( 0.038)	Loss 1.2942e-02 (1.9793e-02)	Acc@1 100.00 ( 99.31)	Acc@2 100.00 (100.00)
Epoch: [221][ 50/101]	Time  0.435 ( 0.424)	Data  0.000 ( 0.035)	Loss 7.0303e-03 (1.8710e-02)	Acc@1 100.00 ( 99.35)	Acc@2 100.00 (100.00)
Epoch: [221][ 60/101]	Time  0.417 ( 0.424)	Data  0.000 ( 0.034)	Loss 3.0218e-02 (1.8808e-02)	Acc@1  98.83 ( 99.34)	Acc@2 100.00 (100.00)
Epoch: [221][ 70/101]	Time  0.421 ( 0.423)	Data  0.000 ( 0.032)	Loss 2.0260e-02 (1.8821e-02)	Acc@1  98.83 ( 99.32)	Acc@2 100.00 (100.00)
Epoch: [221][ 80/101]	Time  0.405 ( 0.422)	Data  0.000 ( 0.032)	Loss 4.7240e-03 (1.8173e-02)	Acc@1 100.00 ( 99.32)	Acc@2 100.00 (100.00)
Epoch: [221][ 90/101]	Time  0.432 ( 0.422)	Data  0.000 ( 0.031)	Loss 8.7168e-03 (1.7578e-02)	Acc@1 100.00 ( 99.35)	Acc@2 100.00 (100.00)
Epoch: [221][100/101]	Time  0.367 ( 0.421)	Data  0.000 ( 0.031)	Loss 1.4982e-02 (1.7261e-02)	Acc@1  99.32 ( 99.37)	Acc@2 100.00 (100.00)
Test: [ 0/34]	Time  0.543 ( 0.543)	Loss 8.1488e-04 (8.1488e-04)	Acc@1 100.00 (100.00)	Acc@2 100.00 (100.00)
Test: [10/34]	Time  0.122 ( 0.162)	Loss 4.7366e-03 (2.1262e-02)	Acc@1  99.61 ( 99.68)	Acc@2 100.00 (100.00)
Test: [20/34]	Time  0.123 ( 0.144)	Loss 1.0698e-03 (2.1198e-02)	Acc@1 100.00 ( 99.68)	Acc@2 100.00 (100.00)
Test: [30/34]	Time  0.122 ( 0.138)	Loss 2.1699e-03 (1.7798e-02)	Acc@1 100.00 ( 99.71)	Acc@2 100.00 (100.00)
 * Acc@1 99.721 Acc@2 100.000
Epoch: [222][  0/101]	Time  0.577 ( 0.577)	Data  0.421 ( 0.421)	Loss 1.3835e-02 (1.3835e-02)	Acc@1  99.22 ( 99.22)	Acc@2 100.00 (100.00)
Epoch: [222][ 10/101]	Time  0.411 ( 0.437)	Data  0.000 ( 0.063)	Loss 2.1995e-02 (2.6332e-02)	Acc@1  99.22 ( 98.97)	Acc@2 100.00 (100.00)
Epoch: [222][ 20/101]	Time  0.431 ( 0.427)	Data  0.000 ( 0.041)	Loss 8.8061e-03 (2.3377e-02)	Acc@1 100.00 ( 99.13)	Acc@2 100.00 (100.00)
Epoch: [222][ 30/101]	Time  0.410 ( 0.423)	Data  0.000 ( 0.035)	Loss 1.2370e-02 (2.1880e-02)	Acc@1  99.22 ( 99.16)	Acc@2 100.00 (100.00)
Epoch: [222][ 40/101]	Time  0.417 ( 0.421)	Data  0.000 ( 0.032)	Loss 8.3362e-03 (1.9775e-02)	Acc@1  99.61 ( 99.23)	Acc@2 100.00 (100.00)
Epoch: [222][ 50/101]	Time  0.417 ( 0.420)	Data  0.000 ( 0.031)	Loss 1.9317e-02 (1.9796e-02)	Acc@1  99.22 ( 99.24)	Acc@2 100.00 (100.00)
Epoch: [222][ 60/101]	Time  0.424 ( 0.420)	Data  0.000 ( 0.030)	Loss 2.1991e-02 (1.8316e-02)	Acc@1  99.22 ( 99.31)	Acc@2 100.00 (100.00)
Epoch: [222][ 70/101]	Time  0.432 ( 0.420)	Data  0.000 ( 0.029)	Loss 9.3924e-03 (1.7959e-02)	Acc@1 100.00 ( 99.33)	Acc@2 100.00 (100.00)
Epoch: [222][ 80/101]	Time  0.409 ( 0.419)	Data  0.000 ( 0.029)	Loss 4.9998e-03 (1.7516e-02)	Acc@1 100.00 ( 99.35)	Acc@2 100.00 (100.00)
Epoch: [222][ 90/101]	Time  0.429 ( 0.420)	Data  0.000 ( 0.029)	Loss 3.6689e-02 (1.8237e-02)	Acc@1  98.44 ( 99.31)	Acc@2 100.00 (100.00)
Epoch: [222][100/101]	Time  0.365 ( 0.419)	Data  0.000 ( 0.028)	Loss 9.8001e-03 (1.8212e-02)	Acc@1 100.00 ( 99.30)	Acc@2 100.00 (100.00)
Test: [ 0/34]	Time  0.562 ( 0.562)	Loss 9.9633e-04 (9.9633e-04)	Acc@1 100.00 (100.00)	Acc@2 100.00 (100.00)
Test: [10/34]	Time  0.123 ( 0.164)	Loss 6.4849e-03 (2.2570e-02)	Acc@1  99.61 ( 99.64)	Acc@2 100.00 (100.00)
Test: [20/34]	Time  0.124 ( 0.146)	Loss 7.9641e-04 (2.2186e-02)	Acc@1 100.00 ( 99.67)	Acc@2 100.00 (100.00)
Test: [30/34]	Time  0.122 ( 0.139)	Loss 1.5539e-03 (1.7938e-02)	Acc@1 100.00 ( 99.71)	Acc@2 100.00 (100.00)
 * Acc@1 99.721 Acc@2 100.000
Epoch: [223][  0/101]	Time  0.843 ( 0.843)	Data  0.676 ( 0.676)	Loss 5.2888e-03 (5.2888e-03)	Acc@1 100.00 (100.00)	Acc@2 100.00 (100.00)
Epoch: [223][ 10/101]	Time  0.444 ( 0.458)	Data  0.000 ( 0.084)	Loss 1.4798e-02 (1.3207e-02)	Acc@1  98.83 ( 99.50)	Acc@2 100.00 (100.00)
Epoch: [223][ 20/101]	Time  0.413 ( 0.437)	Data  0.000 ( 0.056)	Loss 2.6468e-02 (1.5532e-02)	Acc@1  99.22 ( 99.46)	Acc@2 100.00 (100.00)
Epoch: [223][ 30/101]	Time  0.401 ( 0.430)	Data  0.000 ( 0.046)	Loss 6.8401e-03 (1.7950e-02)	Acc@1 100.00 ( 99.37)	Acc@2 100.00 (100.00)
Epoch: [223][ 40/101]	Time  0.423 ( 0.426)	Data  0.000 ( 0.041)	Loss 2.0226e-02 (1.6655e-02)	Acc@1  99.22 ( 99.37)	Acc@2 100.00 (100.00)
Epoch: [223][ 50/101]	Time  0.399 ( 0.424)	Data  0.000 ( 0.038)	Loss 2.6651e-02 (1.5764e-02)	Acc@1  99.22 ( 99.39)	Acc@2 100.00 (100.00)
Epoch: [223][ 60/101]	Time  0.413 ( 0.423)	Data  0.000 ( 0.036)	Loss 1.1273e-02 (1.5494e-02)	Acc@1  99.61 ( 99.40)	Acc@2 100.00 (100.00)
Epoch: [223][ 70/101]	Time  0.397 ( 0.422)	Data  0.000 ( 0.035)	Loss 1.3587e-02 (1.5810e-02)	Acc@1  99.61 ( 99.41)	Acc@2 100.00 (100.00)
Epoch: [223][ 80/101]	Time  0.429 ( 0.421)	Data  0.000 ( 0.034)	Loss 1.0349e-02 (1.6265e-02)	Acc@1  99.22 ( 99.40)	Acc@2 100.00 (100.00)
Epoch: [223][ 90/101]	Time  0.404 ( 0.422)	Data  0.000 ( 0.033)	Loss 1.8736e-02 (1.6558e-02)	Acc@1  99.61 ( 99.39)	Acc@2 100.00 (100.00)
Epoch: [223][100/101]	Time  0.389 ( 0.421)	Data  0.000 ( 0.033)	Loss 3.9096e-02 (1.6594e-02)	Acc@1  97.95 ( 99.39)	Acc@2 100.00 (100.00)
Test: [ 0/34]	Time  0.558 ( 0.558)	Loss 8.1359e-04 (8.1359e-04)	Acc@1 100.00 (100.00)	Acc@2 100.00 (100.00)
Test: [10/34]	Time  0.128 ( 0.164)	Loss 5.7539e-03 (2.1809e-02)	Acc@1  99.61 ( 99.64)	Acc@2 100.00 (100.00)
Test: [20/34]	Time  0.127 ( 0.146)	Loss 1.0274e-03 (2.1584e-02)	Acc@1 100.00 ( 99.67)	Acc@2 100.00 (100.00)
Test: [30/34]	Time  0.123 ( 0.139)	Loss 1.8553e-03 (1.7701e-02)	Acc@1 100.00 ( 99.71)	Acc@2 100.00 (100.00)
 * Acc@1 99.721 Acc@2 100.000
Epoch: [224][  0/101]	Time  0.679 ( 0.679)	Data  0.520 ( 0.520)	Loss 2.0219e-02 (2.0219e-02)	Acc@1  99.61 ( 99.61)	Acc@2 100.00 (100.00)
Epoch: [224][ 10/101]	Time  0.420 ( 0.450)	Data  0.000 ( 0.070)	Loss 3.2004e-02 (1.5638e-02)	Acc@1  98.83 ( 99.40)	Acc@2 100.00 (100.00)
Epoch: [224][ 20/101]	Time  0.436 ( 0.440)	Data  0.000 ( 0.049)	Loss 1.5400e-02 (1.4713e-02)	Acc@1  99.61 ( 99.40)	Acc@2 100.00 (100.00)
Epoch: [224][ 30/101]	Time  0.413 ( 0.433)	Data  0.000 ( 0.041)	Loss 1.3249e-02 (1.4787e-02)	Acc@1  99.61 ( 99.41)	Acc@2 100.00 (100.00)
Epoch: [224][ 40/101]	Time  0.421 ( 0.430)	Data  0.000 ( 0.038)	Loss 6.9209e-03 (1.6012e-02)	Acc@1 100.00 ( 99.37)	Acc@2 100.00 (100.00)
Epoch: [224][ 50/101]	Time  0.423 ( 0.427)	Data  0.000 ( 0.035)	Loss 1.9969e-02 (1.6699e-02)	Acc@1  99.22 ( 99.33)	Acc@2 100.00 (100.00)
Epoch: [224][ 60/101]	Time  0.427 ( 0.427)	Data  0.000 ( 0.034)	Loss 4.5414e-03 (1.7539e-02)	Acc@1 100.00 ( 99.30)	Acc@2 100.00 (100.00)
Epoch: [224][ 70/101]	Time  0.427 ( 0.427)	Data  0.000 ( 0.033)	Loss 2.4737e-02 (1.7063e-02)	Acc@1  99.22 ( 99.34)	Acc@2 100.00 (100.00)
Epoch: [224][ 80/101]	Time  0.454 ( 0.429)	Data  0.000 ( 0.032)	Loss 8.6200e-03 (1.6796e-02)	Acc@1 100.00 ( 99.36)	Acc@2 100.00 (100.00)
Epoch: [224][ 90/101]	Time  0.437 ( 0.431)	Data  0.000 ( 0.031)	Loss 7.9489e-03 (1.6570e-02)	Acc@1  99.61 ( 99.37)	Acc@2 100.00 (100.00)
Epoch: [224][100/101]	Time  0.403 ( 0.430)	Data  0.000 ( 0.031)	Loss 6.5034e-02 (1.6628e-02)	Acc@1  97.95 ( 99.36)	Acc@2 100.00 (100.00)
Test: [ 0/34]	Time  0.584 ( 0.584)	Loss 8.1852e-04 (8.1852e-04)	Acc@1 100.00 (100.00)	Acc@2 100.00 (100.00)
Test: [10/34]	Time  0.124 ( 0.166)	Loss 5.4346e-03 (2.1711e-02)	Acc@1  99.61 ( 99.64)	Acc@2 100.00 (100.00)
Test: [20/34]	Time  0.123 ( 0.147)	Loss 9.6001e-04 (2.1484e-02)	Acc@1 100.00 ( 99.67)	Acc@2 100.00 (100.00)
Test: [30/34]	Time  0.122 ( 0.140)	Loss 1.8194e-03 (1.7665e-02)	Acc@1 100.00 ( 99.71)	Acc@2 100.00 (100.00)
 * Acc@1 99.721 Acc@2 100.000
Epoch: [225][  0/101]	Time  0.636 ( 0.636)	Data  0.481 ( 0.481)	Loss 1.9977e-02 (1.9977e-02)	Acc@1  99.22 ( 99.22)	Acc@2 100.00 (100.00)
Epoch: [225][ 10/101]	Time  0.413 ( 0.435)	Data  0.000 ( 0.066)	Loss 1.6295e-02 (2.1682e-02)	Acc@1  99.22 ( 99.18)	Acc@2 100.00 (100.00)
Epoch: [225][ 20/101]	Time  0.406 ( 0.433)	Data  0.000 ( 0.048)	Loss 1.0052e-02 (1.8025e-02)	Acc@1  99.61 ( 99.29)	Acc@2 100.00 (100.00)
Epoch: [225][ 30/101]	Time  0.462 ( 0.433)	Data  0.000 ( 0.041)	Loss 2.1679e-03 (1.6341e-02)	Acc@1 100.00 ( 99.40)	Acc@2 100.00 (100.00)
Epoch: [225][ 40/101]	Time  0.410 ( 0.432)	Data  0.000 ( 0.037)	Loss 8.4625e-03 (1.6940e-02)	Acc@1 100.00 ( 99.40)	Acc@2 100.00 (100.00)
Epoch: [225][ 50/101]	Time  0.440 ( 0.431)	Data  0.000 ( 0.035)	Loss 2.6542e-02 (1.8000e-02)	Acc@1  98.83 ( 99.36)	Acc@2 100.00 (100.00)
Epoch: [225][ 60/101]	Time  0.408 ( 0.431)	Data  0.000 ( 0.034)	Loss 2.8546e-03 (1.7659e-02)	Acc@1 100.00 ( 99.37)	Acc@2 100.00 (100.00)
Epoch: [225][ 70/101]	Time  0.460 ( 0.430)	Data  0.000 ( 0.033)	Loss 3.6369e-03 (1.6839e-02)	Acc@1 100.00 ( 99.38)	Acc@2 100.00 (100.00)
Epoch: [225][ 80/101]	Time  0.414 ( 0.430)	Data  0.000 ( 0.032)	Loss 1.2157e-02 (1.6425e-02)	Acc@1  99.22 ( 99.37)	Acc@2 100.00 (100.00)
Epoch: [225][ 90/101]	Time  0.437 ( 0.430)	Data  0.000 ( 0.031)	Loss 1.4211e-02 (1.6457e-02)	Acc@1  99.61 ( 99.37)	Acc@2 100.00 (100.00)
Epoch: [225][100/101]	Time  0.359 ( 0.429)	Data  0.000 ( 0.031)	Loss 9.3136e-03 (1.6499e-02)	Acc@1 100.00 ( 99.36)	Acc@2 100.00 (100.00)
Test: [ 0/34]	Time  0.547 ( 0.547)	Loss 6.5961e-04 (6.5961e-04)	Acc@1 100.00 (100.00)	Acc@2 100.00 (100.00)
Test: [10/34]	Time  0.120 ( 0.165)	Loss 5.0307e-03 (2.1194e-02)	Acc@1  99.61 ( 99.68)	Acc@2 100.00 (100.00)
Test: [20/34]	Time  0.123 ( 0.146)	Loss 1.1118e-03 (2.1054e-02)	Acc@1 100.00 ( 99.68)	Acc@2 100.00 (100.00)
Test: [30/34]	Time  0.122 ( 0.139)	Loss 2.0676e-03 (1.7469e-02)	Acc@1 100.00 ( 99.72)	Acc@2 100.00 (100.00)
 * Acc@1 99.732 Acc@2 100.000
Epoch: [226][  0/101]	Time  0.642 ( 0.642)	Data  0.477 ( 0.477)	Loss 9.8728e-03 (9.8728e-03)	Acc@1  99.61 ( 99.61)	Acc@2 100.00 (100.00)
Epoch: [226][ 10/101]	Time  0.441 ( 0.441)	Data  0.000 ( 0.067)	Loss 4.2725e-02 (1.5171e-02)	Acc@1  98.83 ( 99.40)	Acc@2 100.00 (100.00)
Epoch: [226][ 20/101]	Time  0.423 ( 0.433)	Data  0.000 ( 0.047)	Loss 9.9496e-03 (1.6451e-02)	Acc@1  99.22 ( 99.39)	Acc@2 100.00 (100.00)
Epoch: [226][ 30/101]	Time  0.445 ( 0.431)	Data  0.000 ( 0.040)	Loss 2.3391e-02 (1.7568e-02)	Acc@1  98.83 ( 99.31)	Acc@2 100.00 (100.00)
Epoch: [226][ 40/101]	Time  0.435 ( 0.432)	Data  0.000 ( 0.036)	Loss 3.1182e-03 (1.6487e-02)	Acc@1 100.00 ( 99.37)	Acc@2 100.00 (100.00)
Epoch: [226][ 50/101]	Time  0.416 ( 0.430)	Data  0.000 ( 0.034)	Loss 4.4202e-02 (1.7136e-02)	Acc@1  98.44 ( 99.36)	Acc@2 100.00 (100.00)
Epoch: [226][ 60/101]	Time  0.414 ( 0.428)	Data  0.000 ( 0.033)	Loss 2.6065e-02 (1.8200e-02)	Acc@1  98.83 ( 99.33)	Acc@2 100.00 (100.00)
Epoch: [226][ 70/101]	Time  0.453 ( 0.427)	Data  0.000 ( 0.032)	Loss 1.5706e-02 (1.8762e-02)	Acc@1  99.22 ( 99.28)	Acc@2 100.00 (100.00)
Epoch: [226][ 80/101]	Time  0.424 ( 0.426)	Data  0.000 ( 0.031)	Loss 2.6670e-02 (1.8931e-02)	Acc@1  99.61 ( 99.27)	Acc@2 100.00 (100.00)
Epoch: [226][ 90/101]	Time  0.435 ( 0.425)	Data  0.000 ( 0.031)	Loss 9.2300e-03 (1.8396e-02)	Acc@1  99.22 ( 99.29)	Acc@2 100.00 (100.00)
Epoch: [226][100/101]	Time  0.362 ( 0.424)	Data  0.000 ( 0.030)	Loss 1.8262e-02 (1.7650e-02)	Acc@1  98.63 ( 99.31)	Acc@2 100.00 (100.00)
Test: [ 0/34]	Time  0.598 ( 0.598)	Loss 8.4884e-04 (8.4884e-04)	Acc@1 100.00 (100.00)	Acc@2 100.00 (100.00)
Test: [10/34]	Time  0.129 ( 0.167)	Loss 5.0955e-03 (2.1542e-02)	Acc@1  99.61 ( 99.68)	Acc@2 100.00 (100.00)
Test: [20/34]	Time  0.124 ( 0.147)	Loss 9.4025e-04 (2.1362e-02)	Acc@1 100.00 ( 99.68)	Acc@2 100.00 (100.00)
Test: [30/34]	Time  0.123 ( 0.139)	Loss 1.7243e-03 (1.7518e-02)	Acc@1 100.00 ( 99.72)	Acc@2 100.00 (100.00)
 * Acc@1 99.732 Acc@2 100.000
Epoch: [227][  0/101]	Time  0.572 ( 0.572)	Data  0.428 ( 0.428)	Loss 2.3831e-02 (2.3831e-02)	Acc@1  98.44 ( 98.44)	Acc@2 100.00 (100.00)
Epoch: [227][ 10/101]	Time  0.400 ( 0.431)	Data  0.000 ( 0.064)	Loss 4.4910e-03 (2.1001e-02)	Acc@1 100.00 ( 99.01)	Acc@2 100.00 (100.00)
Epoch: [227][ 20/101]	Time  0.425 ( 0.424)	Data  0.000 ( 0.046)	Loss 5.0134e-03 (1.8790e-02)	Acc@1 100.00 ( 99.13)	Acc@2 100.00 (100.00)
Epoch: [227][ 30/101]	Time  0.409 ( 0.422)	Data  0.000 ( 0.040)	Loss 4.3861e-02 (1.8534e-02)	Acc@1  97.66 ( 99.18)	Acc@2 100.00 (100.00)
Epoch: [227][ 40/101]	Time  0.412 ( 0.421)	Data  0.000 ( 0.036)	Loss 8.7158e-03 (1.9018e-02)	Acc@1 100.00 ( 99.13)	Acc@2 100.00 (100.00)
Epoch: [227][ 50/101]	Time  0.402 ( 0.420)	Data  0.000 ( 0.034)	Loss 3.9962e-02 (1.9499e-02)	Acc@1  98.44 ( 99.12)	Acc@2 100.00 (100.00)
Epoch: [227][ 60/101]	Time  0.421 ( 0.419)	Data  0.000 ( 0.033)	Loss 1.4957e-02 (1.8863e-02)	Acc@1  99.22 ( 99.16)	Acc@2 100.00 (100.00)
Epoch: [227][ 70/101]	Time  0.406 ( 0.419)	Data  0.000 ( 0.032)	Loss 1.8253e-02 (1.8036e-02)	Acc@1  99.22 ( 99.22)	Acc@2 100.00 (100.00)
Epoch: [227][ 80/101]	Time  0.403 ( 0.419)	Data  0.000 ( 0.031)	Loss 1.6267e-02 (1.7963e-02)	Acc@1  99.22 ( 99.24)	Acc@2 100.00 (100.00)
Epoch: [227][ 90/101]	Time  0.402 ( 0.418)	Data  0.000 ( 0.030)	Loss 4.6287e-03 (1.7996e-02)	Acc@1  99.61 ( 99.23)	Acc@2 100.00 (100.00)
Epoch: [227][100/101]	Time  0.390 ( 0.418)	Data  0.000 ( 0.030)	Loss 1.3260e-02 (1.7916e-02)	Acc@1  99.32 ( 99.23)	Acc@2 100.00 (100.00)
Test: [ 0/34]	Time  0.563 ( 0.563)	Loss 4.5622e-04 (4.5622e-04)	Acc@1 100.00 (100.00)	Acc@2 100.00 (100.00)
Test: [10/34]	Time  0.129 ( 0.166)	Loss 2.9668e-03 (1.9326e-02)	Acc@1  99.61 ( 99.68)	Acc@2 100.00 (100.00)
Test: [20/34]	Time  0.123 ( 0.146)	Loss 1.5024e-03 (1.9517e-02)	Acc@1 100.00 ( 99.68)	Acc@2 100.00 (100.00)
Test: [30/34]	Time  0.122 ( 0.139)	Loss 3.2601e-03 (1.7183e-02)	Acc@1 100.00 ( 99.68)	Acc@2 100.00 (100.00)
 * Acc@1 99.697 Acc@2 100.000
Epoch: [228][  0/101]	Time  0.612 ( 0.612)	Data  0.464 ( 0.464)	Loss 1.8467e-02 (1.8467e-02)	Acc@1  99.61 ( 99.61)	Acc@2 100.00 (100.00)
Epoch: [228][ 10/101]	Time  0.419 ( 0.434)	Data  0.000 ( 0.065)	Loss 2.9576e-02 (1.8748e-02)	Acc@1  98.83 ( 99.25)	Acc@2 100.00 (100.00)
Epoch: [228][ 20/101]	Time  0.415 ( 0.425)	Data  0.000 ( 0.047)	Loss 1.5666e-02 (1.7699e-02)	Acc@1  99.22 ( 99.22)	Acc@2 100.00 (100.00)
Epoch: [228][ 30/101]	Time  0.428 ( 0.423)	Data  0.000 ( 0.040)	Loss 2.5942e-02 (1.9532e-02)	Acc@1  99.22 ( 99.17)	Acc@2 100.00 (100.00)
Epoch: [228][ 40/101]	Time  0.419 ( 0.422)	Data  0.000 ( 0.037)	Loss 1.2650e-02 (1.8656e-02)	Acc@1  99.61 ( 99.22)	Acc@2 100.00 (100.00)
Epoch: [228][ 50/101]	Time  0.414 ( 0.421)	Data  0.000 ( 0.035)	Loss 4.3642e-02 (1.8669e-02)	Acc@1  98.83 ( 99.25)	Acc@2 100.00 (100.00)
Epoch: [228][ 60/101]	Time  0.410 ( 0.420)	Data  0.000 ( 0.033)	Loss 2.1190e-02 (1.8558e-02)	Acc@1  99.61 ( 99.25)	Acc@2 100.00 (100.00)
Epoch: [228][ 70/101]	Time  0.427 ( 0.420)	Data  0.000 ( 0.032)	Loss 3.0996e-02 (1.8308e-02)	Acc@1  98.05 ( 99.26)	Acc@2 100.00 (100.00)
Epoch: [228][ 80/101]	Time  0.430 ( 0.420)	Data  0.000 ( 0.031)	Loss 1.2832e-02 (1.8518e-02)	Acc@1 100.00 ( 99.26)	Acc@2 100.00 (100.00)
Epoch: [228][ 90/101]	Time  0.418 ( 0.419)	Data  0.000 ( 0.031)	Loss 7.3221e-03 (1.8337e-02)	Acc@1 100.00 ( 99.28)	Acc@2 100.00 (100.00)
Epoch: [228][100/101]	Time  0.375 ( 0.419)	Data  0.000 ( 0.030)	Loss 7.5655e-03 (1.8848e-02)	Acc@1 100.00 ( 99.26)	Acc@2 100.00 (100.00)
Test: [ 0/34]	Time  0.524 ( 0.524)	Loss 1.0332e-03 (1.0332e-03)	Acc@1 100.00 (100.00)	Acc@2 100.00 (100.00)
Test: [10/34]	Time  0.134 ( 0.161)	Loss 6.6234e-03 (2.2624e-02)	Acc@1  99.61 ( 99.64)	Acc@2 100.00 (100.00)
Test: [20/34]	Time  0.122 ( 0.144)	Loss 7.6997e-04 (2.2247e-02)	Acc@1 100.00 ( 99.67)	Acc@2 100.00 (100.00)
Test: [30/34]	Time  0.127 ( 0.138)	Loss 1.4377e-03 (1.7848e-02)	Acc@1 100.00 ( 99.71)	Acc@2 100.00 (100.00)
 * Acc@1 99.721 Acc@2 100.000
Epoch: [229][  0/101]	Time  0.591 ( 0.591)	Data  0.445 ( 0.445)	Loss 3.7126e-02 (3.7126e-02)	Acc@1  98.83 ( 98.83)	Acc@2 100.00 (100.00)
Epoch: [229][ 10/101]	Time  0.426 ( 0.431)	Data  0.000 ( 0.063)	Loss 4.0544e-02 (2.0704e-02)	Acc@1  98.83 ( 99.25)	Acc@2 100.00 (100.00)
Epoch: [229][ 20/101]	Time  0.408 ( 0.424)	Data  0.000 ( 0.046)	Loss 1.9403e-02 (2.0182e-02)	Acc@1  99.22 ( 99.24)	Acc@2 100.00 (100.00)
Epoch: [229][ 30/101]	Time  0.423 ( 0.422)	Data  0.000 ( 0.039)	Loss 1.1025e-02 (2.0145e-02)	Acc@1  99.22 ( 99.19)	Acc@2 100.00 (100.00)
Epoch: [229][ 40/101]	Time  0.403 ( 0.421)	Data  0.000 ( 0.036)	Loss 1.3162e-02 (1.9323e-02)	Acc@1  99.22 ( 99.24)	Acc@2 100.00 (100.00)
Epoch: [229][ 50/101]	Time  0.435 ( 0.420)	Data  0.000 ( 0.033)	Loss 2.0324e-02 (1.9213e-02)	Acc@1  99.22 ( 99.26)	Acc@2 100.00 (100.00)
Epoch: [229][ 60/101]	Time  0.409 ( 0.420)	Data  0.000 ( 0.032)	Loss 2.5105e-02 (2.0194e-02)	Acc@1  98.83 ( 99.19)	Acc@2 100.00 (100.00)
Epoch: [229][ 70/101]	Time  0.422 ( 0.420)	Data  0.000 ( 0.031)	Loss 2.6529e-02 (2.0519e-02)	Acc@1  98.83 ( 99.16)	Acc@2 100.00 (100.00)
Epoch: [229][ 80/101]	Time  0.410 ( 0.419)	Data  0.000 ( 0.031)	Loss 2.5854e-02 (2.0623e-02)	Acc@1  98.83 ( 99.16)	Acc@2 100.00 (100.00)
Epoch: [229][ 90/101]	Time  0.437 ( 0.419)	Data  0.000 ( 0.030)	Loss 1.4726e-02 (2.0818e-02)	Acc@1  99.22 ( 99.15)	Acc@2 100.00 (100.00)
Epoch: [229][100/101]	Time  0.366 ( 0.418)	Data  0.000 ( 0.030)	Loss 2.4781e-02 (2.0519e-02)	Acc@1  99.32 ( 99.18)	Acc@2 100.00 (100.00)
Test: [ 0/34]	Time  0.524 ( 0.524)	Loss 7.4512e-04 (7.4512e-04)	Acc@1 100.00 (100.00)	Acc@2 100.00 (100.00)
Test: [10/34]	Time  0.121 ( 0.160)	Loss 4.9839e-03 (2.1184e-02)	Acc@1  99.61 ( 99.68)	Acc@2 100.00 (100.00)
Test: [20/34]	Time  0.123 ( 0.143)	Loss 1.1026e-03 (2.1131e-02)	Acc@1 100.00 ( 99.68)	Acc@2 100.00 (100.00)
Test: [30/34]	Time  0.124 ( 0.137)	Loss 2.1184e-03 (1.7775e-02)	Acc@1 100.00 ( 99.71)	Acc@2 100.00 (100.00)
 * Acc@1 99.721 Acc@2 100.000
Epoch: [230][  0/101]	Time  0.608 ( 0.608)	Data  0.461 ( 0.461)	Loss 1.3672e-02 (1.3672e-02)	Acc@1  99.22 ( 99.22)	Acc@2 100.00 (100.00)
Epoch: [230][ 10/101]	Time  0.414 ( 0.433)	Data  0.000 ( 0.067)	Loss 9.7331e-03 (1.6016e-02)	Acc@1  99.61 ( 99.40)	Acc@2 100.00 (100.00)
Epoch: [230][ 20/101]	Time  0.436 ( 0.426)	Data  0.000 ( 0.047)	Loss 1.1312e-02 (1.7363e-02)	Acc@1  99.61 ( 99.31)	Acc@2 100.00 (100.00)
Epoch: [230][ 30/101]	Time  0.430 ( 0.423)	Data  0.000 ( 0.040)	Loss 5.5270e-03 (1.5513e-02)	Acc@1 100.00 ( 99.37)	Acc@2 100.00 (100.00)
Epoch: [230][ 40/101]	Time  0.418 ( 0.422)	Data  0.000 ( 0.036)	Loss 1.2500e-02 (1.4693e-02)	Acc@1  99.61 ( 99.43)	Acc@2 100.00 (100.00)
Epoch: [230][ 50/101]	Time  0.429 ( 0.421)	Data  0.000 ( 0.034)	Loss 1.4016e-02 (1.5440e-02)	Acc@1  99.22 ( 99.38)	Acc@2 100.00 (100.00)
Epoch: [230][ 60/101]	Time  0.438 ( 0.420)	Data  0.000 ( 0.033)	Loss 1.9318e-02 (1.5344e-02)	Acc@1  98.44 ( 99.38)	Acc@2 100.00 (100.00)
Epoch: [230][ 70/101]	Time  0.428 ( 0.420)	Data  0.000 ( 0.032)	Loss 1.0956e-02 (1.5250e-02)	Acc@1 100.00 ( 99.40)	Acc@2 100.00 (100.00)
Epoch: [230][ 80/101]	Time  0.410 ( 0.419)	Data  0.000 ( 0.031)	Loss 1.1414e-02 (1.4812e-02)	Acc@1  99.61 ( 99.43)	Acc@2 100.00 (100.00)
Epoch: [230][ 90/101]	Time  0.418 ( 0.419)	Data  0.000 ( 0.031)	Loss 1.5456e-02 (1.5223e-02)	Acc@1  99.22 ( 99.39)	Acc@2 100.00 (100.00)
Epoch: [230][100/101]	Time  0.355 ( 0.418)	Data  0.000 ( 0.030)	Loss 2.0169e-02 (1.5558e-02)	Acc@1  98.63 ( 99.37)	Acc@2 100.00 (100.00)
Test: [ 0/34]	Time  0.574 ( 0.574)	Loss 8.6296e-04 (8.6296e-04)	Acc@1 100.00 (100.00)	Acc@2 100.00 (100.00)
Test: [10/34]	Time  0.123 ( 0.165)	Loss 5.2127e-03 (2.1877e-02)	Acc@1  99.61 ( 99.68)	Acc@2 100.00 (100.00)
Test: [20/34]	Time  0.122 ( 0.146)	Loss 9.4743e-04 (2.1753e-02)	Acc@1 100.00 ( 99.68)	Acc@2 100.00 (100.00)
Test: [30/34]	Time  0.122 ( 0.139)	Loss 1.9264e-03 (1.8010e-02)	Acc@1 100.00 ( 99.72)	Acc@2 100.00 (100.00)
 * Acc@1 99.732 Acc@2 100.000
Epoch: [231][  0/101]	Time  0.570 ( 0.570)	Data  0.423 ( 0.423)	Loss 2.5742e-03 (2.5742e-03)	Acc@1 100.00 (100.00)	Acc@2 100.00 (100.00)
Epoch: [231][ 10/101]	Time  0.406 ( 0.431)	Data  0.000 ( 0.063)	Loss 1.1999e-02 (1.5823e-02)	Acc@1  99.61 ( 99.43)	Acc@2 100.00 (100.00)
Epoch: [231][ 20/101]	Time  0.420 ( 0.423)	Data  0.000 ( 0.045)	Loss 8.6279e-03 (1.5338e-02)	Acc@1  99.61 ( 99.46)	Acc@2 100.00 (100.00)
Epoch: [231][ 30/101]	Time  0.397 ( 0.421)	Data  0.000 ( 0.039)	Loss 9.0679e-03 (1.6967e-02)	Acc@1  99.61 ( 99.40)	Acc@2 100.00 (100.00)
Epoch: [231][ 40/101]	Time  0.425 ( 0.420)	Data  0.000 ( 0.036)	Loss 4.7125e-03 (1.7132e-02)	Acc@1  99.61 ( 99.40)	Acc@2 100.00 (100.00)
Epoch: [231][ 50/101]	Time  0.408 ( 0.419)	Data  0.000 ( 0.034)	Loss 1.3459e-02 (1.6820e-02)	Acc@1  99.61 ( 99.39)	Acc@2 100.00 (100.00)
Epoch: [231][ 60/101]	Time  0.407 ( 0.419)	Data  0.000 ( 0.033)	Loss 1.5436e-02 (1.7018e-02)	Acc@1  99.22 ( 99.37)	Acc@2 100.00 (100.00)
Epoch: [231][ 70/101]	Time  0.402 ( 0.418)	Data  0.000 ( 0.032)	Loss 5.1434e-03 (1.6575e-02)	Acc@1 100.00 ( 99.37)	Acc@2 100.00 (100.00)
Epoch: [231][ 80/101]	Time  0.434 ( 0.418)	Data  0.000 ( 0.031)	Loss 9.7282e-03 (1.6291e-02)	Acc@1  99.61 ( 99.39)	Acc@2 100.00 (100.00)
Epoch: [231][ 90/101]	Time  0.409 ( 0.418)	Data  0.000 ( 0.030)	Loss 1.7346e-02 (1.6330e-02)	Acc@1  99.61 ( 99.40)	Acc@2 100.00 (100.00)
Epoch: [231][100/101]	Time  0.372 ( 0.417)	Data  0.000 ( 0.030)	Loss 2.5264e-02 (1.6144e-02)	Acc@1  98.63 ( 99.40)	Acc@2 100.00 (100.00)
Test: [ 0/34]	Time  0.578 ( 0.578)	Loss 8.4717e-04 (8.4717e-04)	Acc@1 100.00 (100.00)	Acc@2 100.00 (100.00)
Test: [10/34]	Time  0.121 ( 0.167)	Loss 5.9510e-03 (2.1856e-02)	Acc@1  99.61 ( 99.64)	Acc@2 100.00 (100.00)
Test: [20/34]	Time  0.132 ( 0.147)	Loss 9.1656e-04 (2.1556e-02)	Acc@1 100.00 ( 99.67)	Acc@2 100.00 (100.00)
Test: [30/34]	Time  0.122 ( 0.140)	Loss 1.6948e-03 (1.7567e-02)	Acc@1 100.00 ( 99.71)	Acc@2 100.00 (100.00)
 * Acc@1 99.721 Acc@2 100.000
Epoch: [232][  0/101]	Time  0.631 ( 0.631)	Data  0.484 ( 0.484)	Loss 5.0404e-03 (5.0404e-03)	Acc@1 100.00 (100.00)	Acc@2 100.00 (100.00)
Epoch: [232][ 10/101]	Time  0.431 ( 0.436)	Data  0.000 ( 0.067)	Loss 2.3444e-02 (2.0163e-02)	Acc@1  98.83 ( 99.25)	Acc@2 100.00 (100.00)
Epoch: [232][ 20/101]	Time  0.431 ( 0.428)	Data  0.000 ( 0.048)	Loss 1.9584e-02 (1.8431e-02)	Acc@1  98.44 ( 99.26)	Acc@2 100.00 (100.00)
Epoch: [232][ 30/101]	Time  0.411 ( 0.424)	Data  0.000 ( 0.041)	Loss 2.0617e-02 (1.8757e-02)	Acc@1  98.83 ( 99.23)	Acc@2 100.00 (100.00)
Epoch: [232][ 40/101]	Time  0.427 ( 0.423)	Data  0.000 ( 0.038)	Loss 1.8775e-02 (1.9769e-02)	Acc@1  99.61 ( 99.24)	Acc@2 100.00 (100.00)
Epoch: [232][ 50/101]	Time  0.421 ( 0.421)	Data  0.000 ( 0.035)	Loss 1.8211e-02 (1.8587e-02)	Acc@1  99.22 ( 99.28)	Acc@2 100.00 (100.00)
Epoch: [232][ 60/101]	Time  0.427 ( 0.421)	Data  0.000 ( 0.034)	Loss 8.5335e-03 (1.8483e-02)	Acc@1  99.61 ( 99.28)	Acc@2 100.00 (100.00)
Epoch: [232][ 70/101]	Time  0.419 ( 0.420)	Data  0.000 ( 0.032)	Loss 3.0184e-02 (1.8358e-02)	Acc@1  98.44 ( 99.28)	Acc@2 100.00 (100.00)
Epoch: [232][ 80/101]	Time  0.415 ( 0.419)	Data  0.000 ( 0.032)	Loss 1.1678e-02 (1.8071e-02)	Acc@1  99.22 ( 99.29)	Acc@2 100.00 (100.00)
Epoch: [232][ 90/101]	Time  0.423 ( 0.419)	Data  0.000 ( 0.031)	Loss 2.8506e-02 (1.8499e-02)	Acc@1  98.83 ( 99.27)	Acc@2 100.00 (100.00)
Epoch: [232][100/101]	Time  0.386 ( 0.419)	Data  0.000 ( 0.031)	Loss 8.6228e-03 (1.8395e-02)	Acc@1 100.00 ( 99.28)	Acc@2 100.00 (100.00)
Test: [ 0/34]	Time  0.525 ( 0.525)	Loss 7.3621e-04 (7.3621e-04)	Acc@1 100.00 (100.00)	Acc@2 100.00 (100.00)
Test: [10/34]	Time  0.122 ( 0.160)	Loss 4.5376e-03 (2.1067e-02)	Acc@1  99.61 ( 99.68)	Acc@2 100.00 (100.00)
Test: [20/34]	Time  0.119 ( 0.143)	Loss 1.1485e-03 (2.0989e-02)	Acc@1 100.00 ( 99.68)	Acc@2 100.00 (100.00)
Test: [30/34]	Time  0.123 ( 0.137)	Loss 2.2271e-03 (1.7503e-02)	Acc@1 100.00 ( 99.72)	Acc@2 100.00 (100.00)
 * Acc@1 99.732 Acc@2 100.000
Epoch: [233][  0/101]	Time  0.628 ( 0.628)	Data  0.465 ( 0.465)	Loss 7.2552e-03 (7.2552e-03)	Acc@1 100.00 (100.00)	Acc@2 100.00 (100.00)
Epoch: [233][ 10/101]	Time  0.425 ( 0.435)	Data  0.000 ( 0.064)	Loss 2.0461e-02 (1.6719e-02)	Acc@1  98.83 ( 99.36)	Acc@2 100.00 (100.00)
Epoch: [233][ 20/101]	Time  0.403 ( 0.426)	Data  0.000 ( 0.045)	Loss 7.0227e-03 (1.9052e-02)	Acc@1 100.00 ( 99.14)	Acc@2 100.00 (100.00)
Epoch: [233][ 30/101]	Time  0.427 ( 0.423)	Data  0.000 ( 0.039)	Loss 5.5553e-03 (1.8641e-02)	Acc@1  99.61 ( 99.22)	Acc@2 100.00 (100.00)
Epoch: [233][ 40/101]	Time  0.408 ( 0.421)	Data  0.000 ( 0.036)	Loss 1.8021e-02 (1.8526e-02)	Acc@1  99.22 ( 99.18)	Acc@2 100.00 (100.00)
Epoch: [233][ 50/101]	Time  0.427 ( 0.421)	Data  0.000 ( 0.034)	Loss 2.3638e-02 (1.8148e-02)	Acc@1  99.22 ( 99.20)	Acc@2 100.00 (100.00)
Epoch: [233][ 60/101]	Time  0.402 ( 0.420)	Data  0.000 ( 0.033)	Loss 1.0213e-02 (1.9035e-02)	Acc@1  99.61 ( 99.17)	Acc@2 100.00 (100.00)
Epoch: [233][ 70/101]	Time  0.431 ( 0.420)	Data  0.000 ( 0.031)	Loss 4.8525e-03 (1.8648e-02)	Acc@1 100.00 ( 99.23)	Acc@2 100.00 (100.00)
Epoch: [233][ 80/101]	Time  0.406 ( 0.419)	Data  0.000 ( 0.031)	Loss 9.9826e-03 (1.8809e-02)	Acc@1  99.61 ( 99.22)	Acc@2 100.00 (100.00)
Epoch: [233][ 90/101]	Time  0.417 ( 0.419)	Data  0.000 ( 0.030)	Loss 1.2959e-02 (1.8464e-02)	Acc@1  99.22 ( 99.22)	Acc@2 100.00 (100.00)
Epoch: [233][100/101]	Time  0.362 ( 0.418)	Data  0.000 ( 0.030)	Loss 1.2435e-02 (1.8992e-02)	Acc@1  99.32 ( 99.20)	Acc@2 100.00 (100.00)
Test: [ 0/34]	Time  0.545 ( 0.545)	Loss 5.5519e-04 (5.5519e-04)	Acc@1 100.00 (100.00)	Acc@2 100.00 (100.00)
Test: [10/34]	Time  0.125 ( 0.163)	Loss 4.0097e-03 (2.0026e-02)	Acc@1  99.61 ( 99.68)	Acc@2 100.00 (100.00)
Test: [20/34]	Time  0.130 ( 0.145)	Loss 1.3185e-03 (2.0009e-02)	Acc@1 100.00 ( 99.68)	Acc@2 100.00 (100.00)
Test: [30/34]	Time  0.124 ( 0.139)	Loss 2.4860e-03 (1.6759e-02)	Acc@1 100.00 ( 99.72)	Acc@2 100.00 (100.00)
 * Acc@1 99.732 Acc@2 100.000
Epoch: [234][  0/101]	Time  0.578 ( 0.578)	Data  0.431 ( 0.431)	Loss 5.9273e-03 (5.9273e-03)	Acc@1 100.00 (100.00)	Acc@2 100.00 (100.00)
Epoch: [234][ 10/101]	Time  0.431 ( 0.437)	Data  0.000 ( 0.065)	Loss 2.2646e-02 (1.1876e-02)	Acc@1  99.22 ( 99.47)	Acc@2 100.00 (100.00)
Epoch: [234][ 20/101]	Time  0.415 ( 0.428)	Data  0.000 ( 0.046)	Loss 3.1553e-02 (1.7509e-02)	Acc@1  98.83 ( 99.29)	Acc@2 100.00 (100.00)
Epoch: [234][ 30/101]	Time  0.422 ( 0.424)	Data  0.000 ( 0.039)	Loss 1.3862e-02 (1.7442e-02)	Acc@1  99.61 ( 99.28)	Acc@2 100.00 (100.00)
Epoch: [234][ 40/101]	Time  0.422 ( 0.423)	Data  0.000 ( 0.036)	Loss 1.0516e-02 (1.7858e-02)	Acc@1  99.61 ( 99.30)	Acc@2 100.00 (100.00)
Epoch: [234][ 50/101]	Time  0.413 ( 0.422)	Data  0.000 ( 0.034)	Loss 2.2206e-02 (1.7294e-02)	Acc@1  98.83 ( 99.31)	Acc@2 100.00 (100.00)
Epoch: [234][ 60/101]	Time  0.424 ( 0.421)	Data  0.000 ( 0.032)	Loss 2.0616e-02 (1.8217e-02)	Acc@1  99.22 ( 99.25)	Acc@2 100.00 (100.00)
Epoch: [234][ 70/101]	Time  0.421 ( 0.421)	Data  0.000 ( 0.031)	Loss 6.0048e-03 (1.8221e-02)	Acc@1 100.00 ( 99.26)	Acc@2 100.00 (100.00)
Epoch: [234][ 80/101]	Time  0.422 ( 0.420)	Data  0.000 ( 0.031)	Loss 7.0516e-03 (1.8206e-02)	Acc@1 100.00 ( 99.27)	Acc@2 100.00 (100.00)
Epoch: [234][ 90/101]	Time  0.439 ( 0.420)	Data  0.000 ( 0.030)	Loss 1.7103e-02 (1.8516e-02)	Acc@1  99.22 ( 99.27)	Acc@2 100.00 (100.00)
Epoch: [234][100/101]	Time  0.371 ( 0.419)	Data  0.000 ( 0.030)	Loss 8.1831e-03 (1.8160e-02)	Acc@1 100.00 ( 99.28)	Acc@2 100.00 (100.00)
Test: [ 0/34]	Time  0.522 ( 0.522)	Loss 6.8881e-04 (6.8881e-04)	Acc@1 100.00 (100.00)	Acc@2 100.00 (100.00)
Test: [10/34]	Time  0.122 ( 0.161)	Loss 4.6648e-03 (2.0859e-02)	Acc@1  99.61 ( 99.68)	Acc@2 100.00 (100.00)
Test: [20/34]	Time  0.123 ( 0.144)	Loss 1.1478e-03 (2.0765e-02)	Acc@1 100.00 ( 99.68)	Acc@2 100.00 (100.00)
Test: [30/34]	Time  0.124 ( 0.138)	Loss 2.2115e-03 (1.7256e-02)	Acc@1 100.00 ( 99.72)	Acc@2 100.00 (100.00)
 * Acc@1 99.732 Acc@2 100.000
Epoch: [235][  0/101]	Time  0.590 ( 0.590)	Data  0.436 ( 0.436)	Loss 1.6106e-02 (1.6106e-02)	Acc@1  99.22 ( 99.22)	Acc@2 100.00 (100.00)
Epoch: [235][ 10/101]	Time  0.401 ( 0.429)	Data  0.000 ( 0.063)	Loss 9.5649e-03 (1.9345e-02)	Acc@1 100.00 ( 99.33)	Acc@2 100.00 (100.00)
Epoch: [235][ 20/101]	Time  0.420 ( 0.422)	Data  0.000 ( 0.045)	Loss 5.2059e-03 (1.6982e-02)	Acc@1 100.00 ( 99.39)	Acc@2 100.00 (100.00)
Epoch: [235][ 30/101]	Time  0.401 ( 0.421)	Data  0.000 ( 0.039)	Loss 1.2375e-02 (1.7841e-02)	Acc@1  99.61 ( 99.34)	Acc@2 100.00 (100.00)
Epoch: [235][ 40/101]	Time  0.419 ( 0.420)	Data  0.000 ( 0.036)	Loss 1.0441e-02 (1.7857e-02)	Acc@1  99.61 ( 99.31)	Acc@2 100.00 (100.00)
Epoch: [235][ 50/101]	Time  0.416 ( 0.419)	Data  0.000 ( 0.034)	Loss 1.0359e-02 (1.6824e-02)	Acc@1  99.61 ( 99.36)	Acc@2 100.00 (100.00)
Epoch: [235][ 60/101]	Time  0.432 ( 0.419)	Data  0.000 ( 0.032)	Loss 1.5973e-02 (1.6405e-02)	Acc@1  99.22 ( 99.35)	Acc@2 100.00 (100.00)
Epoch: [235][ 70/101]	Time  0.417 ( 0.419)	Data  0.000 ( 0.032)	Loss 1.2070e-02 (1.6115e-02)	Acc@1  99.61 ( 99.37)	Acc@2 100.00 (100.00)
Epoch: [235][ 80/101]	Time  0.416 ( 0.419)	Data  0.000 ( 0.031)	Loss 3.3425e-03 (1.6180e-02)	Acc@1 100.00 ( 99.35)	Acc@2 100.00 (100.00)
Epoch: [235][ 90/101]	Time  0.396 ( 0.418)	Data  0.000 ( 0.030)	Loss 1.9822e-02 (1.5888e-02)	Acc@1  99.61 ( 99.38)	Acc@2 100.00 (100.00)
Epoch: [235][100/101]	Time  0.390 ( 0.418)	Data  0.000 ( 0.030)	Loss 3.8686e-02 (1.6540e-02)	Acc@1  98.63 ( 99.36)	Acc@2 100.00 (100.00)
Test: [ 0/34]	Time  0.582 ( 0.582)	Loss 8.1490e-04 (8.1490e-04)	Acc@1 100.00 (100.00)	Acc@2 100.00 (100.00)
Test: [10/34]	Time  0.123 ( 0.166)	Loss 4.6833e-03 (2.1412e-02)	Acc@1  99.61 ( 99.68)	Acc@2 100.00 (100.00)
Test: [20/34]	Time  0.137 ( 0.147)	Loss 1.1009e-03 (2.1384e-02)	Acc@1 100.00 ( 99.68)	Acc@2 100.00 (100.00)
Test: [30/34]	Time  0.122 ( 0.140)	Loss 2.3074e-03 (1.8101e-02)	Acc@1 100.00 ( 99.71)	Acc@2 100.00 (100.00)
 * Acc@1 99.721 Acc@2 100.000
Epoch: [236][  0/101]	Time  0.586 ( 0.586)	Data  0.439 ( 0.439)	Loss 2.1517e-02 (2.1517e-02)	Acc@1  99.22 ( 99.22)	Acc@2 100.00 (100.00)
Epoch: [236][ 10/101]	Time  0.408 ( 0.431)	Data  0.000 ( 0.063)	Loss 8.3402e-03 (1.2778e-02)	Acc@1  99.61 ( 99.47)	Acc@2 100.00 (100.00)
Epoch: [236][ 20/101]	Time  0.412 ( 0.425)	Data  0.000 ( 0.045)	Loss 3.0253e-02 (1.8286e-02)	Acc@1  98.83 ( 99.27)	Acc@2 100.00 (100.00)
Epoch: [236][ 30/101]	Time  0.428 ( 0.423)	Data  0.000 ( 0.039)	Loss 2.7507e-02 (1.8273e-02)	Acc@1  98.44 ( 99.23)	Acc@2 100.00 (100.00)
Epoch: [236][ 40/101]	Time  0.427 ( 0.421)	Data  0.000 ( 0.036)	Loss 3.0227e-02 (1.8278e-02)	Acc@1  98.83 ( 99.25)	Acc@2 100.00 (100.00)
Epoch: [236][ 50/101]	Time  0.454 ( 0.421)	Data  0.000 ( 0.034)	Loss 2.5116e-02 (1.7780e-02)	Acc@1  99.22 ( 99.27)	Acc@2 100.00 (100.00)
Epoch: [236][ 60/101]	Time  0.416 ( 0.420)	Data  0.000 ( 0.032)	Loss 8.7861e-03 (1.7756e-02)	Acc@1 100.00 ( 99.30)	Acc@2 100.00 (100.00)
Epoch: [236][ 70/101]	Time  0.423 ( 0.420)	Data  0.000 ( 0.031)	Loss 2.3826e-02 (1.7526e-02)	Acc@1  99.22 ( 99.31)	Acc@2 100.00 (100.00)
Epoch: [236][ 80/101]	Time  0.431 ( 0.420)	Data  0.000 ( 0.031)	Loss 1.7083e-02 (1.7784e-02)	Acc@1  99.61 ( 99.29)	Acc@2 100.00 (100.00)
Epoch: [236][ 90/101]	Time  0.408 ( 0.419)	Data  0.000 ( 0.030)	Loss 2.3227e-02 (1.8331e-02)	Acc@1  99.22 ( 99.28)	Acc@2 100.00 (100.00)
Epoch: [236][100/101]	Time  0.371 ( 0.418)	Data  0.000 ( 0.030)	Loss 1.5400e-02 (1.8541e-02)	Acc@1  99.32 ( 99.27)	Acc@2 100.00 (100.00)
Test: [ 0/34]	Time  0.550 ( 0.550)	Loss 8.2751e-04 (8.2751e-04)	Acc@1 100.00 (100.00)	Acc@2 100.00 (100.00)
Test: [10/34]	Time  0.122 ( 0.169)	Loss 5.6082e-03 (2.1738e-02)	Acc@1  99.61 ( 99.64)	Acc@2 100.00 (100.00)
Test: [20/34]	Time  0.121 ( 0.148)	Loss 1.0577e-03 (2.1543e-02)	Acc@1 100.00 ( 99.67)	Acc@2 100.00 (100.00)
Test: [30/34]	Time  0.122 ( 0.140)	Loss 1.9646e-03 (1.7833e-02)	Acc@1 100.00 ( 99.70)	Acc@2 100.00 (100.00)
 * Acc@1 99.709 Acc@2 100.000
Epoch: [237][  0/101]	Time  0.609 ( 0.609)	Data  0.463 ( 0.463)	Loss 1.3005e-02 (1.3005e-02)	Acc@1  99.22 ( 99.22)	Acc@2 100.00 (100.00)
Epoch: [237][ 10/101]	Time  0.442 ( 0.435)	Data  0.000 ( 0.065)	Loss 9.5385e-03 (1.4468e-02)	Acc@1  99.61 ( 99.54)	Acc@2 100.00 (100.00)
Epoch: [237][ 20/101]	Time  0.407 ( 0.425)	Data  0.000 ( 0.046)	Loss 5.4471e-03 (1.3808e-02)	Acc@1 100.00 ( 99.48)	Acc@2 100.00 (100.00)
Epoch: [237][ 30/101]	Time  0.412 ( 0.422)	Data  0.000 ( 0.039)	Loss 2.5947e-02 (1.4308e-02)	Acc@1  99.22 ( 99.45)	Acc@2 100.00 (100.00)
Epoch: [237][ 40/101]	Time  0.407 ( 0.421)	Data  0.000 ( 0.036)	Loss 8.5068e-03 (1.5691e-02)	Acc@1  99.61 ( 99.38)	Acc@2 100.00 (100.00)
Epoch: [237][ 50/101]	Time  0.433 ( 0.420)	Data  0.000 ( 0.034)	Loss 8.8902e-03 (1.4814e-02)	Acc@1  99.61 ( 99.44)	Acc@2 100.00 (100.00)
Epoch: [237][ 60/101]	Time  0.406 ( 0.420)	Data  0.000 ( 0.033)	Loss 6.7397e-03 (1.4544e-02)	Acc@1  99.61 ( 99.44)	Acc@2 100.00 (100.00)
Epoch: [237][ 70/101]	Time  0.417 ( 0.419)	Data  0.000 ( 0.032)	Loss 1.1396e-02 (1.4657e-02)	Acc@1  99.22 ( 99.45)	Acc@2 100.00 (100.00)
Epoch: [237][ 80/101]	Time  0.406 ( 0.419)	Data  0.000 ( 0.031)	Loss 1.1074e-02 (1.5009e-02)	Acc@1 100.00 ( 99.45)	Acc@2 100.00 (100.00)
Epoch: [237][ 90/101]	Time  0.427 ( 0.419)	Data  0.000 ( 0.030)	Loss 1.5912e-02 (1.5797e-02)	Acc@1  99.22 ( 99.43)	Acc@2 100.00 (100.00)
Epoch: [237][100/101]	Time  0.366 ( 0.418)	Data  0.000 ( 0.030)	Loss 7.9522e-03 (1.5872e-02)	Acc@1  99.32 ( 99.44)	Acc@2 100.00 (100.00)
Test: [ 0/34]	Time  0.612 ( 0.612)	Loss 7.1025e-04 (7.1025e-04)	Acc@1 100.00 (100.00)	Acc@2 100.00 (100.00)
Test: [10/34]	Time  0.121 ( 0.169)	Loss 4.8047e-03 (2.1020e-02)	Acc@1  99.61 ( 99.68)	Acc@2 100.00 (100.00)
Test: [20/34]	Time  0.126 ( 0.148)	Loss 1.1133e-03 (2.0909e-02)	Acc@1 100.00 ( 99.68)	Acc@2 100.00 (100.00)
Test: [30/34]	Time  0.123 ( 0.140)	Loss 2.0773e-03 (1.7292e-02)	Acc@1 100.00 ( 99.72)	Acc@2 100.00 (100.00)
 * Acc@1 99.732 Acc@2 100.000
Epoch: [238][  0/101]	Time  0.648 ( 0.648)	Data  0.486 ( 0.486)	Loss 8.1671e-03 (8.1671e-03)	Acc@1  99.61 ( 99.61)	Acc@2 100.00 (100.00)
Epoch: [238][ 10/101]	Time  0.419 ( 0.447)	Data  0.000 ( 0.072)	Loss 9.3617e-03 (1.8682e-02)	Acc@1 100.00 ( 99.36)	Acc@2 100.00 (100.00)
Epoch: [238][ 20/101]	Time  0.425 ( 0.432)	Data  0.000 ( 0.050)	Loss 4.3130e-02 (1.9574e-02)	Acc@1  98.83 ( 99.33)	Acc@2 100.00 (100.00)
Epoch: [238][ 30/101]	Time  0.426 ( 0.427)	Data  0.000 ( 0.042)	Loss 3.4257e-02 (1.9655e-02)	Acc@1  98.05 ( 99.23)	Acc@2 100.00 (100.00)
Epoch: [238][ 40/101]	Time  0.413 ( 0.424)	Data  0.000 ( 0.038)	Loss 1.7498e-02 (1.8304e-02)	Acc@1  99.22 ( 99.28)	Acc@2 100.00 (100.00)
Epoch: [238][ 50/101]	Time  0.408 ( 0.423)	Data  0.000 ( 0.036)	Loss 1.6903e-02 (1.9479e-02)	Acc@1  99.22 ( 99.23)	Acc@2 100.00 (100.00)
Epoch: [238][ 60/101]	Time  0.432 ( 0.422)	Data  0.000 ( 0.034)	Loss 5.3253e-02 (1.9701e-02)	Acc@1  97.66 ( 99.19)	Acc@2 100.00 (100.00)
Epoch: [238][ 70/101]	Time  0.419 ( 0.421)	Data  0.000 ( 0.033)	Loss 8.8881e-03 (1.8876e-02)	Acc@1  99.61 ( 99.23)	Acc@2 100.00 (100.00)
Epoch: [238][ 80/101]	Time  0.406 ( 0.421)	Data  0.000 ( 0.032)	Loss 1.6454e-02 (1.8789e-02)	Acc@1  99.22 ( 99.24)	Acc@2 100.00 (100.00)
Epoch: [238][ 90/101]	Time  0.417 ( 0.421)	Data  0.000 ( 0.031)	Loss 4.4354e-03 (1.8052e-02)	Acc@1 100.00 ( 99.28)	Acc@2 100.00 (100.00)
Epoch: [238][100/101]	Time  0.361 ( 0.420)	Data  0.000 ( 0.031)	Loss 1.9784e-02 (1.8299e-02)	Acc@1  99.32 ( 99.27)	Acc@2 100.00 (100.00)
Test: [ 0/34]	Time  0.557 ( 0.557)	Loss 6.6247e-04 (6.6247e-04)	Acc@1 100.00 (100.00)	Acc@2 100.00 (100.00)
Test: [10/34]	Time  0.123 ( 0.166)	Loss 4.7963e-03 (2.0679e-02)	Acc@1  99.61 ( 99.68)	Acc@2 100.00 (100.00)
Test: [20/34]	Time  0.131 ( 0.147)	Loss 1.1746e-03 (2.0607e-02)	Acc@1 100.00 ( 99.68)	Acc@2 100.00 (100.00)
Test: [30/34]	Time  0.125 ( 0.140)	Loss 2.2614e-03 (1.7262e-02)	Acc@1 100.00 ( 99.72)	Acc@2 100.00 (100.00)
 * Acc@1 99.732 Acc@2 100.000
Epoch: [239][  0/101]	Time  0.641 ( 0.641)	Data  0.495 ( 0.495)	Loss 7.8869e-03 (7.8869e-03)	Acc@1 100.00 (100.00)	Acc@2 100.00 (100.00)
Epoch: [239][ 10/101]	Time  0.417 ( 0.444)	Data  0.000 ( 0.070)	Loss 1.5724e-02 (1.5022e-02)	Acc@1  99.61 ( 99.50)	Acc@2 100.00 (100.00)
Epoch: [239][ 20/101]	Time  0.433 ( 0.436)	Data  0.000 ( 0.049)	Loss 3.9747e-02 (1.6581e-02)	Acc@1  98.44 ( 99.44)	Acc@2 100.00 (100.00)
Epoch: [239][ 30/101]	Time  0.411 ( 0.432)	Data  0.000 ( 0.042)	Loss 1.3408e-02 (1.5660e-02)	Acc@1  99.61 ( 99.47)	Acc@2 100.00 (100.00)
Epoch: [239][ 40/101]	Time  0.444 ( 0.431)	Data  0.000 ( 0.038)	Loss 2.4236e-02 (1.5821e-02)	Acc@1  98.44 ( 99.43)	Acc@2 100.00 (100.00)
Epoch: [239][ 50/101]	Time  0.400 ( 0.430)	Data  0.000 ( 0.036)	Loss 1.2217e-02 (1.5452e-02)	Acc@1  99.22 ( 99.44)	Acc@2 100.00 (100.00)
Epoch: [239][ 60/101]	Time  0.431 ( 0.429)	Data  0.000 ( 0.034)	Loss 1.0864e-02 (1.6019e-02)	Acc@1  99.61 ( 99.42)	Acc@2 100.00 (100.00)
Epoch: [239][ 70/101]	Time  0.403 ( 0.428)	Data  0.000 ( 0.033)	Loss 2.9863e-02 (1.5737e-02)	Acc@1  99.22 ( 99.42)	Acc@2 100.00 (100.00)
Epoch: [239][ 80/101]	Time  0.437 ( 0.428)	Data  0.000 ( 0.032)	Loss 1.8784e-02 (1.6340e-02)	Acc@1  99.61 ( 99.38)	Acc@2 100.00 (100.00)
Epoch: [239][ 90/101]	Time  0.405 ( 0.427)	Data  0.000 ( 0.032)	Loss 1.8038e-02 (1.7269e-02)	Acc@1  99.61 ( 99.34)	Acc@2 100.00 (100.00)
Epoch: [239][100/101]	Time  0.461 ( 0.428)	Data  0.000 ( 0.031)	Loss 4.8513e-02 (1.7364e-02)	Acc@1  97.95 ( 99.33)	Acc@2 100.00 (100.00)
Test: [ 0/34]	Time  0.549 ( 0.549)	Loss 7.5810e-04 (7.5810e-04)	Acc@1 100.00 (100.00)	Acc@2 100.00 (100.00)
Test: [10/34]	Time  0.129 ( 0.164)	Loss 4.4586e-03 (2.1100e-02)	Acc@1  99.61 ( 99.68)	Acc@2 100.00 (100.00)
Test: [20/34]	Time  0.122 ( 0.146)	Loss 1.1221e-03 (2.1092e-02)	Acc@1 100.00 ( 99.68)	Acc@2 100.00 (100.00)
Test: [30/34]	Time  0.124 ( 0.139)	Loss 2.1626e-03 (1.7761e-02)	Acc@1 100.00 ( 99.71)	Acc@2 100.00 (100.00)
 * Acc@1 99.721 Acc@2 100.000
Epoch: [240][  0/101]	Time  0.631 ( 0.631)	Data  0.484 ( 0.484)	Loss 5.4279e-03 (5.4279e-03)	Acc@1 100.00 (100.00)	Acc@2 100.00 (100.00)
Epoch: [240][ 10/101]	Time  0.431 ( 0.443)	Data  0.000 ( 0.068)	Loss 1.1032e-02 (1.6335e-02)	Acc@1  99.61 ( 99.40)	Acc@2 100.00 (100.00)
Epoch: [240][ 20/101]	Time  0.443 ( 0.436)	Data  0.000 ( 0.049)	Loss 2.4275e-02 (1.6707e-02)	Acc@1  98.83 ( 99.37)	Acc@2 100.00 (100.00)
Epoch: [240][ 30/101]	Time  0.421 ( 0.432)	Data  0.000 ( 0.041)	Loss 1.2031e-02 (1.6710e-02)	Acc@1  99.22 ( 99.34)	Acc@2 100.00 (100.00)
Epoch: [240][ 40/101]	Time  0.429 ( 0.431)	Data  0.000 ( 0.038)	Loss 9.5053e-03 (1.6078e-02)	Acc@1  99.61 ( 99.36)	Acc@2 100.00 (100.00)
Epoch: [240][ 50/101]	Time  0.437 ( 0.430)	Data  0.000 ( 0.036)	Loss 1.3479e-02 (1.5887e-02)	Acc@1  99.61 ( 99.39)	Acc@2 100.00 (100.00)
Epoch: [240][ 60/101]	Time  0.423 ( 0.430)	Data  0.000 ( 0.034)	Loss 2.4993e-02 (1.5998e-02)	Acc@1  99.22 ( 99.36)	Acc@2 100.00 (100.00)
Epoch: [240][ 70/101]	Time  0.426 ( 0.429)	Data  0.000 ( 0.033)	Loss 8.1009e-03 (1.6258e-02)	Acc@1  99.61 ( 99.33)	Acc@2 100.00 (100.00)
Epoch: [240][ 80/101]	Time  0.419 ( 0.428)	Data  0.000 ( 0.032)	Loss 4.9711e-03 (1.7150e-02)	Acc@1 100.00 ( 99.31)	Acc@2 100.00 (100.00)
Epoch: [240][ 90/101]	Time  0.431 ( 0.428)	Data  0.000 ( 0.032)	Loss 1.8692e-02 (1.7303e-02)	Acc@1  99.22 ( 99.31)	Acc@2 100.00 (100.00)
Epoch: [240][100/101]	Time  0.398 ( 0.427)	Data  0.000 ( 0.031)	Loss 3.2418e-03 (1.7634e-02)	Acc@1 100.00 ( 99.31)	Acc@2 100.00 (100.00)
Test: [ 0/34]	Time  0.593 ( 0.593)	Loss 5.8323e-04 (5.8323e-04)	Acc@1 100.00 (100.00)	Acc@2 100.00 (100.00)
Test: [10/34]	Time  0.123 ( 0.167)	Loss 3.8649e-03 (2.0111e-02)	Acc@1  99.61 ( 99.68)	Acc@2 100.00 (100.00)
Test: [20/34]	Time  0.132 ( 0.147)	Loss 1.3322e-03 (2.0233e-02)	Acc@1 100.00 ( 99.68)	Acc@2 100.00 (100.00)
Test: [30/34]	Time  0.122 ( 0.140)	Loss 2.5883e-03 (1.7432e-02)	Acc@1 100.00 ( 99.71)	Acc@2 100.00 (100.00)
 * Acc@1 99.721 Acc@2 100.000
Epoch: [241][  0/101]	Time  0.694 ( 0.694)	Data  0.538 ( 0.538)	Loss 8.9842e-03 (8.9842e-03)	Acc@1  99.61 ( 99.61)	Acc@2 100.00 (100.00)
Epoch: [241][ 10/101]	Time  0.433 ( 0.448)	Data  0.000 ( 0.071)	Loss 1.9457e-02 (1.8631e-02)	Acc@1  99.61 ( 99.29)	Acc@2 100.00 (100.00)
Epoch: [241][ 20/101]	Time  0.413 ( 0.433)	Data  0.000 ( 0.049)	Loss 2.0399e-02 (1.8731e-02)	Acc@1  99.22 ( 99.33)	Acc@2 100.00 (100.00)
Epoch: [241][ 30/101]	Time  0.418 ( 0.427)	Data  0.000 ( 0.041)	Loss 7.0151e-03 (1.8679e-02)	Acc@1 100.00 ( 99.29)	Acc@2 100.00 (100.00)
Epoch: [241][ 40/101]	Time  0.403 ( 0.424)	Data  0.000 ( 0.038)	Loss 1.4120e-02 (1.8887e-02)	Acc@1  99.22 ( 99.25)	Acc@2 100.00 (100.00)
Epoch: [241][ 50/101]	Time  0.436 ( 0.426)	Data  0.000 ( 0.035)	Loss 1.4751e-02 (1.9488e-02)	Acc@1  99.61 ( 99.23)	Acc@2 100.00 (100.00)
Epoch: [241][ 60/101]	Time  0.402 ( 0.424)	Data  0.000 ( 0.034)	Loss 1.1335e-02 (1.8512e-02)	Acc@1 100.00 ( 99.31)	Acc@2 100.00 (100.00)
Epoch: [241][ 70/101]	Time  0.434 ( 0.423)	Data  0.000 ( 0.033)	Loss 2.0382e-02 (1.7912e-02)	Acc@1  98.83 ( 99.32)	Acc@2 100.00 (100.00)
Epoch: [241][ 80/101]	Time  0.408 ( 0.422)	Data  0.000 ( 0.032)	Loss 5.9823e-03 (1.7961e-02)	Acc@1  99.61 ( 99.32)	Acc@2 100.00 (100.00)
Epoch: [241][ 90/101]	Time  0.414 ( 0.422)	Data  0.000 ( 0.031)	Loss 3.1977e-02 (1.8245e-02)	Acc@1  98.83 ( 99.30)	Acc@2 100.00 (100.00)
Epoch: [241][100/101]	Time  0.362 ( 0.421)	Data  0.000 ( 0.031)	Loss 7.9281e-03 (1.8300e-02)	Acc@1 100.00 ( 99.30)	Acc@2 100.00 (100.00)
Test: [ 0/34]	Time  0.561 ( 0.561)	Loss 6.6963e-04 (6.6963e-04)	Acc@1 100.00 (100.00)	Acc@2 100.00 (100.00)
Test: [10/34]	Time  0.122 ( 0.166)	Loss 4.6318e-03 (2.0738e-02)	Acc@1  99.61 ( 99.68)	Acc@2 100.00 (100.00)
Test: [20/34]	Time  0.124 ( 0.147)	Loss 1.2350e-03 (2.0706e-02)	Acc@1 100.00 ( 99.68)	Acc@2 100.00 (100.00)
Test: [30/34]	Time  0.123 ( 0.140)	Loss 2.0770e-03 (1.7414e-02)	Acc@1 100.00 ( 99.71)	Acc@2 100.00 (100.00)
 * Acc@1 99.721 Acc@2 100.000
Epoch: [242][  0/101]	Time  0.594 ( 0.594)	Data  0.437 ( 0.437)	Loss 1.7187e-02 (1.7187e-02)	Acc@1  99.61 ( 99.61)	Acc@2 100.00 (100.00)
Epoch: [242][ 10/101]	Time  0.448 ( 0.444)	Data  0.000 ( 0.065)	Loss 2.3970e-02 (1.7228e-02)	Acc@1  99.22 ( 99.43)	Acc@2 100.00 (100.00)
Epoch: [242][ 20/101]	Time  0.418 ( 0.435)	Data  0.000 ( 0.046)	Loss 2.8320e-02 (1.9708e-02)	Acc@1  98.44 ( 99.29)	Acc@2 100.00 (100.00)
Epoch: [242][ 30/101]	Time  0.430 ( 0.433)	Data  0.000 ( 0.040)	Loss 9.8427e-03 (2.0455e-02)	Acc@1  99.61 ( 99.23)	Acc@2 100.00 (100.00)
Epoch: [242][ 40/101]	Time  0.439 ( 0.431)	Data  0.000 ( 0.037)	Loss 2.2972e-02 (2.0088e-02)	Acc@1  99.22 ( 99.27)	Acc@2 100.00 (100.00)
Epoch: [242][ 50/101]	Time  0.437 ( 0.431)	Data  0.000 ( 0.035)	Loss 3.9493e-02 (2.0346e-02)	Acc@1  99.22 ( 99.24)	Acc@2 100.00 (100.00)
Epoch: [242][ 60/101]	Time  0.424 ( 0.430)	Data  0.000 ( 0.033)	Loss 2.3509e-02 (2.0187e-02)	Acc@1  98.83 ( 99.24)	Acc@2 100.00 (100.00)
Epoch: [242][ 70/101]	Time  0.440 ( 0.431)	Data  0.001 ( 0.032)	Loss 5.3058e-03 (1.9764e-02)	Acc@1 100.00 ( 99.26)	Acc@2 100.00 (100.00)
Epoch: [242][ 80/101]	Time  0.430 ( 0.430)	Data  0.000 ( 0.032)	Loss 2.1310e-02 (1.9175e-02)	Acc@1  99.22 ( 99.28)	Acc@2 100.00 (100.00)
Epoch: [242][ 90/101]	Time  0.435 ( 0.430)	Data  0.000 ( 0.031)	Loss 4.1376e-03 (1.8888e-02)	Acc@1 100.00 ( 99.30)	Acc@2 100.00 (100.00)
Epoch: [242][100/101]	Time  0.382 ( 0.429)	Data  0.000 ( 0.031)	Loss 1.5526e-02 (1.8372e-02)	Acc@1  99.32 ( 99.32)	Acc@2 100.00 (100.00)
Test: [ 0/34]	Time  0.538 ( 0.538)	Loss 6.5430e-04 (6.5430e-04)	Acc@1 100.00 (100.00)	Acc@2 100.00 (100.00)
Test: [10/34]	Time  0.124 ( 0.162)	Loss 4.5978e-03 (2.0689e-02)	Acc@1  99.61 ( 99.68)	Acc@2 100.00 (100.00)
Test: [20/34]	Time  0.135 ( 0.145)	Loss 1.2142e-03 (2.0623e-02)	Acc@1 100.00 ( 99.68)	Acc@2 100.00 (100.00)
Test: [30/34]	Time  0.124 ( 0.139)	Loss 2.1498e-03 (1.7233e-02)	Acc@1 100.00 ( 99.72)	Acc@2 100.00 (100.00)
 * Acc@1 99.732 Acc@2 100.000
Epoch: [243][  0/101]	Time  0.649 ( 0.649)	Data  0.492 ( 0.492)	Loss 5.8017e-03 (5.8017e-03)	Acc@1 100.00 (100.00)	Acc@2 100.00 (100.00)
Epoch: [243][ 10/101]	Time  0.402 ( 0.445)	Data  0.000 ( 0.069)	Loss 9.5230e-03 (1.6104e-02)	Acc@1  99.61 ( 99.40)	Acc@2 100.00 (100.00)
Epoch: [243][ 20/101]	Time  0.460 ( 0.436)	Data  0.000 ( 0.048)	Loss 2.1731e-02 (1.7085e-02)	Acc@1  99.61 ( 99.42)	Acc@2 100.00 (100.00)
Epoch: [243][ 30/101]	Time  0.407 ( 0.432)	Data  0.000 ( 0.041)	Loss 1.1282e-02 (1.6797e-02)	Acc@1  99.61 ( 99.34)	Acc@2 100.00 (100.00)
Epoch: [243][ 40/101]	Time  0.397 ( 0.432)	Data  0.000 ( 0.037)	Loss 2.3839e-02 (1.6135e-02)	Acc@1  99.22 ( 99.39)	Acc@2 100.00 (100.00)
Epoch: [243][ 50/101]	Time  0.378 ( 0.430)	Data  0.000 ( 0.034)	Loss 1.4601e-02 (1.6510e-02)	Acc@1  99.61 ( 99.36)	Acc@2 100.00 (100.00)
Epoch: [243][ 60/101]	Time  0.393 ( 0.427)	Data  0.000 ( 0.031)	Loss 1.7787e-02 (1.7249e-02)	Acc@1  99.22 ( 99.33)	Acc@2 100.00 (100.00)
Epoch: [243][ 70/101]	Time  0.387 ( 0.426)	Data  0.000 ( 0.030)	Loss 4.8509e-03 (1.7315e-02)	Acc@1 100.00 ( 99.32)	Acc@2 100.00 (100.00)
Epoch: [243][ 80/101]	Time  0.438 ( 0.424)	Data  0.000 ( 0.028)	Loss 1.7062e-02 (1.7386e-02)	Acc@1  99.22 ( 99.32)	Acc@2 100.00 (100.00)
Epoch: [243][ 90/101]	Time  0.412 ( 0.424)	Data  0.000 ( 0.028)	Loss 3.2262e-02 (1.7691e-02)	Acc@1  98.83 ( 99.33)	Acc@2 100.00 (100.00)
Epoch: [243][100/101]	Time  0.396 ( 0.424)	Data  0.000 ( 0.028)	Loss 2.7338e-02 (1.7433e-02)	Acc@1  97.95 ( 99.33)	Acc@2 100.00 (100.00)
Test: [ 0/34]	Time  0.546 ( 0.546)	Loss 8.0394e-04 (8.0394e-04)	Acc@1 100.00 (100.00)	Acc@2 100.00 (100.00)
Test: [10/34]	Time  0.128 ( 0.169)	Loss 5.0316e-03 (2.1530e-02)	Acc@1  99.61 ( 99.68)	Acc@2 100.00 (100.00)
Test: [20/34]	Time  0.123 ( 0.148)	Loss 1.0219e-03 (2.1360e-02)	Acc@1 100.00 ( 99.68)	Acc@2 100.00 (100.00)
Test: [30/34]	Time  0.123 ( 0.140)	Loss 1.8799e-03 (1.7585e-02)	Acc@1 100.00 ( 99.72)	Acc@2 100.00 (100.00)
 * Acc@1 99.732 Acc@2 100.000
Epoch: [244][  0/101]	Time  0.617 ( 0.617)	Data  0.461 ( 0.461)	Loss 5.8530e-03 (5.8530e-03)	Acc@1  99.61 ( 99.61)	Acc@2 100.00 (100.00)
Epoch: [244][ 10/101]	Time  0.415 ( 0.431)	Data  0.000 ( 0.065)	Loss 1.8576e-02 (1.7701e-02)	Acc@1  99.22 ( 99.25)	Acc@2 100.00 (100.00)
Epoch: [244][ 20/101]	Time  0.410 ( 0.422)	Data  0.000 ( 0.046)	Loss 1.9204e-02 (1.9364e-02)	Acc@1  99.22 ( 99.18)	Acc@2 100.00 (100.00)
Epoch: [244][ 30/101]	Time  0.410 ( 0.418)	Data  0.000 ( 0.040)	Loss 1.0084e-03 (1.8470e-02)	Acc@1 100.00 ( 99.26)	Acc@2 100.00 (100.00)
Epoch: [244][ 40/101]	Time  0.417 ( 0.416)	Data  0.000 ( 0.036)	Loss 8.2370e-03 (1.7521e-02)	Acc@1 100.00 ( 99.29)	Acc@2 100.00 (100.00)
Epoch: [244][ 50/101]	Time  0.416 ( 0.415)	Data  0.000 ( 0.034)	Loss 2.0430e-02 (1.7631e-02)	Acc@1  98.83 ( 99.29)	Acc@2 100.00 (100.00)
Epoch: [244][ 60/101]	Time  0.413 ( 0.414)	Data  0.000 ( 0.033)	Loss 7.6670e-03 (1.8740e-02)	Acc@1  99.61 ( 99.25)	Acc@2 100.00 (100.00)
Epoch: [244][ 70/101]	Time  0.410 ( 0.413)	Data  0.000 ( 0.032)	Loss 3.3586e-02 (1.9157e-02)	Acc@1  98.44 ( 99.25)	Acc@2 100.00 (100.00)
Epoch: [244][ 80/101]	Time  0.417 ( 0.413)	Data  0.000 ( 0.031)	Loss 8.9276e-03 (1.8834e-02)	Acc@1 100.00 ( 99.27)	Acc@2 100.00 (100.00)
Epoch: [244][ 90/101]	Time  0.407 ( 0.412)	Data  0.000 ( 0.030)	Loss 1.8057e-02 (1.8707e-02)	Acc@1  99.22 ( 99.26)	Acc@2 100.00 (100.00)
Epoch: [244][100/101]	Time  0.380 ( 0.412)	Data  0.000 ( 0.030)	Loss 1.5654e-02 (1.7926e-02)	Acc@1  98.63 ( 99.28)	Acc@2 100.00 (100.00)
Test: [ 0/34]	Time  0.529 ( 0.529)	Loss 7.1158e-04 (7.1158e-04)	Acc@1 100.00 (100.00)	Acc@2 100.00 (100.00)
Test: [10/34]	Time  0.124 ( 0.163)	Loss 5.2397e-03 (2.1020e-02)	Acc@1  99.61 ( 99.68)	Acc@2 100.00 (100.00)
Test: [20/34]	Time  0.127 ( 0.145)	Loss 1.2055e-03 (2.0909e-02)	Acc@1 100.00 ( 99.68)	Acc@2 100.00 (100.00)
Test: [30/34]	Time  0.122 ( 0.138)	Loss 2.1689e-03 (1.7445e-02)	Acc@1 100.00 ( 99.72)	Acc@2 100.00 (100.00)
 * Acc@1 99.732 Acc@2 100.000
Epoch: [245][  0/101]	Time  0.605 ( 0.605)	Data  0.459 ( 0.459)	Loss 3.7406e-02 (3.7406e-02)	Acc@1  98.83 ( 98.83)	Acc@2 100.00 (100.00)
Epoch: [245][ 10/101]	Time  0.424 ( 0.430)	Data  0.000 ( 0.064)	Loss 5.5385e-03 (1.7810e-02)	Acc@1 100.00 ( 99.22)	Acc@2 100.00 (100.00)
Epoch: [245][ 20/101]	Time  0.401 ( 0.421)	Data  0.000 ( 0.046)	Loss 5.8052e-03 (1.9500e-02)	Acc@1 100.00 ( 99.18)	Acc@2 100.00 (100.00)
Epoch: [245][ 30/101]	Time  0.423 ( 0.419)	Data  0.000 ( 0.039)	Loss 1.4490e-02 (1.9169e-02)	Acc@1  99.61 ( 99.16)	Acc@2 100.00 (100.00)
Epoch: [245][ 40/101]	Time  0.400 ( 0.418)	Data  0.000 ( 0.036)	Loss 1.2697e-02 (1.7736e-02)	Acc@1  99.61 ( 99.26)	Acc@2 100.00 (100.00)
Epoch: [245][ 50/101]	Time  0.427 ( 0.417)	Data  0.000 ( 0.034)	Loss 7.2103e-03 (1.7461e-02)	Acc@1  99.61 ( 99.31)	Acc@2 100.00 (100.00)
Epoch: [245][ 60/101]	Time  0.403 ( 0.416)	Data  0.000 ( 0.032)	Loss 9.4452e-03 (1.7520e-02)	Acc@1  99.61 ( 99.30)	Acc@2 100.00 (100.00)
Epoch: [245][ 70/101]	Time  0.416 ( 0.416)	Data  0.000 ( 0.031)	Loss 4.8096e-03 (1.7748e-02)	Acc@1 100.00 ( 99.28)	Acc@2 100.00 (100.00)
Epoch: [245][ 80/101]	Time  0.402 ( 0.415)	Data  0.000 ( 0.031)	Loss 1.9525e-02 (1.7228e-02)	Acc@1  98.83 ( 99.30)	Acc@2 100.00 (100.00)
Epoch: [245][ 90/101]	Time  0.425 ( 0.415)	Data  0.000 ( 0.030)	Loss 6.4781e-03 (1.6858e-02)	Acc@1  99.61 ( 99.30)	Acc@2 100.00 (100.00)
Epoch: [245][100/101]	Time  0.382 ( 0.415)	Data  0.000 ( 0.030)	Loss 2.7707e-02 (1.7140e-02)	Acc@1  99.32 ( 99.29)	Acc@2 100.00 (100.00)
Test: [ 0/34]	Time  0.640 ( 0.640)	Loss 8.6566e-04 (8.6566e-04)	Acc@1 100.00 (100.00)	Acc@2 100.00 (100.00)
Test: [10/34]	Time  0.121 ( 0.171)	Loss 5.3778e-03 (2.1790e-02)	Acc@1  99.61 ( 99.68)	Acc@2 100.00 (100.00)
Test: [20/34]	Time  0.124 ( 0.149)	Loss 1.0222e-03 (2.1681e-02)	Acc@1 100.00 ( 99.68)	Acc@2 100.00 (100.00)
Test: [30/34]	Time  0.122 ( 0.140)	Loss 2.0421e-03 (1.8171e-02)	Acc@1 100.00 ( 99.71)	Acc@2 100.00 (100.00)
 * Acc@1 99.721 Acc@2 100.000
Epoch: [246][  0/101]	Time  0.587 ( 0.587)	Data  0.440 ( 0.440)	Loss 3.1551e-02 (3.1551e-02)	Acc@1  98.83 ( 98.83)	Acc@2 100.00 (100.00)
Epoch: [246][ 10/101]	Time  0.407 ( 0.429)	Data  0.000 ( 0.064)	Loss 1.9609e-02 (1.7239e-02)	Acc@1  99.22 ( 99.40)	Acc@2 100.00 (100.00)
Epoch: [246][ 20/101]	Time  0.419 ( 0.421)	Data  0.000 ( 0.045)	Loss 3.7359e-03 (1.4835e-02)	Acc@1 100.00 ( 99.46)	Acc@2 100.00 (100.00)
Epoch: [246][ 30/101]	Time  0.423 ( 0.418)	Data  0.000 ( 0.040)	Loss 1.4847e-02 (1.6920e-02)	Acc@1  99.61 ( 99.41)	Acc@2 100.00 (100.00)
Epoch: [246][ 40/101]	Time  0.402 ( 0.417)	Data  0.000 ( 0.036)	Loss 6.6374e-03 (1.7301e-02)	Acc@1  99.61 ( 99.41)	Acc@2 100.00 (100.00)
Epoch: [246][ 50/101]	Time  0.415 ( 0.416)	Data  0.000 ( 0.034)	Loss 1.6899e-02 (1.8328e-02)	Acc@1  99.22 ( 99.38)	Acc@2 100.00 (100.00)
Epoch: [246][ 60/101]	Time  0.422 ( 0.415)	Data  0.000 ( 0.033)	Loss 1.1258e-02 (1.7697e-02)	Acc@1  99.61 ( 99.41)	Acc@2 100.00 (100.00)
Epoch: [246][ 70/101]	Time  0.429 ( 0.415)	Data  0.000 ( 0.032)	Loss 6.1392e-02 (1.8534e-02)	Acc@1  97.66 ( 99.36)	Acc@2 100.00 (100.00)
Epoch: [246][ 80/101]	Time  0.403 ( 0.415)	Data  0.000 ( 0.031)	Loss 4.4296e-02 (1.8649e-02)	Acc@1  98.44 ( 99.35)	Acc@2 100.00 (100.00)
Epoch: [246][ 90/101]	Time  0.409 ( 0.414)	Data  0.000 ( 0.030)	Loss 1.5837e-02 (1.8184e-02)	Acc@1  99.22 ( 99.36)	Acc@2 100.00 (100.00)
Epoch: [246][100/101]	Time  0.359 ( 0.414)	Data  0.000 ( 0.030)	Loss 1.4942e-02 (1.8075e-02)	Acc@1  98.63 ( 99.34)	Acc@2 100.00 (100.00)
Test: [ 0/34]	Time  0.599 ( 0.599)	Loss 5.3974e-04 (5.3974e-04)	Acc@1 100.00 (100.00)	Acc@2 100.00 (100.00)
Test: [10/34]	Time  0.120 ( 0.168)	Loss 4.0954e-03 (2.0288e-02)	Acc@1  99.61 ( 99.68)	Acc@2 100.00 (100.00)
Test: [20/34]	Time  0.134 ( 0.148)	Loss 1.2239e-03 (2.0244e-02)	Acc@1 100.00 ( 99.68)	Acc@2 100.00 (100.00)
Test: [30/34]	Time  0.123 ( 0.140)	Loss 2.5523e-03 (1.6999e-02)	Acc@1 100.00 ( 99.72)	Acc@2 100.00 (100.00)
 * Acc@1 99.732 Acc@2 100.000
Epoch: [247][  0/101]	Time  0.620 ( 0.620)	Data  0.476 ( 0.476)	Loss 5.8958e-03 (5.8958e-03)	Acc@1 100.00 (100.00)	Acc@2 100.00 (100.00)
Epoch: [247][ 10/101]	Time  0.403 ( 0.432)	Data  0.000 ( 0.068)	Loss 5.7384e-03 (1.7686e-02)	Acc@1 100.00 ( 99.43)	Acc@2 100.00 (100.00)
Epoch: [247][ 20/101]	Time  0.419 ( 0.423)	Data  0.000 ( 0.048)	Loss 2.9020e-02 (1.6407e-02)	Acc@1  98.83 ( 99.39)	Acc@2 100.00 (100.00)
Epoch: [247][ 30/101]	Time  0.392 ( 0.420)	Data  0.000 ( 0.041)	Loss 3.1534e-02 (1.7557e-02)	Acc@1  98.44 ( 99.34)	Acc@2 100.00 (100.00)
Epoch: [247][ 40/101]	Time  0.410 ( 0.417)	Data  0.000 ( 0.037)	Loss 2.3825e-02 (1.7695e-02)	Acc@1  99.22 ( 99.32)	Acc@2 100.00 (100.00)
Epoch: [247][ 50/101]	Time  0.396 ( 0.415)	Data  0.000 ( 0.035)	Loss 2.8913e-03 (1.6708e-02)	Acc@1 100.00 ( 99.38)	Acc@2 100.00 (100.00)
Epoch: [247][ 60/101]	Time  0.454 ( 0.415)	Data  0.000 ( 0.033)	Loss 9.2303e-03 (1.7330e-02)	Acc@1  99.61 ( 99.35)	Acc@2 100.00 (100.00)
Epoch: [247][ 70/101]	Time  0.396 ( 0.414)	Data  0.000 ( 0.032)	Loss 1.2379e-02 (1.7551e-02)	Acc@1  99.22 ( 99.35)	Acc@2 100.00 (100.00)
Epoch: [247][ 80/101]	Time  0.416 ( 0.413)	Data  0.000 ( 0.031)	Loss 1.6255e-02 (1.7236e-02)	Acc@1  99.61 ( 99.35)	Acc@2 100.00 (100.00)
Epoch: [247][ 90/101]	Time  0.409 ( 0.413)	Data  0.000 ( 0.031)	Loss 1.4155e-02 (1.7465e-02)	Acc@1  99.61 ( 99.33)	Acc@2 100.00 (100.00)
Epoch: [247][100/101]	Time  0.372 ( 0.412)	Data  0.000 ( 0.030)	Loss 3.0659e-02 (1.8466e-02)	Acc@1  98.63 ( 99.30)	Acc@2 100.00 (100.00)
Test: [ 0/34]	Time  0.529 ( 0.529)	Loss 8.6259e-04 (8.6259e-04)	Acc@1 100.00 (100.00)	Acc@2 100.00 (100.00)
Test: [10/34]	Time  0.122 ( 0.162)	Loss 5.4222e-03 (2.2034e-02)	Acc@1  99.61 ( 99.64)	Acc@2 100.00 (100.00)
Test: [20/34]	Time  0.121 ( 0.143)	Loss 9.3736e-04 (2.1824e-02)	Acc@1 100.00 ( 99.67)	Acc@2 100.00 (100.00)
Test: [30/34]	Time  0.120 ( 0.137)	Loss 1.7994e-03 (1.7872e-02)	Acc@1 100.00 ( 99.71)	Acc@2 100.00 (100.00)
 * Acc@1 99.721 Acc@2 100.000
Epoch: [248][  0/101]	Time  0.644 ( 0.644)	Data  0.475 ( 0.475)	Loss 6.1038e-03 (6.1038e-03)	Acc@1 100.00 (100.00)	Acc@2 100.00 (100.00)
Epoch: [248][ 10/101]	Time  0.425 ( 0.433)	Data  0.000 ( 0.064)	Loss 2.3138e-03 (1.3929e-02)	Acc@1 100.00 ( 99.64)	Acc@2 100.00 (100.00)
Epoch: [248][ 20/101]	Time  0.423 ( 0.424)	Data  0.000 ( 0.046)	Loss 7.7105e-03 (1.5828e-02)	Acc@1 100.00 ( 99.50)	Acc@2 100.00 (100.00)
Epoch: [248][ 30/101]	Time  0.412 ( 0.420)	Data  0.000 ( 0.039)	Loss 2.5761e-02 (1.8122e-02)	Acc@1  98.83 ( 99.27)	Acc@2 100.00 (100.00)
Epoch: [248][ 40/101]	Time  0.411 ( 0.418)	Data  0.000 ( 0.036)	Loss 8.2454e-03 (1.7539e-02)	Acc@1 100.00 ( 99.32)	Acc@2 100.00 (100.00)
Epoch: [248][ 50/101]	Time  0.421 ( 0.416)	Data  0.000 ( 0.034)	Loss 1.7969e-02 (1.7751e-02)	Acc@1  99.61 ( 99.30)	Acc@2 100.00 (100.00)
Epoch: [248][ 60/101]	Time  0.410 ( 0.417)	Data  0.000 ( 0.033)	Loss 1.2808e-02 (1.7904e-02)	Acc@1 100.00 ( 99.31)	Acc@2 100.00 (100.00)
Epoch: [248][ 70/101]	Time  0.407 ( 0.417)	Data  0.000 ( 0.032)	Loss 4.1589e-03 (1.7358e-02)	Acc@1 100.00 ( 99.33)	Acc@2 100.00 (100.00)
Epoch: [248][ 80/101]	Time  0.402 ( 0.416)	Data  0.000 ( 0.031)	Loss 2.4484e-02 (1.7160e-02)	Acc@1  98.83 ( 99.33)	Acc@2 100.00 (100.00)
Epoch: [248][ 90/101]	Time  0.421 ( 0.415)	Data  0.000 ( 0.030)	Loss 2.0101e-02 (1.7484e-02)	Acc@1  99.22 ( 99.32)	Acc@2 100.00 (100.00)
Epoch: [248][100/101]	Time  0.380 ( 0.415)	Data  0.000 ( 0.030)	Loss 7.3351e-03 (1.7047e-02)	Acc@1  99.32 ( 99.33)	Acc@2 100.00 (100.00)
Test: [ 0/34]	Time  0.530 ( 0.530)	Loss 7.5460e-04 (7.5460e-04)	Acc@1 100.00 (100.00)	Acc@2 100.00 (100.00)
Test: [10/34]	Time  0.121 ( 0.161)	Loss 5.1890e-03 (2.1334e-02)	Acc@1  99.61 ( 99.68)	Acc@2 100.00 (100.00)
Test: [20/34]	Time  0.122 ( 0.144)	Loss 9.9639e-04 (2.1136e-02)	Acc@1 100.00 ( 99.68)	Acc@2 100.00 (100.00)
Test: [30/34]	Time  0.125 ( 0.137)	Loss 1.8968e-03 (1.7336e-02)	Acc@1 100.00 ( 99.72)	Acc@2 100.00 (100.00)
 * Acc@1 99.732 Acc@2 100.000
Epoch: [249][  0/101]	Time  0.620 ( 0.620)	Data  0.474 ( 0.474)	Loss 2.3338e-02 (2.3338e-02)	Acc@1  99.61 ( 99.61)	Acc@2 100.00 (100.00)
Epoch: [249][ 10/101]	Time  0.417 ( 0.430)	Data  0.000 ( 0.065)	Loss 8.3450e-03 (1.7848e-02)	Acc@1 100.00 ( 99.43)	Acc@2 100.00 (100.00)
Epoch: [249][ 20/101]	Time  0.404 ( 0.423)	Data  0.000 ( 0.047)	Loss 2.7950e-02 (1.7220e-02)	Acc@1  98.44 ( 99.37)	Acc@2 100.00 (100.00)
Epoch: [249][ 30/101]	Time  0.428 ( 0.419)	Data  0.000 ( 0.040)	Loss 6.8016e-03 (1.7013e-02)	Acc@1  99.61 ( 99.34)	Acc@2 100.00 (100.00)
Epoch: [249][ 40/101]	Time  0.410 ( 0.418)	Data  0.000 ( 0.036)	Loss 1.5288e-02 (1.6992e-02)	Acc@1  99.61 ( 99.41)	Acc@2 100.00 (100.00)
Epoch: [249][ 50/101]	Time  0.409 ( 0.416)	Data  0.000 ( 0.034)	Loss 1.2845e-02 (1.6549e-02)	Acc@1  99.61 ( 99.42)	Acc@2 100.00 (100.00)
Epoch: [249][ 60/101]	Time  0.408 ( 0.416)	Data  0.000 ( 0.033)	Loss 1.3990e-02 (1.6281e-02)	Acc@1  99.22 ( 99.42)	Acc@2 100.00 (100.00)
Epoch: [249][ 70/101]	Time  0.433 ( 0.415)	Data  0.000 ( 0.032)	Loss 1.5497e-02 (1.6582e-02)	Acc@1  99.22 ( 99.39)	Acc@2 100.00 (100.00)
Epoch: [249][ 80/101]	Time  0.403 ( 0.415)	Data  0.000 ( 0.031)	Loss 9.2402e-03 (1.6454e-02)	Acc@1  99.61 ( 99.40)	Acc@2 100.00 (100.00)
Epoch: [249][ 90/101]	Time  0.420 ( 0.415)	Data  0.000 ( 0.030)	Loss 4.9816e-03 (1.6129e-02)	Acc@1  99.61 ( 99.41)	Acc@2 100.00 (100.00)
Epoch: [249][100/101]	Time  0.366 ( 0.414)	Data  0.000 ( 0.030)	Loss 1.0176e-02 (1.7068e-02)	Acc@1 100.00 ( 99.36)	Acc@2 100.00 (100.00)
Test: [ 0/34]	Time  0.587 ( 0.587)	Loss 7.3215e-04 (7.3215e-04)	Acc@1 100.00 (100.00)	Acc@2 100.00 (100.00)
Test: [10/34]	Time  0.121 ( 0.167)	Loss 4.7131e-03 (2.1047e-02)	Acc@1  99.61 ( 99.68)	Acc@2 100.00 (100.00)
Test: [20/34]	Time  0.134 ( 0.147)	Loss 1.1697e-03 (2.1082e-02)	Acc@1 100.00 ( 99.68)	Acc@2 100.00 (100.00)
Test: [30/34]	Time  0.123 ( 0.139)	Loss 2.3364e-03 (1.7916e-02)	Acc@1 100.00 ( 99.71)	Acc@2 100.00 (100.00)
 * Acc@1 99.721 Acc@2 100.000
Epoch: [250][  0/103]	Time  0.869 ( 0.869)	Data  0.717 ( 0.717)	Loss 2.3302e-02 (2.3302e-02)	Acc@1  99.22 ( 99.22)	Acc@2 100.00 (100.00)
Epoch: [250][ 10/103]	Time  0.433 ( 0.470)	Data  0.000 ( 0.090)	Loss 3.6106e-02 (2.6050e-02)	Acc@1  98.44 ( 98.86)	Acc@2 100.00 (100.00)
Epoch: [250][ 20/103]	Time  0.437 ( 0.452)	Data  0.000 ( 0.061)	Loss 1.0274e-02 (2.4636e-02)	Acc@1 100.00 ( 98.98)	Acc@2 100.00 (100.00)
Epoch: [250][ 30/103]	Time  0.433 ( 0.444)	Data  0.000 ( 0.050)	Loss 1.2310e-02 (2.4626e-02)	Acc@1 100.00 ( 99.00)	Acc@2 100.00 (100.00)
Epoch: [250][ 40/103]	Time  0.430 ( 0.441)	Data  0.000 ( 0.045)	Loss 4.1769e-02 (2.6224e-02)	Acc@1  98.44 ( 98.96)	Acc@2 100.00 (100.00)
Epoch: [250][ 50/103]	Time  0.426 ( 0.439)	Data  0.000 ( 0.041)	Loss 2.0477e-02 (2.5911e-02)	Acc@1  98.83 ( 98.96)	Acc@2 100.00 (100.00)
Epoch: [250][ 60/103]	Time  0.436 ( 0.439)	Data  0.000 ( 0.039)	Loss 1.3152e-02 (2.5384e-02)	Acc@1  99.61 ( 98.96)	Acc@2 100.00 (100.00)
Epoch: [250][ 70/103]	Time  0.430 ( 0.437)	Data  0.000 ( 0.037)	Loss 1.6048e-02 (2.5899e-02)	Acc@1  99.22 ( 98.95)	Acc@2 100.00 (100.00)
Epoch: [250][ 80/103]	Time  0.426 ( 0.436)	Data  0.000 ( 0.036)	Loss 2.5654e-02 (2.6055e-02)	Acc@1  98.44 ( 98.91)	Acc@2 100.00 (100.00)
Epoch: [250][ 90/103]	Time  0.440 ( 0.436)	Data  0.000 ( 0.035)	Loss 4.1885e-02 (2.7622e-02)	Acc@1  98.44 ( 98.85)	Acc@2 100.00 (100.00)
Epoch: [250][100/103]	Time  0.434 ( 0.435)	Data  0.000 ( 0.034)	Loss 4.4707e-02 (2.7655e-02)	Acc@1  98.44 ( 98.86)	Acc@2 100.00 (100.00)
Test: [ 0/35]	Time  0.885 ( 0.885)	Loss 1.2380e-02 (1.2380e-02)	Acc@1  99.61 ( 99.61)	Acc@2 100.00 (100.00)
Test: [10/35]	Time  0.132 ( 0.209)	Loss 1.7998e-04 (1.9733e-02)	Acc@1 100.00 ( 99.57)	Acc@2 100.00 (100.00)
Test: [20/35]	Time  0.186 ( 0.185)	Loss 2.1217e-02 (2.2904e-02)	Acc@1  99.61 ( 99.55)	Acc@2 100.00 (100.00)
Test: [30/35]	Time  0.466 ( 0.185)	Loss 4.0283e-03 (1.8605e-02)	Acc@1  99.61 ( 99.58)	Acc@2 100.00 (100.00)
 * Acc@1 99.555 Acc@2 100.000
Epoch: [251][  0/103]	Time  0.904 ( 0.904)	Data  0.744 ( 0.744)	Loss 7.7069e-02 (7.7069e-02)	Acc@1  97.27 ( 97.27)	Acc@2 100.00 (100.00)
Epoch: [251][ 10/103]	Time  0.416 ( 0.474)	Data  0.000 ( 0.092)	Loss 6.4503e-03 (2.4260e-02)	Acc@1 100.00 ( 99.04)	Acc@2 100.00 (100.00)
Epoch: [251][ 20/103]	Time  0.431 ( 0.454)	Data  0.000 ( 0.062)	Loss 4.8545e-03 (2.3246e-02)	Acc@1 100.00 ( 99.09)	Acc@2 100.00 (100.00)
Epoch: [251][ 30/103]	Time  0.435 ( 0.446)	Data  0.000 ( 0.051)	Loss 2.3465e-02 (2.2479e-02)	Acc@1  99.61 ( 99.16)	Acc@2 100.00 (100.00)
Epoch: [251][ 40/103]	Time  0.426 ( 0.442)	Data  0.000 ( 0.045)	Loss 1.7414e-02 (2.2321e-02)	Acc@1  99.22 ( 99.13)	Acc@2 100.00 (100.00)
Epoch: [251][ 50/103]	Time  0.429 ( 0.440)	Data  0.000 ( 0.042)	Loss 7.6080e-03 (2.2434e-02)	Acc@1 100.00 ( 99.13)	Acc@2 100.00 (100.00)
Epoch: [251][ 60/103]	Time  0.430 ( 0.439)	Data  0.000 ( 0.039)	Loss 1.4865e-02 (2.4049e-02)	Acc@1  99.61 ( 99.08)	Acc@2 100.00 (100.00)
Epoch: [251][ 70/103]	Time  0.431 ( 0.437)	Data  0.000 ( 0.038)	Loss 1.8604e-02 (2.4329e-02)	Acc@1  99.61 ( 99.09)	Acc@2 100.00 (100.00)
Epoch: [251][ 80/103]	Time  0.432 ( 0.437)	Data  0.000 ( 0.036)	Loss 4.3663e-02 (2.4471e-02)	Acc@1  98.44 ( 99.06)	Acc@2 100.00 (100.00)
Epoch: [251][ 90/103]	Time  0.434 ( 0.436)	Data  0.000 ( 0.036)	Loss 2.2962e-02 (2.4483e-02)	Acc@1  99.22 ( 99.03)	Acc@2 100.00 (100.00)
Epoch: [251][100/103]	Time  0.425 ( 0.436)	Data  0.000 ( 0.035)	Loss 1.0812e-02 (2.4583e-02)	Acc@1  99.22 ( 99.01)	Acc@2 100.00 (100.00)
Test: [ 0/35]	Time  0.884 ( 0.884)	Loss 1.1942e-02 (1.1942e-02)	Acc@1  99.61 ( 99.61)	Acc@2 100.00 (100.00)
Test: [10/35]	Time  0.123 ( 0.217)	Loss 1.8900e-04 (1.9404e-02)	Acc@1 100.00 ( 99.57)	Acc@2 100.00 (100.00)
Test: [20/35]	Time  0.165 ( 0.189)	Loss 2.1828e-02 (2.2620e-02)	Acc@1  99.22 ( 99.53)	Acc@2 100.00 (100.00)
Test: [30/35]	Time  0.210 ( 0.181)	Loss 3.8799e-03 (1.8353e-02)	Acc@1  99.61 ( 99.57)	Acc@2 100.00 (100.00)
 * Acc@1 99.543 Acc@2 100.000
Epoch: [252][  0/103]	Time  0.947 ( 0.947)	Data  0.797 ( 0.797)	Loss 1.5617e-02 (1.5617e-02)	Acc@1  99.61 ( 99.61)	Acc@2 100.00 (100.00)
Epoch: [252][ 10/103]	Time  0.437 ( 0.475)	Data  0.000 ( 0.095)	Loss 3.1275e-02 (3.3801e-02)	Acc@1  98.83 ( 98.69)	Acc@2 100.00 (100.00)
Epoch: [252][ 20/103]	Time  0.433 ( 0.453)	Data  0.000 ( 0.061)	Loss 1.4446e-02 (3.0672e-02)	Acc@1  99.61 ( 98.85)	Acc@2 100.00 (100.00)
Epoch: [252][ 30/103]	Time  0.429 ( 0.445)	Data  0.000 ( 0.050)	Loss 3.9246e-02 (2.9672e-02)	Acc@1  98.83 ( 98.85)	Acc@2 100.00 (100.00)
Epoch: [252][ 40/103]	Time  0.432 ( 0.441)	Data  0.000 ( 0.044)	Loss 2.6666e-02 (3.0737e-02)	Acc@1  98.83 ( 98.85)	Acc@2 100.00 (100.00)
Epoch: [252][ 50/103]	Time  0.397 ( 0.439)	Data  0.000 ( 0.040)	Loss 1.0858e-02 (3.1000e-02)	Acc@1  99.61 ( 98.87)	Acc@2 100.00 (100.00)
Epoch: [252][ 60/103]	Time  0.424 ( 0.450)	Data  0.005 ( 0.055)	Loss 3.9964e-02 (2.9699e-02)	Acc@1  98.83 ( 98.92)	Acc@2 100.00 (100.00)
Epoch: [252][ 70/103]	Time  0.482 ( 0.460)	Data  0.000 ( 0.066)	Loss 1.1992e-02 (2.8838e-02)	Acc@1  99.61 ( 98.95)	Acc@2 100.00 (100.00)
Epoch: [252][ 80/103]	Time  0.476 ( 0.462)	Data  0.000 ( 0.070)	Loss 3.4255e-02 (2.9176e-02)	Acc@1  98.83 ( 98.92)	Acc@2 100.00 (100.00)
Epoch: [252][ 90/103]	Time  0.436 ( 0.458)	Data  0.000 ( 0.064)	Loss 4.0868e-02 (2.9059e-02)	Acc@1  98.83 ( 98.93)	Acc@2 100.00 (100.00)
Epoch: [252][100/103]	Time  0.444 ( 0.456)	Data  0.000 ( 0.061)	Loss 2.2863e-02 (2.8668e-02)	Acc@1  99.22 ( 98.95)	Acc@2 100.00 (100.00)
Test: [ 0/35]	Time  0.886 ( 0.886)	Loss 1.1753e-02 (1.1753e-02)	Acc@1  99.61 ( 99.61)	Acc@2 100.00 (100.00)
Test: [10/35]	Time  0.123 ( 0.209)	Loss 1.5958e-04 (1.9125e-02)	Acc@1 100.00 ( 99.57)	Acc@2 100.00 (100.00)
Test: [20/35]	Time  0.189 ( 0.187)	Loss 2.1443e-02 (2.2434e-02)	Acc@1  99.22 ( 99.53)	Acc@2 100.00 (100.00)
Test: [30/35]	Time  0.286 ( 0.177)	Loss 4.0755e-03 (1.8416e-02)	Acc@1  99.61 ( 99.57)	Acc@2 100.00 (100.00)
 * Acc@1 99.543 Acc@2 100.000
Epoch: [253][  0/103]	Time  0.819 ( 0.819)	Data  0.667 ( 0.667)	Loss 1.1986e-02 (1.1986e-02)	Acc@1  99.22 ( 99.22)	Acc@2 100.00 (100.00)
Epoch: [253][ 10/103]	Time  0.421 ( 0.454)	Data  0.000 ( 0.084)	Loss 1.6602e-02 (2.9645e-02)	Acc@1  99.22 ( 98.90)	Acc@2 100.00 (100.00)
Epoch: [253][ 20/103]	Time  0.424 ( 0.437)	Data  0.000 ( 0.056)	Loss 2.1289e-02 (2.6468e-02)	Acc@1  99.61 ( 99.01)	Acc@2 100.00 (100.00)
Epoch: [253][ 30/103]	Time  0.425 ( 0.431)	Data  0.000 ( 0.046)	Loss 1.1827e-02 (2.5263e-02)	Acc@1  99.22 ( 99.02)	Acc@2 100.00 (100.00)
Epoch: [253][ 40/103]	Time  0.418 ( 0.427)	Data  0.000 ( 0.041)	Loss 2.4873e-02 (2.7219e-02)	Acc@1  99.22 ( 98.93)	Acc@2 100.00 (100.00)
Epoch: [253][ 50/103]	Time  0.417 ( 0.426)	Data  0.000 ( 0.038)	Loss 2.2869e-02 (2.6654e-02)	Acc@1  99.61 ( 98.99)	Acc@2 100.00 (100.00)
Epoch: [253][ 60/103]	Time  0.425 ( 0.425)	Data  0.000 ( 0.036)	Loss 1.1290e-02 (2.6958e-02)	Acc@1  99.61 ( 98.98)	Acc@2 100.00 (100.00)
Epoch: [253][ 70/103]	Time  0.418 ( 0.424)	Data  0.000 ( 0.035)	Loss 1.2222e-02 (2.6206e-02)	Acc@1  99.61 ( 99.00)	Acc@2 100.00 (100.00)
Epoch: [253][ 80/103]	Time  0.412 ( 0.423)	Data  0.000 ( 0.034)	Loss 4.8346e-02 (2.6689e-02)	Acc@1  98.05 ( 98.96)	Acc@2 100.00 (100.00)
Epoch: [253][ 90/103]	Time  0.416 ( 0.423)	Data  0.000 ( 0.033)	Loss 3.5490e-02 (2.7483e-02)	Acc@1  98.44 ( 98.92)	Acc@2 100.00 (100.00)
Epoch: [253][100/103]	Time  0.411 ( 0.422)	Data  0.000 ( 0.032)	Loss 4.5376e-02 (2.7229e-02)	Acc@1  98.44 ( 98.94)	Acc@2 100.00 (100.00)
Test: [ 0/35]	Time  0.814 ( 0.814)	Loss 1.0727e-02 (1.0727e-02)	Acc@1  99.61 ( 99.61)	Acc@2 100.00 (100.00)
Test: [10/35]	Time  0.122 ( 0.210)	Loss 1.4078e-04 (1.8375e-02)	Acc@1 100.00 ( 99.57)	Acc@2 100.00 (100.00)
Test: [20/35]	Time  0.160 ( 0.181)	Loss 2.2912e-02 (2.1835e-02)	Acc@1  99.22 ( 99.53)	Acc@2 100.00 (100.00)
Test: [30/35]	Time  0.243 ( 0.174)	Loss 4.2209e-03 (1.8148e-02)	Acc@1  99.61 ( 99.56)	Acc@2 100.00 (100.00)
 * Acc@1 99.520 Acc@2 100.000
Epoch: [254][  0/103]	Time  0.836 ( 0.836)	Data  0.666 ( 0.666)	Loss 2.5752e-02 (2.5752e-02)	Acc@1  98.83 ( 98.83)	Acc@2 100.00 (100.00)
Epoch: [254][ 10/103]	Time  0.433 ( 0.473)	Data  0.000 ( 0.085)	Loss 4.1046e-02 (2.7086e-02)	Acc@1  98.05 ( 98.90)	Acc@2 100.00 (100.00)
Epoch: [254][ 20/103]	Time  0.447 ( 0.458)	Data  0.000 ( 0.058)	Loss 5.9218e-02 (2.6003e-02)	Acc@1  97.66 ( 98.96)	Acc@2 100.00 (100.00)
Epoch: [254][ 30/103]	Time  0.428 ( 0.451)	Data  0.000 ( 0.048)	Loss 5.3439e-02 (2.7873e-02)	Acc@1  98.44 ( 98.88)	Acc@2 100.00 (100.00)
Epoch: [254][ 40/103]	Time  0.440 ( 0.448)	Data  0.000 ( 0.043)	Loss 4.3407e-02 (2.8916e-02)	Acc@1  98.05 ( 98.83)	Acc@2 100.00 (100.00)
Epoch: [254][ 50/103]	Time  0.440 ( 0.445)	Data  0.000 ( 0.040)	Loss 4.0058e-02 (2.8121e-02)	Acc@1  97.66 ( 98.87)	Acc@2 100.00 (100.00)
Epoch: [254][ 60/103]	Time  0.432 ( 0.444)	Data  0.000 ( 0.038)	Loss 2.0133e-02 (2.7484e-02)	Acc@1  99.22 ( 98.92)	Acc@2 100.00 (100.00)
Epoch: [254][ 70/103]	Time  0.449 ( 0.443)	Data  0.000 ( 0.037)	Loss 7.9857e-03 (2.6756e-02)	Acc@1  99.61 ( 98.96)	Acc@2 100.00 (100.00)
Epoch: [254][ 80/103]	Time  0.438 ( 0.442)	Data  0.000 ( 0.035)	Loss 6.0213e-02 (2.6273e-02)	Acc@1  97.27 ( 99.01)	Acc@2 100.00 (100.00)
Epoch: [254][ 90/103]	Time  0.428 ( 0.442)	Data  0.000 ( 0.035)	Loss 4.0125e-02 (2.6148e-02)	Acc@1  98.44 ( 99.01)	Acc@2 100.00 (100.00)
Epoch: [254][100/103]	Time  0.430 ( 0.442)	Data  0.000 ( 0.034)	Loss 1.7733e-02 (2.6021e-02)	Acc@1  99.22 ( 99.01)	Acc@2 100.00 (100.00)
Test: [ 0/35]	Time  0.849 ( 0.849)	Loss 1.3272e-02 (1.3272e-02)	Acc@1  99.61 ( 99.61)	Acc@2 100.00 (100.00)
Test: [10/35]	Time  0.123 ( 0.206)	Loss 2.2478e-04 (2.0327e-02)	Acc@1 100.00 ( 99.54)	Acc@2 100.00 (100.00)
Test: [20/35]	Time  0.239 ( 0.194)	Loss 2.0130e-02 (2.3268e-02)	Acc@1  99.61 ( 99.53)	Acc@2 100.00 (100.00)
Test: [30/35]	Time  0.372 ( 0.186)	Loss 3.3006e-03 (1.8692e-02)	Acc@1  99.61 ( 99.57)	Acc@2 100.00 (100.00)
 * Acc@1 99.543 Acc@2 100.000
Epoch: [255][  0/103]	Time  0.817 ( 0.817)	Data  0.646 ( 0.646)	Loss 4.7336e-02 (4.7336e-02)	Acc@1  98.05 ( 98.05)	Acc@2 100.00 (100.00)
Epoch: [255][ 10/103]	Time  0.438 ( 0.477)	Data  0.000 ( 0.090)	Loss 5.0240e-02 (3.1466e-02)	Acc@1  98.05 ( 98.79)	Acc@2 100.00 (100.00)
Epoch: [255][ 20/103]	Time  0.439 ( 0.459)	Data  0.000 ( 0.061)	Loss 4.3252e-02 (3.1779e-02)	Acc@1  98.44 ( 98.74)	Acc@2 100.00 (100.00)
Epoch: [255][ 30/103]	Time  0.443 ( 0.453)	Data  0.000 ( 0.050)	Loss 7.6047e-03 (2.8959e-02)	Acc@1 100.00 ( 98.89)	Acc@2 100.00 (100.00)
Epoch: [255][ 40/103]	Time  0.434 ( 0.449)	Data  0.000 ( 0.045)	Loss 4.6193e-02 (2.9683e-02)	Acc@1  98.05 ( 98.86)	Acc@2 100.00 (100.00)
Epoch: [255][ 50/103]	Time  0.445 ( 0.447)	Data  0.000 ( 0.041)	Loss 5.0859e-02 (3.0504e-02)	Acc@1  98.05 ( 98.78)	Acc@2 100.00 (100.00)
Epoch: [255][ 60/103]	Time  0.442 ( 0.446)	Data  0.000 ( 0.039)	Loss 1.7718e-02 (2.9374e-02)	Acc@1  99.61 ( 98.83)	Acc@2 100.00 (100.00)
Epoch: [255][ 70/103]	Time  0.447 ( 0.446)	Data  0.000 ( 0.037)	Loss 2.3406e-02 (2.9085e-02)	Acc@1  98.83 ( 98.86)	Acc@2 100.00 (100.00)
Epoch: [255][ 80/103]	Time  0.437 ( 0.445)	Data  0.000 ( 0.036)	Loss 2.5939e-02 (2.9286e-02)	Acc@1  98.83 ( 98.85)	Acc@2 100.00 (100.00)
Epoch: [255][ 90/103]	Time  0.444 ( 0.445)	Data  0.000 ( 0.035)	Loss 3.5357e-02 (2.8983e-02)	Acc@1  98.44 ( 98.86)	Acc@2 100.00 (100.00)
Epoch: [255][100/103]	Time  0.438 ( 0.444)	Data  0.000 ( 0.035)	Loss 4.7623e-02 (2.8935e-02)	Acc@1  98.83 ( 98.87)	Acc@2 100.00 (100.00)
Test: [ 0/35]	Time  0.823 ( 0.823)	Loss 1.2052e-02 (1.2052e-02)	Acc@1  99.61 ( 99.61)	Acc@2 100.00 (100.00)
Test: [10/35]	Time  0.131 ( 0.199)	Loss 1.4893e-04 (1.8790e-02)	Acc@1 100.00 ( 99.57)	Acc@2 100.00 (100.00)
Test: [20/35]	Time  0.192 ( 0.181)	Loss 2.1882e-02 (2.2108e-02)	Acc@1  99.22 ( 99.53)	Acc@2 100.00 (100.00)
Test: [30/35]	Time  0.374 ( 0.176)	Loss 3.9074e-03 (1.8257e-02)	Acc@1  99.61 ( 99.57)	Acc@2 100.00 (100.00)
 * Acc@1 99.543 Acc@2 100.000
Epoch: [256][  0/103]	Time  0.825 ( 0.825)	Data  0.674 ( 0.674)	Loss 6.0118e-02 (6.0118e-02)	Acc@1  97.66 ( 97.66)	Acc@2 100.00 (100.00)
Epoch: [256][ 10/103]	Time  0.442 ( 0.471)	Data  0.000 ( 0.084)	Loss 3.1265e-02 (3.2317e-02)	Acc@1  98.44 ( 98.65)	Acc@2 100.00 (100.00)
Epoch: [256][ 20/103]	Time  0.439 ( 0.455)	Data  0.000 ( 0.056)	Loss 2.7375e-02 (3.2665e-02)	Acc@1  98.83 ( 98.75)	Acc@2 100.00 (100.00)
Epoch: [256][ 30/103]	Time  0.452 ( 0.449)	Data  0.000 ( 0.047)	Loss 9.5792e-03 (3.1116e-02)	Acc@1 100.00 ( 98.77)	Acc@2 100.00 (100.00)
Epoch: [256][ 40/103]	Time  0.439 ( 0.446)	Data  0.000 ( 0.042)	Loss 2.5619e-02 (3.1310e-02)	Acc@1  99.22 ( 98.76)	Acc@2 100.00 (100.00)
Epoch: [256][ 50/103]	Time  0.442 ( 0.444)	Data  0.000 ( 0.038)	Loss 3.3706e-02 (3.2054e-02)	Acc@1  99.22 ( 98.72)	Acc@2 100.00 (100.00)
Epoch: [256][ 60/103]	Time  0.433 ( 0.443)	Data  0.000 ( 0.036)	Loss 2.0532e-02 (3.1012e-02)	Acc@1  99.22 ( 98.77)	Acc@2 100.00 (100.00)
Epoch: [256][ 70/103]	Time  0.437 ( 0.443)	Data  0.000 ( 0.035)	Loss 2.4638e-02 (2.9578e-02)	Acc@1  99.61 ( 98.85)	Acc@2 100.00 (100.00)
Epoch: [256][ 80/103]	Time  0.447 ( 0.442)	Data  0.000 ( 0.034)	Loss 8.8362e-03 (2.9025e-02)	Acc@1 100.00 ( 98.90)	Acc@2 100.00 (100.00)
Epoch: [256][ 90/103]	Time  0.435 ( 0.441)	Data  0.000 ( 0.033)	Loss 3.8654e-02 (2.9329e-02)	Acc@1  99.22 ( 98.90)	Acc@2 100.00 (100.00)
Epoch: [256][100/103]	Time  0.434 ( 0.441)	Data  0.000 ( 0.032)	Loss 1.1747e-02 (2.8396e-02)	Acc@1  99.61 ( 98.95)	Acc@2 100.00 (100.00)
Test: [ 0/35]	Time  0.837 ( 0.837)	Loss 1.1631e-02 (1.1631e-02)	Acc@1  99.61 ( 99.61)	Acc@2 100.00 (100.00)
Test: [10/35]	Time  0.118 ( 0.215)	Loss 1.6184e-04 (1.9127e-02)	Acc@1 100.00 ( 99.57)	Acc@2 100.00 (100.00)
Test: [20/35]	Time  0.149 ( 0.191)	Loss 2.1370e-02 (2.2452e-02)	Acc@1  99.61 ( 99.55)	Acc@2 100.00 (100.00)
Test: [30/35]	Time  0.124 ( 0.183)	Loss 3.9523e-03 (1.8330e-02)	Acc@1  99.61 ( 99.58)	Acc@2 100.00 (100.00)
 * Acc@1 99.555 Acc@2 100.000
Epoch: [257][  0/103]	Time  0.787 ( 0.787)	Data  0.638 ( 0.638)	Loss 3.5993e-02 (3.5993e-02)	Acc@1  98.44 ( 98.44)	Acc@2 100.00 (100.00)
Epoch: [257][ 10/103]	Time  0.414 ( 0.449)	Data  0.000 ( 0.081)	Loss 2.1163e-02 (2.8077e-02)	Acc@1  98.83 ( 98.83)	Acc@2 100.00 (100.00)
Epoch: [257][ 20/103]	Time  0.415 ( 0.433)	Data  0.000 ( 0.055)	Loss 5.9148e-03 (2.7530e-02)	Acc@1  99.61 ( 98.88)	Acc@2 100.00 (100.00)
Epoch: [257][ 30/103]	Time  0.415 ( 0.427)	Data  0.000 ( 0.045)	Loss 4.4780e-02 (2.7970e-02)	Acc@1  98.05 ( 98.89)	Acc@2 100.00 (100.00)
Epoch: [257][ 40/103]	Time  0.411 ( 0.424)	Data  0.000 ( 0.041)	Loss 1.3379e-02 (2.8147e-02)	Acc@1  99.22 ( 98.89)	Acc@2 100.00 (100.00)
Epoch: [257][ 50/103]	Time  0.409 ( 0.422)	Data  0.000 ( 0.038)	Loss 3.7678e-02 (2.8979e-02)	Acc@1  99.22 ( 98.87)	Acc@2 100.00 (100.00)
Epoch: [257][ 60/103]	Time  0.427 ( 0.421)	Data  0.000 ( 0.036)	Loss 2.4086e-02 (2.8524e-02)	Acc@1  98.83 ( 98.89)	Acc@2 100.00 (100.00)
Epoch: [257][ 70/103]	Time  0.412 ( 0.420)	Data  0.000 ( 0.034)	Loss 3.8161e-02 (2.9785e-02)	Acc@1  98.44 ( 98.81)	Acc@2 100.00 (100.00)
Epoch: [257][ 80/103]	Time  0.410 ( 0.420)	Data  0.000 ( 0.033)	Loss 3.9252e-02 (2.9215e-02)	Acc@1  98.44 ( 98.82)	Acc@2 100.00 (100.00)
Epoch: [257][ 90/103]	Time  0.411 ( 0.419)	Data  0.000 ( 0.032)	Loss 1.8448e-02 (2.9262e-02)	Acc@1  99.22 ( 98.83)	Acc@2 100.00 (100.00)
Epoch: [257][100/103]	Time  0.409 ( 0.419)	Data  0.000 ( 0.032)	Loss 2.2080e-02 (2.8384e-02)	Acc@1  99.61 ( 98.87)	Acc@2 100.00 (100.00)
Test: [ 0/35]	Time  0.811 ( 0.811)	Loss 1.1497e-02 (1.1497e-02)	Acc@1  99.61 ( 99.61)	Acc@2 100.00 (100.00)
Test: [10/35]	Time  0.122 ( 0.229)	Loss 1.6196e-04 (1.8908e-02)	Acc@1 100.00 ( 99.57)	Acc@2 100.00 (100.00)
Test: [20/35]	Time  0.211 ( 0.212)	Loss 2.2233e-02 (2.2195e-02)	Acc@1  99.22 ( 99.53)	Acc@2 100.00 (100.00)
Test: [30/35]	Time  0.277 ( 0.193)	Loss 3.8124e-03 (1.8225e-02)	Acc@1  99.61 ( 99.57)	Acc@2 100.00 (100.00)
 * Acc@1 99.532 Acc@2 100.000
Epoch: [258][  0/103]	Time  0.886 ( 0.886)	Data  0.733 ( 0.733)	Loss 2.2131e-02 (2.2131e-02)	Acc@1  99.22 ( 99.22)	Acc@2 100.00 (100.00)
Epoch: [258][ 10/103]	Time  0.424 ( 0.477)	Data  0.000 ( 0.093)	Loss 2.6168e-02 (3.1344e-02)	Acc@1  99.22 ( 98.83)	Acc@2 100.00 (100.00)
Epoch: [258][ 20/103]	Time  0.433 ( 0.455)	Data  0.000 ( 0.062)	Loss 2.3182e-02 (2.6999e-02)	Acc@1  98.83 ( 98.92)	Acc@2 100.00 (100.00)
Epoch: [258][ 30/103]	Time  0.429 ( 0.447)	Data  0.000 ( 0.051)	Loss 3.0828e-02 (2.8712e-02)	Acc@1  98.83 ( 98.88)	Acc@2 100.00 (100.00)
Epoch: [258][ 40/103]	Time  0.426 ( 0.442)	Data  0.000 ( 0.045)	Loss 4.6647e-02 (2.9200e-02)	Acc@1  99.22 ( 98.88)	Acc@2 100.00 (100.00)
Epoch: [258][ 50/103]	Time  0.432 ( 0.440)	Data  0.000 ( 0.042)	Loss 2.5273e-02 (2.9210e-02)	Acc@1  98.83 ( 98.84)	Acc@2 100.00 (100.00)
Epoch: [258][ 60/103]	Time  0.433 ( 0.439)	Data  0.000 ( 0.039)	Loss 2.4023e-02 (2.9019e-02)	Acc@1  99.61 ( 98.85)	Acc@2 100.00 (100.00)
Epoch: [258][ 70/103]	Time  0.430 ( 0.438)	Data  0.000 ( 0.038)	Loss 2.7159e-02 (2.8248e-02)	Acc@1  98.44 ( 98.89)	Acc@2 100.00 (100.00)
Epoch: [258][ 80/103]	Time  0.429 ( 0.437)	Data  0.000 ( 0.037)	Loss 2.5541e-02 (2.8979e-02)	Acc@1  98.83 ( 98.85)	Acc@2 100.00 (100.00)
Epoch: [258][ 90/103]	Time  0.418 ( 0.437)	Data  0.000 ( 0.036)	Loss 1.1733e-02 (2.8607e-02)	Acc@1  99.61 ( 98.88)	Acc@2 100.00 (100.00)
Epoch: [258][100/103]	Time  0.439 ( 0.436)	Data  0.000 ( 0.035)	Loss 1.0893e-02 (2.8686e-02)	Acc@1  99.61 ( 98.88)	Acc@2 100.00 (100.00)
Test: [ 0/35]	Time  0.835 ( 0.835)	Loss 1.0896e-02 (1.0896e-02)	Acc@1  99.61 ( 99.61)	Acc@2 100.00 (100.00)
Test: [10/35]	Time  0.124 ( 0.206)	Loss 1.3099e-04 (1.8492e-02)	Acc@1 100.00 ( 99.57)	Acc@2 100.00 (100.00)
Test: [20/35]	Time  0.189 ( 0.185)	Loss 2.2506e-02 (2.1964e-02)	Acc@1  99.22 ( 99.53)	Acc@2 100.00 (100.00)
Test: [30/35]	Time  0.408 ( 0.184)	Loss 3.9691e-03 (1.8229e-02)	Acc@1  99.61 ( 99.57)	Acc@2 100.00 (100.00)
 * Acc@1 99.532 Acc@2 100.000
Epoch: [259][  0/103]	Time  0.903 ( 0.903)	Data  0.742 ( 0.742)	Loss 1.2555e-02 (1.2555e-02)	Acc@1 100.00 (100.00)	Acc@2 100.00 (100.00)
Epoch: [259][ 10/103]	Time  0.443 ( 0.474)	Data  0.000 ( 0.091)	Loss 2.0687e-02 (2.6107e-02)	Acc@1  99.61 ( 98.93)	Acc@2 100.00 (100.00)
Epoch: [259][ 20/103]	Time  0.431 ( 0.453)	Data  0.000 ( 0.060)	Loss 2.6645e-02 (2.7985e-02)	Acc@1  98.83 ( 98.83)	Acc@2 100.00 (100.00)
Epoch: [259][ 30/103]	Time  0.431 ( 0.446)	Data  0.000 ( 0.050)	Loss 3.3549e-02 (2.7275e-02)	Acc@1  98.44 ( 98.90)	Acc@2 100.00 (100.00)
Epoch: [259][ 40/103]	Time  0.434 ( 0.443)	Data  0.000 ( 0.044)	Loss 3.0281e-02 (2.7523e-02)	Acc@1  99.61 ( 98.89)	Acc@2 100.00 (100.00)
Epoch: [259][ 50/103]	Time  0.432 ( 0.440)	Data  0.000 ( 0.041)	Loss 2.8820e-02 (2.8528e-02)	Acc@1  98.83 ( 98.89)	Acc@2 100.00 (100.00)
Epoch: [259][ 60/103]	Time  0.425 ( 0.439)	Data  0.000 ( 0.039)	Loss 1.3527e-02 (2.7684e-02)	Acc@1  99.61 ( 98.92)	Acc@2 100.00 (100.00)
Epoch: [259][ 70/103]	Time  0.432 ( 0.439)	Data  0.000 ( 0.037)	Loss 1.2561e-02 (2.7753e-02)	Acc@1  99.61 ( 98.89)	Acc@2 100.00 (100.00)
Epoch: [259][ 80/103]	Time  0.434 ( 0.437)	Data  0.000 ( 0.036)	Loss 4.6798e-02 (2.7851e-02)	Acc@1  98.44 ( 98.89)	Acc@2 100.00 (100.00)
Epoch: [259][ 90/103]	Time  0.436 ( 0.437)	Data  0.000 ( 0.035)	Loss 7.6167e-03 (2.8452e-02)	Acc@1 100.00 ( 98.90)	Acc@2 100.00 (100.00)
Epoch: [259][100/103]	Time  0.434 ( 0.436)	Data  0.000 ( 0.034)	Loss 2.5950e-02 (2.8039e-02)	Acc@1  98.44 ( 98.91)	Acc@2 100.00 (100.00)
Test: [ 0/35]	Time  0.820 ( 0.820)	Loss 1.4067e-02 (1.4067e-02)	Acc@1  99.22 ( 99.22)	Acc@2 100.00 (100.00)
Test: [10/35]	Time  0.121 ( 0.213)	Loss 2.1959e-04 (2.0433e-02)	Acc@1 100.00 ( 99.50)	Acc@2 100.00 (100.00)
Test: [20/35]	Time  0.146 ( 0.188)	Loss 2.0245e-02 (2.3327e-02)	Acc@1  99.61 ( 99.50)	Acc@2 100.00 (100.00)
Test: [30/35]	Time  0.386 ( 0.186)	Loss 3.4129e-03 (1.8609e-02)	Acc@1  99.61 ( 99.55)	Acc@2 100.00 (100.00)
 * Acc@1 99.520 Acc@2 100.000
Epoch: [260][  0/103]	Time  0.893 ( 0.893)	Data  0.736 ( 0.736)	Loss 2.3154e-02 (2.3154e-02)	Acc@1  99.61 ( 99.61)	Acc@2 100.00 (100.00)
Epoch: [260][ 10/103]	Time  0.428 ( 0.470)	Data  0.000 ( 0.089)	Loss 1.5299e-02 (2.8558e-02)	Acc@1  98.83 ( 98.86)	Acc@2 100.00 (100.00)
Epoch: [260][ 20/103]	Time  0.431 ( 0.451)	Data  0.000 ( 0.059)	Loss 1.0717e-02 (2.5406e-02)	Acc@1 100.00 ( 98.98)	Acc@2 100.00 (100.00)
Epoch: [260][ 30/103]	Time  0.440 ( 0.445)	Data  0.000 ( 0.048)	Loss 4.4877e-02 (2.5987e-02)	Acc@1  98.83 ( 98.97)	Acc@2 100.00 (100.00)
Epoch: [260][ 40/103]	Time  0.436 ( 0.441)	Data  0.000 ( 0.042)	Loss 1.9210e-02 (2.4799e-02)	Acc@1  99.22 ( 99.03)	Acc@2 100.00 (100.00)
Epoch: [260][ 50/103]	Time  0.436 ( 0.439)	Data  0.000 ( 0.039)	Loss 1.3291e-02 (2.4920e-02)	Acc@1  99.61 ( 99.06)	Acc@2 100.00 (100.00)
Epoch: [260][ 60/103]	Time  0.427 ( 0.437)	Data  0.000 ( 0.037)	Loss 1.1480e-02 (2.5192e-02)	Acc@1  99.61 ( 99.04)	Acc@2 100.00 (100.00)
Epoch: [260][ 70/103]	Time  0.429 ( 0.436)	Data  0.000 ( 0.035)	Loss 4.0670e-02 (2.5149e-02)	Acc@1  98.83 ( 99.06)	Acc@2 100.00 (100.00)
Epoch: [260][ 80/103]	Time  0.435 ( 0.436)	Data  0.000 ( 0.034)	Loss 5.7728e-02 (2.6173e-02)	Acc@1  98.44 ( 99.04)	Acc@2 100.00 (100.00)
Epoch: [260][ 90/103]	Time  0.440 ( 0.435)	Data  0.000 ( 0.033)	Loss 3.4235e-02 (2.6216e-02)	Acc@1  98.83 ( 99.02)	Acc@2 100.00 (100.00)
Epoch: [260][100/103]	Time  0.426 ( 0.434)	Data  0.000 ( 0.032)	Loss 7.0991e-02 (2.6767e-02)	Acc@1  98.05 ( 99.01)	Acc@2 100.00 (100.00)
Test: [ 0/35]	Time  0.851 ( 0.851)	Loss 1.3498e-02 (1.3498e-02)	Acc@1  99.22 ( 99.22)	Acc@2 100.00 (100.00)
Test: [10/35]	Time  0.124 ( 0.208)	Loss 1.7345e-04 (1.9983e-02)	Acc@1 100.00 ( 99.54)	Acc@2 100.00 (100.00)
Test: [20/35]	Time  0.212 ( 0.190)	Loss 2.1019e-02 (2.3047e-02)	Acc@1  99.61 ( 99.53)	Acc@2 100.00 (100.00)
Test: [30/35]	Time  0.295 ( 0.179)	Loss 3.7740e-03 (1.8540e-02)	Acc@1  99.61 ( 99.57)	Acc@2 100.00 (100.00)
 * Acc@1 99.543 Acc@2 100.000
Epoch: [261][  0/103]	Time  0.883 ( 0.883)	Data  0.727 ( 0.727)	Loss 2.5317e-02 (2.5317e-02)	Acc@1  98.83 ( 98.83)	Acc@2 100.00 (100.00)
Epoch: [261][ 10/103]	Time  0.415 ( 0.461)	Data  0.000 ( 0.088)	Loss 4.2175e-02 (2.9197e-02)	Acc@1  98.44 ( 98.86)	Acc@2 100.00 (100.00)
Epoch: [261][ 20/103]	Time  0.417 ( 0.442)	Data  0.000 ( 0.058)	Loss 3.9828e-02 (2.7955e-02)	Acc@1  98.44 ( 98.98)	Acc@2 100.00 (100.00)
Epoch: [261][ 30/103]	Time  0.423 ( 0.435)	Data  0.000 ( 0.048)	Loss 2.4445e-02 (2.6720e-02)	Acc@1  99.22 ( 98.97)	Acc@2 100.00 (100.00)
Epoch: [261][ 40/103]	Time  0.418 ( 0.431)	Data  0.000 ( 0.043)	Loss 1.3234e-02 (2.6280e-02)	Acc@1  99.61 ( 99.00)	Acc@2 100.00 (100.00)
Epoch: [261][ 50/103]	Time  0.415 ( 0.428)	Data  0.000 ( 0.039)	Loss 5.4115e-03 (2.6385e-02)	Acc@1 100.00 ( 98.97)	Acc@2 100.00 (100.00)
Epoch: [261][ 60/103]	Time  0.430 ( 0.427)	Data  0.000 ( 0.037)	Loss 2.1807e-02 (2.6772e-02)	Acc@1  99.22 ( 98.94)	Acc@2 100.00 (100.00)
Epoch: [261][ 70/103]	Time  0.416 ( 0.426)	Data  0.000 ( 0.035)	Loss 2.2327e-02 (2.6247e-02)	Acc@1  99.22 ( 98.97)	Acc@2 100.00 (100.00)
Epoch: [261][ 80/103]	Time  0.423 ( 0.425)	Data  0.000 ( 0.034)	Loss 2.4821e-02 (2.5985e-02)	Acc@1  98.83 ( 98.95)	Acc@2 100.00 (100.00)
Epoch: [261][ 90/103]	Time  0.426 ( 0.424)	Data  0.000 ( 0.033)	Loss 3.1568e-02 (2.6636e-02)	Acc@1  98.83 ( 98.92)	Acc@2 100.00 (100.00)
Epoch: [261][100/103]	Time  0.408 ( 0.423)	Data  0.000 ( 0.033)	Loss 3.7351e-02 (2.6837e-02)	Acc@1  98.83 ( 98.91)	Acc@2 100.00 (100.00)
Test: [ 0/35]	Time  0.839 ( 0.839)	Loss 1.3029e-02 (1.3029e-02)	Acc@1  99.22 ( 99.22)	Acc@2 100.00 (100.00)
Test: [10/35]	Time  0.130 ( 0.206)	Loss 1.9447e-04 (1.9608e-02)	Acc@1 100.00 ( 99.54)	Acc@2 100.00 (100.00)
Test: [20/35]	Time  0.174 ( 0.183)	Loss 2.0937e-02 (2.2741e-02)	Acc@1  99.61 ( 99.53)	Acc@2 100.00 (100.00)
Test: [30/35]	Time  0.379 ( 0.181)	Loss 3.5741e-03 (1.8390e-02)	Acc@1  99.61 ( 99.57)	Acc@2 100.00 (100.00)
 * Acc@1 99.543 Acc@2 100.000
Epoch: [262][  0/103]	Time  0.924 ( 0.924)	Data  0.771 ( 0.771)	Loss 9.5183e-03 (9.5183e-03)	Acc@1  99.61 ( 99.61)	Acc@2 100.00 (100.00)
Epoch: [262][ 10/103]	Time  0.440 ( 0.480)	Data  0.000 ( 0.096)	Loss 1.7763e-02 (2.5828e-02)	Acc@1  99.22 ( 99.04)	Acc@2 100.00 (100.00)
Epoch: [262][ 20/103]	Time  0.447 ( 0.461)	Data  0.000 ( 0.063)	Loss 2.0351e-02 (2.5021e-02)	Acc@1  99.61 ( 99.01)	Acc@2 100.00 (100.00)
Epoch: [262][ 30/103]	Time  0.424 ( 0.453)	Data  0.000 ( 0.052)	Loss 2.1254e-02 (2.4551e-02)	Acc@1  99.22 ( 99.00)	Acc@2 100.00 (100.00)
Epoch: [262][ 40/103]	Time  0.432 ( 0.449)	Data  0.000 ( 0.046)	Loss 1.4534e-02 (2.5227e-02)	Acc@1  99.61 ( 98.98)	Acc@2 100.00 (100.00)
Epoch: [262][ 50/103]	Time  0.426 ( 0.447)	Data  0.000 ( 0.042)	Loss 2.2248e-02 (2.5475e-02)	Acc@1  98.83 ( 99.00)	Acc@2 100.00 (100.00)
Epoch: [262][ 60/103]	Time  0.430 ( 0.445)	Data  0.000 ( 0.040)	Loss 1.3447e-02 (2.5730e-02)	Acc@1  99.61 ( 98.99)	Acc@2 100.00 (100.00)
Epoch: [262][ 70/103]	Time  0.533 ( 0.445)	Data  0.000 ( 0.038)	Loss 2.9298e-02 (2.6101e-02)	Acc@1  98.83 ( 98.96)	Acc@2 100.00 (100.00)
Epoch: [262][ 80/103]	Time  0.443 ( 0.444)	Data  0.000 ( 0.037)	Loss 2.9960e-02 (2.5707e-02)	Acc@1  98.44 ( 98.98)	Acc@2 100.00 (100.00)
Epoch: [262][ 90/103]	Time  0.437 ( 0.443)	Data  0.000 ( 0.036)	Loss 1.4916e-02 (2.5490e-02)	Acc@1  99.61 ( 99.00)	Acc@2 100.00 (100.00)
Epoch: [262][100/103]	Time  0.434 ( 0.442)	Data  0.000 ( 0.035)	Loss 1.2428e-02 (2.5474e-02)	Acc@1  99.22 ( 99.01)	Acc@2 100.00 (100.00)
Test: [ 0/35]	Time  0.849 ( 0.849)	Loss 1.1404e-02 (1.1404e-02)	Acc@1  99.61 ( 99.61)	Acc@2 100.00 (100.00)
Test: [10/35]	Time  0.168 ( 0.212)	Loss 1.5213e-04 (1.8867e-02)	Acc@1 100.00 ( 99.57)	Acc@2 100.00 (100.00)
Test: [20/35]	Time  0.196 ( 0.186)	Loss 2.2497e-02 (2.2214e-02)	Acc@1  99.22 ( 99.53)	Acc@2 100.00 (100.00)
Test: [30/35]	Time  0.459 ( 0.186)	Loss 3.8877e-03 (1.8288e-02)	Acc@1  99.61 ( 99.57)	Acc@2 100.00 (100.00)
 * Acc@1 99.532 Acc@2 100.000
Epoch: [263][  0/103]	Time  0.896 ( 0.896)	Data  0.733 ( 0.733)	Loss 3.4594e-02 (3.4594e-02)	Acc@1  99.61 ( 99.61)	Acc@2 100.00 (100.00)
Epoch: [263][ 10/103]	Time  0.442 ( 0.484)	Data  0.000 ( 0.092)	Loss 1.2594e-02 (2.0477e-02)	Acc@1  99.61 ( 99.43)	Acc@2 100.00 (100.00)
Epoch: [263][ 20/103]	Time  0.433 ( 0.462)	Data  0.000 ( 0.061)	Loss 1.8347e-02 (2.2215e-02)	Acc@1  99.22 ( 99.26)	Acc@2 100.00 (100.00)
Epoch: [263][ 30/103]	Time  0.456 ( 0.454)	Data  0.000 ( 0.051)	Loss 1.7436e-02 (2.2357e-02)	Acc@1  99.61 ( 99.24)	Acc@2 100.00 (100.00)
Epoch: [263][ 40/103]	Time  0.453 ( 0.451)	Data  0.000 ( 0.045)	Loss 5.4786e-02 (2.5799e-02)	Acc@1  98.83 ( 99.14)	Acc@2 100.00 (100.00)
Epoch: [263][ 50/103]	Time  0.431 ( 0.448)	Data  0.000 ( 0.041)	Loss 2.8191e-02 (2.6371e-02)	Acc@1  98.83 ( 99.10)	Acc@2 100.00 (100.00)
Epoch: [263][ 60/103]	Time  0.451 ( 0.446)	Data  0.000 ( 0.039)	Loss 2.9738e-02 (2.6801e-02)	Acc@1  99.22 ( 99.08)	Acc@2 100.00 (100.00)
Epoch: [263][ 70/103]	Time  0.429 ( 0.445)	Data  0.000 ( 0.037)	Loss 1.9620e-02 (2.6896e-02)	Acc@1  99.22 ( 99.06)	Acc@2 100.00 (100.00)
Epoch: [263][ 80/103]	Time  0.445 ( 0.444)	Data  0.000 ( 0.036)	Loss 2.2453e-02 (2.7112e-02)	Acc@1  99.61 ( 99.03)	Acc@2 100.00 (100.00)
Epoch: [263][ 90/103]	Time  0.428 ( 0.444)	Data  0.000 ( 0.035)	Loss 4.8274e-02 (2.7458e-02)	Acc@1  98.05 ( 99.01)	Acc@2 100.00 (100.00)
Epoch: [263][100/103]	Time  0.445 ( 0.443)	Data  0.000 ( 0.035)	Loss 1.7508e-02 (2.7113e-02)	Acc@1  99.61 ( 99.01)	Acc@2 100.00 (100.00)
Test: [ 0/35]	Time  0.810 ( 0.810)	Loss 1.2756e-02 (1.2756e-02)	Acc@1  99.22 ( 99.22)	Acc@2 100.00 (100.00)
Test: [10/35]	Time  0.137 ( 0.202)	Loss 1.8327e-04 (1.9675e-02)	Acc@1 100.00 ( 99.54)	Acc@2 100.00 (100.00)
Test: [20/35]	Time  0.194 ( 0.181)	Loss 2.1091e-02 (2.2804e-02)	Acc@1  99.61 ( 99.53)	Acc@2 100.00 (100.00)
Test: [30/35]	Time  0.449 ( 0.194)	Loss 3.8115e-03 (1.8513e-02)	Acc@1  99.61 ( 99.57)	Acc@2 100.00 (100.00)
 * Acc@1 99.543 Acc@2 100.000
Epoch: [264][  0/103]	Time  0.937 ( 0.937)	Data  0.784 ( 0.784)	Loss 1.6176e-02 (1.6176e-02)	Acc@1  99.61 ( 99.61)	Acc@2 100.00 (100.00)
Epoch: [264][ 10/103]	Time  0.436 ( 0.486)	Data  0.000 ( 0.095)	Loss 1.8087e-02 (2.9937e-02)	Acc@1  99.22 ( 98.86)	Acc@2 100.00 (100.00)
Epoch: [264][ 20/103]	Time  0.441 ( 0.462)	Data  0.000 ( 0.061)	Loss 2.6748e-02 (3.2045e-02)	Acc@1  99.22 ( 98.83)	Acc@2 100.00 (100.00)
Epoch: [264][ 30/103]	Time  0.428 ( 0.453)	Data  0.000 ( 0.050)	Loss 2.5064e-02 (2.9874e-02)	Acc@1  98.83 ( 98.94)	Acc@2 100.00 (100.00)
Epoch: [264][ 40/103]	Time  0.430 ( 0.450)	Data  0.000 ( 0.044)	Loss 1.9123e-02 (2.8894e-02)	Acc@1  99.61 ( 98.97)	Acc@2 100.00 (100.00)
Epoch: [264][ 50/103]	Time  0.436 ( 0.447)	Data  0.000 ( 0.040)	Loss 2.7262e-02 (2.9089e-02)	Acc@1  98.83 ( 98.97)	Acc@2 100.00 (100.00)
Epoch: [264][ 60/103]	Time  0.437 ( 0.445)	Data  0.000 ( 0.038)	Loss 8.3637e-03 (2.7858e-02)	Acc@1 100.00 ( 99.01)	Acc@2 100.00 (100.00)
Epoch: [264][ 70/103]	Time  0.445 ( 0.445)	Data  0.000 ( 0.036)	Loss 2.6721e-02 (2.8090e-02)	Acc@1  99.22 ( 98.99)	Acc@2 100.00 (100.00)
Epoch: [264][ 80/103]	Time  0.435 ( 0.444)	Data  0.000 ( 0.035)	Loss 3.1542e-02 (2.8138e-02)	Acc@1  98.83 ( 99.00)	Acc@2 100.00 (100.00)
Epoch: [264][ 90/103]	Time  0.438 ( 0.443)	Data  0.000 ( 0.034)	Loss 2.2803e-02 (2.7494e-02)	Acc@1  99.22 ( 99.04)	Acc@2 100.00 (100.00)
Epoch: [264][100/103]	Time  0.441 ( 0.443)	Data  0.000 ( 0.033)	Loss 1.2901e-02 (2.7080e-02)	Acc@1  99.22 ( 99.05)	Acc@2 100.00 (100.00)
Test: [ 0/35]	Time  0.837 ( 0.837)	Loss 1.6135e-02 (1.6135e-02)	Acc@1  98.83 ( 98.83)	Acc@2 100.00 (100.00)
Test: [10/35]	Time  0.138 ( 0.213)	Loss 2.7795e-04 (2.1892e-02)	Acc@1 100.00 ( 99.47)	Acc@2 100.00 (100.00)
Test: [20/35]	Time  0.170 ( 0.188)	Loss 1.9185e-02 (2.4525e-02)	Acc@1  99.61 ( 99.46)	Acc@2 100.00 (100.00)
Test: [30/35]	Time  0.400 ( 0.189)	Loss 3.0541e-03 (1.9167e-02)	Acc@1  99.61 ( 99.52)	Acc@2 100.00 (100.00)
 * Acc@1 99.497 Acc@2 100.000
Epoch: [265][  0/103]	Time  0.819 ( 0.819)	Data  0.661 ( 0.661)	Loss 2.3388e-02 (2.3388e-02)	Acc@1  98.83 ( 98.83)	Acc@2 100.00 (100.00)
Epoch: [265][ 10/103]	Time  0.407 ( 0.449)	Data  0.000 ( 0.082)	Loss 4.5415e-02 (3.1565e-02)	Acc@1  98.83 ( 98.83)	Acc@2 100.00 (100.00)
Epoch: [265][ 20/103]	Time  0.414 ( 0.433)	Data  0.000 ( 0.055)	Loss 4.0299e-02 (3.1376e-02)	Acc@1  97.66 ( 98.75)	Acc@2 100.00 (100.00)
Epoch: [265][ 30/103]	Time  0.415 ( 0.427)	Data  0.000 ( 0.046)	Loss 2.3492e-02 (3.0967e-02)	Acc@1  99.22 ( 98.85)	Acc@2 100.00 (100.00)
Epoch: [265][ 40/103]	Time  0.419 ( 0.424)	Data  0.000 ( 0.041)	Loss 3.5153e-02 (3.1083e-02)	Acc@1  98.44 ( 98.84)	Acc@2 100.00 (100.00)
Epoch: [265][ 50/103]	Time  0.413 ( 0.422)	Data  0.000 ( 0.038)	Loss 1.9879e-02 (3.0919e-02)	Acc@1  99.22 ( 98.87)	Acc@2 100.00 (100.00)
Epoch: [265][ 60/103]	Time  0.415 ( 0.421)	Data  0.000 ( 0.036)	Loss 1.2928e-02 (3.0931e-02)	Acc@1  99.61 ( 98.89)	Acc@2 100.00 (100.00)
Epoch: [265][ 70/103]	Time  0.442 ( 0.421)	Data  0.000 ( 0.035)	Loss 2.0748e-02 (3.0300e-02)	Acc@1  99.22 ( 98.89)	Acc@2 100.00 (100.00)
Epoch: [265][ 80/103]	Time  0.417 ( 0.420)	Data  0.000 ( 0.034)	Loss 2.0319e-02 (2.9026e-02)	Acc@1  99.22 ( 98.93)	Acc@2 100.00 (100.00)
Epoch: [265][ 90/103]	Time  0.417 ( 0.420)	Data  0.000 ( 0.033)	Loss 1.8885e-02 (2.8269e-02)	Acc@1  99.61 ( 98.98)	Acc@2 100.00 (100.00)
Epoch: [265][100/103]	Time  0.423 ( 0.419)	Data  0.000 ( 0.032)	Loss 3.4666e-02 (2.8411e-02)	Acc@1  98.83 ( 98.97)	Acc@2 100.00 (100.00)
Test: [ 0/35]	Time  0.826 ( 0.826)	Loss 8.9645e-03 (8.9645e-03)	Acc@1  99.61 ( 99.61)	Acc@2 100.00 (100.00)
Test: [10/35]	Time  0.132 ( 0.212)	Loss 9.4900e-05 (1.6873e-02)	Acc@1 100.00 ( 99.57)	Acc@2 100.00 (100.00)
Test: [20/35]	Time  0.215 ( 0.191)	Loss 2.4577e-02 (2.0768e-02)	Acc@1  99.22 ( 99.55)	Acc@2 100.00 (100.00)
Test: [30/35]	Time  0.320 ( 0.180)	Loss 4.9268e-03 (1.8033e-02)	Acc@1  99.61 ( 99.55)	Acc@2 100.00 (100.00)
 * Acc@1 99.509 Acc@2 100.000
Epoch: [266][  0/103]	Time  0.805 ( 0.805)	Data  0.642 ( 0.642)	Loss 3.4462e-02 (3.4462e-02)	Acc@1  98.44 ( 98.44)	Acc@2 100.00 (100.00)
Epoch: [266][ 10/103]	Time  0.432 ( 0.463)	Data  0.000 ( 0.083)	Loss 1.9087e-02 (3.1566e-02)	Acc@1  98.44 ( 98.79)	Acc@2 100.00 (100.00)
Epoch: [266][ 20/103]	Time  0.429 ( 0.447)	Data  0.000 ( 0.057)	Loss 5.0092e-02 (3.3385e-02)	Acc@1  96.88 ( 98.74)	Acc@2 100.00 (100.00)
Epoch: [266][ 30/103]	Time  0.428 ( 0.442)	Data  0.000 ( 0.048)	Loss 1.0124e-02 (3.3702e-02)	Acc@1  99.61 ( 98.69)	Acc@2 100.00 (100.00)
Epoch: [266][ 40/103]	Time  0.429 ( 0.439)	Data  0.000 ( 0.043)	Loss 3.1915e-02 (3.1913e-02)	Acc@1  98.83 ( 98.76)	Acc@2 100.00 (100.00)
Epoch: [266][ 50/103]	Time  0.428 ( 0.437)	Data  0.000 ( 0.040)	Loss 4.7358e-02 (3.1152e-02)	Acc@1  98.05 ( 98.77)	Acc@2 100.00 (100.00)
Epoch: [266][ 60/103]	Time  0.429 ( 0.436)	Data  0.000 ( 0.038)	Loss 2.3928e-02 (3.0508e-02)	Acc@1  98.83 ( 98.81)	Acc@2 100.00 (100.00)
Epoch: [266][ 70/103]	Time  0.428 ( 0.435)	Data  0.000 ( 0.036)	Loss 3.6159e-02 (3.0497e-02)	Acc@1  99.22 ( 98.82)	Acc@2 100.00 (100.00)
Epoch: [266][ 80/103]	Time  0.434 ( 0.434)	Data  0.000 ( 0.035)	Loss 2.1395e-02 (3.0046e-02)	Acc@1  99.22 ( 98.84)	Acc@2 100.00 (100.00)
Epoch: [266][ 90/103]	Time  0.437 ( 0.434)	Data  0.000 ( 0.034)	Loss 2.9544e-02 (2.9784e-02)	Acc@1  99.22 ( 98.86)	Acc@2 100.00 (100.00)
Epoch: [266][100/103]	Time  0.428 ( 0.434)	Data  0.000 ( 0.034)	Loss 2.9524e-02 (2.9523e-02)	Acc@1  98.83 ( 98.88)	Acc@2 100.00 (100.00)
Test: [ 0/35]	Time  0.815 ( 0.815)	Loss 1.2306e-02 (1.2306e-02)	Acc@1  99.22 ( 99.22)	Acc@2 100.00 (100.00)
Test: [10/35]	Time  0.131 ( 0.204)	Loss 1.6131e-04 (1.9488e-02)	Acc@1 100.00 ( 99.54)	Acc@2 100.00 (100.00)
Test: [20/35]	Time  0.151 ( 0.184)	Loss 2.1818e-02 (2.2708e-02)	Acc@1  99.22 ( 99.52)	Acc@2 100.00 (100.00)
Test: [30/35]	Time  0.321 ( 0.175)	Loss 3.8222e-03 (1.8465e-02)	Acc@1  99.61 ( 99.56)	Acc@2 100.00 (100.00)
 * Acc@1 99.532 Acc@2 100.000
Epoch: [267][  0/103]	Time  0.860 ( 0.860)	Data  0.706 ( 0.706)	Loss 3.1622e-02 (3.1622e-02)	Acc@1  98.83 ( 98.83)	Acc@2 100.00 (100.00)
Epoch: [267][ 10/103]	Time  0.431 ( 0.470)	Data  0.000 ( 0.089)	Loss 1.3504e-02 (2.1890e-02)	Acc@1 100.00 ( 99.29)	Acc@2 100.00 (100.00)
Epoch: [267][ 20/103]	Time  0.431 ( 0.455)	Data  0.000 ( 0.060)	Loss 3.0433e-02 (2.3970e-02)	Acc@1  98.83 ( 99.11)	Acc@2 100.00 (100.00)
Epoch: [267][ 30/103]	Time  0.440 ( 0.447)	Data  0.000 ( 0.049)	Loss 1.3767e-02 (2.2748e-02)	Acc@1  99.22 ( 99.14)	Acc@2 100.00 (100.00)
Epoch: [267][ 40/103]	Time  0.430 ( 0.443)	Data  0.000 ( 0.044)	Loss 5.7224e-03 (2.1691e-02)	Acc@1 100.00 ( 99.22)	Acc@2 100.00 (100.00)
Epoch: [267][ 50/103]	Time  0.427 ( 0.441)	Data  0.000 ( 0.041)	Loss 2.6233e-02 (2.2818e-02)	Acc@1  99.22 ( 99.18)	Acc@2 100.00 (100.00)
Epoch: [267][ 60/103]	Time  0.434 ( 0.439)	Data  0.000 ( 0.039)	Loss 3.4105e-02 (2.2969e-02)	Acc@1  98.44 ( 99.16)	Acc@2 100.00 (100.00)
Epoch: [267][ 70/103]	Time  0.438 ( 0.440)	Data  0.000 ( 0.037)	Loss 5.2629e-02 (2.4511e-02)	Acc@1  97.66 ( 99.13)	Acc@2 100.00 (100.00)
Epoch: [267][ 80/103]	Time  0.428 ( 0.438)	Data  0.000 ( 0.036)	Loss 5.9258e-03 (2.4039e-02)	Acc@1 100.00 ( 99.13)	Acc@2 100.00 (100.00)
Epoch: [267][ 90/103]	Time  0.434 ( 0.438)	Data  0.000 ( 0.035)	Loss 3.8535e-02 (2.4254e-02)	Acc@1  97.66 ( 99.10)	Acc@2 100.00 (100.00)
Epoch: [267][100/103]	Time  0.429 ( 0.437)	Data  0.000 ( 0.034)	Loss 3.2076e-02 (2.5140e-02)	Acc@1  99.22 ( 99.08)	Acc@2 100.00 (100.00)
Test: [ 0/35]	Time  0.887 ( 0.887)	Loss 1.2513e-02 (1.2513e-02)	Acc@1  99.61 ( 99.61)	Acc@2 100.00 (100.00)
Test: [10/35]	Time  0.134 ( 0.208)	Loss 1.9672e-04 (1.9692e-02)	Acc@1 100.00 ( 99.57)	Acc@2 100.00 (100.00)
Test: [20/35]	Time  0.204 ( 0.191)	Loss 2.1896e-02 (2.2914e-02)	Acc@1  99.22 ( 99.52)	Acc@2 100.00 (100.00)
Test: [30/35]	Time  0.195 ( 0.177)	Loss 4.0183e-03 (1.8610e-02)	Acc@1  99.61 ( 99.56)	Acc@2 100.00 (100.00)
 * Acc@1 99.532 Acc@2 100.000
Epoch: [268][  0/103]	Time  0.811 ( 0.811)	Data  0.650 ( 0.650)	Loss 4.1007e-02 (4.1007e-02)	Acc@1  98.05 ( 98.05)	Acc@2 100.00 (100.00)
Epoch: [268][ 10/103]	Time  0.424 ( 0.461)	Data  0.000 ( 0.081)	Loss 1.5684e-02 (2.6007e-02)	Acc@1  99.61 ( 98.90)	Acc@2 100.00 (100.00)
Epoch: [268][ 20/103]	Time  0.421 ( 0.445)	Data  0.000 ( 0.054)	Loss 3.2074e-02 (2.8136e-02)	Acc@1  98.05 ( 98.92)	Acc@2 100.00 (100.00)
Epoch: [268][ 30/103]	Time  0.427 ( 0.440)	Data  0.000 ( 0.045)	Loss 3.6180e-02 (2.8431e-02)	Acc@1  98.83 ( 98.85)	Acc@2 100.00 (100.00)
Epoch: [268][ 40/103]	Time  0.424 ( 0.438)	Data  0.000 ( 0.041)	Loss 9.4511e-03 (2.7157e-02)	Acc@1 100.00 ( 98.94)	Acc@2 100.00 (100.00)
Epoch: [268][ 50/103]	Time  0.423 ( 0.436)	Data  0.000 ( 0.038)	Loss 1.4965e-02 (2.7763e-02)	Acc@1  99.61 ( 98.94)	Acc@2 100.00 (100.00)
Epoch: [268][ 60/103]	Time  0.432 ( 0.435)	Data  0.000 ( 0.036)	Loss 2.0113e-02 (2.8217e-02)	Acc@1  98.83 ( 98.89)	Acc@2 100.00 (100.00)
Epoch: [268][ 70/103]	Time  0.434 ( 0.434)	Data  0.000 ( 0.034)	Loss 1.3940e-02 (2.7871e-02)	Acc@1  99.22 ( 98.91)	Acc@2 100.00 (100.00)
Epoch: [268][ 80/103]	Time  0.419 ( 0.434)	Data  0.000 ( 0.033)	Loss 1.2472e-02 (2.6846e-02)	Acc@1  99.22 ( 98.93)	Acc@2 100.00 (100.00)
Epoch: [268][ 90/103]	Time  0.433 ( 0.433)	Data  0.000 ( 0.033)	Loss 2.4382e-02 (2.6796e-02)	Acc@1  98.83 ( 98.96)	Acc@2 100.00 (100.00)
Epoch: [268][100/103]	Time  0.431 ( 0.433)	Data  0.000 ( 0.032)	Loss 2.4782e-02 (2.6771e-02)	Acc@1  99.61 ( 98.96)	Acc@2 100.00 (100.00)
Test: [ 0/35]	Time  0.865 ( 0.865)	Loss 1.3319e-02 (1.3319e-02)	Acc@1  99.22 ( 99.22)	Acc@2 100.00 (100.00)
Test: [10/35]	Time  0.129 ( 0.207)	Loss 1.9305e-04 (2.0312e-02)	Acc@1 100.00 ( 99.50)	Acc@2 100.00 (100.00)
Test: [20/35]	Time  0.187 ( 0.184)	Loss 2.0462e-02 (2.3317e-02)	Acc@1  99.61 ( 99.52)	Acc@2 100.00 (100.00)
Test: [30/35]	Time  0.316 ( 0.176)	Loss 3.5126e-03 (1.8686e-02)	Acc@1  99.61 ( 99.56)	Acc@2 100.00 (100.00)
 * Acc@1 99.532 Acc@2 100.000
Epoch: [269][  0/103]	Time  0.850 ( 0.850)	Data  0.695 ( 0.695)	Loss 2.1853e-02 (2.1853e-02)	Acc@1  98.44 ( 98.44)	Acc@2 100.00 (100.00)
Epoch: [269][ 10/103]	Time  0.422 ( 0.458)	Data  0.000 ( 0.087)	Loss 1.7348e-02 (2.7776e-02)	Acc@1  99.61 ( 98.76)	Acc@2 100.00 (100.00)
Epoch: [269][ 20/103]	Time  0.427 ( 0.439)	Data  0.000 ( 0.058)	Loss 6.1202e-02 (3.1973e-02)	Acc@1  98.05 ( 98.68)	Acc@2 100.00 (100.00)
Epoch: [269][ 30/103]	Time  0.417 ( 0.432)	Data  0.000 ( 0.047)	Loss 2.8354e-02 (2.9866e-02)	Acc@1  98.44 ( 98.77)	Acc@2 100.00 (100.00)
Epoch: [269][ 40/103]	Time  0.429 ( 0.429)	Data  0.000 ( 0.042)	Loss 4.2890e-02 (3.0529e-02)	Acc@1  98.44 ( 98.73)	Acc@2 100.00 (100.00)
Epoch: [269][ 50/103]	Time  0.410 ( 0.426)	Data  0.000 ( 0.039)	Loss 3.4344e-02 (3.0997e-02)	Acc@1  99.22 ( 98.77)	Acc@2 100.00 (100.00)
Epoch: [269][ 60/103]	Time  0.420 ( 0.425)	Data  0.000 ( 0.037)	Loss 1.8244e-02 (3.0937e-02)	Acc@1  99.22 ( 98.74)	Acc@2 100.00 (100.00)
Epoch: [269][ 70/103]	Time  0.431 ( 0.424)	Data  0.000 ( 0.035)	Loss 1.4803e-02 (3.0574e-02)	Acc@1 100.00 ( 98.75)	Acc@2 100.00 (100.00)
Epoch: [269][ 80/103]	Time  0.416 ( 0.423)	Data  0.000 ( 0.034)	Loss 3.7281e-02 (3.0426e-02)	Acc@1  98.44 ( 98.76)	Acc@2 100.00 (100.00)
Epoch: [269][ 90/103]	Time  0.419 ( 0.423)	Data  0.000 ( 0.033)	Loss 4.6331e-02 (3.0246e-02)	Acc@1  98.44 ( 98.78)	Acc@2 100.00 (100.00)
Epoch: [269][100/103]	Time  0.413 ( 0.422)	Data  0.000 ( 0.032)	Loss 1.9943e-02 (3.0320e-02)	Acc@1  99.22 ( 98.76)	Acc@2 100.00 (100.00)
Test: [ 0/35]	Time  0.839 ( 0.839)	Loss 1.1377e-02 (1.1377e-02)	Acc@1  99.61 ( 99.61)	Acc@2 100.00 (100.00)
Test: [10/35]	Time  0.128 ( 0.204)	Loss 1.4187e-04 (1.8703e-02)	Acc@1 100.00 ( 99.57)	Acc@2 100.00 (100.00)
Test: [20/35]	Time  0.186 ( 0.183)	Loss 2.2388e-02 (2.2064e-02)	Acc@1  99.22 ( 99.53)	Acc@2 100.00 (100.00)
Test: [30/35]	Time  0.412 ( 0.180)	Loss 4.2613e-03 (1.8369e-02)	Acc@1  99.61 ( 99.56)	Acc@2 100.00 (100.00)
 * Acc@1 99.520 Acc@2 100.000
Epoch: [270][  0/103]	Time  0.826 ( 0.826)	Data  0.659 ( 0.659)	Loss 1.3869e-02 (1.3869e-02)	Acc@1  99.61 ( 99.61)	Acc@2 100.00 (100.00)
Epoch: [270][ 10/103]	Time  0.434 ( 0.470)	Data  0.000 ( 0.084)	Loss 2.6876e-02 (3.0160e-02)	Acc@1  98.83 ( 98.69)	Acc@2 100.00 (100.00)
Epoch: [270][ 20/103]	Time  0.433 ( 0.455)	Data  0.000 ( 0.057)	Loss 1.3137e-02 (2.8196e-02)	Acc@1  99.61 ( 98.70)	Acc@2 100.00 (100.00)
Epoch: [270][ 30/103]	Time  0.442 ( 0.452)	Data  0.000 ( 0.048)	Loss 2.4263e-02 (2.7693e-02)	Acc@1  99.22 ( 98.78)	Acc@2 100.00 (100.00)
Epoch: [270][ 40/103]	Time  0.435 ( 0.448)	Data  0.000 ( 0.043)	Loss 4.6654e-02 (2.7524e-02)	Acc@1  97.27 ( 98.80)	Acc@2 100.00 (100.00)
Epoch: [270][ 50/103]	Time  0.424 ( 0.447)	Data  0.000 ( 0.040)	Loss 4.0600e-02 (2.7098e-02)	Acc@1  98.83 ( 98.87)	Acc@2 100.00 (100.00)
Epoch: [270][ 60/103]	Time  0.421 ( 0.445)	Data  0.000 ( 0.038)	Loss 3.4810e-02 (2.6595e-02)	Acc@1  98.83 ( 98.93)	Acc@2 100.00 (100.00)
Epoch: [270][ 70/103]	Time  0.437 ( 0.444)	Data  0.000 ( 0.037)	Loss 2.6541e-02 (2.6514e-02)	Acc@1  98.83 ( 98.92)	Acc@2 100.00 (100.00)
Epoch: [270][ 80/103]	Time  0.423 ( 0.444)	Data  0.000 ( 0.036)	Loss 3.1432e-02 (2.6040e-02)	Acc@1  99.22 ( 98.97)	Acc@2 100.00 (100.00)
Epoch: [270][ 90/103]	Time  0.427 ( 0.443)	Data  0.000 ( 0.035)	Loss 1.7040e-02 (2.5422e-02)	Acc@1  99.61 ( 99.01)	Acc@2 100.00 (100.00)
Epoch: [270][100/103]	Time  0.436 ( 0.442)	Data  0.000 ( 0.034)	Loss 9.9050e-03 (2.5093e-02)	Acc@1  99.61 ( 99.02)	Acc@2 100.00 (100.00)
Test: [ 0/35]	Time  0.818 ( 0.818)	Loss 1.2396e-02 (1.2396e-02)	Acc@1  99.61 ( 99.61)	Acc@2 100.00 (100.00)
Test: [10/35]	Time  0.130 ( 0.206)	Loss 1.6993e-04 (1.9619e-02)	Acc@1 100.00 ( 99.57)	Acc@2 100.00 (100.00)
Test: [20/35]	Time  0.157 ( 0.185)	Loss 2.1255e-02 (2.2874e-02)	Acc@1  99.61 ( 99.55)	Acc@2 100.00 (100.00)
Test: [30/35]	Time  0.410 ( 0.180)	Loss 3.9382e-03 (1.8553e-02)	Acc@1  99.61 ( 99.58)	Acc@2 100.00 (100.00)
 * Acc@1 99.555 Acc@2 100.000
Epoch: [271][  0/103]	Time  0.818 ( 0.818)	Data  0.657 ( 0.657)	Loss 2.8015e-02 (2.8015e-02)	Acc@1  99.22 ( 99.22)	Acc@2 100.00 (100.00)
Epoch: [271][ 10/103]	Time  0.423 ( 0.472)	Data  0.000 ( 0.085)	Loss 2.1665e-02 (2.1297e-02)	Acc@1  99.61 ( 99.33)	Acc@2 100.00 (100.00)
Epoch: [271][ 20/103]	Time  0.444 ( 0.458)	Data  0.000 ( 0.058)	Loss 1.5687e-02 (2.2084e-02)	Acc@1  99.61 ( 99.20)	Acc@2 100.00 (100.00)
Epoch: [271][ 30/103]	Time  0.423 ( 0.451)	Data  0.000 ( 0.048)	Loss 2.2675e-02 (2.3035e-02)	Acc@1  99.22 ( 99.23)	Acc@2 100.00 (100.00)
Epoch: [271][ 40/103]	Time  0.436 ( 0.448)	Data  0.000 ( 0.043)	Loss 1.4050e-02 (2.6684e-02)	Acc@1  99.61 ( 99.09)	Acc@2 100.00 (100.00)
Epoch: [271][ 50/103]	Time  0.440 ( 0.447)	Data  0.000 ( 0.040)	Loss 4.1601e-02 (2.7066e-02)	Acc@1  98.05 ( 99.05)	Acc@2 100.00 (100.00)
Epoch: [271][ 60/103]	Time  0.431 ( 0.445)	Data  0.000 ( 0.038)	Loss 2.4313e-02 (2.7057e-02)	Acc@1  98.83 ( 99.05)	Acc@2 100.00 (100.00)
Epoch: [271][ 70/103]	Time  0.444 ( 0.444)	Data  0.000 ( 0.037)	Loss 1.4808e-02 (2.6337e-02)	Acc@1  99.61 ( 99.07)	Acc@2 100.00 (100.00)
Epoch: [271][ 80/103]	Time  0.476 ( 0.444)	Data  0.000 ( 0.036)	Loss 2.9230e-02 (2.6447e-02)	Acc@1  98.83 ( 99.05)	Acc@2 100.00 (100.00)
Epoch: [271][ 90/103]	Time  0.439 ( 0.444)	Data  0.000 ( 0.035)	Loss 1.8279e-02 (2.6355e-02)	Acc@1  99.61 ( 99.05)	Acc@2 100.00 (100.00)
Epoch: [271][100/103]	Time  0.437 ( 0.444)	Data  0.000 ( 0.034)	Loss 3.3332e-02 (2.6726e-02)	Acc@1  97.66 ( 99.04)	Acc@2 100.00 (100.00)
Test: [ 0/35]	Time  0.848 ( 0.848)	Loss 1.3730e-02 (1.3730e-02)	Acc@1  99.22 ( 99.22)	Acc@2 100.00 (100.00)
Test: [10/35]	Time  0.130 ( 0.204)	Loss 1.8648e-04 (2.0862e-02)	Acc@1 100.00 ( 99.50)	Acc@2 100.00 (100.00)
Test: [20/35]	Time  0.178 ( 0.185)	Loss 2.0452e-02 (2.3862e-02)	Acc@1  99.61 ( 99.52)	Acc@2 100.00 (100.00)
Test: [30/35]	Time  0.279 ( 0.175)	Loss 3.5899e-03 (1.9129e-02)	Acc@1  99.61 ( 99.56)	Acc@2 100.00 (100.00)
 * Acc@1 99.532 Acc@2 100.000
Epoch: [272][  0/103]	Time  0.861 ( 0.861)	Data  0.704 ( 0.704)	Loss 3.8134e-02 (3.8134e-02)	Acc@1  98.05 ( 98.05)	Acc@2 100.00 (100.00)
Epoch: [272][ 10/103]	Time  0.437 ( 0.472)	Data  0.000 ( 0.086)	Loss 2.7609e-02 (2.4650e-02)	Acc@1  98.44 ( 98.90)	Acc@2 100.00 (100.00)
Epoch: [272][ 20/103]	Time  0.437 ( 0.455)	Data  0.000 ( 0.058)	Loss 1.4526e-02 (2.3899e-02)	Acc@1  99.61 ( 98.96)	Acc@2 100.00 (100.00)
Epoch: [272][ 30/103]	Time  0.434 ( 0.448)	Data  0.000 ( 0.047)	Loss 2.0749e-02 (2.4070e-02)	Acc@1  99.22 ( 98.98)	Acc@2 100.00 (100.00)
Epoch: [272][ 40/103]	Time  0.441 ( 0.446)	Data  0.000 ( 0.042)	Loss 1.5780e-02 (2.6295e-02)	Acc@1  99.22 ( 98.88)	Acc@2 100.00 (100.00)
Epoch: [272][ 50/103]	Time  0.446 ( 0.444)	Data  0.000 ( 0.039)	Loss 2.3357e-02 (2.6036e-02)	Acc@1  98.44 ( 98.90)	Acc@2 100.00 (100.00)
Epoch: [272][ 60/103]	Time  0.444 ( 0.443)	Data  0.000 ( 0.037)	Loss 1.7764e-02 (2.6496e-02)	Acc@1  99.61 ( 98.92)	Acc@2 100.00 (100.00)
Epoch: [272][ 70/103]	Time  0.453 ( 0.443)	Data  0.000 ( 0.035)	Loss 1.3740e-02 (2.6033e-02)	Acc@1  99.61 ( 98.95)	Acc@2 100.00 (100.00)
Epoch: [272][ 80/103]	Time  0.439 ( 0.442)	Data  0.000 ( 0.034)	Loss 3.9908e-02 (2.5802e-02)	Acc@1  98.44 ( 98.96)	Acc@2 100.00 (100.00)
Epoch: [272][ 90/103]	Time  0.438 ( 0.441)	Data  0.000 ( 0.033)	Loss 3.4854e-02 (2.5671e-02)	Acc@1  98.05 ( 98.97)	Acc@2 100.00 (100.00)
Epoch: [272][100/103]	Time  0.437 ( 0.441)	Data  0.000 ( 0.032)	Loss 2.4841e-02 (2.6643e-02)	Acc@1  98.83 ( 98.96)	Acc@2 100.00 (100.00)
Test: [ 0/35]	Time  0.851 ( 0.851)	Loss 1.8186e-02 (1.8186e-02)	Acc@1  98.83 ( 98.83)	Acc@2 100.00 (100.00)
Test: [10/35]	Time  0.128 ( 0.207)	Loss 2.7782e-04 (2.2442e-02)	Acc@1 100.00 ( 99.47)	Acc@2 100.00 (100.00)
Test: [20/35]	Time  0.174 ( 0.182)	Loss 1.8611e-02 (2.5003e-02)	Acc@1  99.61 ( 99.46)	Acc@2 100.00 (100.00)
Test: [30/35]	Time  0.416 ( 0.180)	Loss 2.9019e-03 (1.9415e-02)	Acc@1  99.61 ( 99.52)	Acc@2 100.00 (100.00)
 * Acc@1 99.520 Acc@2 100.000
Epoch: [273][  0/103]	Time  0.811 ( 0.811)	Data  0.658 ( 0.658)	Loss 2.2555e-02 (2.2555e-02)	Acc@1  98.83 ( 98.83)	Acc@2 100.00 (100.00)
Epoch: [273][ 10/103]	Time  0.418 ( 0.451)	Data  0.000 ( 0.083)	Loss 2.0806e-02 (3.0500e-02)	Acc@1  99.61 ( 98.86)	Acc@2 100.00 (100.00)
Epoch: [273][ 20/103]	Time  0.418 ( 0.434)	Data  0.000 ( 0.056)	Loss 9.8957e-03 (2.7122e-02)	Acc@1 100.00 ( 99.07)	Acc@2 100.00 (100.00)
Epoch: [273][ 30/103]	Time  0.425 ( 0.429)	Data  0.000 ( 0.046)	Loss 2.7554e-02 (2.9326e-02)	Acc@1  99.61 ( 99.05)	Acc@2 100.00 (100.00)
Epoch: [273][ 40/103]	Time  0.408 ( 0.426)	Data  0.000 ( 0.041)	Loss 5.0242e-02 (2.8218e-02)	Acc@1  97.66 ( 99.09)	Acc@2 100.00 (100.00)
Epoch: [273][ 50/103]	Time  0.417 ( 0.424)	Data  0.000 ( 0.038)	Loss 2.4936e-02 (2.8452e-02)	Acc@1  99.22 ( 99.07)	Acc@2 100.00 (100.00)
Epoch: [273][ 60/103]	Time  0.416 ( 0.423)	Data  0.000 ( 0.036)	Loss 5.7029e-02 (2.8513e-02)	Acc@1  97.27 ( 99.05)	Acc@2 100.00 (100.00)
Epoch: [273][ 70/103]	Time  0.418 ( 0.422)	Data  0.000 ( 0.035)	Loss 2.4374e-02 (2.9355e-02)	Acc@1  99.61 ( 98.99)	Acc@2 100.00 (100.00)
Epoch: [273][ 80/103]	Time  0.416 ( 0.421)	Data  0.000 ( 0.034)	Loss 7.0193e-03 (2.8729e-02)	Acc@1 100.00 ( 99.01)	Acc@2 100.00 (100.00)
Epoch: [273][ 90/103]	Time  0.418 ( 0.420)	Data  0.000 ( 0.033)	Loss 3.6027e-02 (2.8880e-02)	Acc@1  98.44 ( 98.99)	Acc@2 100.00 (100.00)
Epoch: [273][100/103]	Time  0.412 ( 0.420)	Data  0.000 ( 0.032)	Loss 3.6641e-02 (2.8664e-02)	Acc@1  97.66 ( 98.99)	Acc@2 100.00 (100.00)
Test: [ 0/35]	Time  0.864 ( 0.864)	Loss 1.3262e-02 (1.3262e-02)	Acc@1  99.22 ( 99.22)	Acc@2 100.00 (100.00)
Test: [10/35]	Time  0.122 ( 0.211)	Loss 1.9704e-04 (2.0023e-02)	Acc@1 100.00 ( 99.54)	Acc@2 100.00 (100.00)
Test: [20/35]	Time  0.229 ( 0.189)	Loss 2.1002e-02 (2.3100e-02)	Acc@1  99.61 ( 99.53)	Acc@2 100.00 (100.00)
Test: [30/35]	Time  0.299 ( 0.177)	Loss 3.5257e-03 (1.8593e-02)	Acc@1  99.61 ( 99.57)	Acc@2 100.00 (100.00)
 * Acc@1 99.543 Acc@2 100.000
Epoch: [274][  0/103]	Time  0.871 ( 0.871)	Data  0.712 ( 0.712)	Loss 1.8753e-02 (1.8753e-02)	Acc@1  99.22 ( 99.22)	Acc@2 100.00 (100.00)
Epoch: [274][ 10/103]	Time  0.425 ( 0.468)	Data  0.000 ( 0.090)	Loss 1.5428e-02 (2.8206e-02)	Acc@1  99.22 ( 98.76)	Acc@2 100.00 (100.00)
Epoch: [274][ 20/103]	Time  0.443 ( 0.450)	Data  0.000 ( 0.060)	Loss 2.4811e-02 (2.6035e-02)	Acc@1  98.83 ( 98.88)	Acc@2 100.00 (100.00)
Epoch: [274][ 30/103]	Time  0.416 ( 0.444)	Data  0.000 ( 0.050)	Loss 1.4754e-02 (2.5786e-02)	Acc@1  99.61 ( 99.00)	Acc@2 100.00 (100.00)
Epoch: [274][ 40/103]	Time  0.424 ( 0.441)	Data  0.000 ( 0.044)	Loss 3.3432e-02 (2.5737e-02)	Acc@1  97.66 ( 98.98)	Acc@2 100.00 (100.00)
Epoch: [274][ 50/103]	Time  0.434 ( 0.439)	Data  0.000 ( 0.041)	Loss 8.1076e-03 (2.5383e-02)	Acc@1  99.61 ( 99.01)	Acc@2 100.00 (100.00)
Epoch: [274][ 60/103]	Time  0.429 ( 0.437)	Data  0.000 ( 0.039)	Loss 2.6012e-02 (2.4658e-02)	Acc@1  98.83 ( 99.03)	Acc@2 100.00 (100.00)
Epoch: [274][ 70/103]	Time  0.414 ( 0.437)	Data  0.000 ( 0.037)	Loss 3.4831e-02 (2.6358e-02)	Acc@1  98.44 ( 98.97)	Acc@2 100.00 (100.00)
Epoch: [274][ 80/103]	Time  0.432 ( 0.436)	Data  0.000 ( 0.036)	Loss 1.8542e-02 (2.5764e-02)	Acc@1  99.22 ( 98.98)	Acc@2 100.00 (100.00)
Epoch: [274][ 90/103]	Time  0.433 ( 0.436)	Data  0.000 ( 0.035)	Loss 3.1244e-02 (2.5721e-02)	Acc@1  98.83 ( 98.99)	Acc@2 100.00 (100.00)
Epoch: [274][100/103]	Time  0.430 ( 0.436)	Data  0.000 ( 0.035)	Loss 1.6984e-02 (2.5984e-02)	Acc@1  99.61 ( 98.99)	Acc@2 100.00 (100.00)
Test: [ 0/35]	Time  0.820 ( 0.820)	Loss 1.3718e-02 (1.3718e-02)	Acc@1  99.22 ( 99.22)	Acc@2 100.00 (100.00)
Test: [10/35]	Time  0.130 ( 0.207)	Loss 1.9275e-04 (2.0495e-02)	Acc@1 100.00 ( 99.54)	Acc@2 100.00 (100.00)
Test: [20/35]	Time  0.162 ( 0.184)	Loss 2.0772e-02 (2.3548e-02)	Acc@1  99.61 ( 99.53)	Acc@2 100.00 (100.00)
Test: [30/35]	Time  0.334 ( 0.176)	Loss 3.4311e-03 (1.8829e-02)	Acc@1  99.61 ( 99.57)	Acc@2 100.00 (100.00)
 * Acc@1 99.543 Acc@2 100.000
Epoch: [275][  0/103]	Time  0.772 ( 0.772)	Data  0.615 ( 0.615)	Loss 1.0528e-02 (1.0528e-02)	Acc@1  99.61 ( 99.61)	Acc@2 100.00 (100.00)
Epoch: [275][ 10/103]	Time  0.436 ( 0.462)	Data  0.000 ( 0.081)	Loss 4.6539e-02 (2.9399e-02)	Acc@1  98.83 ( 98.76)	Acc@2 100.00 (100.00)
Epoch: [275][ 20/103]	Time  0.450 ( 0.448)	Data  0.000 ( 0.055)	Loss 2.6451e-02 (2.9806e-02)	Acc@1  98.44 ( 98.77)	Acc@2 100.00 (100.00)
Epoch: [275][ 30/103]	Time  0.432 ( 0.442)	Data  0.000 ( 0.046)	Loss 1.1770e-02 (2.7846e-02)	Acc@1  99.61 ( 98.94)	Acc@2 100.00 (100.00)
Epoch: [275][ 40/103]	Time  0.430 ( 0.439)	Data  0.000 ( 0.041)	Loss 4.7672e-02 (2.9250e-02)	Acc@1  97.66 ( 98.90)	Acc@2 100.00 (100.00)
Epoch: [275][ 50/103]	Time  0.440 ( 0.438)	Data  0.000 ( 0.038)	Loss 3.6213e-02 (2.8019e-02)	Acc@1  98.83 ( 98.94)	Acc@2 100.00 (100.00)
Epoch: [275][ 60/103]	Time  0.420 ( 0.437)	Data  0.000 ( 0.036)	Loss 1.9160e-02 (2.7681e-02)	Acc@1  99.22 ( 98.92)	Acc@2 100.00 (100.00)
Epoch: [275][ 70/103]	Time  0.437 ( 0.436)	Data  0.000 ( 0.035)	Loss 3.3128e-02 (2.7622e-02)	Acc@1  98.44 ( 98.90)	Acc@2 100.00 (100.00)
Epoch: [275][ 80/103]	Time  0.428 ( 0.436)	Data  0.000 ( 0.034)	Loss 4.3986e-02 (2.8249e-02)	Acc@1  97.66 ( 98.86)	Acc@2 100.00 (100.00)
Epoch: [275][ 90/103]	Time  0.438 ( 0.435)	Data  0.000 ( 0.033)	Loss 4.4785e-02 (2.8825e-02)	Acc@1  98.44 ( 98.84)	Acc@2 100.00 (100.00)
Epoch: [275][100/103]	Time  0.426 ( 0.435)	Data  0.000 ( 0.033)	Loss 2.1816e-02 (2.9004e-02)	Acc@1  99.22 ( 98.83)	Acc@2 100.00 (100.00)
Test: [ 0/35]	Time  0.817 ( 0.817)	Loss 1.2567e-02 (1.2567e-02)	Acc@1  99.22 ( 99.22)	Acc@2 100.00 (100.00)
Test: [10/35]	Time  0.128 ( 0.207)	Loss 1.6875e-04 (1.9491e-02)	Acc@1 100.00 ( 99.54)	Acc@2 100.00 (100.00)
Test: [20/35]	Time  0.155 ( 0.181)	Loss 2.1148e-02 (2.2581e-02)	Acc@1  99.22 ( 99.52)	Acc@2 100.00 (100.00)
Test: [30/35]	Time  0.405 ( 0.181)	Loss 3.7925e-03 (1.8420e-02)	Acc@1  99.61 ( 99.56)	Acc@2 100.00 (100.00)
 * Acc@1 99.532 Acc@2 100.000
Epoch: [276][  0/103]	Time  0.773 ( 0.773)	Data  0.619 ( 0.619)	Loss 3.6869e-02 (3.6869e-02)	Acc@1  98.44 ( 98.44)	Acc@2 100.00 (100.00)
Epoch: [276][ 10/103]	Time  0.421 ( 0.461)	Data  0.000 ( 0.079)	Loss 7.4103e-02 (3.4048e-02)	Acc@1  98.05 ( 98.83)	Acc@2 100.00 (100.00)
Epoch: [276][ 20/103]	Time  0.437 ( 0.449)	Data  0.000 ( 0.054)	Loss 4.2322e-02 (3.0299e-02)	Acc@1  98.44 ( 98.94)	Acc@2 100.00 (100.00)
Epoch: [276][ 30/103]	Time  0.433 ( 0.443)	Data  0.000 ( 0.044)	Loss 1.5715e-02 (2.8944e-02)	Acc@1  99.61 ( 98.88)	Acc@2 100.00 (100.00)
Epoch: [276][ 40/103]	Time  0.434 ( 0.440)	Data  0.000 ( 0.040)	Loss 3.7478e-02 (3.0141e-02)	Acc@1  98.44 ( 98.88)	Acc@2 100.00 (100.00)
Epoch: [276][ 50/103]	Time  0.437 ( 0.438)	Data  0.000 ( 0.037)	Loss 4.7203e-02 (3.0272e-02)	Acc@1  97.66 ( 98.87)	Acc@2 100.00 (100.00)
Epoch: [276][ 60/103]	Time  0.424 ( 0.436)	Data  0.000 ( 0.035)	Loss 4.7772e-02 (3.1035e-02)	Acc@1  97.66 ( 98.82)	Acc@2 100.00 (100.00)
Epoch: [276][ 70/103]	Time  0.420 ( 0.435)	Data  0.000 ( 0.034)	Loss 4.0215e-02 (3.0134e-02)	Acc@1  98.83 ( 98.84)	Acc@2 100.00 (100.00)
Epoch: [276][ 80/103]	Time  0.433 ( 0.435)	Data  0.000 ( 0.033)	Loss 1.8333e-02 (2.9982e-02)	Acc@1  99.22 ( 98.86)	Acc@2 100.00 (100.00)
Epoch: [276][ 90/103]	Time  0.430 ( 0.435)	Data  0.000 ( 0.032)	Loss 4.8465e-02 (2.9452e-02)	Acc@1  98.44 ( 98.88)	Acc@2 100.00 (100.00)
Epoch: [276][100/103]	Time  0.429 ( 0.434)	Data  0.000 ( 0.032)	Loss 2.4703e-02 (2.9595e-02)	Acc@1  99.61 ( 98.87)	Acc@2 100.00 (100.00)
Test: [ 0/35]	Time  0.847 ( 0.847)	Loss 1.2356e-02 (1.2356e-02)	Acc@1  99.22 ( 99.22)	Acc@2 100.00 (100.00)
Test: [10/35]	Time  0.131 ( 0.214)	Loss 1.6424e-04 (1.9015e-02)	Acc@1 100.00 ( 99.54)	Acc@2 100.00 (100.00)
Test: [20/35]	Time  0.173 ( 0.184)	Loss 2.2184e-02 (2.2276e-02)	Acc@1  99.22 ( 99.52)	Acc@2 100.00 (100.00)
Test: [30/35]	Time  0.474 ( 0.183)	Loss 4.0265e-03 (1.8264e-02)	Acc@1  99.61 ( 99.56)	Acc@2 100.00 (100.00)
 * Acc@1 99.520 Acc@2 100.000
Epoch: [277][  0/103]	Time  1.151 ( 1.151)	Data  0.996 ( 0.996)	Loss 5.3766e-02 (5.3766e-02)	Acc@1  98.44 ( 98.44)	Acc@2 100.00 (100.00)
Epoch: [277][ 10/103]	Time  0.421 ( 0.483)	Data  0.000 ( 0.112)	Loss 3.6308e-02 (2.9541e-02)	Acc@1  98.83 ( 98.90)	Acc@2 100.00 (100.00)
Epoch: [277][ 20/103]	Time  0.417 ( 0.452)	Data  0.000 ( 0.071)	Loss 6.0564e-02 (2.8335e-02)	Acc@1  96.48 ( 98.81)	Acc@2 100.00 (100.00)
Epoch: [277][ 30/103]	Time  0.422 ( 0.442)	Data  0.000 ( 0.057)	Loss 1.8741e-02 (2.7245e-02)	Acc@1  99.61 ( 98.98)	Acc@2 100.00 (100.00)
Epoch: [277][ 40/103]	Time  0.410 ( 0.436)	Data  0.000 ( 0.049)	Loss 2.9744e-02 (2.7563e-02)	Acc@1  99.61 ( 98.98)	Acc@2 100.00 (100.00)
Epoch: [277][ 50/103]	Time  0.413 ( 0.433)	Data  0.000 ( 0.045)	Loss 6.0487e-02 (2.7654e-02)	Acc@1  98.44 ( 98.96)	Acc@2 100.00 (100.00)
Epoch: [277][ 60/103]	Time  0.412 ( 0.430)	Data  0.000 ( 0.042)	Loss 2.6050e-02 (2.7363e-02)	Acc@1  98.44 ( 98.99)	Acc@2 100.00 (100.00)
Epoch: [277][ 70/103]	Time  0.417 ( 0.429)	Data  0.000 ( 0.040)	Loss 2.4657e-02 (2.6798e-02)	Acc@1  98.83 ( 98.99)	Acc@2 100.00 (100.00)
Epoch: [277][ 80/103]	Time  0.415 ( 0.427)	Data  0.000 ( 0.038)	Loss 4.6974e-02 (2.7255e-02)	Acc@1  98.05 ( 98.95)	Acc@2 100.00 (100.00)
Epoch: [277][ 90/103]	Time  0.419 ( 0.427)	Data  0.000 ( 0.037)	Loss 3.1153e-02 (2.8078e-02)	Acc@1  98.83 ( 98.90)	Acc@2 100.00 (100.00)
Epoch: [277][100/103]	Time  0.426 ( 0.426)	Data  0.000 ( 0.036)	Loss 1.7950e-02 (2.7870e-02)	Acc@1  99.61 ( 98.90)	Acc@2 100.00 (100.00)
Test: [ 0/35]	Time  0.821 ( 0.821)	Loss 1.1887e-02 (1.1887e-02)	Acc@1  99.22 ( 99.22)	Acc@2 100.00 (100.00)
Test: [10/35]	Time  0.123 ( 0.209)	Loss 1.5844e-04 (1.8688e-02)	Acc@1 100.00 ( 99.54)	Acc@2 100.00 (100.00)
Test: [20/35]	Time  0.208 ( 0.189)	Loss 2.2374e-02 (2.2026e-02)	Acc@1  99.22 ( 99.52)	Acc@2 100.00 (100.00)
Test: [30/35]	Time  0.386 ( 0.182)	Loss 4.1025e-03 (1.8086e-02)	Acc@1  99.61 ( 99.56)	Acc@2 100.00 (100.00)
 * Acc@1 99.532 Acc@2 100.000
Epoch: [278][  0/103]	Time  0.852 ( 0.852)	Data  0.690 ( 0.690)	Loss 1.5154e-02 (1.5154e-02)	Acc@1  99.61 ( 99.61)	Acc@2 100.00 (100.00)
Epoch: [278][ 10/103]	Time  0.444 ( 0.474)	Data  0.000 ( 0.087)	Loss 3.6294e-02 (2.9361e-02)	Acc@1  98.44 ( 98.79)	Acc@2 100.00 (100.00)
Epoch: [278][ 20/103]	Time  0.442 ( 0.457)	Data  0.000 ( 0.059)	Loss 1.7216e-02 (2.7669e-02)	Acc@1  99.61 ( 98.94)	Acc@2 100.00 (100.00)
Epoch: [278][ 30/103]	Time  0.434 ( 0.451)	Data  0.000 ( 0.049)	Loss 1.0000e-02 (2.5462e-02)	Acc@1  99.61 ( 99.05)	Acc@2 100.00 (100.00)
Epoch: [278][ 40/103]	Time  0.436 ( 0.447)	Data  0.000 ( 0.044)	Loss 3.7753e-02 (2.6594e-02)	Acc@1  98.44 ( 98.93)	Acc@2 100.00 (100.00)
Epoch: [278][ 50/103]	Time  0.431 ( 0.445)	Data  0.000 ( 0.041)	Loss 2.9616e-02 (2.6679e-02)	Acc@1  98.83 ( 98.95)	Acc@2 100.00 (100.00)
Epoch: [278][ 60/103]	Time  0.436 ( 0.444)	Data  0.000 ( 0.039)	Loss 3.3889e-02 (2.6998e-02)	Acc@1  98.44 ( 98.92)	Acc@2 100.00 (100.00)
Epoch: [278][ 70/103]	Time  0.435 ( 0.443)	Data  0.000 ( 0.037)	Loss 1.1851e-02 (2.7240e-02)	Acc@1  99.61 ( 98.90)	Acc@2 100.00 (100.00)
Epoch: [278][ 80/103]	Time  0.432 ( 0.442)	Data  0.000 ( 0.036)	Loss 3.3325e-02 (2.6523e-02)	Acc@1  99.22 ( 98.94)	Acc@2 100.00 (100.00)
Epoch: [278][ 90/103]	Time  0.455 ( 0.442)	Data  0.000 ( 0.035)	Loss 5.5194e-02 (2.7369e-02)	Acc@1  98.44 ( 98.93)	Acc@2 100.00 (100.00)
Epoch: [278][100/103]	Time  0.435 ( 0.441)	Data  0.000 ( 0.034)	Loss 2.5380e-02 (2.7851e-02)	Acc@1  98.83 ( 98.92)	Acc@2 100.00 (100.00)
Test: [ 0/35]	Time  0.864 ( 0.864)	Loss 1.3251e-02 (1.3251e-02)	Acc@1  99.22 ( 99.22)	Acc@2 100.00 (100.00)
Test: [10/35]	Time  0.133 ( 0.209)	Loss 1.9111e-04 (1.9942e-02)	Acc@1 100.00 ( 99.54)	Acc@2 100.00 (100.00)
Test: [20/35]	Time  0.189 ( 0.187)	Loss 2.1012e-02 (2.3035e-02)	Acc@1  99.61 ( 99.53)	Acc@2 100.00 (100.00)
Test: [30/35]	Time  0.375 ( 0.180)	Loss 3.9290e-03 (1.8588e-02)	Acc@1  99.61 ( 99.57)	Acc@2 100.00 (100.00)
 * Acc@1 99.543 Acc@2 100.000
Epoch: [279][  0/103]	Time  0.951 ( 0.951)	Data  0.798 ( 0.798)	Loss 2.5778e-02 (2.5778e-02)	Acc@1  98.83 ( 98.83)	Acc@2 100.00 (100.00)
Epoch: [279][ 10/103]	Time  0.444 ( 0.488)	Data  0.000 ( 0.098)	Loss 1.6476e-02 (3.1828e-02)	Acc@1  98.83 ( 98.83)	Acc@2 100.00 (100.00)
Epoch: [279][ 20/103]	Time  0.448 ( 0.465)	Data  0.000 ( 0.065)	Loss 1.2624e-02 (2.7332e-02)	Acc@1  99.61 ( 98.96)	Acc@2 100.00 (100.00)
Epoch: [279][ 30/103]	Time  0.518 ( 0.460)	Data  0.000 ( 0.053)	Loss 1.0330e-02 (2.6514e-02)	Acc@1  99.61 ( 98.97)	Acc@2 100.00 (100.00)
Epoch: [279][ 40/103]	Time  0.431 ( 0.456)	Data  0.000 ( 0.046)	Loss 1.4024e-02 (2.6228e-02)	Acc@1  99.22 ( 98.97)	Acc@2 100.00 (100.00)
Epoch: [279][ 50/103]	Time  0.438 ( 0.452)	Data  0.000 ( 0.043)	Loss 1.5897e-02 (2.5767e-02)	Acc@1  99.22 ( 98.99)	Acc@2 100.00 (100.00)
Epoch: [279][ 60/103]	Time  0.434 ( 0.450)	Data  0.000 ( 0.040)	Loss 4.0040e-02 (2.6470e-02)	Acc@1  98.44 ( 98.98)	Acc@2 100.00 (100.00)
Epoch: [279][ 70/103]	Time  0.447 ( 0.449)	Data  0.000 ( 0.039)	Loss 3.2677e-02 (2.6747e-02)	Acc@1  98.05 ( 98.94)	Acc@2 100.00 (100.00)
Epoch: [279][ 80/103]	Time  0.447 ( 0.448)	Data  0.000 ( 0.037)	Loss 3.6578e-02 (2.6973e-02)	Acc@1  98.44 ( 98.94)	Acc@2 100.00 (100.00)
Epoch: [279][ 90/103]	Time  0.446 ( 0.447)	Data  0.000 ( 0.036)	Loss 3.5610e-02 (2.6793e-02)	Acc@1  99.22 ( 98.94)	Acc@2 100.00 (100.00)
Epoch: [279][100/103]	Time  0.435 ( 0.447)	Data  0.000 ( 0.035)	Loss 1.5018e-02 (2.6118e-02)	Acc@1  99.61 ( 98.96)	Acc@2 100.00 (100.00)
Test: [ 0/35]	Time  1.036 ( 1.036)	Loss 1.0112e-02 (1.0112e-02)	Acc@1  99.61 ( 99.61)	Acc@2 100.00 (100.00)
Test: [10/35]	Time  0.125 ( 0.436)	Loss 1.1727e-04 (1.7550e-02)	Acc@1 100.00 ( 99.57)	Acc@2 100.00 (100.00)
Test: [20/35]	Time  2.150 ( 0.513)	Loss 2.3707e-02 (2.1182e-02)	Acc@1  99.22 ( 99.53)	Acc@2 100.00 (100.00)
Test: [30/35]	Time  0.154 ( 0.393)	Loss 4.5928e-03 (1.8010e-02)	Acc@1  99.61 ( 99.53)	Acc@2 100.00 (100.00)
 * Acc@1 99.497 Acc@2 100.000
Epoch: [280][  0/103]	Time  0.928 ( 0.928)	Data  0.771 ( 0.771)	Loss 2.9632e-02 (2.9632e-02)	Acc@1  99.22 ( 99.22)	Acc@2 100.00 (100.00)
Epoch: [280][ 10/103]	Time  0.421 ( 0.482)	Data  0.004 ( 0.092)	Loss 1.4636e-02 (2.6443e-02)	Acc@1  99.22 ( 99.18)	Acc@2 100.00 (100.00)
Epoch: [280][ 20/103]	Time  0.439 ( 0.460)	Data  0.000 ( 0.060)	Loss 7.2885e-02 (2.8446e-02)	Acc@1  98.05 ( 99.05)	Acc@2 100.00 (100.00)
Epoch: [280][ 30/103]	Time  0.439 ( 0.452)	Data  0.000 ( 0.049)	Loss 3.4648e-02 (2.7447e-02)	Acc@1  98.83 ( 99.00)	Acc@2 100.00 (100.00)
Epoch: [280][ 40/103]	Time  0.434 ( 0.450)	Data  0.000 ( 0.043)	Loss 4.1757e-02 (2.6685e-02)	Acc@1  98.83 ( 99.01)	Acc@2 100.00 (100.00)
Epoch: [280][ 50/103]	Time  0.461 ( 0.448)	Data  0.000 ( 0.040)	Loss 1.6366e-02 (2.5123e-02)	Acc@1  99.22 ( 99.06)	Acc@2 100.00 (100.00)
Epoch: [280][ 60/103]	Time  0.440 ( 0.447)	Data  0.000 ( 0.037)	Loss 1.6743e-02 (2.5145e-02)	Acc@1  99.61 ( 99.02)	Acc@2 100.00 (100.00)
Epoch: [280][ 70/103]	Time  0.457 ( 0.448)	Data  0.000 ( 0.036)	Loss 4.7550e-02 (2.5761e-02)	Acc@1  98.44 ( 98.99)	Acc@2 100.00 (100.00)
Epoch: [280][ 80/103]	Time  0.431 ( 0.446)	Data  0.000 ( 0.034)	Loss 1.7683e-02 (2.5857e-02)	Acc@1  99.22 ( 99.01)	Acc@2 100.00 (100.00)
Epoch: [280][ 90/103]	Time  0.439 ( 0.446)	Data  0.000 ( 0.033)	Loss 3.4529e-02 (2.5810e-02)	Acc@1  98.83 ( 99.03)	Acc@2 100.00 (100.00)
Epoch: [280][100/103]	Time  0.435 ( 0.445)	Data  0.000 ( 0.032)	Loss 2.6561e-02 (2.6522e-02)	Acc@1  99.22 ( 98.99)	Acc@2 100.00 (100.00)
Test: [ 0/35]	Time  0.846 ( 0.846)	Loss 1.0678e-02 (1.0678e-02)	Acc@1  99.61 ( 99.61)	Acc@2 100.00 (100.00)
Test: [10/35]	Time  0.133 ( 0.208)	Loss 1.3289e-04 (1.8070e-02)	Acc@1 100.00 ( 99.57)	Acc@2 100.00 (100.00)
Test: [20/35]	Time  0.191 ( 0.185)	Loss 2.2774e-02 (2.1625e-02)	Acc@1  99.22 ( 99.53)	Acc@2 100.00 (100.00)
Test: [30/35]	Time  0.390 ( 0.179)	Loss 4.0613e-03 (1.8024e-02)	Acc@1  99.61 ( 99.57)	Acc@2 100.00 (100.00)
 * Acc@1 99.532 Acc@2 100.000
Epoch: [281][  0/103]	Time  0.948 ( 0.948)	Data  0.778 ( 0.778)	Loss 1.5193e-02 (1.5193e-02)	Acc@1  99.22 ( 99.22)	Acc@2 100.00 (100.00)
Epoch: [281][ 10/103]	Time  0.414 ( 0.460)	Data  0.000 ( 0.093)	Loss 2.2008e-02 (2.9799e-02)	Acc@1  99.22 ( 98.83)	Acc@2 100.00 (100.00)
Epoch: [281][ 20/103]	Time  0.410 ( 0.439)	Data  0.000 ( 0.061)	Loss 9.2165e-03 (2.6303e-02)	Acc@1  99.61 ( 99.00)	Acc@2 100.00 (100.00)
Epoch: [281][ 30/103]	Time  0.415 ( 0.431)	Data  0.000 ( 0.050)	Loss 2.2756e-02 (2.7778e-02)	Acc@1  99.22 ( 98.93)	Acc@2 100.00 (100.00)
Epoch: [281][ 40/103]	Time  0.410 ( 0.428)	Data  0.000 ( 0.044)	Loss 5.0368e-02 (2.7268e-02)	Acc@1  98.05 ( 98.93)	Acc@2 100.00 (100.00)
Epoch: [281][ 50/103]	Time  0.416 ( 0.426)	Data  0.000 ( 0.040)	Loss 1.8528e-02 (2.6116e-02)	Acc@1  99.22 ( 98.96)	Acc@2 100.00 (100.00)
Epoch: [281][ 60/103]	Time  0.420 ( 0.425)	Data  0.000 ( 0.038)	Loss 5.1054e-02 (2.7698e-02)	Acc@1  98.05 ( 98.92)	Acc@2 100.00 (100.00)
Epoch: [281][ 70/103]	Time  0.413 ( 0.424)	Data  0.000 ( 0.036)	Loss 4.8753e-02 (2.7972e-02)	Acc@1  98.44 ( 98.91)	Acc@2 100.00 (100.00)
Epoch: [281][ 80/103]	Time  0.413 ( 0.423)	Data  0.000 ( 0.035)	Loss 3.7283e-02 (2.7325e-02)	Acc@1  98.44 ( 98.94)	Acc@2 100.00 (100.00)
Epoch: [281][ 90/103]	Time  0.424 ( 0.423)	Data  0.000 ( 0.034)	Loss 1.9867e-02 (2.7815e-02)	Acc@1  99.22 ( 98.92)	Acc@2 100.00 (100.00)
Epoch: [281][100/103]	Time  0.416 ( 0.422)	Data  0.000 ( 0.033)	Loss 4.0118e-02 (2.7809e-02)	Acc@1  97.66 ( 98.92)	Acc@2 100.00 (100.00)
Test: [ 0/35]	Time  0.845 ( 0.845)	Loss 1.4582e-02 (1.4582e-02)	Acc@1  99.22 ( 99.22)	Acc@2 100.00 (100.00)
Test: [10/35]	Time  0.130 ( 0.208)	Loss 2.0383e-04 (2.0522e-02)	Acc@1 100.00 ( 99.54)	Acc@2 100.00 (100.00)
Test: [20/35]	Time  0.188 ( 0.187)	Loss 2.0636e-02 (2.3434e-02)	Acc@1  99.22 ( 99.50)	Acc@2 100.00 (100.00)
Test: [30/35]	Time  0.420 ( 0.183)	Loss 3.4636e-03 (1.8690e-02)	Acc@1  99.61 ( 99.55)	Acc@2 100.00 (100.00)
 * Acc@1 99.532 Acc@2 100.000
Epoch: [282][  0/103]	Time  0.853 ( 0.853)	Data  0.689 ( 0.689)	Loss 8.7010e-03 (8.7010e-03)	Acc@1  99.61 ( 99.61)	Acc@2 100.00 (100.00)
Epoch: [282][ 10/103]	Time  0.430 ( 0.475)	Data  0.000 ( 0.087)	Loss 8.9449e-03 (2.9784e-02)	Acc@1  99.61 ( 98.76)	Acc@2 100.00 (100.00)
Epoch: [282][ 20/103]	Time  0.461 ( 0.460)	Data  0.000 ( 0.059)	Loss 3.0493e-02 (2.7338e-02)	Acc@1  98.83 ( 98.96)	Acc@2 100.00 (100.00)
Epoch: [282][ 30/103]	Time  0.450 ( 0.461)	Data  0.000 ( 0.049)	Loss 1.0762e-02 (2.5417e-02)	Acc@1 100.00 ( 99.07)	Acc@2 100.00 (100.00)
Epoch: [282][ 40/103]	Time  0.444 ( 0.459)	Data  0.000 ( 0.044)	Loss 3.1604e-02 (2.6872e-02)	Acc@1  98.05 ( 98.96)	Acc@2 100.00 (100.00)
Epoch: [282][ 50/103]	Time  0.443 ( 0.455)	Data  0.000 ( 0.041)	Loss 2.4365e-02 (2.7431e-02)	Acc@1  98.44 ( 98.90)	Acc@2 100.00 (100.00)
Epoch: [282][ 60/103]	Time  0.440 ( 0.453)	Data  0.000 ( 0.039)	Loss 2.9269e-02 (2.7018e-02)	Acc@1  99.22 ( 98.96)	Acc@2 100.00 (100.00)
Epoch: [282][ 70/103]	Time  0.440 ( 0.451)	Data  0.000 ( 0.037)	Loss 2.4401e-02 (2.8600e-02)	Acc@1  99.22 ( 98.90)	Acc@2 100.00 (100.00)
Epoch: [282][ 80/103]	Time  0.444 ( 0.450)	Data  0.000 ( 0.036)	Loss 3.1872e-02 (2.8775e-02)	Acc@1  99.22 ( 98.89)	Acc@2 100.00 (100.00)
Epoch: [282][ 90/103]	Time  0.432 ( 0.449)	Data  0.000 ( 0.035)	Loss 2.4917e-02 (2.9668e-02)	Acc@1  98.83 ( 98.84)	Acc@2 100.00 (100.00)
Epoch: [282][100/103]	Time  0.443 ( 0.449)	Data  0.000 ( 0.035)	Loss 1.7093e-02 (2.9829e-02)	Acc@1  99.61 ( 98.82)	Acc@2 100.00 (100.00)
Test: [ 0/35]	Time  0.859 ( 0.859)	Loss 1.3745e-02 (1.3745e-02)	Acc@1  99.22 ( 99.22)	Acc@2 100.00 (100.00)
Test: [10/35]	Time  0.120 ( 0.215)	Loss 2.1475e-04 (2.0498e-02)	Acc@1 100.00 ( 99.50)	Acc@2 100.00 (100.00)
Test: [20/35]	Time  0.217 ( 0.197)	Loss 2.1084e-02 (2.3466e-02)	Acc@1  99.61 ( 99.52)	Acc@2 100.00 (100.00)
Test: [30/35]	Time  0.312 ( 0.188)	Loss 3.7198e-03 (1.8832e-02)	Acc@1  99.61 ( 99.56)	Acc@2 100.00 (100.00)
 * Acc@1 99.532 Acc@2 100.000
Epoch: [283][  0/103]	Time  0.914 ( 0.914)	Data  0.762 ( 0.762)	Loss 4.7836e-02 (4.7836e-02)	Acc@1  98.83 ( 98.83)	Acc@2 100.00 (100.00)
Epoch: [283][ 10/103]	Time  0.445 ( 0.487)	Data  0.000 ( 0.095)	Loss 2.2542e-02 (2.4248e-02)	Acc@1  99.22 ( 99.01)	Acc@2 100.00 (100.00)
Epoch: [283][ 20/103]	Time  0.434 ( 0.466)	Data  0.000 ( 0.063)	Loss 2.0479e-02 (2.3883e-02)	Acc@1  99.61 ( 99.03)	Acc@2 100.00 (100.00)
Epoch: [283][ 30/103]	Time  0.437 ( 0.459)	Data  0.000 ( 0.052)	Loss 1.4669e-02 (2.5491e-02)	Acc@1  99.61 ( 98.97)	Acc@2 100.00 (100.00)
Epoch: [283][ 40/103]	Time  0.445 ( 0.453)	Data  0.000 ( 0.046)	Loss 2.8506e-02 (2.5577e-02)	Acc@1  99.22 ( 99.04)	Acc@2 100.00 (100.00)
Epoch: [283][ 50/103]	Time  0.423 ( 0.450)	Data  0.000 ( 0.043)	Loss 2.4191e-02 (2.6476e-02)	Acc@1  99.61 ( 99.01)	Acc@2 100.00 (100.00)
Epoch: [283][ 60/103]	Time  0.480 ( 0.448)	Data  0.000 ( 0.040)	Loss 1.9539e-02 (2.6887e-02)	Acc@1  99.61 ( 99.01)	Acc@2 100.00 (100.00)
Epoch: [283][ 70/103]	Time  0.434 ( 0.446)	Data  0.000 ( 0.038)	Loss 4.4168e-02 (2.7137e-02)	Acc@1  98.44 ( 99.00)	Acc@2 100.00 (100.00)
Epoch: [283][ 80/103]	Time  0.457 ( 0.446)	Data  0.000 ( 0.037)	Loss 2.1512e-02 (2.8230e-02)	Acc@1  98.83 ( 98.94)	Acc@2 100.00 (100.00)
Epoch: [283][ 90/103]	Time  0.432 ( 0.445)	Data  0.000 ( 0.036)	Loss 2.2375e-02 (2.8399e-02)	Acc@1  99.22 ( 98.95)	Acc@2 100.00 (100.00)
Epoch: [283][100/103]	Time  0.432 ( 0.444)	Data  0.000 ( 0.035)	Loss 2.2735e-02 (2.7742e-02)	Acc@1  99.22 ( 98.98)	Acc@2 100.00 (100.00)
Test: [ 0/35]	Time  0.832 ( 0.832)	Loss 1.2949e-02 (1.2949e-02)	Acc@1  99.61 ( 99.61)	Acc@2 100.00 (100.00)
Test: [10/35]	Time  0.122 ( 0.208)	Loss 1.9270e-04 (1.9846e-02)	Acc@1 100.00 ( 99.54)	Acc@2 100.00 (100.00)
Test: [20/35]	Time  0.208 ( 0.185)	Loss 2.0958e-02 (2.2910e-02)	Acc@1  99.22 ( 99.52)	Acc@2 100.00 (100.00)
Test: [30/35]	Time  0.338 ( 0.178)	Loss 3.4629e-03 (1.8605e-02)	Acc@1  99.61 ( 99.56)	Acc@2 100.00 (100.00)
 * Acc@1 99.532 Acc@2 100.000
Epoch: [284][  0/103]	Time  0.833 ( 0.833)	Data  0.679 ( 0.679)	Loss 1.4230e-02 (1.4230e-02)	Acc@1  99.22 ( 99.22)	Acc@2 100.00 (100.00)
Epoch: [284][ 10/103]	Time  0.432 ( 0.467)	Data  0.000 ( 0.085)	Loss 1.3984e-02 (3.0409e-02)	Acc@1  98.83 ( 98.83)	Acc@2 100.00 (100.00)
Epoch: [284][ 20/103]	Time  0.427 ( 0.449)	Data  0.000 ( 0.057)	Loss 3.3506e-02 (2.9519e-02)	Acc@1  98.83 ( 98.85)	Acc@2 100.00 (100.00)
Epoch: [284][ 30/103]	Time  0.423 ( 0.443)	Data  0.000 ( 0.047)	Loss 2.0037e-02 (2.7864e-02)	Acc@1  99.22 ( 98.88)	Acc@2 100.00 (100.00)
Epoch: [284][ 40/103]	Time  0.473 ( 0.441)	Data  0.000 ( 0.042)	Loss 4.5574e-02 (2.8587e-02)	Acc@1  98.05 ( 98.82)	Acc@2 100.00 (100.00)
Epoch: [284][ 50/103]	Time  0.432 ( 0.439)	Data  0.000 ( 0.039)	Loss 1.3297e-02 (2.8726e-02)	Acc@1  99.61 ( 98.87)	Acc@2 100.00 (100.00)
Epoch: [284][ 60/103]	Time  0.430 ( 0.437)	Data  0.000 ( 0.036)	Loss 4.3396e-02 (2.9556e-02)	Acc@1  98.44 ( 98.83)	Acc@2 100.00 (100.00)
Epoch: [284][ 70/103]	Time  0.425 ( 0.436)	Data  0.000 ( 0.035)	Loss 4.2002e-02 (3.0431e-02)	Acc@1  98.83 ( 98.82)	Acc@2 100.00 (100.00)
Epoch: [284][ 80/103]	Time  0.427 ( 0.435)	Data  0.000 ( 0.034)	Loss 4.1291e-02 (2.9738e-02)	Acc@1  97.66 ( 98.82)	Acc@2 100.00 (100.00)
Epoch: [284][ 90/103]	Time  0.425 ( 0.434)	Data  0.000 ( 0.033)	Loss 2.7271e-02 (2.8958e-02)	Acc@1  98.83 ( 98.86)	Acc@2 100.00 (100.00)
Epoch: [284][100/103]	Time  0.430 ( 0.434)	Data  0.000 ( 0.032)	Loss 3.6685e-02 (2.8368e-02)	Acc@1  98.44 ( 98.89)	Acc@2 100.00 (100.00)
Test: [ 0/35]	Time  0.872 ( 0.872)	Loss 1.3109e-02 (1.3109e-02)	Acc@1  99.22 ( 99.22)	Acc@2 100.00 (100.00)
Test: [10/35]	Time  0.125 ( 0.214)	Loss 1.7964e-04 (1.9961e-02)	Acc@1 100.00 ( 99.54)	Acc@2 100.00 (100.00)
Test: [20/35]	Time  0.289 ( 0.198)	Loss 2.0948e-02 (2.3073e-02)	Acc@1  99.61 ( 99.53)	Acc@2 100.00 (100.00)
Test: [30/35]	Time  0.170 ( 0.180)	Loss 3.6277e-03 (1.8614e-02)	Acc@1  99.61 ( 99.57)	Acc@2 100.00 (100.00)
 * Acc@1 99.543 Acc@2 100.000
Epoch: [285][  0/103]	Time  0.882 ( 0.882)	Data  0.718 ( 0.718)	Loss 2.2355e-02 (2.2355e-02)	Acc@1  99.61 ( 99.61)	Acc@2 100.00 (100.00)
Epoch: [285][ 10/103]	Time  0.409 ( 0.458)	Data  0.000 ( 0.087)	Loss 1.2873e-02 (2.7313e-02)	Acc@1 100.00 ( 98.86)	Acc@2 100.00 (100.00)
Epoch: [285][ 20/103]	Time  0.424 ( 0.439)	Data  0.000 ( 0.058)	Loss 3.5703e-02 (2.4787e-02)	Acc@1  98.05 ( 99.00)	Acc@2 100.00 (100.00)
Epoch: [285][ 30/103]	Time  0.414 ( 0.433)	Data  0.000 ( 0.047)	Loss 8.5907e-03 (2.3030e-02)	Acc@1  99.61 ( 99.12)	Acc@2 100.00 (100.00)
Epoch: [285][ 40/103]	Time  0.418 ( 0.430)	Data  0.000 ( 0.042)	Loss 2.2503e-02 (2.3644e-02)	Acc@1  98.83 ( 99.08)	Acc@2 100.00 (100.00)
Epoch: [285][ 50/103]	Time  0.416 ( 0.428)	Data  0.000 ( 0.039)	Loss 3.5584e-02 (2.6651e-02)	Acc@1  98.44 ( 98.95)	Acc@2 100.00 (100.00)
Epoch: [285][ 60/103]	Time  0.413 ( 0.426)	Data  0.000 ( 0.037)	Loss 2.3784e-02 (2.6120e-02)	Acc@1  98.44 ( 98.98)	Acc@2 100.00 (100.00)
Epoch: [285][ 70/103]	Time  0.410 ( 0.425)	Data  0.000 ( 0.035)	Loss 2.3219e-02 (2.6934e-02)	Acc@1  99.22 ( 98.97)	Acc@2 100.00 (100.00)
Epoch: [285][ 80/103]	Time  0.423 ( 0.424)	Data  0.000 ( 0.034)	Loss 2.8892e-02 (2.7424e-02)	Acc@1  98.83 ( 98.96)	Acc@2 100.00 (100.00)
Epoch: [285][ 90/103]	Time  0.414 ( 0.424)	Data  0.000 ( 0.033)	Loss 1.8360e-02 (2.7440e-02)	Acc@1  99.61 ( 98.95)	Acc@2 100.00 (100.00)
Epoch: [285][100/103]	Time  0.418 ( 0.423)	Data  0.000 ( 0.033)	Loss 2.1859e-02 (2.7289e-02)	Acc@1  99.22 ( 98.96)	Acc@2 100.00 (100.00)
Test: [ 0/35]	Time  0.803 ( 0.803)	Loss 1.1820e-02 (1.1820e-02)	Acc@1  99.61 ( 99.61)	Acc@2 100.00 (100.00)
Test: [10/35]	Time  0.130 ( 0.205)	Loss 1.4416e-04 (1.9084e-02)	Acc@1 100.00 ( 99.57)	Acc@2 100.00 (100.00)
Test: [20/35]	Time  0.198 ( 0.184)	Loss 2.1766e-02 (2.2379e-02)	Acc@1  99.22 ( 99.53)	Acc@2 100.00 (100.00)
Test: [30/35]	Time  0.233 ( 0.176)	Loss 3.9092e-03 (1.8391e-02)	Acc@1  99.61 ( 99.57)	Acc@2 100.00 (100.00)
 * Acc@1 99.543 Acc@2 100.000
Epoch: [286][  0/103]	Time  0.889 ( 0.889)	Data  0.739 ( 0.739)	Loss 2.6834e-02 (2.6834e-02)	Acc@1  98.44 ( 98.44)	Acc@2 100.00 (100.00)
Epoch: [286][ 10/103]	Time  0.438 ( 0.477)	Data  0.000 ( 0.092)	Loss 1.6226e-02 (2.9440e-02)	Acc@1  99.22 ( 98.83)	Acc@2 100.00 (100.00)
Epoch: [286][ 20/103]	Time  0.436 ( 0.458)	Data  0.000 ( 0.062)	Loss 2.4732e-02 (2.6266e-02)	Acc@1  99.61 ( 99.01)	Acc@2 100.00 (100.00)
Epoch: [286][ 30/103]	Time  0.435 ( 0.451)	Data  0.000 ( 0.051)	Loss 8.9082e-03 (2.5759e-02)	Acc@1 100.00 ( 98.93)	Acc@2 100.00 (100.00)
Epoch: [286][ 40/103]	Time  0.440 ( 0.448)	Data  0.000 ( 0.045)	Loss 2.4155e-02 (2.4819e-02)	Acc@1  99.61 ( 98.99)	Acc@2 100.00 (100.00)
Epoch: [286][ 50/103]	Time  0.444 ( 0.445)	Data  0.000 ( 0.042)	Loss 1.8105e-02 (2.4936e-02)	Acc@1  99.22 ( 99.00)	Acc@2 100.00 (100.00)
Epoch: [286][ 60/103]	Time  0.428 ( 0.445)	Data  0.000 ( 0.039)	Loss 4.6855e-03 (2.5229e-02)	Acc@1 100.00 ( 98.99)	Acc@2 100.00 (100.00)
Epoch: [286][ 70/103]	Time  0.438 ( 0.444)	Data  0.000 ( 0.038)	Loss 5.4619e-02 (2.5675e-02)	Acc@1  98.05 ( 98.98)	Acc@2 100.00 (100.00)
Epoch: [286][ 80/103]	Time  0.486 ( 0.443)	Data  0.000 ( 0.037)	Loss 2.7867e-02 (2.6575e-02)	Acc@1  98.05 ( 98.92)	Acc@2 100.00 (100.00)
Epoch: [286][ 90/103]	Time  0.486 ( 0.443)	Data  0.000 ( 0.036)	Loss 1.0400e-02 (2.6920e-02)	Acc@1 100.00 ( 98.91)	Acc@2 100.00 (100.00)
Epoch: [286][100/103]	Time  0.439 ( 0.442)	Data  0.000 ( 0.035)	Loss 2.3821e-02 (2.6257e-02)	Acc@1  98.83 ( 98.93)	Acc@2 100.00 (100.00)
Test: [ 0/35]	Time  0.869 ( 0.869)	Loss 1.1825e-02 (1.1825e-02)	Acc@1  99.61 ( 99.61)	Acc@2 100.00 (100.00)
Test: [10/35]	Time  0.123 ( 0.211)	Loss 1.6588e-04 (1.8940e-02)	Acc@1 100.00 ( 99.57)	Acc@2 100.00 (100.00)
Test: [20/35]	Time  0.204 ( 0.187)	Loss 2.2236e-02 (2.2221e-02)	Acc@1  99.22 ( 99.53)	Acc@2 100.00 (100.00)
Test: [30/35]	Time  0.319 ( 0.177)	Loss 4.1603e-03 (1.8218e-02)	Acc@1  99.61 ( 99.57)	Acc@2 100.00 (100.00)
 * Acc@1 99.532 Acc@2 100.000
Epoch: [287][  0/103]	Time  0.792 ( 0.792)	Data  0.637 ( 0.637)	Loss 3.3503e-02 (3.3503e-02)	Acc@1  98.83 ( 98.83)	Acc@2 100.00 (100.00)
Epoch: [287][ 10/103]	Time  0.440 ( 0.468)	Data  0.000 ( 0.083)	Loss 2.8035e-02 (3.3001e-02)	Acc@1  98.83 ( 98.69)	Acc@2 100.00 (100.00)
Epoch: [287][ 20/103]	Time  0.427 ( 0.454)	Data  0.000 ( 0.057)	Loss 4.2243e-02 (3.1100e-02)	Acc@1  98.05 ( 98.83)	Acc@2 100.00 (100.00)
Epoch: [287][ 30/103]	Time  0.435 ( 0.449)	Data  0.000 ( 0.048)	Loss 1.8659e-02 (3.0811e-02)	Acc@1  99.22 ( 98.79)	Acc@2 100.00 (100.00)
Epoch: [287][ 40/103]	Time  0.441 ( 0.447)	Data  0.000 ( 0.043)	Loss 2.4378e-02 (2.9600e-02)	Acc@1  99.22 ( 98.88)	Acc@2 100.00 (100.00)
Epoch: [287][ 50/103]	Time  0.442 ( 0.445)	Data  0.000 ( 0.040)	Loss 1.2687e-02 (2.8417e-02)	Acc@1  99.22 ( 98.89)	Acc@2 100.00 (100.00)
Epoch: [287][ 60/103]	Time  0.436 ( 0.444)	Data  0.000 ( 0.038)	Loss 3.1557e-02 (2.9428e-02)	Acc@1  98.83 ( 98.84)	Acc@2 100.00 (100.00)
Epoch: [287][ 70/103]	Time  0.442 ( 0.443)	Data  0.000 ( 0.036)	Loss 2.6485e-02 (2.8443e-02)	Acc@1  98.44 ( 98.88)	Acc@2 100.00 (100.00)
Epoch: [287][ 80/103]	Time  0.438 ( 0.443)	Data  0.000 ( 0.035)	Loss 5.2466e-02 (2.8250e-02)	Acc@1  98.83 ( 98.90)	Acc@2 100.00 (100.00)
Epoch: [287][ 90/103]	Time  0.437 ( 0.442)	Data  0.000 ( 0.034)	Loss 1.1723e-02 (2.7718e-02)	Acc@1  99.61 ( 98.91)	Acc@2 100.00 (100.00)
Epoch: [287][100/103]	Time  0.434 ( 0.442)	Data  0.000 ( 0.034)	Loss 4.1540e-02 (2.7531e-02)	Acc@1  98.05 ( 98.92)	Acc@2 100.00 (100.00)
Test: [ 0/35]	Time  0.847 ( 0.847)	Loss 1.3418e-02 (1.3418e-02)	Acc@1  99.22 ( 99.22)	Acc@2 100.00 (100.00)
Test: [10/35]	Time  0.126 ( 0.208)	Loss 2.1202e-04 (2.0253e-02)	Acc@1 100.00 ( 99.50)	Acc@2 100.00 (100.00)
Test: [20/35]	Time  0.222 ( 0.186)	Loss 2.0663e-02 (2.3259e-02)	Acc@1  99.61 ( 99.52)	Acc@2 100.00 (100.00)
Test: [30/35]	Time  0.685 ( 0.192)	Loss 3.6945e-03 (1.8627e-02)	Acc@1  99.61 ( 99.56)	Acc@2 100.00 (100.00)
 * Acc@1 99.532 Acc@2 100.000
Epoch: [288][  0/103]	Time  0.812 ( 0.812)	Data  0.656 ( 0.656)	Loss 4.0484e-02 (4.0484e-02)	Acc@1  97.66 ( 97.66)	Acc@2 100.00 (100.00)
Epoch: [288][ 10/103]	Time  0.446 ( 0.472)	Data  0.000 ( 0.082)	Loss 5.9665e-02 (3.2768e-02)	Acc@1  98.05 ( 98.83)	Acc@2 100.00 (100.00)
Epoch: [288][ 20/103]	Time  0.440 ( 0.455)	Data  0.000 ( 0.055)	Loss 1.5905e-02 (2.9148e-02)	Acc@1  99.61 ( 98.90)	Acc@2 100.00 (100.00)
Epoch: [288][ 30/103]	Time  0.497 ( 0.450)	Data  0.000 ( 0.046)	Loss 1.3924e-02 (2.9049e-02)	Acc@1  99.22 ( 98.93)	Acc@2 100.00 (100.00)
Epoch: [288][ 40/103]	Time  0.425 ( 0.446)	Data  0.000 ( 0.040)	Loss 8.8861e-03 (2.7423e-02)	Acc@1  99.61 ( 98.96)	Acc@2 100.00 (100.00)
Epoch: [288][ 50/103]	Time  0.444 ( 0.444)	Data  0.000 ( 0.038)	Loss 9.1402e-03 (2.6580e-02)	Acc@1 100.00 ( 98.98)	Acc@2 100.00 (100.00)
Epoch: [288][ 60/103]	Time  0.436 ( 0.442)	Data  0.000 ( 0.035)	Loss 2.7618e-02 (2.6482e-02)	Acc@1  98.83 ( 98.99)	Acc@2 100.00 (100.00)
Epoch: [288][ 70/103]	Time  0.424 ( 0.442)	Data  0.000 ( 0.034)	Loss 4.2730e-02 (2.6847e-02)	Acc@1  98.44 ( 98.99)	Acc@2 100.00 (100.00)
Epoch: [288][ 80/103]	Time  0.446 ( 0.441)	Data  0.000 ( 0.033)	Loss 2.7677e-02 (2.6678e-02)	Acc@1  99.22 ( 98.98)	Acc@2 100.00 (100.00)
Epoch: [288][ 90/103]	Time  0.449 ( 0.441)	Data  0.000 ( 0.032)	Loss 2.7101e-02 (2.7233e-02)	Acc@1  98.83 ( 98.94)	Acc@2 100.00 (100.00)
Epoch: [288][100/103]	Time  0.439 ( 0.440)	Data  0.000 ( 0.031)	Loss 1.7343e-02 (2.7153e-02)	Acc@1  99.61 ( 98.96)	Acc@2 100.00 (100.00)
Test: [ 0/35]	Time  0.852 ( 0.852)	Loss 1.3828e-02 (1.3828e-02)	Acc@1  99.22 ( 99.22)	Acc@2 100.00 (100.00)
Test: [10/35]	Time  0.122 ( 0.210)	Loss 1.6492e-04 (2.0064e-02)	Acc@1 100.00 ( 99.54)	Acc@2 100.00 (100.00)
Test: [20/35]	Time  0.167 ( 0.186)	Loss 2.1041e-02 (2.3167e-02)	Acc@1  99.61 ( 99.52)	Acc@2 100.00 (100.00)
Test: [30/35]	Time  0.364 ( 0.181)	Loss 3.5248e-03 (1.8619e-02)	Acc@1  99.61 ( 99.56)	Acc@2 100.00 (100.00)
 * Acc@1 99.532 Acc@2 100.000
Epoch: [289][  0/103]	Time  0.865 ( 0.865)	Data  0.708 ( 0.708)	Loss 1.9774e-02 (1.9774e-02)	Acc@1  99.22 ( 99.22)	Acc@2 100.00 (100.00)
Epoch: [289][ 10/103]	Time  0.411 ( 0.453)	Data  0.000 ( 0.087)	Loss 2.7322e-02 (2.9537e-02)	Acc@1  98.83 ( 98.76)	Acc@2 100.00 (100.00)
Epoch: [289][ 20/103]	Time  0.426 ( 0.435)	Data  0.000 ( 0.058)	Loss 2.7401e-02 (2.5291e-02)	Acc@1  99.22 ( 98.98)	Acc@2 100.00 (100.00)
Epoch: [289][ 30/103]	Time  0.409 ( 0.428)	Data  0.000 ( 0.047)	Loss 1.4918e-02 (2.7223e-02)	Acc@1  99.22 ( 98.90)	Acc@2 100.00 (100.00)
Epoch: [289][ 40/103]	Time  0.413 ( 0.425)	Data  0.000 ( 0.042)	Loss 2.0534e-02 (2.7786e-02)	Acc@1  99.61 ( 98.85)	Acc@2 100.00 (100.00)
Epoch: [289][ 50/103]	Time  0.415 ( 0.424)	Data  0.000 ( 0.039)	Loss 2.6034e-02 (2.7271e-02)	Acc@1  98.44 ( 98.87)	Acc@2 100.00 (100.00)
Epoch: [289][ 60/103]	Time  0.410 ( 0.422)	Data  0.000 ( 0.037)	Loss 2.8866e-02 (2.7511e-02)	Acc@1  98.83 ( 98.85)	Acc@2 100.00 (100.00)
Epoch: [289][ 70/103]	Time  0.414 ( 0.421)	Data  0.000 ( 0.035)	Loss 3.2204e-02 (2.6388e-02)	Acc@1  98.83 ( 98.93)	Acc@2 100.00 (100.00)
Epoch: [289][ 80/103]	Time  0.422 ( 0.421)	Data  0.000 ( 0.034)	Loss 1.2340e-02 (2.5745e-02)	Acc@1  99.61 ( 98.97)	Acc@2 100.00 (100.00)
Epoch: [289][ 90/103]	Time  0.413 ( 0.420)	Data  0.000 ( 0.033)	Loss 2.7337e-02 (2.6301e-02)	Acc@1  98.83 ( 98.94)	Acc@2 100.00 (100.00)
Epoch: [289][100/103]	Time  0.418 ( 0.419)	Data  0.000 ( 0.033)	Loss 3.3618e-02 (2.6792e-02)	Acc@1  98.44 ( 98.92)	Acc@2 100.00 (100.00)
Test: [ 0/35]	Time  0.953 ( 0.953)	Loss 1.1453e-02 (1.1453e-02)	Acc@1  99.61 ( 99.61)	Acc@2 100.00 (100.00)
Test: [10/35]	Time  0.134 ( 0.240)	Loss 1.5073e-04 (1.8961e-02)	Acc@1 100.00 ( 99.57)	Acc@2 100.00 (100.00)
Test: [20/35]	Time  0.175 ( 0.209)	Loss 2.2111e-02 (2.2290e-02)	Acc@1  99.22 ( 99.53)	Acc@2 100.00 (100.00)
Test: [30/35]	Time  0.143 ( 0.189)	Loss 3.8360e-03 (1.8344e-02)	Acc@1  99.61 ( 99.57)	Acc@2 100.00 (100.00)
 * Acc@1 99.543 Acc@2 100.000
Epoch: [290][  0/103]	Time  0.786 ( 0.786)	Data  0.637 ( 0.637)	Loss 4.9258e-02 (4.9258e-02)	Acc@1  98.44 ( 98.44)	Acc@2 100.00 (100.00)
Epoch: [290][ 10/103]	Time  0.430 ( 0.463)	Data  0.000 ( 0.083)	Loss 5.1623e-02 (3.0392e-02)	Acc@1  98.05 ( 98.79)	Acc@2 100.00 (100.00)
Epoch: [290][ 20/103]	Time  0.428 ( 0.447)	Data  0.000 ( 0.056)	Loss 2.0887e-02 (2.7513e-02)	Acc@1  99.22 ( 98.94)	Acc@2 100.00 (100.00)
Epoch: [290][ 30/103]	Time  0.428 ( 0.441)	Data  0.000 ( 0.047)	Loss 3.3504e-02 (2.6270e-02)	Acc@1  99.22 ( 98.98)	Acc@2 100.00 (100.00)
Epoch: [290][ 40/103]	Time  0.427 ( 0.438)	Data  0.000 ( 0.042)	Loss 1.9867e-02 (2.5718e-02)	Acc@1  99.61 ( 98.96)	Acc@2 100.00 (100.00)
Epoch: [290][ 50/103]	Time  0.433 ( 0.437)	Data  0.000 ( 0.039)	Loss 3.5901e-02 (2.6190e-02)	Acc@1  99.22 ( 98.95)	Acc@2 100.00 (100.00)
Epoch: [290][ 60/103]	Time  0.434 ( 0.436)	Data  0.000 ( 0.038)	Loss 3.9630e-02 (2.5444e-02)	Acc@1  98.44 ( 98.99)	Acc@2 100.00 (100.00)
Epoch: [290][ 70/103]	Time  0.426 ( 0.435)	Data  0.000 ( 0.036)	Loss 4.2599e-02 (2.5930e-02)	Acc@1  98.83 ( 99.00)	Acc@2 100.00 (100.00)
Epoch: [290][ 80/103]	Time  0.420 ( 0.434)	Data  0.000 ( 0.035)	Loss 4.5157e-02 (2.6713e-02)	Acc@1  98.83 ( 98.95)	Acc@2 100.00 (100.00)
Epoch: [290][ 90/103]	Time  0.429 ( 0.434)	Data  0.000 ( 0.034)	Loss 4.2064e-02 (2.7220e-02)	Acc@1  98.83 ( 98.93)	Acc@2 100.00 (100.00)
Epoch: [290][100/103]	Time  0.412 ( 0.434)	Data  0.000 ( 0.034)	Loss 5.8437e-03 (2.6470e-02)	Acc@1 100.00 ( 98.95)	Acc@2 100.00 (100.00)
Test: [ 0/35]	Time  0.838 ( 0.838)	Loss 1.3857e-02 (1.3857e-02)	Acc@1  99.22 ( 99.22)	Acc@2 100.00 (100.00)
Test: [10/35]	Time  0.128 ( 0.213)	Loss 2.0986e-04 (2.0176e-02)	Acc@1 100.00 ( 99.54)	Acc@2 100.00 (100.00)
Test: [20/35]	Time  0.174 ( 0.189)	Loss 2.0504e-02 (2.3125e-02)	Acc@1  99.61 ( 99.52)	Acc@2 100.00 (100.00)
Test: [30/35]	Time  0.380 ( 0.183)	Loss 3.2276e-03 (1.8550e-02)	Acc@1  99.61 ( 99.56)	Acc@2 100.00 (100.00)
 * Acc@1 99.532 Acc@2 100.000
Epoch: [291][  0/103]	Time  0.839 ( 0.839)	Data  0.684 ( 0.684)	Loss 4.0839e-02 (4.0839e-02)	Acc@1  98.44 ( 98.44)	Acc@2 100.00 (100.00)
Epoch: [291][ 10/103]	Time  0.426 ( 0.467)	Data  0.000 ( 0.087)	Loss 1.9298e-02 (3.3809e-02)	Acc@1  98.83 ( 98.69)	Acc@2 100.00 (100.00)
Epoch: [291][ 20/103]	Time  0.429 ( 0.450)	Data  0.000 ( 0.059)	Loss 1.7877e-02 (3.2051e-02)	Acc@1  99.61 ( 98.79)	Acc@2 100.00 (100.00)
Epoch: [291][ 30/103]	Time  0.421 ( 0.444)	Data  0.000 ( 0.049)	Loss 2.1804e-02 (2.8812e-02)	Acc@1  98.44 ( 98.85)	Acc@2 100.00 (100.00)
Epoch: [291][ 40/103]	Time  0.436 ( 0.442)	Data  0.000 ( 0.043)	Loss 3.4117e-02 (3.0628e-02)	Acc@1  98.44 ( 98.82)	Acc@2 100.00 (100.00)
Epoch: [291][ 50/103]	Time  0.431 ( 0.440)	Data  0.000 ( 0.040)	Loss 2.4430e-02 (2.9730e-02)	Acc@1  99.22 ( 98.90)	Acc@2 100.00 (100.00)
Epoch: [291][ 60/103]	Time  0.417 ( 0.438)	Data  0.000 ( 0.038)	Loss 3.1091e-02 (2.9682e-02)	Acc@1  99.61 ( 98.89)	Acc@2 100.00 (100.00)
Epoch: [291][ 70/103]	Time  0.431 ( 0.438)	Data  0.000 ( 0.037)	Loss 3.2982e-02 (2.8637e-02)	Acc@1  98.83 ( 98.93)	Acc@2 100.00 (100.00)
Epoch: [291][ 80/103]	Time  0.431 ( 0.437)	Data  0.000 ( 0.036)	Loss 1.5248e-02 (2.8883e-02)	Acc@1  98.83 ( 98.92)	Acc@2 100.00 (100.00)
Epoch: [291][ 90/103]	Time  0.432 ( 0.436)	Data  0.000 ( 0.035)	Loss 1.1093e-02 (2.8565e-02)	Acc@1 100.00 ( 98.93)	Acc@2 100.00 (100.00)
Epoch: [291][100/103]	Time  0.425 ( 0.436)	Data  0.000 ( 0.035)	Loss 1.1622e-02 (2.8379e-02)	Acc@1  99.61 ( 98.92)	Acc@2 100.00 (100.00)
Test: [ 0/35]	Time  0.848 ( 0.848)	Loss 1.2318e-02 (1.2318e-02)	Acc@1  99.22 ( 99.22)	Acc@2 100.00 (100.00)
Test: [10/35]	Time  0.125 ( 0.211)	Loss 1.6284e-04 (1.9205e-02)	Acc@1 100.00 ( 99.54)	Acc@2 100.00 (100.00)
Test: [20/35]	Time  0.201 ( 0.188)	Loss 2.1394e-02 (2.2422e-02)	Acc@1  99.22 ( 99.52)	Acc@2 100.00 (100.00)
Test: [30/35]	Time  0.323 ( 0.178)	Loss 3.8226e-03 (1.8325e-02)	Acc@1  99.61 ( 99.56)	Acc@2 100.00 (100.00)
 * Acc@1 99.532 Acc@2 100.000
Epoch: [292][  0/103]	Time  0.865 ( 0.865)	Data  0.712 ( 0.712)	Loss 6.5040e-03 (6.5040e-03)	Acc@1 100.00 (100.00)	Acc@2 100.00 (100.00)
Epoch: [292][ 10/103]	Time  0.440 ( 0.469)	Data  0.000 ( 0.088)	Loss 4.0484e-02 (2.2256e-02)	Acc@1  98.83 ( 99.22)	Acc@2 100.00 (100.00)
Epoch: [292][ 20/103]	Time  0.428 ( 0.449)	Data  0.000 ( 0.058)	Loss 2.7233e-02 (2.6518e-02)	Acc@1  99.22 ( 99.01)	Acc@2 100.00 (100.00)
Epoch: [292][ 30/103]	Time  0.442 ( 0.443)	Data  0.000 ( 0.048)	Loss 4.8638e-02 (2.7108e-02)	Acc@1  98.05 ( 98.99)	Acc@2 100.00 (100.00)
Epoch: [292][ 40/103]	Time  0.429 ( 0.440)	Data  0.000 ( 0.042)	Loss 3.2939e-02 (2.6231e-02)	Acc@1  98.44 ( 99.01)	Acc@2 100.00 (100.00)
Epoch: [292][ 50/103]	Time  0.417 ( 0.439)	Data  0.000 ( 0.039)	Loss 5.1606e-02 (2.6913e-02)	Acc@1  98.05 ( 99.00)	Acc@2 100.00 (100.00)
Epoch: [292][ 60/103]	Time  0.435 ( 0.438)	Data  0.000 ( 0.037)	Loss 3.2093e-02 (2.7272e-02)	Acc@1  98.44 ( 98.96)	Acc@2 100.00 (100.00)
Epoch: [292][ 70/103]	Time  0.428 ( 0.437)	Data  0.000 ( 0.035)	Loss 3.1699e-02 (2.8295e-02)	Acc@1  98.83 ( 98.94)	Acc@2 100.00 (100.00)
Epoch: [292][ 80/103]	Time  0.438 ( 0.436)	Data  0.000 ( 0.034)	Loss 4.0574e-02 (2.8781e-02)	Acc@1  98.83 ( 98.93)	Acc@2 100.00 (100.00)
Epoch: [292][ 90/103]	Time  0.437 ( 0.435)	Data  0.000 ( 0.033)	Loss 1.8370e-02 (2.8299e-02)	Acc@1  99.22 ( 98.94)	Acc@2 100.00 (100.00)
Epoch: [292][100/103]	Time  0.430 ( 0.435)	Data  0.000 ( 0.032)	Loss 2.7536e-02 (2.7757e-02)	Acc@1  99.22 ( 98.95)	Acc@2 100.00 (100.00)
Test: [ 0/35]	Time  0.798 ( 0.798)	Loss 1.6097e-02 (1.6097e-02)	Acc@1  99.22 ( 99.22)	Acc@2 100.00 (100.00)
Test: [10/35]	Time  0.135 ( 0.207)	Loss 2.4553e-04 (2.1184e-02)	Acc@1 100.00 ( 99.50)	Acc@2 100.00 (100.00)
Test: [20/35]	Time  0.237 ( 0.188)	Loss 1.9501e-02 (2.3902e-02)	Acc@1  99.61 ( 99.48)	Acc@2 100.00 (100.00)
Test: [30/35]	Time  0.459 ( 0.187)	Loss 3.1363e-03 (1.8805e-02)	Acc@1  99.61 ( 99.53)	Acc@2 100.00 (100.00)
 * Acc@1 99.520 Acc@2 100.000
Epoch: [293][  0/103]	Time  0.913 ( 0.913)	Data  0.753 ( 0.753)	Loss 4.6003e-02 (4.6003e-02)	Acc@1  98.05 ( 98.05)	Acc@2 100.00 (100.00)
Epoch: [293][ 10/103]	Time  0.430 ( 0.464)	Data  0.000 ( 0.091)	Loss 1.4455e-02 (3.0971e-02)	Acc@1  99.22 ( 98.62)	Acc@2 100.00 (100.00)
Epoch: [293][ 20/103]	Time  0.411 ( 0.443)	Data  0.000 ( 0.059)	Loss 1.8510e-02 (2.8770e-02)	Acc@1  99.22 ( 98.72)	Acc@2 100.00 (100.00)
Epoch: [293][ 30/103]	Time  0.415 ( 0.435)	Data  0.000 ( 0.049)	Loss 2.3309e-02 (2.8500e-02)	Acc@1  99.22 ( 98.78)	Acc@2 100.00 (100.00)
Epoch: [293][ 40/103]	Time  0.418 ( 0.431)	Data  0.000 ( 0.043)	Loss 3.3798e-02 (2.8153e-02)	Acc@1  99.22 ( 98.83)	Acc@2 100.00 (100.00)
Epoch: [293][ 50/103]	Time  0.414 ( 0.428)	Data  0.000 ( 0.040)	Loss 6.6306e-03 (2.8458e-02)	Acc@1 100.00 ( 98.81)	Acc@2 100.00 (100.00)
Epoch: [293][ 60/103]	Time  0.414 ( 0.427)	Data  0.000 ( 0.038)	Loss 5.2349e-02 (2.9455e-02)	Acc@1  98.05 ( 98.80)	Acc@2 100.00 (100.00)
Epoch: [293][ 70/103]	Time  0.423 ( 0.425)	Data  0.000 ( 0.036)	Loss 2.6518e-02 (2.9457e-02)	Acc@1  98.83 ( 98.81)	Acc@2 100.00 (100.00)
Epoch: [293][ 80/103]	Time  0.415 ( 0.425)	Data  0.000 ( 0.035)	Loss 1.7617e-02 (2.7739e-02)	Acc@1  99.22 ( 98.90)	Acc@2 100.00 (100.00)
Epoch: [293][ 90/103]	Time  0.409 ( 0.424)	Data  0.000 ( 0.034)	Loss 2.7601e-02 (2.8291e-02)	Acc@1  99.22 ( 98.87)	Acc@2 100.00 (100.00)
Epoch: [293][100/103]	Time  0.426 ( 0.423)	Data  0.000 ( 0.033)	Loss 4.0443e-02 (2.8021e-02)	Acc@1  98.44 ( 98.89)	Acc@2 100.00 (100.00)
Test: [ 0/35]	Time  0.963 ( 0.963)	Loss 1.2533e-02 (1.2533e-02)	Acc@1  99.61 ( 99.61)	Acc@2 100.00 (100.00)
Test: [10/35]	Time  0.121 ( 0.231)	Loss 1.7417e-04 (1.9364e-02)	Acc@1 100.00 ( 99.57)	Acc@2 100.00 (100.00)
Test: [20/35]	Time  0.258 ( 0.211)	Loss 2.1816e-02 (2.2568e-02)	Acc@1  99.22 ( 99.53)	Acc@2 100.00 (100.00)
Test: [30/35]	Time  0.137 ( 0.189)	Loss 4.0846e-03 (1.8349e-02)	Acc@1  99.61 ( 99.57)	Acc@2 100.00 (100.00)
 * Acc@1 99.543 Acc@2 100.000
Epoch: [294][  0/103]	Time  0.804 ( 0.804)	Data  0.655 ( 0.655)	Loss 4.2138e-02 (4.2138e-02)	Acc@1  98.44 ( 98.44)	Acc@2 100.00 (100.00)
Epoch: [294][ 10/103]	Time  0.440 ( 0.469)	Data  0.000 ( 0.085)	Loss 3.4604e-02 (2.6351e-02)	Acc@1  98.44 ( 99.01)	Acc@2 100.00 (100.00)
Epoch: [294][ 20/103]	Time  0.443 ( 0.454)	Data  0.000 ( 0.057)	Loss 3.0435e-02 (2.5499e-02)	Acc@1  98.44 ( 99.00)	Acc@2 100.00 (100.00)
Epoch: [294][ 30/103]	Time  0.432 ( 0.448)	Data  0.000 ( 0.048)	Loss 2.7399e-02 (2.5589e-02)	Acc@1  98.83 ( 98.98)	Acc@2 100.00 (100.00)
Epoch: [294][ 40/103]	Time  0.433 ( 0.445)	Data  0.000 ( 0.043)	Loss 6.4242e-02 (2.8646e-02)	Acc@1  99.22 ( 98.90)	Acc@2 100.00 (100.00)
Epoch: [294][ 50/103]	Time  0.440 ( 0.444)	Data  0.000 ( 0.041)	Loss 6.1339e-02 (2.9798e-02)	Acc@1  97.66 ( 98.88)	Acc@2 100.00 (100.00)
Epoch: [294][ 60/103]	Time  0.437 ( 0.442)	Data  0.000 ( 0.039)	Loss 2.4435e-02 (2.9575e-02)	Acc@1  98.44 ( 98.87)	Acc@2 100.00 (100.00)
Epoch: [294][ 70/103]	Time  0.438 ( 0.443)	Data  0.000 ( 0.037)	Loss 2.1390e-02 (2.9609e-02)	Acc@1  99.61 ( 98.85)	Acc@2 100.00 (100.00)
Epoch: [294][ 80/103]	Time  0.436 ( 0.442)	Data  0.000 ( 0.036)	Loss 3.8872e-02 (2.9176e-02)	Acc@1  98.05 ( 98.88)	Acc@2 100.00 (100.00)
Epoch: [294][ 90/103]	Time  0.437 ( 0.442)	Data  0.000 ( 0.035)	Loss 2.6425e-02 (2.8862e-02)	Acc@1  98.83 ( 98.91)	Acc@2 100.00 (100.00)
Epoch: [294][100/103]	Time  0.440 ( 0.441)	Data  0.000 ( 0.034)	Loss 1.5559e-02 (2.8674e-02)	Acc@1  99.22 ( 98.91)	Acc@2 100.00 (100.00)
Test: [ 0/35]	Time  0.815 ( 0.815)	Loss 1.3492e-02 (1.3492e-02)	Acc@1  99.22 ( 99.22)	Acc@2 100.00 (100.00)
Test: [10/35]	Time  0.125 ( 0.206)	Loss 1.8433e-04 (2.0154e-02)	Acc@1 100.00 ( 99.50)	Acc@2 100.00 (100.00)
Test: [20/35]	Time  0.204 ( 0.186)	Loss 2.0491e-02 (2.3193e-02)	Acc@1  99.61 ( 99.52)	Acc@2 100.00 (100.00)
Test: [30/35]	Time  0.404 ( 0.181)	Loss 3.5773e-03 (1.8717e-02)	Acc@1  99.61 ( 99.56)	Acc@2 100.00 (100.00)
 * Acc@1 99.532 Acc@2 100.000
Epoch: [295][  0/103]	Time  0.827 ( 0.827)	Data  0.663 ( 0.663)	Loss 3.1206e-02 (3.1206e-02)	Acc@1  98.83 ( 98.83)	Acc@2 100.00 (100.00)
Epoch: [295][ 10/103]	Time  0.446 ( 0.473)	Data  0.000 ( 0.086)	Loss 5.2072e-02 (2.9246e-02)	Acc@1  98.05 ( 98.86)	Acc@2 100.00 (100.00)
Epoch: [295][ 20/103]	Time  0.437 ( 0.457)	Data  0.000 ( 0.058)	Loss 3.2150e-02 (3.0102e-02)	Acc@1  99.22 ( 98.83)	Acc@2 100.00 (100.00)
Epoch: [295][ 30/103]	Time  0.443 ( 0.452)	Data  0.000 ( 0.048)	Loss 2.2053e-02 (3.2236e-02)	Acc@1  98.83 ( 98.70)	Acc@2 100.00 (100.00)
Epoch: [295][ 40/103]	Time  0.437 ( 0.450)	Data  0.000 ( 0.043)	Loss 3.6116e-02 (3.0408e-02)	Acc@1  98.44 ( 98.80)	Acc@2 100.00 (100.00)
Epoch: [295][ 50/103]	Time  0.441 ( 0.449)	Data  0.000 ( 0.040)	Loss 2.2678e-02 (2.9682e-02)	Acc@1  99.22 ( 98.88)	Acc@2 100.00 (100.00)
Epoch: [295][ 60/103]	Time  0.461 ( 0.449)	Data  0.000 ( 0.038)	Loss 1.8377e-02 (2.9090e-02)	Acc@1  99.61 ( 98.89)	Acc@2 100.00 (100.00)
Epoch: [295][ 70/103]	Time  0.445 ( 0.449)	Data  0.000 ( 0.037)	Loss 2.5053e-02 (2.8445e-02)	Acc@1  98.83 ( 98.91)	Acc@2 100.00 (100.00)
Epoch: [295][ 80/103]	Time  0.440 ( 0.449)	Data  0.000 ( 0.036)	Loss 2.3976e-02 (2.9806e-02)	Acc@1  98.83 ( 98.82)	Acc@2 100.00 (100.00)
Epoch: [295][ 90/103]	Time  0.450 ( 0.450)	Data  0.000 ( 0.035)	Loss 1.4196e-02 (2.8774e-02)	Acc@1  99.22 ( 98.86)	Acc@2 100.00 (100.00)
Epoch: [295][100/103]	Time  0.449 ( 0.451)	Data  0.000 ( 0.035)	Loss 4.3914e-02 (2.8424e-02)	Acc@1  97.66 ( 98.87)	Acc@2 100.00 (100.00)
Test: [ 0/35]	Time  0.821 ( 0.821)	Loss 1.2836e-02 (1.2836e-02)	Acc@1  99.61 ( 99.61)	Acc@2 100.00 (100.00)
Test: [10/35]	Time  0.133 ( 0.204)	Loss 1.8332e-04 (1.9595e-02)	Acc@1 100.00 ( 99.57)	Acc@2 100.00 (100.00)
Test: [20/35]	Time  0.181 ( 0.184)	Loss 2.1274e-02 (2.2717e-02)	Acc@1  99.61 ( 99.55)	Acc@2 100.00 (100.00)
Test: [30/35]	Time  0.432 ( 0.183)	Loss 3.5775e-03 (1.8385e-02)	Acc@1  99.61 ( 99.58)	Acc@2 100.00 (100.00)
 * Acc@1 99.555 Acc@2 100.000
Epoch: [296][  0/103]	Time  0.880 ( 0.880)	Data  0.723 ( 0.723)	Loss 3.7338e-02 (3.7338e-02)	Acc@1  98.44 ( 98.44)	Acc@2 100.00 (100.00)
Epoch: [296][ 10/103]	Time  0.450 ( 0.481)	Data  0.000 ( 0.089)	Loss 3.8061e-02 (2.8829e-02)	Acc@1  98.44 ( 99.04)	Acc@2 100.00 (100.00)
Epoch: [296][ 20/103]	Time  0.446 ( 0.464)	Data  0.000 ( 0.059)	Loss 4.4490e-02 (2.9903e-02)	Acc@1  98.44 ( 98.96)	Acc@2 100.00 (100.00)
Epoch: [296][ 30/103]	Time  0.452 ( 0.457)	Data  0.000 ( 0.048)	Loss 1.5199e-02 (2.8168e-02)	Acc@1  99.61 ( 99.02)	Acc@2 100.00 (100.00)
Epoch: [296][ 40/103]	Time  0.447 ( 0.456)	Data  0.000 ( 0.043)	Loss 3.0384e-02 (2.7343e-02)	Acc@1  99.22 ( 99.02)	Acc@2 100.00 (100.00)
Epoch: [296][ 50/103]	Time  0.458 ( 0.454)	Data  0.000 ( 0.039)	Loss 4.6046e-02 (2.7469e-02)	Acc@1  98.05 ( 99.01)	Acc@2 100.00 (100.00)
Epoch: [296][ 60/103]	Time  0.446 ( 0.452)	Data  0.000 ( 0.037)	Loss 4.3744e-02 (2.7403e-02)	Acc@1  98.44 ( 98.99)	Acc@2 100.00 (100.00)
Epoch: [296][ 70/103]	Time  0.447 ( 0.451)	Data  0.000 ( 0.035)	Loss 1.6514e-02 (2.7655e-02)	Acc@1  99.22 ( 98.97)	Acc@2 100.00 (100.00)
Epoch: [296][ 80/103]	Time  0.447 ( 0.451)	Data  0.000 ( 0.034)	Loss 1.6704e-02 (2.7005e-02)	Acc@1 100.00 ( 99.02)	Acc@2 100.00 (100.00)
Epoch: [296][ 90/103]	Time  0.424 ( 0.451)	Data  0.000 ( 0.033)	Loss 3.3143e-02 (2.6980e-02)	Acc@1  98.44 ( 99.00)	Acc@2 100.00 (100.00)
Epoch: [296][100/103]	Time  0.450 ( 0.451)	Data  0.000 ( 0.033)	Loss 1.9964e-02 (2.7271e-02)	Acc@1  99.22 ( 98.98)	Acc@2 100.00 (100.00)
Test: [ 0/35]	Time  0.835 ( 0.835)	Loss 1.1602e-02 (1.1602e-02)	Acc@1  99.61 ( 99.61)	Acc@2 100.00 (100.00)
Test: [10/35]	Time  0.129 ( 0.205)	Loss 1.3929e-04 (1.8815e-02)	Acc@1 100.00 ( 99.57)	Acc@2 100.00 (100.00)
Test: [20/35]	Time  0.163 ( 0.183)	Loss 2.2709e-02 (2.2172e-02)	Acc@1  99.22 ( 99.53)	Acc@2 100.00 (100.00)
Test: [30/35]	Time  0.449 ( 0.181)	Loss 4.1962e-03 (1.8325e-02)	Acc@1  99.61 ( 99.56)	Acc@2 100.00 (100.00)
 * Acc@1 99.520 Acc@2 100.000
Epoch: [297][  0/103]	Time  0.829 ( 0.829)	Data  0.665 ( 0.665)	Loss 3.2859e-02 (3.2859e-02)	Acc@1  98.44 ( 98.44)	Acc@2 100.00 (100.00)
Epoch: [297][ 10/103]	Time  0.416 ( 0.452)	Data  0.000 ( 0.083)	Loss 3.2376e-02 (2.5379e-02)	Acc@1  98.83 ( 98.90)	Acc@2 100.00 (100.00)
Epoch: [297][ 20/103]	Time  0.418 ( 0.435)	Data  0.000 ( 0.056)	Loss 1.9167e-02 (2.3070e-02)	Acc@1  99.61 ( 99.05)	Acc@2 100.00 (100.00)
Epoch: [297][ 30/103]	Time  0.425 ( 0.429)	Data  0.000 ( 0.046)	Loss 2.3652e-02 (2.6537e-02)	Acc@1  98.83 ( 98.95)	Acc@2 100.00 (100.00)
Epoch: [297][ 40/103]	Time  0.423 ( 0.426)	Data  0.000 ( 0.041)	Loss 5.0666e-02 (2.7458e-02)	Acc@1  97.66 ( 98.91)	Acc@2 100.00 (100.00)
Epoch: [297][ 50/103]	Time  0.416 ( 0.424)	Data  0.000 ( 0.038)	Loss 1.1133e-02 (2.6486e-02)	Acc@1  99.61 ( 98.94)	Acc@2 100.00 (100.00)
Epoch: [297][ 60/103]	Time  0.415 ( 0.423)	Data  0.000 ( 0.036)	Loss 4.4994e-02 (2.6125e-02)	Acc@1  98.83 ( 98.96)	Acc@2 100.00 (100.00)
Epoch: [297][ 70/103]	Time  0.415 ( 0.422)	Data  0.000 ( 0.035)	Loss 3.0851e-02 (2.6426e-02)	Acc@1  98.83 ( 98.98)	Acc@2 100.00 (100.00)
Epoch: [297][ 80/103]	Time  0.410 ( 0.421)	Data  0.000 ( 0.033)	Loss 3.7015e-02 (2.6748e-02)	Acc@1  98.44 ( 98.96)	Acc@2 100.00 (100.00)
Epoch: [297][ 90/103]	Time  0.423 ( 0.421)	Data  0.000 ( 0.033)	Loss 1.1019e-02 (2.6408e-02)	Acc@1  99.61 ( 98.97)	Acc@2 100.00 (100.00)
Epoch: [297][100/103]	Time  0.411 ( 0.421)	Data  0.000 ( 0.032)	Loss 5.6322e-02 (2.6931e-02)	Acc@1  98.44 ( 98.96)	Acc@2 100.00 (100.00)
Test: [ 0/35]	Time  0.891 ( 0.891)	Loss 1.1372e-02 (1.1372e-02)	Acc@1  99.61 ( 99.61)	Acc@2 100.00 (100.00)
Test: [10/35]	Time  0.125 ( 0.212)	Loss 1.5950e-04 (1.9293e-02)	Acc@1 100.00 ( 99.57)	Acc@2 100.00 (100.00)
Test: [20/35]	Time  0.204 ( 0.193)	Loss 2.1691e-02 (2.2587e-02)	Acc@1  99.22 ( 99.53)	Acc@2 100.00 (100.00)
Test: [30/35]	Time  0.289 ( 0.182)	Loss 3.9276e-03 (1.8561e-02)	Acc@1  99.61 ( 99.57)	Acc@2 100.00 (100.00)
 * Acc@1 99.532 Acc@2 100.000
Epoch: [298][  0/103]	Time  0.854 ( 0.854)	Data  0.702 ( 0.702)	Loss 1.1094e-02 (1.1094e-02)	Acc@1 100.00 (100.00)	Acc@2 100.00 (100.00)
Epoch: [298][ 10/103]	Time  0.423 ( 0.467)	Data  0.000 ( 0.089)	Loss 3.4843e-02 (2.6745e-02)	Acc@1  98.83 ( 98.93)	Acc@2 100.00 (100.00)
Epoch: [298][ 20/103]	Time  0.431 ( 0.450)	Data  0.000 ( 0.059)	Loss 2.4830e-02 (2.6116e-02)	Acc@1  98.83 ( 98.90)	Acc@2 100.00 (100.00)
Epoch: [298][ 30/103]	Time  0.453 ( 0.447)	Data  0.000 ( 0.049)	Loss 3.1657e-02 (2.7022e-02)	Acc@1  98.05 ( 98.84)	Acc@2 100.00 (100.00)
Epoch: [298][ 40/103]	Time  0.448 ( 0.444)	Data  0.000 ( 0.044)	Loss 4.0364e-03 (2.6200e-02)	Acc@1 100.00 ( 98.94)	Acc@2 100.00 (100.00)
Epoch: [298][ 50/103]	Time  0.428 ( 0.443)	Data  0.000 ( 0.041)	Loss 3.0675e-02 (2.6595e-02)	Acc@1  98.44 ( 98.93)	Acc@2 100.00 (100.00)
Epoch: [298][ 60/103]	Time  0.432 ( 0.442)	Data  0.000 ( 0.039)	Loss 2.0276e-02 (2.5727e-02)	Acc@1  98.44 ( 98.95)	Acc@2 100.00 (100.00)
Epoch: [298][ 70/103]	Time  0.436 ( 0.442)	Data  0.000 ( 0.038)	Loss 4.5708e-02 (2.5412e-02)	Acc@1  98.05 ( 98.97)	Acc@2 100.00 (100.00)
Epoch: [298][ 80/103]	Time  0.438 ( 0.441)	Data  0.000 ( 0.036)	Loss 5.0011e-02 (2.6978e-02)	Acc@1  98.05 ( 98.91)	Acc@2 100.00 (100.00)
Epoch: [298][ 90/103]	Time  0.450 ( 0.441)	Data  0.000 ( 0.035)	Loss 3.3343e-02 (2.7473e-02)	Acc@1  98.83 ( 98.88)	Acc@2 100.00 (100.00)
Epoch: [298][100/103]	Time  0.440 ( 0.441)	Data  0.000 ( 0.035)	Loss 7.5864e-03 (2.7519e-02)	Acc@1  99.61 ( 98.91)	Acc@2 100.00 (100.00)
Test: [ 0/35]	Time  0.895 ( 0.895)	Loss 1.2540e-02 (1.2540e-02)	Acc@1  99.22 ( 99.22)	Acc@2 100.00 (100.00)
Test: [10/35]	Time  0.130 ( 0.226)	Loss 1.7986e-04 (1.9345e-02)	Acc@1 100.00 ( 99.54)	Acc@2 100.00 (100.00)
Test: [20/35]	Time  0.261 ( 0.193)	Loss 2.1540e-02 (2.2543e-02)	Acc@1  99.22 ( 99.52)	Acc@2 100.00 (100.00)
Test: [30/35]	Time  0.466 ( 0.192)	Loss 3.9518e-03 (1.8375e-02)	Acc@1  99.61 ( 99.56)	Acc@2 100.00 (100.00)
 * Acc@1 99.532 Acc@2 100.000
Epoch: [299][  0/103]	Time  0.943 ( 0.943)	Data  0.789 ( 0.789)	Loss 2.0781e-02 (2.0781e-02)	Acc@1  98.83 ( 98.83)	Acc@2 100.00 (100.00)
Epoch: [299][ 10/103]	Time  0.436 ( 0.484)	Data  0.000 ( 0.098)	Loss 3.4069e-02 (2.6609e-02)	Acc@1  98.83 ( 99.04)	Acc@2 100.00 (100.00)
Epoch: [299][ 20/103]	Time  0.442 ( 0.463)	Data  0.000 ( 0.065)	Loss 3.2255e-02 (2.8701e-02)	Acc@1  98.05 ( 98.79)	Acc@2 100.00 (100.00)
Epoch: [299][ 30/103]	Time  0.434 ( 0.454)	Data  0.000 ( 0.053)	Loss 2.4154e-02 (2.7656e-02)	Acc@1  99.22 ( 98.88)	Acc@2 100.00 (100.00)
Epoch: [299][ 40/103]	Time  0.434 ( 0.451)	Data  0.000 ( 0.047)	Loss 3.3460e-02 (2.8803e-02)	Acc@1  98.83 ( 98.84)	Acc@2 100.00 (100.00)
Epoch: [299][ 50/103]	Time  0.430 ( 0.448)	Data  0.000 ( 0.043)	Loss 9.3347e-03 (2.7824e-02)	Acc@1  99.61 ( 98.85)	Acc@2 100.00 (100.00)
Epoch: [299][ 60/103]	Time  0.490 ( 0.448)	Data  0.000 ( 0.041)	Loss 4.7224e-02 (2.8697e-02)	Acc@1  98.44 ( 98.82)	Acc@2 100.00 (100.00)
Epoch: [299][ 70/103]	Time  0.427 ( 0.445)	Data  0.000 ( 0.038)	Loss 3.4382e-02 (2.8870e-02)	Acc@1  98.05 ( 98.83)	Acc@2 100.00 (100.00)
Epoch: [299][ 80/103]	Time  0.411 ( 0.453)	Data  0.000 ( 0.052)	Loss 4.1591e-02 (2.7752e-02)	Acc@1  98.44 ( 98.89)	Acc@2 100.00 (100.00)
Epoch: [299][ 90/103]	Time  0.405 ( 0.478)	Data  0.004 ( 0.084)	Loss 1.7454e-02 (2.7359e-02)	Acc@1  99.61 ( 98.90)	Acc@2 100.00 (100.00)
Epoch: [299][100/103]	Time  0.457 ( 0.476)	Data  0.000 ( 0.080)	Loss 2.7225e-02 (2.7363e-02)	Acc@1  98.83 ( 98.92)	Acc@2 100.00 (100.00)
Test: [ 0/35]	Time  0.847 ( 0.847)	Loss 1.1324e-02 (1.1324e-02)	Acc@1  99.61 ( 99.61)	Acc@2 100.00 (100.00)
Test: [10/35]	Time  0.125 ( 0.215)	Loss 1.5461e-04 (1.8628e-02)	Acc@1 100.00 ( 99.57)	Acc@2 100.00 (100.00)
Test: [20/35]	Time  0.156 ( 0.185)	Loss 2.1947e-02 (2.2030e-02)	Acc@1  99.22 ( 99.53)	Acc@2 100.00 (100.00)
Test: [30/35]	Time  0.406 ( 0.182)	Loss 3.7973e-03 (1.8224e-02)	Acc@1  99.61 ( 99.57)	Acc@2 100.00 (100.00)
 * Acc@1 99.543 Acc@2 100.000
