=> creating model 'resnet18'
Epoch: [0][  0/115]	Time  2.206 ( 2.206)	Data  0.202 ( 0.202)	Loss 7.1144e+00 (7.1144e+00)	Acc@1   0.00 (  0.00)	Acc@5   0.00 (  0.00)
Epoch: [0][ 10/115]	Time  0.130 ( 0.309)	Data  0.000 ( 0.019)	Loss 1.4304e+00 (4.6191e+00)	Acc@1  59.38 ( 38.64)	Acc@5 100.00 ( 64.06)
Epoch: [0][ 20/115]	Time  0.126 ( 0.223)	Data  0.000 ( 0.013)	Loss 5.1363e-01 (2.7259e+00)	Acc@1  73.44 ( 53.65)	Acc@5 100.00 ( 81.18)
Epoch: [0][ 30/115]	Time  0.128 ( 0.192)	Data  0.000 ( 0.011)	Loss 4.0627e-01 (1.9594e+00)	Acc@1  81.25 ( 63.21)	Acc@5 100.00 ( 87.25)
Epoch: [0][ 40/115]	Time  0.127 ( 0.176)	Data  0.000 ( 0.010)	Loss 3.5610e-01 (1.5684e+00)	Acc@1  85.94 ( 69.02)	Acc@5 100.00 ( 90.36)
Epoch: [0][ 50/115]	Time  0.127 ( 0.166)	Data  0.000 ( 0.010)	Loss 3.3872e-01 (1.3343e+00)	Acc@1  87.50 ( 72.06)	Acc@5 100.00 ( 92.25)
Epoch: [0][ 60/115]	Time  0.125 ( 0.160)	Data  0.000 ( 0.009)	Loss 3.1997e-01 (1.1706e+00)	Acc@1  87.50 ( 74.46)	Acc@5 100.00 ( 93.52)
Epoch: [0][ 70/115]	Time  0.126 ( 0.155)	Data  0.000 ( 0.009)	Loss 2.6997e-01 (1.0501e+00)	Acc@1  92.19 ( 76.50)	Acc@5 100.00 ( 94.43)
Epoch: [0][ 80/115]	Time  0.124 ( 0.152)	Data  0.000 ( 0.009)	Loss 1.9856e-01 (9.5702e-01)	Acc@1  93.75 ( 78.03)	Acc@5 100.00 ( 95.12)
Epoch: [0][ 90/115]	Time  0.129 ( 0.149)	Data  0.000 ( 0.008)	Loss 2.3783e-01 (8.8767e-01)	Acc@1  92.19 ( 79.00)	Acc@5 100.00 ( 95.66)
Epoch: [0][100/115]	Time  0.129 ( 0.147)	Data  0.000 ( 0.008)	Loss 2.6838e-01 (8.2759e-01)	Acc@1  84.38 ( 80.00)	Acc@5 100.00 ( 96.09)
Epoch: [0][110/115]	Time  0.127 ( 0.145)	Data  0.000 ( 0.008)	Loss 2.0050e-01 (7.8011e-01)	Acc@1  92.19 ( 80.74)	Acc@5 100.00 ( 96.44)
Test: [ 0/50]	Time  0.254 ( 0.254)	Loss 9.7430e-02 (9.7430e-02)	Acc@1  98.44 ( 98.44)	Acc@5 100.00 (100.00)
Test: [10/50]	Time  0.037 ( 0.057)	Loss 1.2098e-01 (1.2258e-01)	Acc@1  95.31 ( 95.60)	Acc@5 100.00 (100.00)
Test: [20/50]	Time  0.037 ( 0.047)	Loss 4.2188e-02 (1.1339e-01)	Acc@1 100.00 ( 95.76)	Acc@5 100.00 (100.00)
Test: [30/50]	Time  0.037 ( 0.044)	Loss 3.4607e-01 (1.4943e-01)	Acc@1  87.50 ( 94.25)	Acc@5 100.00 (100.00)
Test: [40/50]	Time  0.037 ( 0.042)	Loss 3.7104e-01 (2.3315e-01)	Acc@1  90.62 ( 90.82)	Acc@5 100.00 (100.00)
 * Acc@1 89.502 Acc@5 100.000
Epoch: [1][  0/115]	Time  0.257 ( 0.257)	Data  0.204 ( 0.204)	Loss 3.5779e-01 (3.5779e-01)	Acc@1  85.94 ( 85.94)	Acc@5 100.00 (100.00)
Epoch: [1][ 10/115]	Time  0.125 ( 0.138)	Data  0.000 ( 0.025)	Loss 2.3300e-01 (2.6870e-01)	Acc@1  89.06 ( 89.63)	Acc@5 100.00 (100.00)
Epoch: [1][ 20/115]	Time  0.131 ( 0.132)	Data  0.000 ( 0.016)	Loss 1.4951e-01 (2.6150e-01)	Acc@1  95.31 ( 89.58)	Acc@5 100.00 (100.00)
Epoch: [1][ 30/115]	Time  0.126 ( 0.130)	Data  0.000 ( 0.013)	Loss 1.2633e-01 (2.4623e-01)	Acc@1  96.88 ( 90.17)	Acc@5 100.00 (100.00)
Epoch: [1][ 40/115]	Time  0.126 ( 0.129)	Data  0.000 ( 0.012)	Loss 2.8743e-01 (2.4422e-01)	Acc@1  89.06 ( 90.43)	Acc@5 100.00 (100.00)
Epoch: [1][ 50/115]	Time  0.124 ( 0.129)	Data  0.000 ( 0.011)	Loss 1.3773e-01 (2.4150e-01)	Acc@1  96.88 ( 90.41)	Acc@5 100.00 (100.00)
Epoch: [1][ 60/115]	Time  0.130 ( 0.129)	Data  0.000 ( 0.010)	Loss 2.8551e-01 (2.4339e-01)	Acc@1  85.94 ( 90.27)	Acc@5 100.00 (100.00)
Epoch: [1][ 70/115]	Time  0.128 ( 0.128)	Data  0.000 ( 0.010)	Loss 2.5900e-01 (2.4542e-01)	Acc@1  90.62 ( 90.07)	Acc@5 100.00 (100.00)
Epoch: [1][ 80/115]	Time  0.128 ( 0.128)	Data  0.000 ( 0.009)	Loss 2.9825e-01 (2.4214e-01)	Acc@1  87.50 ( 90.35)	Acc@5 100.00 (100.00)
Epoch: [1][ 90/115]	Time  0.124 ( 0.128)	Data  0.000 ( 0.009)	Loss 1.6086e-01 (2.4189e-01)	Acc@1  95.31 ( 90.37)	Acc@5 100.00 (100.00)
Epoch: [1][100/115]	Time  0.129 ( 0.128)	Data  0.000 ( 0.009)	Loss 1.7371e-01 (2.3764e-01)	Acc@1  92.19 ( 90.50)	Acc@5 100.00 (100.00)
Epoch: [1][110/115]	Time  0.127 ( 0.128)	Data  0.000 ( 0.009)	Loss 1.4363e-01 (2.3990e-01)	Acc@1  92.19 ( 90.39)	Acc@5 100.00 (100.00)
Test: [ 0/50]	Time  0.260 ( 0.260)	Loss 1.8841e-01 (1.8841e-01)	Acc@1  95.31 ( 95.31)	Acc@5 100.00 (100.00)
Test: [10/50]	Time  0.037 ( 0.056)	Loss 1.5118e-01 (2.2614e-01)	Acc@1  95.31 ( 90.77)	Acc@5 100.00 (100.00)
Test: [20/50]	Time  0.057 ( 0.048)	Loss 1.0790e-01 (2.1463e-01)	Acc@1  98.44 ( 91.07)	Acc@5 100.00 (100.00)
Test: [30/50]	Time  0.036 ( 0.045)	Loss 8.7012e-02 (1.9051e-01)	Acc@1 100.00 ( 92.34)	Acc@5 100.00 (100.00)
Test: [40/50]	Time  0.037 ( 0.043)	Loss 1.1160e-01 (1.7553e-01)	Acc@1  96.88 ( 93.33)	Acc@5 100.00 (100.00)
 * Acc@1 94.037 Acc@5 100.000
Epoch: [2][  0/115]	Time  0.282 ( 0.282)	Data  0.215 ( 0.215)	Loss 2.4950e-01 (2.4950e-01)	Acc@1  89.06 ( 89.06)	Acc@5 100.00 (100.00)
Epoch: [2][ 10/115]	Time  0.127 ( 0.148)	Data  0.000 ( 0.028)	Loss 2.0136e-01 (2.1472e-01)	Acc@1  89.06 ( 91.48)	Acc@5 100.00 (100.00)
Epoch: [2][ 20/115]	Time  0.125 ( 0.138)	Data  0.000 ( 0.018)	Loss 1.5368e-01 (2.3570e-01)	Acc@1  96.88 ( 90.77)	Acc@5 100.00 (100.00)
Epoch: [2][ 30/115]	Time  0.128 ( 0.135)	Data  0.000 ( 0.015)	Loss 2.5335e-01 (2.2944e-01)	Acc@1  90.62 ( 90.93)	Acc@5 100.00 (100.00)
Epoch: [2][ 40/115]	Time  0.126 ( 0.133)	Data  0.000 ( 0.013)	Loss 2.3392e-01 (2.2259e-01)	Acc@1  93.75 ( 91.23)	Acc@5 100.00 (100.00)
Epoch: [2][ 50/115]	Time  0.120 ( 0.132)	Data  0.000 ( 0.012)	Loss 1.3303e-01 (2.2103e-01)	Acc@1  96.88 ( 91.08)	Acc@5 100.00 (100.00)
Epoch: [2][ 60/115]	Time  0.125 ( 0.131)	Data  0.000 ( 0.011)	Loss 2.7114e-01 (2.2478e-01)	Acc@1  85.94 ( 90.93)	Acc@5 100.00 (100.00)
Epoch: [2][ 70/115]	Time  0.129 ( 0.130)	Data  0.000 ( 0.010)	Loss 2.2894e-01 (2.2351e-01)	Acc@1  85.94 ( 90.98)	Acc@5 100.00 (100.00)
Epoch: [2][ 80/115]	Time  0.126 ( 0.130)	Data  0.000 ( 0.010)	Loss 1.9631e-01 (2.1811e-01)	Acc@1  89.06 ( 91.26)	Acc@5 100.00 (100.00)
Epoch: [2][ 90/115]	Time  0.122 ( 0.130)	Data  0.000 ( 0.010)	Loss 1.7700e-01 (2.1974e-01)	Acc@1  95.31 ( 91.29)	Acc@5 100.00 (100.00)
Epoch: [2][100/115]	Time  0.127 ( 0.130)	Data  0.000 ( 0.009)	Loss 2.1750e-01 (2.2035e-01)	Acc@1  95.31 ( 91.27)	Acc@5 100.00 (100.00)
Epoch: [2][110/115]	Time  0.130 ( 0.130)	Data  0.000 ( 0.009)	Loss 1.7150e-01 (2.2040e-01)	Acc@1  93.75 ( 91.29)	Acc@5 100.00 (100.00)
Test: [ 0/50]	Time  0.256 ( 0.256)	Loss 1.6775e-01 (1.6775e-01)	Acc@1  92.19 ( 92.19)	Acc@5 100.00 (100.00)
Test: [10/50]	Time  0.037 ( 0.056)	Loss 1.4352e-01 (1.5358e-01)	Acc@1  93.75 ( 93.32)	Acc@5 100.00 (100.00)
Test: [20/50]	Time  0.038 ( 0.047)	Loss 1.0995e-01 (1.4857e-01)	Acc@1  96.88 ( 94.05)	Acc@5 100.00 (100.00)
Test: [30/50]	Time  0.038 ( 0.044)	Loss 1.4878e-01 (1.4710e-01)	Acc@1  95.31 ( 94.46)	Acc@5 100.00 (100.00)
Test: [40/50]	Time  0.037 ( 0.043)	Loss 2.4104e-01 (1.6649e-01)	Acc@1  90.62 ( 93.98)	Acc@5 100.00 (100.00)
 * Acc@1 93.974 Acc@5 100.000
Epoch: [3][  0/115]	Time  0.249 ( 0.249)	Data  0.195 ( 0.195)	Loss 1.5915e-01 (1.5915e-01)	Acc@1  93.75 ( 93.75)	Acc@5 100.00 (100.00)
Epoch: [3][ 10/115]	Time  0.129 ( 0.139)	Data  0.000 ( 0.024)	Loss 2.0581e-01 (1.8651e-01)	Acc@1  90.62 ( 93.04)	Acc@5 100.00 (100.00)
Epoch: [3][ 20/115]	Time  0.129 ( 0.134)	Data  0.000 ( 0.016)	Loss 1.5543e-01 (2.0054e-01)	Acc@1  95.31 ( 92.49)	Acc@5 100.00 (100.00)
Epoch: [3][ 30/115]	Time  0.126 ( 0.132)	Data  0.000 ( 0.013)	Loss 1.2031e-01 (1.9360e-01)	Acc@1  95.31 ( 92.59)	Acc@5 100.00 (100.00)
Epoch: [3][ 40/115]	Time  0.128 ( 0.131)	Data  0.000 ( 0.012)	Loss 2.9199e-01 (1.9732e-01)	Acc@1  87.50 ( 92.42)	Acc@5 100.00 (100.00)
Epoch: [3][ 50/115]	Time  0.128 ( 0.131)	Data  0.000 ( 0.011)	Loss 2.1674e-01 (1.9852e-01)	Acc@1  92.19 ( 92.49)	Acc@5 100.00 (100.00)
Epoch: [3][ 60/115]	Time  0.124 ( 0.130)	Data  0.000 ( 0.010)	Loss 3.1031e-01 (1.9977e-01)	Acc@1  89.06 ( 92.34)	Acc@5 100.00 (100.00)
Epoch: [3][ 70/115]	Time  0.128 ( 0.130)	Data  0.000 ( 0.010)	Loss 1.1738e-01 (1.9751e-01)	Acc@1  95.31 ( 92.45)	Acc@5 100.00 (100.00)
Epoch: [3][ 80/115]	Time  0.131 ( 0.130)	Data  0.000 ( 0.010)	Loss 2.2212e-01 (1.9559e-01)	Acc@1  90.62 ( 92.50)	Acc@5 100.00 (100.00)
Epoch: [3][ 90/115]	Time  0.127 ( 0.130)	Data  0.000 ( 0.009)	Loss 2.6664e-01 (1.9602e-01)	Acc@1  90.62 ( 92.46)	Acc@5 100.00 (100.00)
Epoch: [3][100/115]	Time  0.132 ( 0.130)	Data  0.000 ( 0.009)	Loss 1.9375e-01 (1.9782e-01)	Acc@1  90.62 ( 92.36)	Acc@5 100.00 (100.00)
Epoch: [3][110/115]	Time  0.127 ( 0.130)	Data  0.000 ( 0.009)	Loss 1.7591e-01 (1.9561e-01)	Acc@1  93.75 ( 92.51)	Acc@5 100.00 (100.00)
Test: [ 0/50]	Time  0.266 ( 0.266)	Loss 1.9188e-01 (1.9188e-01)	Acc@1  92.19 ( 92.19)	Acc@5 100.00 (100.00)
Test: [10/50]	Time  0.037 ( 0.057)	Loss 2.1554e-01 (2.3265e-01)	Acc@1  90.62 ( 89.63)	Acc@5 100.00 (100.00)
Test: [20/50]	Time  0.038 ( 0.048)	Loss 1.1584e-01 (2.2411e-01)	Acc@1  95.31 ( 90.18)	Acc@5 100.00 (100.00)
Test: [30/50]	Time  0.038 ( 0.045)	Loss 3.1398e-02 (1.9585e-01)	Acc@1 100.00 ( 91.48)	Acc@5 100.00 (100.00)
Test: [40/50]	Time  0.037 ( 0.043)	Loss 3.9690e-02 (1.6572e-01)	Acc@1 100.00 ( 93.18)	Acc@5 100.00 (100.00)
 * Acc@1 94.196 Acc@5 100.000
Epoch: [4][  0/115]	Time  0.259 ( 0.259)	Data  0.204 ( 0.204)	Loss 2.8036e-01 (2.8036e-01)	Acc@1  89.06 ( 89.06)	Acc@5 100.00 (100.00)
Epoch: [4][ 10/115]	Time  0.134 ( 0.141)	Data  0.000 ( 0.025)	Loss 1.0460e-01 (2.0534e-01)	Acc@1  93.75 ( 92.61)	Acc@5 100.00 (100.00)
Epoch: [4][ 20/115]	Time  0.130 ( 0.135)	Data  0.000 ( 0.016)	Loss 2.2134e-01 (1.9514e-01)	Acc@1  92.19 ( 92.63)	Acc@5 100.00 (100.00)
Epoch: [4][ 30/115]	Time  0.135 ( 0.133)	Data  0.000 ( 0.013)	Loss 3.4434e-01 (1.9528e-01)	Acc@1  87.50 ( 92.54)	Acc@5 100.00 (100.00)
Epoch: [4][ 40/115]	Time  0.123 ( 0.132)	Data  0.000 ( 0.012)	Loss 2.3357e-01 (1.9185e-01)	Acc@1  85.94 ( 92.42)	Acc@5 100.00 (100.00)
Epoch: [4][ 50/115]	Time  0.126 ( 0.131)	Data  0.000 ( 0.011)	Loss 1.7981e-01 (1.8954e-01)	Acc@1  90.62 ( 92.49)	Acc@5 100.00 (100.00)
Epoch: [4][ 60/115]	Time  0.128 ( 0.131)	Data  0.000 ( 0.010)	Loss 1.2805e-01 (1.8559e-01)	Acc@1  96.88 ( 92.75)	Acc@5 100.00 (100.00)
Epoch: [4][ 70/115]	Time  0.126 ( 0.131)	Data  0.000 ( 0.010)	Loss 1.9223e-01 (1.8376e-01)	Acc@1  92.19 ( 92.85)	Acc@5 100.00 (100.00)
Epoch: [4][ 80/115]	Time  0.127 ( 0.130)	Data  0.000 ( 0.009)	Loss 1.5082e-01 (1.8766e-01)	Acc@1  93.75 ( 92.80)	Acc@5 100.00 (100.00)
Epoch: [4][ 90/115]	Time  0.132 ( 0.130)	Data  0.000 ( 0.009)	Loss 1.2243e-01 (1.8913e-01)	Acc@1  95.31 ( 92.79)	Acc@5 100.00 (100.00)
Epoch: [4][100/115]	Time  0.128 ( 0.130)	Data  0.000 ( 0.009)	Loss 4.6678e-02 (1.8855e-01)	Acc@1 100.00 ( 92.91)	Acc@5 100.00 (100.00)
Epoch: [4][110/115]	Time  0.129 ( 0.130)	Data  0.000 ( 0.009)	Loss 1.8337e-01 (1.8466e-01)	Acc@1  92.19 ( 93.07)	Acc@5 100.00 (100.00)
Test: [ 0/50]	Time  0.258 ( 0.258)	Loss 7.6490e-02 (7.6490e-02)	Acc@1  96.88 ( 96.88)	Acc@5 100.00 (100.00)
Test: [10/50]	Time  0.036 ( 0.057)	Loss 6.3469e-02 (8.0317e-02)	Acc@1  98.44 ( 97.02)	Acc@5 100.00 (100.00)
Test: [20/50]	Time  0.046 ( 0.048)	Loss 2.1326e-02 (7.1523e-02)	Acc@1 100.00 ( 97.17)	Acc@5 100.00 (100.00)
Test: [30/50]	Time  0.037 ( 0.045)	Loss 5.5523e-02 (7.3256e-02)	Acc@1 100.00 ( 97.28)	Acc@5 100.00 (100.00)
Test: [40/50]	Time  0.038 ( 0.043)	Loss 8.9588e-02 (9.3750e-02)	Acc@1  98.44 ( 96.68)	Acc@5 100.00 (100.00)
 * Acc@1 96.543 Acc@5 100.000
Epoch: [5][  0/115]	Time  0.246 ( 0.246)	Data  0.192 ( 0.192)	Loss 9.9291e-02 (9.9291e-02)	Acc@1  96.88 ( 96.88)	Acc@5 100.00 (100.00)
Epoch: [5][ 10/115]	Time  0.119 ( 0.139)	Data  0.000 ( 0.024)	Loss 1.5479e-01 (1.5191e-01)	Acc@1  93.75 ( 94.74)	Acc@5 100.00 (100.00)
Epoch: [5][ 20/115]	Time  0.131 ( 0.134)	Data  0.000 ( 0.016)	Loss 1.5761e-01 (1.7369e-01)	Acc@1  90.62 ( 93.38)	Acc@5 100.00 (100.00)
Epoch: [5][ 30/115]	Time  0.129 ( 0.132)	Data  0.000 ( 0.013)	Loss 1.4456e-01 (1.6617e-01)	Acc@1  93.75 ( 93.75)	Acc@5 100.00 (100.00)
Epoch: [5][ 40/115]	Time  0.133 ( 0.132)	Data  0.000 ( 0.012)	Loss 2.7672e-01 (1.7134e-01)	Acc@1  84.38 ( 93.25)	Acc@5 100.00 (100.00)
Epoch: [5][ 50/115]	Time  0.126 ( 0.131)	Data  0.000 ( 0.011)	Loss 1.2492e-01 (1.7523e-01)	Acc@1  93.75 ( 93.11)	Acc@5 100.00 (100.00)
Epoch: [5][ 60/115]	Time  0.130 ( 0.131)	Data  0.000 ( 0.010)	Loss 1.0081e-01 (1.7020e-01)	Acc@1  96.88 ( 93.42)	Acc@5 100.00 (100.00)
Epoch: [5][ 70/115]	Time  0.129 ( 0.130)	Data  0.000 ( 0.010)	Loss 1.4188e-01 (1.7299e-01)	Acc@1  89.06 ( 93.16)	Acc@5 100.00 (100.00)
Epoch: [5][ 80/115]	Time  0.128 ( 0.130)	Data  0.000 ( 0.009)	Loss 1.4476e-01 (1.7108e-01)	Acc@1  93.75 ( 93.19)	Acc@5 100.00 (100.00)
Epoch: [5][ 90/115]	Time  0.125 ( 0.130)	Data  0.000 ( 0.009)	Loss 9.0480e-02 (1.7272e-01)	Acc@1  95.31 ( 93.20)	Acc@5 100.00 (100.00)
Epoch: [5][100/115]	Time  0.132 ( 0.130)	Data  0.000 ( 0.009)	Loss 1.6525e-01 (1.7293e-01)	Acc@1  95.31 ( 93.24)	Acc@5 100.00 (100.00)
Epoch: [5][110/115]	Time  0.131 ( 0.130)	Data  0.000 ( 0.009)	Loss 4.7880e-02 (1.7164e-01)	Acc@1  98.44 ( 93.31)	Acc@5 100.00 (100.00)
Test: [ 0/50]	Time  0.264 ( 0.264)	Loss 1.5367e-01 (1.5367e-01)	Acc@1  92.19 ( 92.19)	Acc@5 100.00 (100.00)
Test: [10/50]	Time  0.037 ( 0.057)	Loss 1.2533e-01 (1.4624e-01)	Acc@1  96.88 ( 93.04)	Acc@5 100.00 (100.00)
Test: [20/50]	Time  0.038 ( 0.048)	Loss 5.9522e-02 (1.3116e-01)	Acc@1  96.88 ( 94.20)	Acc@5 100.00 (100.00)
Test: [30/50]	Time  0.037 ( 0.045)	Loss 2.7762e-02 (1.1828e-01)	Acc@1 100.00 ( 94.86)	Acc@5 100.00 (100.00)
Test: [40/50]	Time  0.038 ( 0.043)	Loss 5.2819e-02 (1.1453e-01)	Acc@1  96.88 ( 95.20)	Acc@5 100.00 (100.00)
 * Acc@1 95.623 Acc@5 100.000
Epoch: [6][  0/115]	Time  0.273 ( 0.273)	Data  0.215 ( 0.215)	Loss 1.6726e-01 (1.6726e-01)	Acc@1  92.19 ( 92.19)	Acc@5 100.00 (100.00)
Epoch: [6][ 10/115]	Time  0.130 ( 0.142)	Data  0.000 ( 0.026)	Loss 1.7859e-01 (1.8294e-01)	Acc@1  93.75 ( 92.90)	Acc@5 100.00 (100.00)
Epoch: [6][ 20/115]	Time  0.127 ( 0.135)	Data  0.000 ( 0.017)	Loss 2.2684e-01 (1.8403e-01)	Acc@1  87.50 ( 92.78)	Acc@5 100.00 (100.00)
Epoch: [6][ 30/115]	Time  0.129 ( 0.133)	Data  0.000 ( 0.014)	Loss 2.4243e-01 (1.7714e-01)	Acc@1  87.50 ( 93.04)	Acc@5 100.00 (100.00)
Epoch: [6][ 40/115]	Time  0.130 ( 0.132)	Data  0.000 ( 0.012)	Loss 1.8623e-01 (1.7219e-01)	Acc@1  95.31 ( 93.56)	Acc@5 100.00 (100.00)
Epoch: [6][ 50/115]	Time  0.135 ( 0.132)	Data  0.000 ( 0.011)	Loss 2.4533e-01 (1.7123e-01)	Acc@1  92.19 ( 93.60)	Acc@5 100.00 (100.00)
Epoch: [6][ 60/115]	Time  0.129 ( 0.131)	Data  0.000 ( 0.010)	Loss 2.0736e-01 (1.6963e-01)	Acc@1  90.62 ( 93.52)	Acc@5 100.00 (100.00)
Epoch: [6][ 70/115]	Time  0.129 ( 0.130)	Data  0.000 ( 0.010)	Loss 7.8738e-02 (1.6959e-01)	Acc@1  98.44 ( 93.62)	Acc@5 100.00 (100.00)
Epoch: [6][ 80/115]	Time  0.129 ( 0.130)	Data  0.000 ( 0.010)	Loss 2.1120e-01 (1.6744e-01)	Acc@1  89.06 ( 93.63)	Acc@5 100.00 (100.00)
Epoch: [6][ 90/115]	Time  0.130 ( 0.130)	Data  0.000 ( 0.009)	Loss 3.0027e-01 (1.7251e-01)	Acc@1  90.62 ( 93.46)	Acc@5 100.00 (100.00)
Epoch: [6][100/115]	Time  0.124 ( 0.129)	Data  0.000 ( 0.009)	Loss 1.0076e-01 (1.7343e-01)	Acc@1  98.44 ( 93.47)	Acc@5 100.00 (100.00)
Epoch: [6][110/115]	Time  0.130 ( 0.129)	Data  0.000 ( 0.009)	Loss 2.6618e-01 (1.7549e-01)	Acc@1  90.62 ( 93.40)	Acc@5 100.00 (100.00)
Test: [ 0/50]	Time  0.258 ( 0.258)	Loss 5.3475e-02 (5.3475e-02)	Acc@1  96.88 ( 96.88)	Acc@5 100.00 (100.00)
Test: [10/50]	Time  0.037 ( 0.056)	Loss 7.0004e-02 (9.1152e-02)	Acc@1  98.44 ( 96.16)	Acc@5 100.00 (100.00)
Test: [20/50]	Time  0.038 ( 0.047)	Loss 2.9220e-02 (8.0730e-02)	Acc@1  98.44 ( 96.65)	Acc@5 100.00 (100.00)
Test: [30/50]	Time  0.038 ( 0.044)	Loss 7.0880e-02 (8.0440e-02)	Acc@1  98.44 ( 96.88)	Acc@5 100.00 (100.00)
Test: [40/50]	Time  0.037 ( 0.043)	Loss 8.3646e-02 (8.9811e-02)	Acc@1  96.88 ( 96.80)	Acc@5 100.00 (100.00)
 * Acc@1 96.828 Acc@5 100.000
Epoch: [7][  0/115]	Time  0.292 ( 0.292)	Data  0.221 ( 0.221)	Loss 1.2382e-01 (1.2382e-01)	Acc@1  96.88 ( 96.88)	Acc@5 100.00 (100.00)
Epoch: [7][ 10/115]	Time  0.129 ( 0.149)	Data  0.000 ( 0.029)	Loss 1.6570e-01 (1.9074e-01)	Acc@1  93.75 ( 92.47)	Acc@5 100.00 (100.00)
Epoch: [7][ 20/115]	Time  0.126 ( 0.138)	Data  0.000 ( 0.018)	Loss 1.7023e-01 (1.8156e-01)	Acc@1  92.19 ( 93.01)	Acc@5 100.00 (100.00)
Epoch: [7][ 30/115]	Time  0.125 ( 0.135)	Data  0.000 ( 0.015)	Loss 1.8384e-01 (1.6769e-01)	Acc@1  93.75 ( 93.65)	Acc@5 100.00 (100.00)
Epoch: [7][ 40/115]	Time  0.137 ( 0.133)	Data  0.000 ( 0.013)	Loss 1.3307e-01 (1.6130e-01)	Acc@1  92.19 ( 93.67)	Acc@5 100.00 (100.00)
Epoch: [7][ 50/115]	Time  0.128 ( 0.132)	Data  0.000 ( 0.012)	Loss 1.5593e-01 (1.6022e-01)	Acc@1  92.19 ( 93.84)	Acc@5 100.00 (100.00)
Epoch: [7][ 60/115]	Time  0.131 ( 0.131)	Data  0.000 ( 0.011)	Loss 1.6083e-01 (1.5858e-01)	Acc@1  95.31 ( 93.78)	Acc@5 100.00 (100.00)
Epoch: [7][ 70/115]	Time  0.122 ( 0.131)	Data  0.000 ( 0.010)	Loss 1.4758e-01 (1.6061e-01)	Acc@1  92.19 ( 93.60)	Acc@5 100.00 (100.00)
Epoch: [7][ 80/115]	Time  0.124 ( 0.131)	Data  0.000 ( 0.010)	Loss 1.1548e-01 (1.6342e-01)	Acc@1  96.88 ( 93.58)	Acc@5 100.00 (100.00)
Epoch: [7][ 90/115]	Time  0.128 ( 0.130)	Data  0.000 ( 0.010)	Loss 1.2989e-01 (1.6664e-01)	Acc@1  93.75 ( 93.42)	Acc@5 100.00 (100.00)
Epoch: [7][100/115]	Time  0.124 ( 0.130)	Data  0.000 ( 0.009)	Loss 1.5442e-01 (1.6979e-01)	Acc@1  93.75 ( 93.22)	Acc@5 100.00 (100.00)
Epoch: [7][110/115]	Time  0.125 ( 0.130)	Data  0.000 ( 0.009)	Loss 8.3452e-02 (1.6732e-01)	Acc@1  96.88 ( 93.40)	Acc@5 100.00 (100.00)
Test: [ 0/50]	Time  0.256 ( 0.256)	Loss 5.2473e-02 (5.2473e-02)	Acc@1  96.88 ( 96.88)	Acc@5 100.00 (100.00)
Test: [10/50]	Time  0.038 ( 0.056)	Loss 6.8273e-02 (6.2337e-02)	Acc@1  98.44 ( 97.73)	Acc@5 100.00 (100.00)
Test: [20/50]	Time  0.038 ( 0.048)	Loss 6.4320e-03 (5.3619e-02)	Acc@1 100.00 ( 97.92)	Acc@5 100.00 (100.00)
Test: [30/50]	Time  0.037 ( 0.044)	Loss 6.8568e-02 (5.8895e-02)	Acc@1 100.00 ( 97.78)	Acc@5 100.00 (100.00)
Test: [40/50]	Time  0.038 ( 0.043)	Loss 1.3998e-01 (9.3991e-02)	Acc@1  93.75 ( 96.34)	Acc@5 100.00 (100.00)
 * Acc@1 95.909 Acc@5 100.000
Epoch: [8][  0/115]	Time  0.259 ( 0.259)	Data  0.204 ( 0.204)	Loss 8.4201e-02 (8.4201e-02)	Acc@1  95.31 ( 95.31)	Acc@5 100.00 (100.00)
Epoch: [8][ 10/115]	Time  0.134 ( 0.140)	Data  0.000 ( 0.025)	Loss 6.9358e-02 (1.4524e-01)	Acc@1  96.88 ( 94.89)	Acc@5 100.00 (100.00)
Epoch: [8][ 20/115]	Time  0.130 ( 0.135)	Data  0.000 ( 0.017)	Loss 3.0656e-01 (1.4645e-01)	Acc@1  87.50 ( 94.57)	Acc@5 100.00 (100.00)
Epoch: [8][ 30/115]	Time  0.137 ( 0.133)	Data  0.000 ( 0.013)	Loss 1.1560e-01 (1.5125e-01)	Acc@1  95.31 ( 94.15)	Acc@5 100.00 (100.00)
Epoch: [8][ 40/115]	Time  0.129 ( 0.132)	Data  0.000 ( 0.012)	Loss 5.6721e-02 (1.5001e-01)	Acc@1 100.00 ( 94.25)	Acc@5 100.00 (100.00)
Epoch: [8][ 50/115]	Time  0.138 ( 0.131)	Data  0.000 ( 0.011)	Loss 1.7066e-01 (1.4187e-01)	Acc@1  95.31 ( 94.64)	Acc@5 100.00 (100.00)
Epoch: [8][ 60/115]	Time  0.129 ( 0.131)	Data  0.000 ( 0.010)	Loss 1.4008e-01 (1.4619e-01)	Acc@1  90.62 ( 94.34)	Acc@5 100.00 (100.00)
Epoch: [8][ 70/115]	Time  0.130 ( 0.131)	Data  0.000 ( 0.010)	Loss 5.9109e-02 (1.4800e-01)	Acc@1  96.88 ( 94.21)	Acc@5 100.00 (100.00)
Epoch: [8][ 80/115]	Time  0.129 ( 0.130)	Data  0.000 ( 0.009)	Loss 8.6615e-02 (1.5376e-01)	Acc@1  96.88 ( 94.06)	Acc@5 100.00 (100.00)
Epoch: [8][ 90/115]	Time  0.128 ( 0.130)	Data  0.000 ( 0.009)	Loss 2.2097e-01 (1.5688e-01)	Acc@1  92.19 ( 93.87)	Acc@5 100.00 (100.00)
Epoch: [8][100/115]	Time  0.129 ( 0.130)	Data  0.000 ( 0.009)	Loss 1.8096e-01 (1.5832e-01)	Acc@1  92.19 ( 93.90)	Acc@5 100.00 (100.00)
Epoch: [8][110/115]	Time  0.130 ( 0.130)	Data  0.000 ( 0.009)	Loss 8.7999e-02 (1.5875e-01)	Acc@1  98.44 ( 93.83)	Acc@5 100.00 (100.00)
Test: [ 0/50]	Time  0.264 ( 0.264)	Loss 2.8715e-01 (2.8715e-01)	Acc@1  89.06 ( 89.06)	Acc@5 100.00 (100.00)
Test: [10/50]	Time  0.037 ( 0.057)	Loss 1.7510e-01 (2.0391e-01)	Acc@1  92.19 ( 90.77)	Acc@5 100.00 (100.00)
Test: [20/50]	Time  0.038 ( 0.048)	Loss 1.3686e-01 (1.8049e-01)	Acc@1  95.31 ( 92.11)	Acc@5 100.00 (100.00)
Test: [30/50]	Time  0.037 ( 0.045)	Loss 1.4925e-02 (1.5750e-01)	Acc@1 100.00 ( 93.15)	Acc@5 100.00 (100.00)
Test: [40/50]	Time  0.038 ( 0.043)	Loss 3.5922e-02 (1.2952e-01)	Acc@1  98.44 ( 94.51)	Acc@5 100.00 (100.00)
 * Acc@1 95.306 Acc@5 100.000
Epoch: [9][  0/115]	Time  0.259 ( 0.259)	Data  0.204 ( 0.204)	Loss 1.3693e-01 (1.3693e-01)	Acc@1  93.75 ( 93.75)	Acc@5 100.00 (100.00)
Epoch: [9][ 10/115]	Time  0.129 ( 0.140)	Data  0.000 ( 0.025)	Loss 1.6504e-01 (1.4860e-01)	Acc@1  95.31 ( 94.32)	Acc@5 100.00 (100.00)
Epoch: [9][ 20/115]	Time  0.128 ( 0.135)	Data  0.000 ( 0.017)	Loss 8.0840e-02 (1.5682e-01)	Acc@1  98.44 ( 94.12)	Acc@5 100.00 (100.00)
Epoch: [9][ 30/115]	Time  0.129 ( 0.133)	Data  0.000 ( 0.014)	Loss 1.0515e-01 (1.5004e-01)	Acc@1  95.31 ( 94.41)	Acc@5 100.00 (100.00)
Epoch: [9][ 40/115]	Time  0.131 ( 0.132)	Data  0.000 ( 0.012)	Loss 1.1825e-01 (1.5425e-01)	Acc@1  96.88 ( 94.32)	Acc@5 100.00 (100.00)
Epoch: [9][ 50/115]	Time  0.128 ( 0.131)	Data  0.000 ( 0.011)	Loss 1.0056e-01 (1.5119e-01)	Acc@1  96.88 ( 94.24)	Acc@5 100.00 (100.00)
Epoch: [9][ 60/115]	Time  0.131 ( 0.131)	Data  0.000 ( 0.010)	Loss 1.2146e-01 (1.4743e-01)	Acc@1  95.31 ( 94.36)	Acc@5 100.00 (100.00)
Epoch: [9][ 70/115]	Time  0.128 ( 0.131)	Data  0.000 ( 0.010)	Loss 1.0064e-01 (1.4652e-01)	Acc@1  93.75 ( 94.45)	Acc@5 100.00 (100.00)
Epoch: [9][ 80/115]	Time  0.129 ( 0.131)	Data  0.000 ( 0.010)	Loss 1.4720e-01 (1.4821e-01)	Acc@1  93.75 ( 94.44)	Acc@5 100.00 (100.00)
Epoch: [9][ 90/115]	Time  0.129 ( 0.130)	Data  0.000 ( 0.009)	Loss 1.0621e-01 (1.5098e-01)	Acc@1  96.88 ( 94.28)	Acc@5 100.00 (100.00)
Epoch: [9][100/115]	Time  0.132 ( 0.130)	Data  0.000 ( 0.009)	Loss 1.3396e-01 (1.5041e-01)	Acc@1  95.31 ( 94.26)	Acc@5 100.00 (100.00)
Epoch: [9][110/115]	Time  0.131 ( 0.130)	Data  0.000 ( 0.009)	Loss 2.1634e-01 (1.5159e-01)	Acc@1  93.75 ( 94.24)	Acc@5 100.00 (100.00)
Test: [ 0/50]	Time  0.271 ( 0.271)	Loss 4.0587e-02 (4.0587e-02)	Acc@1  98.44 ( 98.44)	Acc@5 100.00 (100.00)
Test: [10/50]	Time  0.037 ( 0.058)	Loss 4.4119e-02 (4.4780e-02)	Acc@1  98.44 ( 98.15)	Acc@5 100.00 (100.00)
Test: [20/50]	Time  0.038 ( 0.048)	Loss 1.7320e-02 (3.5307e-02)	Acc@1  98.44 ( 98.44)	Acc@5 100.00 (100.00)
Test: [30/50]	Time  0.037 ( 0.045)	Loss 6.4520e-02 (4.5234e-02)	Acc@1  98.44 ( 98.29)	Acc@5 100.00 (100.00)
Test: [40/50]	Time  0.038 ( 0.043)	Loss 1.1597e-01 (7.2924e-02)	Acc@1  96.88 ( 97.64)	Acc@5 100.00 (100.00)
 * Acc@1 97.494 Acc@5 100.000
Epoch: [10][  0/115]	Time  0.264 ( 0.264)	Data  0.209 ( 0.209)	Loss 1.8406e-01 (1.8406e-01)	Acc@1  90.62 ( 90.62)	Acc@5 100.00 (100.00)
Epoch: [10][ 10/115]	Time  0.129 ( 0.141)	Data  0.000 ( 0.025)	Loss 8.0736e-02 (1.4595e-01)	Acc@1  98.44 ( 93.75)	Acc@5 100.00 (100.00)
Epoch: [10][ 20/115]	Time  0.126 ( 0.135)	Data  0.000 ( 0.017)	Loss 2.8674e-01 (1.4669e-01)	Acc@1  89.06 ( 94.05)	Acc@5 100.00 (100.00)
Epoch: [10][ 30/115]	Time  0.133 ( 0.134)	Data  0.000 ( 0.014)	Loss 1.3629e-01 (1.3998e-01)	Acc@1  93.75 ( 94.66)	Acc@5 100.00 (100.00)
Epoch: [10][ 40/115]	Time  0.130 ( 0.132)	Data  0.000 ( 0.012)	Loss 1.3324e-01 (1.3875e-01)	Acc@1  92.19 ( 94.66)	Acc@5 100.00 (100.00)
Epoch: [10][ 50/115]	Time  0.131 ( 0.132)	Data  0.000 ( 0.011)	Loss 2.0964e-01 (1.4054e-01)	Acc@1  93.75 ( 94.58)	Acc@5 100.00 (100.00)
Epoch: [10][ 60/115]	Time  0.127 ( 0.131)	Data  0.000 ( 0.010)	Loss 2.8491e-01 (1.3879e-01)	Acc@1  90.62 ( 94.65)	Acc@5 100.00 (100.00)
Epoch: [10][ 70/115]	Time  0.132 ( 0.131)	Data  0.000 ( 0.010)	Loss 1.7951e-01 (1.4326e-01)	Acc@1  92.19 ( 94.48)	Acc@5 100.00 (100.00)
Epoch: [10][ 80/115]	Time  0.128 ( 0.131)	Data  0.000 ( 0.010)	Loss 1.7517e-01 (1.4164e-01)	Acc@1  93.75 ( 94.56)	Acc@5 100.00 (100.00)
Epoch: [10][ 90/115]	Time  0.129 ( 0.131)	Data  0.000 ( 0.009)	Loss 1.3815e-01 (1.4415e-01)	Acc@1  93.75 ( 94.42)	Acc@5 100.00 (100.00)
Epoch: [10][100/115]	Time  0.126 ( 0.130)	Data  0.000 ( 0.009)	Loss 2.2254e-01 (1.4487e-01)	Acc@1  90.62 ( 94.35)	Acc@5 100.00 (100.00)
Epoch: [10][110/115]	Time  0.131 ( 0.130)	Data  0.000 ( 0.009)	Loss 1.0313e-01 (1.4489e-01)	Acc@1  96.88 ( 94.36)	Acc@5 100.00 (100.00)
Test: [ 0/50]	Time  0.273 ( 0.273)	Loss 1.5717e-01 (1.5717e-01)	Acc@1  95.31 ( 95.31)	Acc@5 100.00 (100.00)
Test: [10/50]	Time  0.037 ( 0.058)	Loss 5.1073e-02 (8.4600e-02)	Acc@1  98.44 ( 96.73)	Acc@5 100.00 (100.00)
Test: [20/50]	Time  0.038 ( 0.048)	Loss 1.2212e-02 (7.0378e-02)	Acc@1 100.00 ( 97.25)	Acc@5 100.00 (100.00)
Test: [30/50]	Time  0.038 ( 0.045)	Loss 2.2720e-02 (6.4198e-02)	Acc@1 100.00 ( 97.73)	Acc@5 100.00 (100.00)
Test: [40/50]	Time  0.038 ( 0.043)	Loss 6.2348e-02 (7.1063e-02)	Acc@1  98.44 ( 97.48)	Acc@5 100.00 (100.00)
 * Acc@1 97.431 Acc@5 100.000
Epoch: [11][  0/115]	Time  0.273 ( 0.273)	Data  0.211 ( 0.211)	Loss 2.0304e-01 (2.0304e-01)	Acc@1  95.31 ( 95.31)	Acc@5 100.00 (100.00)
Epoch: [11][ 10/115]	Time  0.128 ( 0.142)	Data  0.000 ( 0.025)	Loss 8.9714e-02 (1.4140e-01)	Acc@1  98.44 ( 95.88)	Acc@5 100.00 (100.00)
Epoch: [11][ 20/115]	Time  0.139 ( 0.136)	Data  0.000 ( 0.017)	Loss 1.4481e-01 (1.5042e-01)	Acc@1  93.75 ( 95.16)	Acc@5 100.00 (100.00)
Epoch: [11][ 30/115]	Time  0.128 ( 0.133)	Data  0.000 ( 0.013)	Loss 6.0393e-02 (1.4520e-01)	Acc@1  98.44 ( 95.01)	Acc@5 100.00 (100.00)
Epoch: [11][ 40/115]	Time  0.130 ( 0.132)	Data  0.000 ( 0.012)	Loss 1.6839e-01 (1.4319e-01)	Acc@1  95.31 ( 95.05)	Acc@5 100.00 (100.00)
Epoch: [11][ 50/115]	Time  0.129 ( 0.131)	Data  0.000 ( 0.011)	Loss 1.4932e-01 (1.4642e-01)	Acc@1  96.88 ( 94.79)	Acc@5 100.00 (100.00)
Epoch: [11][ 60/115]	Time  0.137 ( 0.131)	Data  0.000 ( 0.010)	Loss 1.7294e-01 (1.4497e-01)	Acc@1  93.75 ( 94.90)	Acc@5 100.00 (100.00)
Epoch: [11][ 70/115]	Time  0.127 ( 0.131)	Data  0.000 ( 0.010)	Loss 1.5047e-01 (1.4266e-01)	Acc@1  90.62 ( 94.96)	Acc@5 100.00 (100.00)
Epoch: [11][ 80/115]	Time  0.129 ( 0.130)	Data  0.000 ( 0.009)	Loss 1.0708e-01 (1.4137e-01)	Acc@1  96.88 ( 94.93)	Acc@5 100.00 (100.00)
Epoch: [11][ 90/115]	Time  0.128 ( 0.130)	Data  0.000 ( 0.009)	Loss 1.9652e-01 (1.4047e-01)	Acc@1  93.75 ( 94.95)	Acc@5 100.00 (100.00)
Epoch: [11][100/115]	Time  0.130 ( 0.130)	Data  0.000 ( 0.009)	Loss 2.3059e-01 (1.4000e-01)	Acc@1  90.62 ( 94.96)	Acc@5 100.00 (100.00)
Epoch: [11][110/115]	Time  0.128 ( 0.130)	Data  0.000 ( 0.009)	Loss 1.1010e-01 (1.3924e-01)	Acc@1  95.31 ( 94.96)	Acc@5 100.00 (100.00)
Test: [ 0/50]	Time  0.273 ( 0.273)	Loss 4.7633e-02 (4.7633e-02)	Acc@1  98.44 ( 98.44)	Acc@5 100.00 (100.00)
Test: [10/50]	Time  0.037 ( 0.058)	Loss 5.3322e-02 (5.8699e-02)	Acc@1  98.44 ( 97.59)	Acc@5 100.00 (100.00)
Test: [20/50]	Time  0.038 ( 0.048)	Loss 3.3564e-02 (4.7815e-02)	Acc@1  96.88 ( 97.84)	Acc@5 100.00 (100.00)
Test: [30/50]	Time  0.038 ( 0.045)	Loss 3.9222e-02 (5.1335e-02)	Acc@1 100.00 ( 97.83)	Acc@5 100.00 (100.00)
Test: [40/50]	Time  0.037 ( 0.043)	Loss 9.6208e-02 (6.5812e-02)	Acc@1  96.88 ( 97.60)	Acc@5 100.00 (100.00)
 * Acc@1 97.590 Acc@5 100.000
Epoch: [12][  0/115]	Time  0.256 ( 0.256)	Data  0.201 ( 0.201)	Loss 1.0130e-01 (1.0130e-01)	Acc@1  96.88 ( 96.88)	Acc@5 100.00 (100.00)
Epoch: [12][ 10/115]	Time  0.131 ( 0.140)	Data  0.000 ( 0.025)	Loss 1.2360e-01 (1.3346e-01)	Acc@1  96.88 ( 95.17)	Acc@5 100.00 (100.00)
Epoch: [12][ 20/115]	Time  0.133 ( 0.135)	Data  0.000 ( 0.016)	Loss 1.3907e-01 (1.3016e-01)	Acc@1  93.75 ( 95.39)	Acc@5 100.00 (100.00)
Epoch: [12][ 30/115]	Time  0.123 ( 0.133)	Data  0.000 ( 0.013)	Loss 1.1378e-01 (1.3183e-01)	Acc@1  95.31 ( 95.21)	Acc@5 100.00 (100.00)
Epoch: [12][ 40/115]	Time  0.128 ( 0.132)	Data  0.000 ( 0.012)	Loss 7.8993e-02 (1.2824e-01)	Acc@1 100.00 ( 95.46)	Acc@5 100.00 (100.00)
Epoch: [12][ 50/115]	Time  0.130 ( 0.131)	Data  0.000 ( 0.011)	Loss 1.2766e-01 (1.2573e-01)	Acc@1  95.31 ( 95.37)	Acc@5 100.00 (100.00)
Epoch: [12][ 60/115]	Time  0.130 ( 0.131)	Data  0.000 ( 0.010)	Loss 2.8442e-01 (1.2885e-01)	Acc@1  89.06 ( 95.24)	Acc@5 100.00 (100.00)
Epoch: [12][ 70/115]	Time  0.129 ( 0.130)	Data  0.000 ( 0.010)	Loss 1.2450e-01 (1.2873e-01)	Acc@1  93.75 ( 95.20)	Acc@5 100.00 (100.00)
Epoch: [12][ 80/115]	Time  0.126 ( 0.130)	Data  0.000 ( 0.009)	Loss 1.5976e-01 (1.2747e-01)	Acc@1  93.75 ( 95.25)	Acc@5 100.00 (100.00)
Epoch: [12][ 90/115]	Time  0.129 ( 0.130)	Data  0.000 ( 0.009)	Loss 1.4528e-01 (1.2725e-01)	Acc@1  93.75 ( 95.21)	Acc@5 100.00 (100.00)
Epoch: [12][100/115]	Time  0.131 ( 0.130)	Data  0.000 ( 0.009)	Loss 1.4714e-01 (1.2840e-01)	Acc@1  93.75 ( 95.14)	Acc@5 100.00 (100.00)
Epoch: [12][110/115]	Time  0.129 ( 0.130)	Data  0.000 ( 0.009)	Loss 4.4299e-02 (1.2795e-01)	Acc@1  98.44 ( 95.20)	Acc@5 100.00 (100.00)
Test: [ 0/50]	Time  0.267 ( 0.267)	Loss 8.8362e-02 (8.8362e-02)	Acc@1  96.88 ( 96.88)	Acc@5 100.00 (100.00)
Test: [10/50]	Time  0.038 ( 0.057)	Loss 5.3258e-02 (7.4107e-02)	Acc@1  98.44 ( 97.30)	Acc@5 100.00 (100.00)
Test: [20/50]	Time  0.038 ( 0.048)	Loss 1.9619e-02 (5.5767e-02)	Acc@1 100.00 ( 97.84)	Acc@5 100.00 (100.00)
Test: [30/50]	Time  0.038 ( 0.045)	Loss 4.6768e-02 (5.2463e-02)	Acc@1  98.44 ( 97.88)	Acc@5 100.00 (100.00)
Test: [40/50]	Time  0.038 ( 0.043)	Loss 8.0541e-02 (5.7555e-02)	Acc@1  95.31 ( 97.83)	Acc@5 100.00 (100.00)
 * Acc@1 97.970 Acc@5 100.000
Epoch: [13][  0/115]	Time  0.267 ( 0.267)	Data  0.212 ( 0.212)	Loss 2.8025e-01 (2.8025e-01)	Acc@1  85.94 ( 85.94)	Acc@5 100.00 (100.00)
Epoch: [13][ 10/115]	Time  0.126 ( 0.142)	Data  0.000 ( 0.026)	Loss 1.4082e-01 (1.4863e-01)	Acc@1  92.19 ( 94.32)	Acc@5 100.00 (100.00)
Epoch: [13][ 20/115]	Time  0.131 ( 0.136)	Data  0.000 ( 0.017)	Loss 1.4562e-01 (1.4750e-01)	Acc@1  93.75 ( 94.05)	Acc@5 100.00 (100.00)
Epoch: [13][ 30/115]	Time  0.129 ( 0.134)	Data  0.000 ( 0.013)	Loss 9.6557e-02 (1.3870e-01)	Acc@1  96.88 ( 94.76)	Acc@5 100.00 (100.00)
Epoch: [13][ 40/115]	Time  0.131 ( 0.133)	Data  0.000 ( 0.012)	Loss 2.6557e-01 (1.3800e-01)	Acc@1  89.06 ( 94.70)	Acc@5 100.00 (100.00)
Epoch: [13][ 50/115]	Time  0.127 ( 0.132)	Data  0.000 ( 0.011)	Loss 9.3560e-02 (1.3493e-01)	Acc@1  98.44 ( 94.88)	Acc@5 100.00 (100.00)
Epoch: [13][ 60/115]	Time  0.130 ( 0.131)	Data  0.000 ( 0.010)	Loss 6.0194e-02 (1.3185e-01)	Acc@1  98.44 ( 95.08)	Acc@5 100.00 (100.00)
Epoch: [13][ 70/115]	Time  0.130 ( 0.131)	Data  0.000 ( 0.009)	Loss 1.6735e-01 (1.3227e-01)	Acc@1  96.88 ( 95.14)	Acc@5 100.00 (100.00)
Epoch: [13][ 80/115]	Time  0.127 ( 0.131)	Data  0.000 ( 0.009)	Loss 7.8223e-02 (1.3667e-01)	Acc@1  96.88 ( 95.00)	Acc@5 100.00 (100.00)
Epoch: [13][ 90/115]	Time  0.128 ( 0.130)	Data  0.000 ( 0.009)	Loss 1.4733e-01 (1.3477e-01)	Acc@1  92.19 ( 95.07)	Acc@5 100.00 (100.00)
Epoch: [13][100/115]	Time  0.130 ( 0.130)	Data  0.000 ( 0.009)	Loss 1.3471e-01 (1.2990e-01)	Acc@1  96.88 ( 95.30)	Acc@5 100.00 (100.00)
Epoch: [13][110/115]	Time  0.130 ( 0.130)	Data  0.000 ( 0.009)	Loss 1.1377e-01 (1.2949e-01)	Acc@1  95.31 ( 95.28)	Acc@5 100.00 (100.00)
Test: [ 0/50]	Time  0.302 ( 0.302)	Loss 3.3268e-02 (3.3268e-02)	Acc@1  98.44 ( 98.44)	Acc@5 100.00 (100.00)
Test: [10/50]	Time  0.037 ( 0.061)	Loss 6.8270e-02 (4.7401e-02)	Acc@1  98.44 ( 98.30)	Acc@5 100.00 (100.00)
Test: [20/50]	Time  0.038 ( 0.051)	Loss 9.5107e-03 (3.6531e-02)	Acc@1 100.00 ( 98.81)	Acc@5 100.00 (100.00)
Test: [30/50]	Time  0.038 ( 0.047)	Loss 2.8674e-02 (4.0952e-02)	Acc@1 100.00 ( 98.54)	Acc@5 100.00 (100.00)
Test: [40/50]	Time  0.038 ( 0.044)	Loss 9.9473e-02 (6.1245e-02)	Acc@1  95.31 ( 97.71)	Acc@5 100.00 (100.00)
 * Acc@1 97.463 Acc@5 100.000
Epoch: [14][  0/115]	Time  0.271 ( 0.271)	Data  0.216 ( 0.216)	Loss 1.4394e-01 (1.4394e-01)	Acc@1  95.31 ( 95.31)	Acc@5 100.00 (100.00)
Epoch: [14][ 10/115]	Time  0.129 ( 0.142)	Data  0.000 ( 0.026)	Loss 1.1951e-01 (1.1680e-01)	Acc@1  96.88 ( 96.02)	Acc@5 100.00 (100.00)
Epoch: [14][ 20/115]	Time  0.133 ( 0.136)	Data  0.000 ( 0.017)	Loss 1.1995e-01 (1.1311e-01)	Acc@1  95.31 ( 95.98)	Acc@5 100.00 (100.00)
Epoch: [14][ 30/115]	Time  0.130 ( 0.134)	Data  0.000 ( 0.014)	Loss 1.5848e-01 (1.1288e-01)	Acc@1  96.88 ( 96.17)	Acc@5 100.00 (100.00)
Epoch: [14][ 40/115]	Time  0.127 ( 0.133)	Data  0.000 ( 0.012)	Loss 1.5488e-01 (1.1966e-01)	Acc@1  96.88 ( 96.15)	Acc@5 100.00 (100.00)
Epoch: [14][ 50/115]	Time  0.130 ( 0.132)	Data  0.000 ( 0.011)	Loss 1.6284e-01 (1.1672e-01)	Acc@1  92.19 ( 95.99)	Acc@5 100.00 (100.00)
Epoch: [14][ 60/115]	Time  0.127 ( 0.131)	Data  0.000 ( 0.011)	Loss 4.5192e-02 (1.1721e-01)	Acc@1  98.44 ( 95.85)	Acc@5 100.00 (100.00)
Epoch: [14][ 70/115]	Time  0.130 ( 0.131)	Data  0.000 ( 0.010)	Loss 5.9155e-02 (1.1948e-01)	Acc@1  98.44 ( 95.71)	Acc@5 100.00 (100.00)
Epoch: [14][ 80/115]	Time  0.122 ( 0.131)	Data  0.000 ( 0.010)	Loss 7.3967e-02 (1.1525e-01)	Acc@1  98.44 ( 95.91)	Acc@5 100.00 (100.00)
Epoch: [14][ 90/115]	Time  0.129 ( 0.131)	Data  0.000 ( 0.009)	Loss 6.1073e-02 (1.1568e-01)	Acc@1  96.88 ( 95.88)	Acc@5 100.00 (100.00)
Epoch: [14][100/115]	Time  0.125 ( 0.130)	Data  0.000 ( 0.009)	Loss 1.1845e-01 (1.1661e-01)	Acc@1  95.31 ( 95.76)	Acc@5 100.00 (100.00)
Epoch: [14][110/115]	Time  0.137 ( 0.130)	Data  0.000 ( 0.009)	Loss 1.4115e-01 (1.1899e-01)	Acc@1  93.75 ( 95.62)	Acc@5 100.00 (100.00)
Test: [ 0/50]	Time  0.263 ( 0.263)	Loss 1.5251e-01 (1.5251e-01)	Acc@1  95.31 ( 95.31)	Acc@5 100.00 (100.00)
Test: [10/50]	Time  0.037 ( 0.059)	Loss 1.3989e-01 (1.4324e-01)	Acc@1  96.88 ( 93.89)	Acc@5 100.00 (100.00)
Test: [20/50]	Time  0.047 ( 0.050)	Loss 6.6841e-02 (1.2190e-01)	Acc@1  95.31 ( 94.64)	Acc@5 100.00 (100.00)
Test: [30/50]	Time  0.037 ( 0.046)	Loss 1.2547e-02 (1.0327e-01)	Acc@1 100.00 ( 95.56)	Acc@5 100.00 (100.00)
Test: [40/50]	Time  0.038 ( 0.044)	Loss 3.5813e-02 (8.4514e-02)	Acc@1 100.00 ( 96.57)	Acc@5 100.00 (100.00)
 * Acc@1 96.955 Acc@5 100.000
Epoch: [15][  0/115]	Time  0.273 ( 0.273)	Data  0.212 ( 0.212)	Loss 1.4131e-01 (1.4131e-01)	Acc@1  96.88 ( 96.88)	Acc@5 100.00 (100.00)
Epoch: [15][ 10/115]	Time  0.128 ( 0.142)	Data  0.000 ( 0.026)	Loss 1.2216e-01 (1.2010e-01)	Acc@1  92.19 ( 95.17)	Acc@5 100.00 (100.00)
Epoch: [15][ 20/115]	Time  0.130 ( 0.136)	Data  0.000 ( 0.017)	Loss 1.6245e-01 (1.1878e-01)	Acc@1  95.31 ( 95.46)	Acc@5 100.00 (100.00)
Epoch: [15][ 30/115]	Time  0.125 ( 0.133)	Data  0.000 ( 0.014)	Loss 1.0580e-01 (1.1907e-01)	Acc@1  96.88 ( 95.41)	Acc@5 100.00 (100.00)
Epoch: [15][ 40/115]	Time  0.122 ( 0.132)	Data  0.000 ( 0.012)	Loss 1.0181e-01 (1.2267e-01)	Acc@1  98.44 ( 95.31)	Acc@5 100.00 (100.00)
Epoch: [15][ 50/115]	Time  0.131 ( 0.132)	Data  0.000 ( 0.011)	Loss 1.9746e-01 (1.2776e-01)	Acc@1  93.75 ( 95.31)	Acc@5 100.00 (100.00)
Epoch: [15][ 60/115]	Time  0.127 ( 0.131)	Data  0.000 ( 0.010)	Loss 7.1640e-02 (1.2674e-01)	Acc@1  96.88 ( 95.24)	Acc@5 100.00 (100.00)
Epoch: [15][ 70/115]	Time  0.127 ( 0.131)	Data  0.000 ( 0.010)	Loss 1.2340e-01 (1.2870e-01)	Acc@1  95.31 ( 95.14)	Acc@5 100.00 (100.00)
Epoch: [15][ 80/115]	Time  0.132 ( 0.131)	Data  0.000 ( 0.010)	Loss 5.7946e-02 (1.2817e-01)	Acc@1  98.44 ( 95.12)	Acc@5 100.00 (100.00)
Epoch: [15][ 90/115]	Time  0.129 ( 0.131)	Data  0.000 ( 0.009)	Loss 7.7910e-02 (1.2598e-01)	Acc@1  93.75 ( 95.19)	Acc@5 100.00 (100.00)
Epoch: [15][100/115]	Time  0.128 ( 0.130)	Data  0.000 ( 0.009)	Loss 1.5999e-01 (1.2421e-01)	Acc@1  93.75 ( 95.22)	Acc@5 100.00 (100.00)
Epoch: [15][110/115]	Time  0.128 ( 0.130)	Data  0.000 ( 0.009)	Loss 9.3468e-02 (1.2333e-01)	Acc@1  96.88 ( 95.30)	Acc@5 100.00 (100.00)
Test: [ 0/50]	Time  0.255 ( 0.255)	Loss 1.7643e-01 (1.7643e-01)	Acc@1  93.75 ( 93.75)	Acc@5 100.00 (100.00)
Test: [10/50]	Time  0.037 ( 0.057)	Loss 1.3125e-01 (1.5392e-01)	Acc@1  96.88 ( 93.61)	Acc@5 100.00 (100.00)
Test: [20/50]	Time  0.038 ( 0.048)	Loss 6.8903e-02 (1.2734e-01)	Acc@1  96.88 ( 94.35)	Acc@5 100.00 (100.00)
Test: [30/50]	Time  0.038 ( 0.045)	Loss 1.1729e-02 (1.0903e-01)	Acc@1 100.00 ( 95.31)	Acc@5 100.00 (100.00)
Test: [40/50]	Time  0.038 ( 0.043)	Loss 1.5683e-02 (8.8089e-02)	Acc@1 100.00 ( 96.34)	Acc@5 100.00 (100.00)
 * Acc@1 96.924 Acc@5 100.000
Epoch: [16][  0/115]	Time  0.273 ( 0.273)	Data  0.218 ( 0.218)	Loss 6.3936e-02 (6.3936e-02)	Acc@1  98.44 ( 98.44)	Acc@5 100.00 (100.00)
Epoch: [16][ 10/115]	Time  0.130 ( 0.141)	Data  0.000 ( 0.026)	Loss 2.0204e-01 (1.2803e-01)	Acc@1  92.19 ( 95.88)	Acc@5 100.00 (100.00)
Epoch: [16][ 20/115]	Time  0.128 ( 0.135)	Data  0.000 ( 0.017)	Loss 1.1885e-01 (1.2009e-01)	Acc@1  95.31 ( 95.98)	Acc@5 100.00 (100.00)
Epoch: [16][ 30/115]	Time  0.128 ( 0.133)	Data  0.000 ( 0.014)	Loss 1.7039e-01 (1.2352e-01)	Acc@1  93.75 ( 95.72)	Acc@5 100.00 (100.00)
Epoch: [16][ 40/115]	Time  0.130 ( 0.132)	Data  0.000 ( 0.012)	Loss 6.1629e-02 (1.2611e-01)	Acc@1 100.00 ( 95.62)	Acc@5 100.00 (100.00)
Epoch: [16][ 50/115]	Time  0.133 ( 0.131)	Data  0.000 ( 0.011)	Loss 8.4917e-02 (1.1981e-01)	Acc@1  95.31 ( 95.68)	Acc@5 100.00 (100.00)
Epoch: [16][ 60/115]	Time  0.131 ( 0.131)	Data  0.000 ( 0.011)	Loss 1.7420e-01 (1.2069e-01)	Acc@1  92.19 ( 95.47)	Acc@5 100.00 (100.00)
Epoch: [16][ 70/115]	Time  0.132 ( 0.131)	Data  0.000 ( 0.010)	Loss 1.3697e-01 (1.2434e-01)	Acc@1  95.31 ( 95.31)	Acc@5 100.00 (100.00)
Epoch: [16][ 80/115]	Time  0.130 ( 0.131)	Data  0.000 ( 0.010)	Loss 6.7746e-02 (1.2462e-01)	Acc@1  96.88 ( 95.27)	Acc@5 100.00 (100.00)
Epoch: [16][ 90/115]	Time  0.131 ( 0.130)	Data  0.000 ( 0.009)	Loss 2.3480e-01 (1.2847e-01)	Acc@1  89.06 ( 95.07)	Acc@5 100.00 (100.00)
Epoch: [16][100/115]	Time  0.130 ( 0.130)	Data  0.000 ( 0.009)	Loss 1.9066e-01 (1.3027e-01)	Acc@1  92.19 ( 94.96)	Acc@5 100.00 (100.00)
Epoch: [16][110/115]	Time  0.128 ( 0.130)	Data  0.000 ( 0.009)	Loss 1.3972e-01 (1.3041e-01)	Acc@1  92.19 ( 94.95)	Acc@5 100.00 (100.00)
Test: [ 0/50]	Time  0.261 ( 0.261)	Loss 8.0351e-02 (8.0351e-02)	Acc@1  98.44 ( 98.44)	Acc@5 100.00 (100.00)
Test: [10/50]	Time  0.037 ( 0.057)	Loss 6.3975e-02 (7.6736e-02)	Acc@1  98.44 ( 97.73)	Acc@5 100.00 (100.00)
Test: [20/50]	Time  0.038 ( 0.048)	Loss 2.5589e-02 (6.0484e-02)	Acc@1  98.44 ( 98.07)	Acc@5 100.00 (100.00)
Test: [30/50]	Time  0.037 ( 0.045)	Loss 1.6934e-02 (5.4930e-02)	Acc@1 100.00 ( 98.24)	Acc@5 100.00 (100.00)
Test: [40/50]	Time  0.038 ( 0.043)	Loss 5.1557e-02 (5.4161e-02)	Acc@1  98.44 ( 98.29)	Acc@5 100.00 (100.00)
 * Acc@1 98.446 Acc@5 100.000
Epoch: [17][  0/115]	Time  0.316 ( 0.316)	Data  0.262 ( 0.262)	Loss 1.1196e-01 (1.1196e-01)	Acc@1  95.31 ( 95.31)	Acc@5 100.00 (100.00)
Epoch: [17][ 10/115]	Time  0.128 ( 0.146)	Data  0.000 ( 0.031)	Loss 3.9124e-02 (1.1258e-01)	Acc@1 100.00 ( 95.45)	Acc@5 100.00 (100.00)
Epoch: [17][ 20/115]	Time  0.130 ( 0.138)	Data  0.000 ( 0.019)	Loss 1.2101e-01 (1.2100e-01)	Acc@1  95.31 ( 95.09)	Acc@5 100.00 (100.00)
Epoch: [17][ 30/115]	Time  0.122 ( 0.135)	Data  0.000 ( 0.015)	Loss 1.8263e-01 (1.2461e-01)	Acc@1  90.62 ( 95.01)	Acc@5 100.00 (100.00)
Epoch: [17][ 40/115]	Time  0.129 ( 0.133)	Data  0.000 ( 0.013)	Loss 9.6013e-02 (1.2916e-01)	Acc@1  96.88 ( 94.89)	Acc@5 100.00 (100.00)
Epoch: [17][ 50/115]	Time  0.129 ( 0.133)	Data  0.000 ( 0.012)	Loss 9.3562e-02 (1.2825e-01)	Acc@1  96.88 ( 95.04)	Acc@5 100.00 (100.00)
Epoch: [17][ 60/115]	Time  0.129 ( 0.132)	Data  0.000 ( 0.011)	Loss 1.3106e-01 (1.2592e-01)	Acc@1  92.19 ( 95.13)	Acc@5 100.00 (100.00)
Epoch: [17][ 70/115]	Time  0.136 ( 0.132)	Data  0.000 ( 0.011)	Loss 2.1441e-01 (1.2729e-01)	Acc@1  92.19 ( 95.14)	Acc@5 100.00 (100.00)
Epoch: [17][ 80/115]	Time  0.128 ( 0.131)	Data  0.000 ( 0.010)	Loss 1.6678e-01 (1.2649e-01)	Acc@1  92.19 ( 95.06)	Acc@5 100.00 (100.00)
Epoch: [17][ 90/115]	Time  0.127 ( 0.131)	Data  0.000 ( 0.010)	Loss 1.3437e-01 (1.2726e-01)	Acc@1  93.75 ( 95.02)	Acc@5 100.00 (100.00)
Epoch: [17][100/115]	Time  0.130 ( 0.131)	Data  0.000 ( 0.010)	Loss 1.6870e-01 (1.2906e-01)	Acc@1  95.31 ( 94.97)	Acc@5 100.00 (100.00)
Epoch: [17][110/115]	Time  0.129 ( 0.130)	Data  0.000 ( 0.009)	Loss 1.9193e-01 (1.2681e-01)	Acc@1  95.31 ( 95.12)	Acc@5 100.00 (100.00)
Test: [ 0/50]	Time  0.275 ( 0.275)	Loss 6.1147e-02 (6.1147e-02)	Acc@1  98.44 ( 98.44)	Acc@5 100.00 (100.00)
Test: [10/50]	Time  0.038 ( 0.058)	Loss 7.4991e-02 (5.1037e-02)	Acc@1  96.88 ( 98.15)	Acc@5 100.00 (100.00)
Test: [20/50]	Time  0.038 ( 0.048)	Loss 1.7908e-02 (3.9507e-02)	Acc@1  98.44 ( 98.66)	Acc@5 100.00 (100.00)
Test: [30/50]	Time  0.037 ( 0.045)	Loss 2.9798e-02 (4.1763e-02)	Acc@1 100.00 ( 98.54)	Acc@5 100.00 (100.00)
Test: [40/50]	Time  0.042 ( 0.044)	Loss 6.9920e-02 (4.9427e-02)	Acc@1  96.88 ( 98.36)	Acc@5 100.00 (100.00)
 * Acc@1 98.224 Acc@5 100.000
Epoch: [18][  0/115]	Time  0.277 ( 0.277)	Data  0.219 ( 0.219)	Loss 3.7222e-02 (3.7222e-02)	Acc@1 100.00 (100.00)	Acc@5 100.00 (100.00)
Epoch: [18][ 10/115]	Time  0.130 ( 0.142)	Data  0.000 ( 0.026)	Loss 5.1233e-02 (1.1179e-01)	Acc@1 100.00 ( 96.73)	Acc@5 100.00 (100.00)
Epoch: [18][ 20/115]	Time  0.128 ( 0.136)	Data  0.000 ( 0.017)	Loss 8.0892e-02 (1.1251e-01)	Acc@1  98.44 ( 96.28)	Acc@5 100.00 (100.00)
Epoch: [18][ 30/115]	Time  0.132 ( 0.134)	Data  0.000 ( 0.014)	Loss 1.0894e-01 (1.1753e-01)	Acc@1  95.31 ( 95.87)	Acc@5 100.00 (100.00)
Epoch: [18][ 40/115]	Time  0.128 ( 0.133)	Data  0.000 ( 0.012)	Loss 1.3257e-01 (1.1927e-01)	Acc@1  96.88 ( 95.85)	Acc@5 100.00 (100.00)
Epoch: [18][ 50/115]	Time  0.135 ( 0.132)	Data  0.000 ( 0.011)	Loss 1.2655e-01 (1.1862e-01)	Acc@1  93.75 ( 95.77)	Acc@5 100.00 (100.00)
Epoch: [18][ 60/115]	Time  0.127 ( 0.131)	Data  0.000 ( 0.011)	Loss 1.1658e-01 (1.2097e-01)	Acc@1  93.75 ( 95.59)	Acc@5 100.00 (100.00)
Epoch: [18][ 70/115]	Time  0.135 ( 0.131)	Data  0.000 ( 0.010)	Loss 6.9603e-02 (1.1824e-01)	Acc@1  96.88 ( 95.73)	Acc@5 100.00 (100.00)
Epoch: [18][ 80/115]	Time  0.129 ( 0.131)	Data  0.000 ( 0.010)	Loss 9.0410e-02 (1.1541e-01)	Acc@1  95.31 ( 95.83)	Acc@5 100.00 (100.00)
Epoch: [18][ 90/115]	Time  0.136 ( 0.131)	Data  0.000 ( 0.009)	Loss 1.1186e-01 (1.1689e-01)	Acc@1  95.31 ( 95.67)	Acc@5 100.00 (100.00)
Epoch: [18][100/115]	Time  0.128 ( 0.131)	Data  0.000 ( 0.009)	Loss 3.6608e-02 (1.1738e-01)	Acc@1  98.44 ( 95.67)	Acc@5 100.00 (100.00)
Epoch: [18][110/115]	Time  0.131 ( 0.131)	Data  0.000 ( 0.009)	Loss 2.4268e-01 (1.1865e-01)	Acc@1  90.62 ( 95.68)	Acc@5 100.00 (100.00)
Test: [ 0/50]	Time  0.259 ( 0.259)	Loss 3.1604e-02 (3.1604e-02)	Acc@1  98.44 ( 98.44)	Acc@5 100.00 (100.00)
Test: [10/50]	Time  0.037 ( 0.057)	Loss 7.8304e-02 (4.4078e-02)	Acc@1  96.88 ( 98.15)	Acc@5 100.00 (100.00)
Test: [20/50]	Time  0.041 ( 0.048)	Loss 1.2700e-02 (3.3911e-02)	Acc@1 100.00 ( 98.66)	Acc@5 100.00 (100.00)
Test: [30/50]	Time  0.038 ( 0.045)	Loss 3.5630e-02 (3.9962e-02)	Acc@1 100.00 ( 98.44)	Acc@5 100.00 (100.00)
Test: [40/50]	Time  0.038 ( 0.043)	Loss 3.7663e-02 (4.9643e-02)	Acc@1 100.00 ( 98.29)	Acc@5 100.00 (100.00)
 * Acc@1 98.351 Acc@5 100.000
Epoch: [19][  0/115]	Time  0.271 ( 0.271)	Data  0.216 ( 0.216)	Loss 7.8168e-02 (7.8168e-02)	Acc@1  98.44 ( 98.44)	Acc@5 100.00 (100.00)
Epoch: [19][ 10/115]	Time  0.129 ( 0.142)	Data  0.000 ( 0.026)	Loss 2.1828e-01 (1.1718e-01)	Acc@1  93.75 ( 96.73)	Acc@5 100.00 (100.00)
Epoch: [19][ 20/115]	Time  0.128 ( 0.136)	Data  0.000 ( 0.017)	Loss 2.5763e-01 (1.1573e-01)	Acc@1  93.75 ( 96.35)	Acc@5 100.00 (100.00)
Epoch: [19][ 30/115]	Time  0.127 ( 0.134)	Data  0.000 ( 0.014)	Loss 7.6071e-02 (1.1290e-01)	Acc@1  98.44 ( 96.37)	Acc@5 100.00 (100.00)
Epoch: [19][ 40/115]	Time  0.131 ( 0.133)	Data  0.000 ( 0.012)	Loss 1.2018e-01 (1.1176e-01)	Acc@1  93.75 ( 96.23)	Acc@5 100.00 (100.00)
Epoch: [19][ 50/115]	Time  0.130 ( 0.132)	Data  0.000 ( 0.011)	Loss 1.1112e-01 (1.1632e-01)	Acc@1  96.88 ( 95.86)	Acc@5 100.00 (100.00)
Epoch: [19][ 60/115]	Time  0.130 ( 0.132)	Data  0.000 ( 0.011)	Loss 1.0585e-01 (1.1750e-01)	Acc@1  96.88 ( 95.75)	Acc@5 100.00 (100.00)
Epoch: [19][ 70/115]	Time  0.127 ( 0.131)	Data  0.000 ( 0.010)	Loss 6.2012e-02 (1.1753e-01)	Acc@1  96.88 ( 95.77)	Acc@5 100.00 (100.00)
Epoch: [19][ 80/115]	Time  0.130 ( 0.131)	Data  0.000 ( 0.010)	Loss 7.0985e-02 (1.1797e-01)	Acc@1  95.31 ( 95.64)	Acc@5 100.00 (100.00)
Epoch: [19][ 90/115]	Time  0.131 ( 0.131)	Data  0.000 ( 0.010)	Loss 2.1529e-01 (1.1788e-01)	Acc@1  92.19 ( 95.59)	Acc@5 100.00 (100.00)
Epoch: [19][100/115]	Time  0.129 ( 0.131)	Data  0.000 ( 0.009)	Loss 1.8937e-01 (1.1545e-01)	Acc@1  90.62 ( 95.64)	Acc@5 100.00 (100.00)
Epoch: [19][110/115]	Time  0.128 ( 0.131)	Data  0.000 ( 0.009)	Loss 1.3996e-01 (1.1504e-01)	Acc@1  92.19 ( 95.62)	Acc@5 100.00 (100.00)
Test: [ 0/50]	Time  0.288 ( 0.288)	Loss 8.0060e-02 (8.0060e-02)	Acc@1  98.44 ( 98.44)	Acc@5 100.00 (100.00)
Test: [10/50]	Time  0.038 ( 0.060)	Loss 6.4480e-02 (6.9468e-02)	Acc@1  98.44 ( 98.01)	Acc@5 100.00 (100.00)
Test: [20/50]	Time  0.038 ( 0.049)	Loss 5.9875e-03 (5.2627e-02)	Acc@1 100.00 ( 98.36)	Acc@5 100.00 (100.00)
Test: [30/50]	Time  0.038 ( 0.046)	Loss 1.2579e-02 (4.7263e-02)	Acc@1 100.00 ( 98.54)	Acc@5 100.00 (100.00)
Test: [40/50]	Time  0.039 ( 0.044)	Loss 4.9100e-02 (4.7817e-02)	Acc@1  98.44 ( 98.55)	Acc@5 100.00 (100.00)
 * Acc@1 98.573 Acc@5 100.000
Epoch: [20][  0/115]	Time  0.278 ( 0.278)	Data  0.224 ( 0.224)	Loss 2.3323e-01 (2.3323e-01)	Acc@1  92.19 ( 92.19)	Acc@5 100.00 (100.00)
Epoch: [20][ 10/115]	Time  0.131 ( 0.141)	Data  0.000 ( 0.027)	Loss 1.8658e-01 (1.4404e-01)	Acc@1  93.75 ( 95.03)	Acc@5 100.00 (100.00)
Epoch: [20][ 20/115]	Time  0.127 ( 0.135)	Data  0.000 ( 0.017)	Loss 1.0328e-01 (1.2299e-01)	Acc@1  93.75 ( 95.68)	Acc@5 100.00 (100.00)
Epoch: [20][ 30/115]	Time  0.130 ( 0.133)	Data  0.000 ( 0.014)	Loss 1.8250e-01 (1.2009e-01)	Acc@1  96.88 ( 95.87)	Acc@5 100.00 (100.00)
Epoch: [20][ 40/115]	Time  0.126 ( 0.132)	Data  0.000 ( 0.012)	Loss 9.3158e-02 (1.1756e-01)	Acc@1  96.88 ( 95.96)	Acc@5 100.00 (100.00)
Epoch: [20][ 50/115]	Time  0.127 ( 0.131)	Data  0.000 ( 0.011)	Loss 1.4865e-01 (1.1595e-01)	Acc@1  95.31 ( 95.89)	Acc@5 100.00 (100.00)
Epoch: [20][ 60/115]	Time  0.130 ( 0.131)	Data  0.000 ( 0.011)	Loss 1.7712e-01 (1.1645e-01)	Acc@1  96.88 ( 95.88)	Acc@5 100.00 (100.00)
Epoch: [20][ 70/115]	Time  0.129 ( 0.130)	Data  0.000 ( 0.010)	Loss 2.4584e-02 (1.1605e-01)	Acc@1 100.00 ( 95.91)	Acc@5 100.00 (100.00)
Epoch: [20][ 80/115]	Time  0.128 ( 0.130)	Data  0.000 ( 0.010)	Loss 6.6621e-02 (1.1690e-01)	Acc@1  98.44 ( 95.87)	Acc@5 100.00 (100.00)
Epoch: [20][ 90/115]	Time  0.131 ( 0.130)	Data  0.000 ( 0.009)	Loss 5.2170e-02 (1.1416e-01)	Acc@1 100.00 ( 96.00)	Acc@5 100.00 (100.00)
Epoch: [20][100/115]	Time  0.130 ( 0.130)	Data  0.000 ( 0.009)	Loss 2.4708e-02 (1.1237e-01)	Acc@1 100.00 ( 96.06)	Acc@5 100.00 (100.00)
Epoch: [20][110/115]	Time  0.131 ( 0.130)	Data  0.000 ( 0.009)	Loss 1.8163e-01 (1.1408e-01)	Acc@1  90.62 ( 95.96)	Acc@5 100.00 (100.00)
Test: [ 0/50]	Time  0.262 ( 0.262)	Loss 9.1558e-02 (9.1558e-02)	Acc@1  96.88 ( 96.88)	Acc@5 100.00 (100.00)
Test: [10/50]	Time  0.037 ( 0.057)	Loss 4.5904e-02 (6.1676e-02)	Acc@1  98.44 ( 97.87)	Acc@5 100.00 (100.00)
Test: [20/50]	Time  0.038 ( 0.048)	Loss 1.6625e-02 (4.4886e-02)	Acc@1  98.44 ( 98.21)	Acc@5 100.00 (100.00)
Test: [30/50]	Time  0.038 ( 0.045)	Loss 3.8639e-02 (4.2454e-02)	Acc@1  98.44 ( 98.39)	Acc@5 100.00 (100.00)
Test: [40/50]	Time  0.038 ( 0.043)	Loss 6.7889e-02 (4.8667e-02)	Acc@1  96.88 ( 98.13)	Acc@5 100.00 (100.00)
 * Acc@1 97.970 Acc@5 100.000
Epoch: [21][  0/115]	Time  0.248 ( 0.248)	Data  0.193 ( 0.193)	Loss 1.6731e-01 (1.6731e-01)	Acc@1  93.75 ( 93.75)	Acc@5 100.00 (100.00)
Epoch: [21][ 10/115]	Time  0.127 ( 0.139)	Data  0.000 ( 0.024)	Loss 2.0388e-02 (8.4212e-02)	Acc@1 100.00 ( 96.88)	Acc@5 100.00 (100.00)
Epoch: [21][ 20/115]	Time  0.132 ( 0.135)	Data  0.000 ( 0.016)	Loss 1.2463e-01 (9.7210e-02)	Acc@1  95.31 ( 96.06)	Acc@5 100.00 (100.00)
Epoch: [21][ 30/115]	Time  0.130 ( 0.133)	Data  0.000 ( 0.013)	Loss 8.6330e-02 (8.8421e-02)	Acc@1  96.88 ( 96.57)	Acc@5 100.00 (100.00)
Epoch: [21][ 40/115]	Time  0.128 ( 0.132)	Data  0.000 ( 0.012)	Loss 5.5687e-02 (9.0787e-02)	Acc@1  96.88 ( 96.53)	Acc@5 100.00 (100.00)
Epoch: [21][ 50/115]	Time  0.127 ( 0.131)	Data  0.000 ( 0.011)	Loss 5.3840e-02 (9.2294e-02)	Acc@1  96.88 ( 96.48)	Acc@5 100.00 (100.00)
Epoch: [21][ 60/115]	Time  0.136 ( 0.131)	Data  0.000 ( 0.010)	Loss 7.7990e-02 (9.6453e-02)	Acc@1  95.31 ( 96.31)	Acc@5 100.00 (100.00)
Epoch: [21][ 70/115]	Time  0.129 ( 0.131)	Data  0.000 ( 0.010)	Loss 1.7521e-01 (9.7924e-02)	Acc@1  92.19 ( 96.24)	Acc@5 100.00 (100.00)
Epoch: [21][ 80/115]	Time  0.128 ( 0.131)	Data  0.000 ( 0.009)	Loss 9.7178e-02 (9.7710e-02)	Acc@1  95.31 ( 96.20)	Acc@5 100.00 (100.00)
Epoch: [21][ 90/115]	Time  0.130 ( 0.131)	Data  0.000 ( 0.009)	Loss 9.5785e-02 (9.7843e-02)	Acc@1  96.88 ( 96.27)	Acc@5 100.00 (100.00)
Epoch: [21][100/115]	Time  0.132 ( 0.130)	Data  0.000 ( 0.009)	Loss 1.2560e-01 (9.8232e-02)	Acc@1  93.75 ( 96.26)	Acc@5 100.00 (100.00)
Epoch: [21][110/115]	Time  0.129 ( 0.130)	Data  0.000 ( 0.009)	Loss 6.7501e-02 (1.0109e-01)	Acc@1  98.44 ( 96.20)	Acc@5 100.00 (100.00)
Test: [ 0/50]	Time  0.258 ( 0.258)	Loss 1.5862e-02 (1.5862e-02)	Acc@1  98.44 ( 98.44)	Acc@5 100.00 (100.00)
Test: [10/50]	Time  0.038 ( 0.057)	Loss 4.6573e-02 (4.5121e-02)	Acc@1  98.44 ( 98.30)	Acc@5 100.00 (100.00)
Test: [20/50]	Time  0.038 ( 0.048)	Loss 5.7854e-03 (3.2538e-02)	Acc@1 100.00 ( 98.81)	Acc@5 100.00 (100.00)
Test: [30/50]	Time  0.038 ( 0.045)	Loss 5.3261e-02 (4.3683e-02)	Acc@1 100.00 ( 98.29)	Acc@5 100.00 (100.00)
Test: [40/50]	Time  0.038 ( 0.043)	Loss 7.1026e-02 (6.3164e-02)	Acc@1  95.31 ( 97.45)	Acc@5 100.00 (100.00)
 * Acc@1 97.463 Acc@5 100.000
Epoch: [22][  0/115]	Time  0.277 ( 0.277)	Data  0.222 ( 0.222)	Loss 1.1993e-01 (1.1993e-01)	Acc@1  96.88 ( 96.88)	Acc@5 100.00 (100.00)
Epoch: [22][ 10/115]	Time  0.128 ( 0.143)	Data  0.000 ( 0.027)	Loss 8.7593e-02 (9.1128e-02)	Acc@1  98.44 ( 96.73)	Acc@5 100.00 (100.00)
Epoch: [22][ 20/115]	Time  0.128 ( 0.136)	Data  0.000 ( 0.018)	Loss 2.2005e-01 (1.0464e-01)	Acc@1  90.62 ( 95.91)	Acc@5 100.00 (100.00)
Epoch: [22][ 30/115]	Time  0.128 ( 0.134)	Data  0.000 ( 0.014)	Loss 9.6174e-02 (1.0752e-01)	Acc@1  96.88 ( 95.92)	Acc@5 100.00 (100.00)
Epoch: [22][ 40/115]	Time  0.129 ( 0.133)	Data  0.000 ( 0.012)	Loss 8.6342e-02 (1.0092e-01)	Acc@1  96.88 ( 96.19)	Acc@5 100.00 (100.00)
Epoch: [22][ 50/115]	Time  0.130 ( 0.132)	Data  0.000 ( 0.011)	Loss 2.9711e-01 (1.0597e-01)	Acc@1  95.31 ( 96.11)	Acc@5 100.00 (100.00)
Epoch: [22][ 60/115]	Time  0.128 ( 0.132)	Data  0.000 ( 0.011)	Loss 2.4373e-01 (1.0669e-01)	Acc@1  89.06 ( 95.95)	Acc@5 100.00 (100.00)
Epoch: [22][ 70/115]	Time  0.132 ( 0.131)	Data  0.000 ( 0.010)	Loss 1.0439e-01 (1.0469e-01)	Acc@1  96.88 ( 95.93)	Acc@5 100.00 (100.00)
Epoch: [22][ 80/115]	Time  0.131 ( 0.131)	Data  0.000 ( 0.010)	Loss 1.1373e-01 (1.0523e-01)	Acc@1  96.88 ( 96.05)	Acc@5 100.00 (100.00)
Epoch: [22][ 90/115]	Time  0.131 ( 0.131)	Data  0.000 ( 0.010)	Loss 6.0382e-02 (1.0472e-01)	Acc@1  98.44 ( 96.09)	Acc@5 100.00 (100.00)
Epoch: [22][100/115]	Time  0.127 ( 0.131)	Data  0.000 ( 0.009)	Loss 1.2479e-01 (1.0653e-01)	Acc@1  93.75 ( 96.02)	Acc@5 100.00 (100.00)
Epoch: [22][110/115]	Time  0.129 ( 0.131)	Data  0.000 ( 0.009)	Loss 1.5453e-01 (1.0789e-01)	Acc@1  92.19 ( 95.92)	Acc@5 100.00 (100.00)
Test: [ 0/50]	Time  0.264 ( 0.264)	Loss 2.5158e-02 (2.5158e-02)	Acc@1 100.00 (100.00)	Acc@5 100.00 (100.00)
Test: [10/50]	Time  0.038 ( 0.058)	Loss 5.2264e-02 (5.7278e-02)	Acc@1  96.88 ( 97.73)	Acc@5 100.00 (100.00)
Test: [20/50]	Time  0.038 ( 0.048)	Loss 1.8886e-02 (4.6811e-02)	Acc@1  98.44 ( 98.29)	Acc@5 100.00 (100.00)
Test: [30/50]	Time  0.038 ( 0.045)	Loss 5.2809e-02 (5.5675e-02)	Acc@1  96.88 ( 97.78)	Acc@5 100.00 (100.00)
Test: [40/50]	Time  0.038 ( 0.044)	Loss 7.2708e-02 (6.4885e-02)	Acc@1  96.88 ( 97.37)	Acc@5 100.00 (100.00)
 * Acc@1 97.431 Acc@5 100.000
Epoch: [23][  0/115]	Time  0.285 ( 0.285)	Data  0.224 ( 0.224)	Loss 1.6325e-01 (1.6325e-01)	Acc@1  95.31 ( 95.31)	Acc@5 100.00 (100.00)
Epoch: [23][ 10/115]	Time  0.125 ( 0.142)	Data  0.000 ( 0.026)	Loss 7.3773e-02 (1.3412e-01)	Acc@1  96.88 ( 94.89)	Acc@5 100.00 (100.00)
Epoch: [23][ 20/115]	Time  0.129 ( 0.135)	Data  0.000 ( 0.017)	Loss 8.8121e-02 (1.3273e-01)	Acc@1  96.88 ( 94.64)	Acc@5 100.00 (100.00)
Epoch: [23][ 30/115]	Time  0.127 ( 0.133)	Data  0.000 ( 0.014)	Loss 9.4931e-02 (1.3612e-01)	Acc@1  96.88 ( 94.76)	Acc@5 100.00 (100.00)
Epoch: [23][ 40/115]	Time  0.131 ( 0.132)	Data  0.000 ( 0.012)	Loss 9.8204e-02 (1.3470e-01)	Acc@1  96.88 ( 94.93)	Acc@5 100.00 (100.00)
Epoch: [23][ 50/115]	Time  0.131 ( 0.132)	Data  0.000 ( 0.011)	Loss 1.1197e-01 (1.3053e-01)	Acc@1  96.88 ( 95.13)	Acc@5 100.00 (100.00)
Epoch: [23][ 60/115]	Time  0.129 ( 0.131)	Data  0.000 ( 0.011)	Loss 1.1021e-01 (1.2986e-01)	Acc@1  93.75 ( 95.26)	Acc@5 100.00 (100.00)
Epoch: [23][ 70/115]	Time  0.120 ( 0.131)	Data  0.000 ( 0.010)	Loss 5.3026e-02 (1.3190e-01)	Acc@1  98.44 ( 95.09)	Acc@5 100.00 (100.00)
Epoch: [23][ 80/115]	Time  0.134 ( 0.131)	Data  0.000 ( 0.010)	Loss 7.2114e-02 (1.2862e-01)	Acc@1  96.88 ( 95.18)	Acc@5 100.00 (100.00)
Epoch: [23][ 90/115]	Time  0.130 ( 0.131)	Data  0.000 ( 0.009)	Loss 1.9105e-01 (1.2312e-01)	Acc@1  96.88 ( 95.47)	Acc@5 100.00 (100.00)
Epoch: [23][100/115]	Time  0.129 ( 0.131)	Data  0.000 ( 0.009)	Loss 1.2980e-01 (1.2468e-01)	Acc@1  93.75 ( 95.39)	Acc@5 100.00 (100.00)
Epoch: [23][110/115]	Time  0.127 ( 0.130)	Data  0.000 ( 0.009)	Loss 1.0618e-01 (1.2161e-01)	Acc@1  96.88 ( 95.51)	Acc@5 100.00 (100.00)
Test: [ 0/50]	Time  0.260 ( 0.260)	Loss 3.8118e-02 (3.8118e-02)	Acc@1  98.44 ( 98.44)	Acc@5 100.00 (100.00)
Test: [10/50]	Time  0.040 ( 0.058)	Loss 3.4622e-02 (5.1329e-02)	Acc@1  98.44 ( 97.87)	Acc@5 100.00 (100.00)
Test: [20/50]	Time  0.038 ( 0.049)	Loss 1.0285e-02 (3.8930e-02)	Acc@1 100.00 ( 98.29)	Acc@5 100.00 (100.00)
Test: [30/50]	Time  0.038 ( 0.046)	Loss 2.3737e-02 (3.8006e-02)	Acc@1 100.00 ( 98.39)	Acc@5 100.00 (100.00)
Test: [40/50]	Time  0.038 ( 0.044)	Loss 4.1222e-02 (4.3381e-02)	Acc@1  98.44 ( 98.29)	Acc@5 100.00 (100.00)
 * Acc@1 98.414 Acc@5 100.000
Epoch: [24][  0/115]	Time  0.277 ( 0.277)	Data  0.215 ( 0.215)	Loss 1.8348e-01 (1.8348e-01)	Acc@1  92.19 ( 92.19)	Acc@5 100.00 (100.00)
Epoch: [24][ 10/115]	Time  0.130 ( 0.142)	Data  0.000 ( 0.025)	Loss 1.9405e-01 (1.0496e-01)	Acc@1  92.19 ( 96.59)	Acc@5 100.00 (100.00)
Epoch: [24][ 20/115]	Time  0.130 ( 0.136)	Data  0.000 ( 0.017)	Loss 1.2277e-01 (1.1059e-01)	Acc@1  92.19 ( 95.76)	Acc@5 100.00 (100.00)
Epoch: [24][ 30/115]	Time  0.129 ( 0.134)	Data  0.000 ( 0.014)	Loss 1.0910e-01 (1.0820e-01)	Acc@1  96.88 ( 96.02)	Acc@5 100.00 (100.00)
Epoch: [24][ 40/115]	Time  0.134 ( 0.133)	Data  0.000 ( 0.012)	Loss 6.3278e-02 (1.0921e-01)	Acc@1  95.31 ( 96.07)	Acc@5 100.00 (100.00)
Epoch: [24][ 50/115]	Time  0.129 ( 0.132)	Data  0.000 ( 0.011)	Loss 4.1855e-02 (1.0199e-01)	Acc@1  98.44 ( 96.23)	Acc@5 100.00 (100.00)
Epoch: [24][ 60/115]	Time  0.131 ( 0.132)	Data  0.000 ( 0.010)	Loss 1.4866e-02 (9.9537e-02)	Acc@1 100.00 ( 96.21)	Acc@5 100.00 (100.00)
Epoch: [24][ 70/115]	Time  0.130 ( 0.131)	Data  0.000 ( 0.010)	Loss 1.6071e-01 (9.8699e-02)	Acc@1  90.62 ( 96.15)	Acc@5 100.00 (100.00)
Epoch: [24][ 80/115]	Time  0.133 ( 0.131)	Data  0.000 ( 0.010)	Loss 3.5770e-02 (9.8257e-02)	Acc@1 100.00 ( 96.20)	Acc@5 100.00 (100.00)
Epoch: [24][ 90/115]	Time  0.133 ( 0.131)	Data  0.000 ( 0.009)	Loss 4.2488e-02 (9.5616e-02)	Acc@1  98.44 ( 96.27)	Acc@5 100.00 (100.00)
Epoch: [24][100/115]	Time  0.135 ( 0.131)	Data  0.000 ( 0.009)	Loss 4.9427e-02 (9.5795e-02)	Acc@1  98.44 ( 96.19)	Acc@5 100.00 (100.00)
Epoch: [24][110/115]	Time  0.129 ( 0.130)	Data  0.000 ( 0.009)	Loss 1.3431e-01 (9.4290e-02)	Acc@1  95.31 ( 96.30)	Acc@5 100.00 (100.00)
Test: [ 0/50]	Time  0.269 ( 0.269)	Loss 1.2121e-01 (1.2121e-01)	Acc@1  96.88 ( 96.88)	Acc@5 100.00 (100.00)
Test: [10/50]	Time  0.038 ( 0.058)	Loss 8.4197e-02 (8.8659e-02)	Acc@1  96.88 ( 96.88)	Acc@5 100.00 (100.00)
Test: [20/50]	Time  0.048 ( 0.049)	Loss 4.2575e-02 (6.9205e-02)	Acc@1  98.44 ( 97.47)	Acc@5 100.00 (100.00)
Test: [30/50]	Time  0.037 ( 0.046)	Loss 1.6871e-02 (6.1299e-02)	Acc@1 100.00 ( 97.88)	Acc@5 100.00 (100.00)
Test: [40/50]	Time  0.038 ( 0.044)	Loss 4.7755e-02 (5.4616e-02)	Acc@1  98.44 ( 98.09)	Acc@5 100.00 (100.00)
 * Acc@1 98.065 Acc@5 100.000
Epoch: [25][  0/115]	Time  0.274 ( 0.274)	Data  0.220 ( 0.220)	Loss 2.9610e-02 (2.9610e-02)	Acc@1  98.44 ( 98.44)	Acc@5 100.00 (100.00)
Epoch: [25][ 10/115]	Time  0.128 ( 0.142)	Data  0.000 ( 0.027)	Loss 4.0012e-02 (9.0758e-02)	Acc@1 100.00 ( 96.88)	Acc@5 100.00 (100.00)
Epoch: [25][ 20/115]	Time  0.134 ( 0.136)	Data  0.000 ( 0.017)	Loss 1.1634e-01 (1.0741e-01)	Acc@1  96.88 ( 96.35)	Acc@5 100.00 (100.00)
Epoch: [25][ 30/115]	Time  0.141 ( 0.134)	Data  0.000 ( 0.014)	Loss 9.4286e-02 (1.0984e-01)	Acc@1  96.88 ( 96.17)	Acc@5 100.00 (100.00)
Epoch: [25][ 40/115]	Time  0.131 ( 0.133)	Data  0.000 ( 0.012)	Loss 1.0777e-01 (1.0407e-01)	Acc@1  96.88 ( 96.34)	Acc@5 100.00 (100.00)
Epoch: [25][ 50/115]	Time  0.128 ( 0.132)	Data  0.000 ( 0.011)	Loss 7.9326e-02 (1.0261e-01)	Acc@1  98.44 ( 96.48)	Acc@5 100.00 (100.00)
Epoch: [25][ 60/115]	Time  0.133 ( 0.132)	Data  0.000 ( 0.010)	Loss 1.8126e-01 (1.0183e-01)	Acc@1  96.88 ( 96.41)	Acc@5 100.00 (100.00)
Epoch: [25][ 70/115]	Time  0.131 ( 0.131)	Data  0.000 ( 0.010)	Loss 1.8396e-01 (1.0017e-01)	Acc@1  96.88 ( 96.52)	Acc@5 100.00 (100.00)
Epoch: [25][ 80/115]	Time  0.129 ( 0.131)	Data  0.000 ( 0.010)	Loss 1.7296e-01 (1.0225e-01)	Acc@1  95.31 ( 96.39)	Acc@5 100.00 (100.00)
Epoch: [25][ 90/115]	Time  0.126 ( 0.131)	Data  0.000 ( 0.009)	Loss 9.1618e-02 (1.0104e-01)	Acc@1  96.88 ( 96.36)	Acc@5 100.00 (100.00)
Epoch: [25][100/115]	Time  0.130 ( 0.131)	Data  0.000 ( 0.009)	Loss 6.3508e-02 (1.0089e-01)	Acc@1  98.44 ( 96.36)	Acc@5 100.00 (100.00)
Epoch: [25][110/115]	Time  0.128 ( 0.131)	Data  0.000 ( 0.009)	Loss 3.3514e-02 (9.8558e-02)	Acc@1  98.44 ( 96.42)	Acc@5 100.00 (100.00)
Test: [ 0/50]	Time  0.252 ( 0.252)	Loss 2.8787e-02 (2.8787e-02)	Acc@1  98.44 ( 98.44)	Acc@5 100.00 (100.00)
Test: [10/50]	Time  0.037 ( 0.056)	Loss 6.8613e-02 (6.9953e-02)	Acc@1  98.44 ( 97.30)	Acc@5 100.00 (100.00)
Test: [20/50]	Time  0.038 ( 0.048)	Loss 1.8400e-02 (5.5655e-02)	Acc@1 100.00 ( 97.92)	Acc@5 100.00 (100.00)
Test: [30/50]	Time  0.038 ( 0.045)	Loss 2.0581e-02 (5.1524e-02)	Acc@1 100.00 ( 98.14)	Acc@5 100.00 (100.00)
Test: [40/50]	Time  0.038 ( 0.043)	Loss 3.7533e-02 (4.9985e-02)	Acc@1  98.44 ( 98.25)	Acc@5 100.00 (100.00)
 * Acc@1 98.382 Acc@5 100.000
Epoch: [26][  0/115]	Time  0.271 ( 0.271)	Data  0.216 ( 0.216)	Loss 8.0009e-02 (8.0009e-02)	Acc@1  98.44 ( 98.44)	Acc@5 100.00 (100.00)
Epoch: [26][ 10/115]	Time  0.131 ( 0.142)	Data  0.000 ( 0.026)	Loss 1.8499e-01 (1.1691e-01)	Acc@1  95.31 ( 96.45)	Acc@5 100.00 (100.00)
Epoch: [26][ 20/115]	Time  0.128 ( 0.136)	Data  0.000 ( 0.017)	Loss 1.0179e-01 (1.0499e-01)	Acc@1  96.88 ( 96.88)	Acc@5 100.00 (100.00)
Epoch: [26][ 30/115]	Time  0.130 ( 0.134)	Data  0.000 ( 0.014)	Loss 8.2468e-02 (1.0175e-01)	Acc@1  98.44 ( 96.77)	Acc@5 100.00 (100.00)
Epoch: [26][ 40/115]	Time  0.129 ( 0.133)	Data  0.000 ( 0.012)	Loss 1.8818e-01 (1.0152e-01)	Acc@1  95.31 ( 96.61)	Acc@5 100.00 (100.00)
Epoch: [26][ 50/115]	Time  0.130 ( 0.132)	Data  0.000 ( 0.011)	Loss 3.5013e-02 (9.6640e-02)	Acc@1  98.44 ( 96.78)	Acc@5 100.00 (100.00)
Epoch: [26][ 60/115]	Time  0.128 ( 0.132)	Data  0.000 ( 0.011)	Loss 2.6434e-01 (9.8159e-02)	Acc@1  93.75 ( 96.85)	Acc@5 100.00 (100.00)
Epoch: [26][ 70/115]	Time  0.132 ( 0.131)	Data  0.000 ( 0.010)	Loss 1.6357e-01 (9.5064e-02)	Acc@1  95.31 ( 96.92)	Acc@5 100.00 (100.00)
Epoch: [26][ 80/115]	Time  0.129 ( 0.131)	Data  0.000 ( 0.010)	Loss 6.4723e-02 (9.7887e-02)	Acc@1  96.88 ( 96.72)	Acc@5 100.00 (100.00)
Epoch: [26][ 90/115]	Time  0.127 ( 0.131)	Data  0.000 ( 0.009)	Loss 9.0582e-02 (9.6989e-02)	Acc@1  93.75 ( 96.67)	Acc@5 100.00 (100.00)
Epoch: [26][100/115]	Time  0.128 ( 0.131)	Data  0.000 ( 0.009)	Loss 1.0601e-01 (9.7702e-02)	Acc@1  95.31 ( 96.69)	Acc@5 100.00 (100.00)
Epoch: [26][110/115]	Time  0.131 ( 0.131)	Data  0.000 ( 0.009)	Loss 1.4797e-01 (9.7280e-02)	Acc@1  96.88 ( 96.68)	Acc@5 100.00 (100.00)
Test: [ 0/50]	Time  0.268 ( 0.268)	Loss 1.1235e-01 (1.1235e-01)	Acc@1  98.44 ( 98.44)	Acc@5 100.00 (100.00)
Test: [10/50]	Time  0.038 ( 0.058)	Loss 5.0314e-02 (8.3715e-02)	Acc@1  96.88 ( 97.02)	Acc@5 100.00 (100.00)
Test: [20/50]	Time  0.038 ( 0.048)	Loss 8.3843e-02 (7.1409e-02)	Acc@1  98.44 ( 97.40)	Acc@5 100.00 (100.00)
Test: [30/50]	Time  0.038 ( 0.045)	Loss 1.4710e-02 (6.3041e-02)	Acc@1 100.00 ( 97.83)	Acc@5 100.00 (100.00)
Test: [40/50]	Time  0.038 ( 0.043)	Loss 5.2014e-02 (5.4480e-02)	Acc@1  96.88 ( 98.21)	Acc@5 100.00 (100.00)
 * Acc@1 98.414 Acc@5 100.000
Epoch: [27][  0/115]	Time  0.259 ( 0.259)	Data  0.203 ( 0.203)	Loss 9.0770e-02 (9.0770e-02)	Acc@1  96.88 ( 96.88)	Acc@5 100.00 (100.00)
Epoch: [27][ 10/115]	Time  0.129 ( 0.141)	Data  0.000 ( 0.025)	Loss 8.4182e-02 (9.0834e-02)	Acc@1  95.31 ( 96.02)	Acc@5 100.00 (100.00)
Epoch: [27][ 20/115]	Time  0.130 ( 0.135)	Data  0.000 ( 0.017)	Loss 1.9945e-02 (8.3460e-02)	Acc@1 100.00 ( 96.88)	Acc@5 100.00 (100.00)
Epoch: [27][ 30/115]	Time  0.133 ( 0.133)	Data  0.000 ( 0.014)	Loss 1.2742e-01 (8.4547e-02)	Acc@1  95.31 ( 96.88)	Acc@5 100.00 (100.00)
Epoch: [27][ 40/115]	Time  0.133 ( 0.132)	Data  0.000 ( 0.012)	Loss 3.5603e-01 (9.1103e-02)	Acc@1  85.94 ( 96.49)	Acc@5 100.00 (100.00)
Epoch: [27][ 50/115]	Time  0.131 ( 0.132)	Data  0.000 ( 0.011)	Loss 2.0440e-01 (9.4436e-02)	Acc@1  95.31 ( 96.45)	Acc@5 100.00 (100.00)
Epoch: [27][ 60/115]	Time  0.132 ( 0.131)	Data  0.000 ( 0.010)	Loss 1.3506e-01 (9.1785e-02)	Acc@1  96.88 ( 96.54)	Acc@5 100.00 (100.00)
Epoch: [27][ 70/115]	Time  0.129 ( 0.131)	Data  0.000 ( 0.010)	Loss 1.4144e-01 (9.3157e-02)	Acc@1  93.75 ( 96.61)	Acc@5 100.00 (100.00)
Epoch: [27][ 80/115]	Time  0.131 ( 0.131)	Data  0.000 ( 0.009)	Loss 4.0540e-02 (8.8240e-02)	Acc@1  96.88 ( 96.72)	Acc@5 100.00 (100.00)
Epoch: [27][ 90/115]	Time  0.129 ( 0.131)	Data  0.000 ( 0.009)	Loss 7.6404e-02 (9.1400e-02)	Acc@1  96.88 ( 96.69)	Acc@5 100.00 (100.00)
Epoch: [27][100/115]	Time  0.128 ( 0.131)	Data  0.000 ( 0.009)	Loss 8.2090e-02 (9.2144e-02)	Acc@1  96.88 ( 96.67)	Acc@5 100.00 (100.00)
Epoch: [27][110/115]	Time  0.128 ( 0.131)	Data  0.000 ( 0.009)	Loss 1.1153e-01 (9.3264e-02)	Acc@1  96.88 ( 96.59)	Acc@5 100.00 (100.00)
Test: [ 0/50]	Time  0.253 ( 0.253)	Loss 9.4594e-02 (9.4594e-02)	Acc@1  98.44 ( 98.44)	Acc@5 100.00 (100.00)
Test: [10/50]	Time  0.037 ( 0.058)	Loss 5.3615e-02 (9.1240e-02)	Acc@1  96.88 ( 96.59)	Acc@5 100.00 (100.00)
Test: [20/50]	Time  0.047 ( 0.049)	Loss 3.0790e-02 (6.9164e-02)	Acc@1  98.44 ( 97.17)	Acc@5 100.00 (100.00)
Test: [30/50]	Time  0.037 ( 0.046)	Loss 8.1009e-03 (6.0540e-02)	Acc@1 100.00 ( 97.63)	Acc@5 100.00 (100.00)
Test: [40/50]	Time  0.038 ( 0.044)	Loss 2.2822e-02 (5.0046e-02)	Acc@1  98.44 ( 98.09)	Acc@5 100.00 (100.00)
 * Acc@1 98.351 Acc@5 100.000
Epoch: [28][  0/115]	Time  0.257 ( 0.257)	Data  0.201 ( 0.201)	Loss 2.6666e-01 (2.6666e-01)	Acc@1  93.75 ( 93.75)	Acc@5 100.00 (100.00)
Epoch: [28][ 10/115]	Time  0.134 ( 0.140)	Data  0.000 ( 0.025)	Loss 1.1515e-01 (1.1287e-01)	Acc@1  93.75 ( 95.74)	Acc@5 100.00 (100.00)
Epoch: [28][ 20/115]	Time  0.129 ( 0.135)	Data  0.000 ( 0.016)	Loss 9.4642e-02 (1.0750e-01)	Acc@1  98.44 ( 95.91)	Acc@5 100.00 (100.00)
Epoch: [28][ 30/115]	Time  0.131 ( 0.133)	Data  0.000 ( 0.013)	Loss 7.7244e-02 (1.0554e-01)	Acc@1  96.88 ( 96.12)	Acc@5 100.00 (100.00)
Epoch: [28][ 40/115]	Time  0.127 ( 0.132)	Data  0.000 ( 0.012)	Loss 1.0710e-01 (1.0531e-01)	Acc@1  95.31 ( 95.88)	Acc@5 100.00 (100.00)
Epoch: [28][ 50/115]	Time  0.132 ( 0.132)	Data  0.000 ( 0.011)	Loss 9.6431e-02 (1.0029e-01)	Acc@1  96.88 ( 96.08)	Acc@5 100.00 (100.00)
Epoch: [28][ 60/115]	Time  0.131 ( 0.131)	Data  0.000 ( 0.010)	Loss 4.1556e-02 (9.9906e-02)	Acc@1 100.00 ( 96.21)	Acc@5 100.00 (100.00)
Epoch: [28][ 70/115]	Time  0.129 ( 0.131)	Data  0.000 ( 0.010)	Loss 1.6826e-01 (9.9170e-02)	Acc@1  93.75 ( 96.28)	Acc@5 100.00 (100.00)
Epoch: [28][ 80/115]	Time  0.132 ( 0.131)	Data  0.000 ( 0.010)	Loss 4.4761e-02 (9.9117e-02)	Acc@1  98.44 ( 96.32)	Acc@5 100.00 (100.00)
Epoch: [28][ 90/115]	Time  0.131 ( 0.131)	Data  0.000 ( 0.009)	Loss 6.4252e-02 (9.6092e-02)	Acc@1  98.44 ( 96.41)	Acc@5 100.00 (100.00)
Epoch: [28][100/115]	Time  0.128 ( 0.131)	Data  0.000 ( 0.009)	Loss 8.8960e-02 (9.7674e-02)	Acc@1  95.31 ( 96.32)	Acc@5 100.00 (100.00)
Epoch: [28][110/115]	Time  0.125 ( 0.131)	Data  0.000 ( 0.009)	Loss 1.0881e-01 (9.7433e-02)	Acc@1  95.31 ( 96.34)	Acc@5 100.00 (100.00)
Test: [ 0/50]	Time  0.264 ( 0.264)	Loss 1.0173e-01 (1.0173e-01)	Acc@1  96.88 ( 96.88)	Acc@5 100.00 (100.00)
Test: [10/50]	Time  0.037 ( 0.057)	Loss 4.9017e-02 (9.0706e-02)	Acc@1  96.88 ( 96.16)	Acc@5 100.00 (100.00)
Test: [20/50]	Time  0.038 ( 0.048)	Loss 5.2006e-02 (6.8986e-02)	Acc@1  98.44 ( 97.10)	Acc@5 100.00 (100.00)
Test: [30/50]	Time  0.038 ( 0.045)	Loss 8.1780e-03 (6.0634e-02)	Acc@1 100.00 ( 97.58)	Acc@5 100.00 (100.00)
Test: [40/50]	Time  0.038 ( 0.043)	Loss 3.6761e-02 (4.9623e-02)	Acc@1  98.44 ( 98.09)	Acc@5 100.00 (100.00)
 * Acc@1 98.351 Acc@5 100.000
Epoch: [29][  0/115]	Time  0.271 ( 0.271)	Data  0.208 ( 0.208)	Loss 1.0512e-01 (1.0512e-01)	Acc@1  95.31 ( 95.31)	Acc@5 100.00 (100.00)
Epoch: [29][ 10/115]	Time  0.129 ( 0.141)	Data  0.000 ( 0.025)	Loss 6.7940e-02 (8.7918e-02)	Acc@1  96.88 ( 97.02)	Acc@5 100.00 (100.00)
Epoch: [29][ 20/115]	Time  0.124 ( 0.135)	Data  0.000 ( 0.016)	Loss 1.4795e-01 (9.8523e-02)	Acc@1  93.75 ( 96.43)	Acc@5 100.00 (100.00)
Epoch: [29][ 30/115]	Time  0.127 ( 0.133)	Data  0.000 ( 0.014)	Loss 8.7341e-02 (9.2793e-02)	Acc@1  95.31 ( 96.47)	Acc@5 100.00 (100.00)
Epoch: [29][ 40/115]	Time  0.119 ( 0.132)	Data  0.000 ( 0.012)	Loss 8.5743e-02 (8.9158e-02)	Acc@1  95.31 ( 96.61)	Acc@5 100.00 (100.00)
Epoch: [29][ 50/115]	Time  0.127 ( 0.132)	Data  0.000 ( 0.011)	Loss 1.0785e-01 (8.6754e-02)	Acc@1  93.75 ( 96.66)	Acc@5 100.00 (100.00)
Epoch: [29][ 60/115]	Time  0.134 ( 0.132)	Data  0.000 ( 0.010)	Loss 2.3229e-02 (8.4118e-02)	Acc@1 100.00 ( 96.82)	Acc@5 100.00 (100.00)
Epoch: [29][ 70/115]	Time  0.129 ( 0.131)	Data  0.000 ( 0.010)	Loss 9.9745e-02 (8.9678e-02)	Acc@1  98.44 ( 96.74)	Acc@5 100.00 (100.00)
Epoch: [29][ 80/115]	Time  0.130 ( 0.131)	Data  0.000 ( 0.010)	Loss 2.9007e-02 (8.5763e-02)	Acc@1 100.00 ( 96.93)	Acc@5 100.00 (100.00)
Epoch: [29][ 90/115]	Time  0.128 ( 0.131)	Data  0.000 ( 0.009)	Loss 9.1207e-02 (8.7698e-02)	Acc@1  92.19 ( 96.79)	Acc@5 100.00 (100.00)
Epoch: [29][100/115]	Time  0.130 ( 0.131)	Data  0.000 ( 0.009)	Loss 1.6395e-01 (9.2596e-02)	Acc@1  95.31 ( 96.69)	Acc@5 100.00 (100.00)
Epoch: [29][110/115]	Time  0.130 ( 0.131)	Data  0.000 ( 0.009)	Loss 1.0588e-01 (9.2581e-02)	Acc@1  93.75 ( 96.69)	Acc@5 100.00 (100.00)
Test: [ 0/50]	Time  0.271 ( 0.271)	Loss 1.7919e-01 (1.7919e-01)	Acc@1  93.75 ( 93.75)	Acc@5 100.00 (100.00)
Test: [10/50]	Time  0.038 ( 0.058)	Loss 9.8631e-02 (1.4718e-01)	Acc@1  95.31 ( 94.46)	Acc@5 100.00 (100.00)
Test: [20/50]	Time  0.043 ( 0.049)	Loss 6.3806e-02 (1.2275e-01)	Acc@1  96.88 ( 95.16)	Acc@5 100.00 (100.00)
Test: [30/50]	Time  0.038 ( 0.045)	Loss 4.5315e-03 (1.0171e-01)	Acc@1 100.00 ( 96.22)	Acc@5 100.00 (100.00)
Test: [40/50]	Time  0.038 ( 0.043)	Loss 1.6522e-02 (7.9697e-02)	Acc@1 100.00 ( 97.10)	Acc@5 100.00 (100.00)
 * Acc@1 97.558 Acc@5 100.000
Epoch: [30][  0/115]	Time  0.271 ( 0.271)	Data  0.216 ( 0.216)	Loss 7.8786e-02 (7.8786e-02)	Acc@1  96.88 ( 96.88)	Acc@5 100.00 (100.00)
Epoch: [30][ 10/115]	Time  0.124 ( 0.141)	Data  0.000 ( 0.026)	Loss 3.2338e-02 (6.8837e-02)	Acc@1 100.00 ( 97.44)	Acc@5 100.00 (100.00)
Epoch: [30][ 20/115]	Time  0.121 ( 0.136)	Data  0.000 ( 0.017)	Loss 7.4351e-02 (7.9446e-02)	Acc@1  96.88 ( 96.95)	Acc@5 100.00 (100.00)
Epoch: [30][ 30/115]	Time  0.128 ( 0.134)	Data  0.000 ( 0.014)	Loss 1.5965e-01 (8.1401e-02)	Acc@1  93.75 ( 96.82)	Acc@5 100.00 (100.00)
Epoch: [30][ 40/115]	Time  0.131 ( 0.133)	Data  0.000 ( 0.012)	Loss 1.2657e-01 (8.6916e-02)	Acc@1  95.31 ( 96.68)	Acc@5 100.00 (100.00)
Epoch: [30][ 50/115]	Time  0.128 ( 0.132)	Data  0.000 ( 0.011)	Loss 3.7705e-02 (8.9608e-02)	Acc@1 100.00 ( 96.69)	Acc@5 100.00 (100.00)
Epoch: [30][ 60/115]	Time  0.127 ( 0.131)	Data  0.000 ( 0.011)	Loss 6.6538e-02 (8.8166e-02)	Acc@1  98.44 ( 96.80)	Acc@5 100.00 (100.00)
Epoch: [30][ 70/115]	Time  0.129 ( 0.131)	Data  0.000 ( 0.010)	Loss 2.1776e-01 (9.1430e-02)	Acc@1  95.31 ( 96.81)	Acc@5 100.00 (100.00)
Epoch: [30][ 80/115]	Time  0.130 ( 0.131)	Data  0.000 ( 0.010)	Loss 6.9789e-02 (9.1698e-02)	Acc@1  98.44 ( 96.78)	Acc@5 100.00 (100.00)
Epoch: [30][ 90/115]	Time  0.129 ( 0.131)	Data  0.000 ( 0.009)	Loss 7.0552e-02 (8.8575e-02)	Acc@1  98.44 ( 96.94)	Acc@5 100.00 (100.00)
Epoch: [30][100/115]	Time  0.127 ( 0.131)	Data  0.000 ( 0.009)	Loss 6.0919e-02 (8.9844e-02)	Acc@1  96.88 ( 96.83)	Acc@5 100.00 (100.00)
Epoch: [30][110/115]	Time  0.131 ( 0.131)	Data  0.000 ( 0.009)	Loss 4.6926e-02 (8.7911e-02)	Acc@1  98.44 ( 96.82)	Acc@5 100.00 (100.00)
Test: [ 0/50]	Time  0.266 ( 0.266)	Loss 7.8481e-02 (7.8481e-02)	Acc@1  98.44 ( 98.44)	Acc@5 100.00 (100.00)
Test: [10/50]	Time  0.037 ( 0.058)	Loss 2.0734e-02 (5.8714e-02)	Acc@1  98.44 ( 97.73)	Acc@5 100.00 (100.00)
Test: [20/50]	Time  0.042 ( 0.049)	Loss 9.5807e-03 (4.2345e-02)	Acc@1 100.00 ( 98.36)	Acc@5 100.00 (100.00)
Test: [30/50]	Time  0.038 ( 0.045)	Loss 1.0049e-02 (3.7334e-02)	Acc@1 100.00 ( 98.64)	Acc@5 100.00 (100.00)
Test: [40/50]	Time  0.038 ( 0.043)	Loss 3.1787e-02 (3.4216e-02)	Acc@1  98.44 ( 98.82)	Acc@5 100.00 (100.00)
 * Acc@1 98.953 Acc@5 100.000
Epoch: [31][  0/115]	Time  0.260 ( 0.260)	Data  0.205 ( 0.205)	Loss 1.4174e-01 (1.4174e-01)	Acc@1  93.75 ( 93.75)	Acc@5 100.00 (100.00)
Epoch: [31][ 10/115]	Time  0.129 ( 0.141)	Data  0.000 ( 0.025)	Loss 6.8856e-02 (8.0277e-02)	Acc@1  96.88 ( 96.59)	Acc@5 100.00 (100.00)
Epoch: [31][ 20/115]	Time  0.129 ( 0.135)	Data  0.000 ( 0.017)	Loss 5.5893e-02 (7.9573e-02)	Acc@1  98.44 ( 96.88)	Acc@5 100.00 (100.00)
Epoch: [31][ 30/115]	Time  0.126 ( 0.133)	Data  0.000 ( 0.014)	Loss 3.7046e-02 (8.1895e-02)	Acc@1  98.44 ( 97.03)	Acc@5 100.00 (100.00)
Epoch: [31][ 40/115]	Time  0.131 ( 0.132)	Data  0.000 ( 0.012)	Loss 1.4844e-01 (8.5702e-02)	Acc@1  96.88 ( 96.91)	Acc@5 100.00 (100.00)
Epoch: [31][ 50/115]	Time  0.129 ( 0.132)	Data  0.000 ( 0.011)	Loss 4.5579e-02 (8.1819e-02)	Acc@1  98.44 ( 97.03)	Acc@5 100.00 (100.00)
Epoch: [31][ 60/115]	Time  0.128 ( 0.131)	Data  0.000 ( 0.010)	Loss 6.0557e-02 (7.8734e-02)	Acc@1  96.88 ( 97.18)	Acc@5 100.00 (100.00)
Epoch: [31][ 70/115]	Time  0.128 ( 0.131)	Data  0.000 ( 0.010)	Loss 5.2604e-02 (7.6893e-02)	Acc@1  98.44 ( 97.25)	Acc@5 100.00 (100.00)
Epoch: [31][ 80/115]	Time  0.132 ( 0.131)	Data  0.000 ( 0.010)	Loss 1.7120e-01 (8.2154e-02)	Acc@1  90.62 ( 96.95)	Acc@5 100.00 (100.00)
Epoch: [31][ 90/115]	Time  0.131 ( 0.131)	Data  0.000 ( 0.009)	Loss 3.5547e-02 (8.5275e-02)	Acc@1  98.44 ( 96.94)	Acc@5 100.00 (100.00)
Epoch: [31][100/115]	Time  0.131 ( 0.131)	Data  0.000 ( 0.009)	Loss 1.2158e-01 (8.5843e-02)	Acc@1  95.31 ( 96.95)	Acc@5 100.00 (100.00)
Epoch: [31][110/115]	Time  0.127 ( 0.130)	Data  0.000 ( 0.009)	Loss 2.0452e-02 (8.6537e-02)	Acc@1 100.00 ( 96.82)	Acc@5 100.00 (100.00)
Test: [ 0/50]	Time  0.260 ( 0.260)	Loss 8.5049e-02 (8.5049e-02)	Acc@1  98.44 ( 98.44)	Acc@5 100.00 (100.00)
Test: [10/50]	Time  0.037 ( 0.057)	Loss 2.1950e-02 (5.5009e-02)	Acc@1  98.44 ( 97.87)	Acc@5 100.00 (100.00)
Test: [20/50]	Time  0.038 ( 0.048)	Loss 1.3975e-02 (3.8369e-02)	Acc@1  98.44 ( 98.29)	Acc@5 100.00 (100.00)
Test: [30/50]	Time  0.037 ( 0.045)	Loss 1.1244e-02 (3.4686e-02)	Acc@1 100.00 ( 98.49)	Acc@5 100.00 (100.00)
Test: [40/50]	Time  0.038 ( 0.043)	Loss 4.0346e-02 (3.2324e-02)	Acc@1  98.44 ( 98.74)	Acc@5 100.00 (100.00)
 * Acc@1 98.858 Acc@5 100.000
Epoch: [32][  0/115]	Time  0.261 ( 0.261)	Data  0.206 ( 0.206)	Loss 8.2845e-02 (8.2845e-02)	Acc@1  95.31 ( 95.31)	Acc@5 100.00 (100.00)
Epoch: [32][ 10/115]	Time  0.131 ( 0.141)	Data  0.000 ( 0.025)	Loss 1.0405e-01 (9.9657e-02)	Acc@1  98.44 ( 96.59)	Acc@5 100.00 (100.00)
Epoch: [32][ 20/115]	Time  0.129 ( 0.136)	Data  0.000 ( 0.017)	Loss 7.3821e-02 (8.3107e-02)	Acc@1  96.88 ( 97.17)	Acc@5 100.00 (100.00)
Epoch: [32][ 30/115]	Time  0.128 ( 0.133)	Data  0.000 ( 0.014)	Loss 3.6780e-02 (8.7719e-02)	Acc@1 100.00 ( 96.93)	Acc@5 100.00 (100.00)
Epoch: [32][ 40/115]	Time  0.129 ( 0.132)	Data  0.000 ( 0.012)	Loss 7.7033e-02 (9.0655e-02)	Acc@1  96.88 ( 96.57)	Acc@5 100.00 (100.00)
Epoch: [32][ 50/115]	Time  0.130 ( 0.132)	Data  0.000 ( 0.011)	Loss 2.7171e-02 (8.7759e-02)	Acc@1 100.00 ( 96.72)	Acc@5 100.00 (100.00)
Epoch: [32][ 60/115]	Time  0.129 ( 0.131)	Data  0.000 ( 0.010)	Loss 2.6745e-02 (9.0742e-02)	Acc@1 100.00 ( 96.75)	Acc@5 100.00 (100.00)
Epoch: [32][ 70/115]	Time  0.130 ( 0.131)	Data  0.000 ( 0.010)	Loss 1.2536e-01 (9.0676e-02)	Acc@1  95.31 ( 96.70)	Acc@5 100.00 (100.00)
Epoch: [32][ 80/115]	Time  0.128 ( 0.131)	Data  0.000 ( 0.010)	Loss 4.8647e-02 (8.9562e-02)	Acc@1  98.44 ( 96.72)	Acc@5 100.00 (100.00)
Epoch: [32][ 90/115]	Time  0.132 ( 0.131)	Data  0.000 ( 0.009)	Loss 8.8201e-02 (8.8120e-02)	Acc@1  96.88 ( 96.84)	Acc@5 100.00 (100.00)
Epoch: [32][100/115]	Time  0.130 ( 0.131)	Data  0.000 ( 0.009)	Loss 3.2619e-02 (8.8346e-02)	Acc@1 100.00 ( 96.74)	Acc@5 100.00 (100.00)
Epoch: [32][110/115]	Time  0.130 ( 0.130)	Data  0.000 ( 0.009)	Loss 8.8617e-02 (8.8233e-02)	Acc@1  95.31 ( 96.71)	Acc@5 100.00 (100.00)
Test: [ 0/50]	Time  0.273 ( 0.273)	Loss 7.0331e-02 (7.0331e-02)	Acc@1  98.44 ( 98.44)	Acc@5 100.00 (100.00)
Test: [10/50]	Time  0.037 ( 0.058)	Loss 1.6512e-02 (4.7582e-02)	Acc@1 100.00 ( 98.15)	Acc@5 100.00 (100.00)
Test: [20/50]	Time  0.038 ( 0.049)	Loss 8.9238e-03 (3.3439e-02)	Acc@1 100.00 ( 98.66)	Acc@5 100.00 (100.00)
Test: [30/50]	Time  0.038 ( 0.045)	Loss 1.2387e-02 (3.1307e-02)	Acc@1 100.00 ( 98.79)	Acc@5 100.00 (100.00)
Test: [40/50]	Time  0.038 ( 0.043)	Loss 5.1675e-02 (3.0734e-02)	Acc@1  98.44 ( 98.93)	Acc@5 100.00 (100.00)
 * Acc@1 99.049 Acc@5 100.000
Epoch: [33][  0/115]	Time  0.324 ( 0.324)	Data  0.260 ( 0.260)	Loss 5.1840e-02 (5.1840e-02)	Acc@1  98.44 ( 98.44)	Acc@5 100.00 (100.00)
Epoch: [33][ 10/115]	Time  0.126 ( 0.146)	Data  0.000 ( 0.030)	Loss 7.8190e-02 (9.5654e-02)	Acc@1  98.44 ( 96.02)	Acc@5 100.00 (100.00)
Epoch: [33][ 20/115]	Time  0.130 ( 0.138)	Data  0.000 ( 0.019)	Loss 1.7335e-01 (9.3246e-02)	Acc@1  93.75 ( 96.58)	Acc@5 100.00 (100.00)
Epoch: [33][ 30/115]	Time  0.128 ( 0.135)	Data  0.000 ( 0.015)	Loss 4.1964e-02 (8.2509e-02)	Acc@1 100.00 ( 96.98)	Acc@5 100.00 (100.00)
Epoch: [33][ 40/115]	Time  0.128 ( 0.133)	Data  0.000 ( 0.013)	Loss 1.3805e-01 (8.9296e-02)	Acc@1  93.75 ( 96.57)	Acc@5 100.00 (100.00)
Epoch: [33][ 50/115]	Time  0.130 ( 0.132)	Data  0.000 ( 0.012)	Loss 6.1099e-02 (8.7045e-02)	Acc@1  98.44 ( 96.75)	Acc@5 100.00 (100.00)
Epoch: [33][ 60/115]	Time  0.130 ( 0.131)	Data  0.000 ( 0.011)	Loss 5.5448e-02 (8.5915e-02)	Acc@1  98.44 ( 96.82)	Acc@5 100.00 (100.00)
Epoch: [33][ 70/115]	Time  0.129 ( 0.131)	Data  0.000 ( 0.011)	Loss 5.3331e-02 (8.2861e-02)	Acc@1  96.88 ( 96.90)	Acc@5 100.00 (100.00)
Epoch: [33][ 80/115]	Time  0.127 ( 0.130)	Data  0.000 ( 0.010)	Loss 1.5920e-01 (8.2618e-02)	Acc@1  90.62 ( 96.80)	Acc@5 100.00 (100.00)
Epoch: [33][ 90/115]	Time  0.126 ( 0.130)	Data  0.000 ( 0.010)	Loss 5.0342e-02 (8.2784e-02)	Acc@1 100.00 ( 96.81)	Acc@5 100.00 (100.00)
Epoch: [33][100/115]	Time  0.133 ( 0.130)	Data  0.000 ( 0.010)	Loss 1.2849e-01 (8.1568e-02)	Acc@1  92.19 ( 96.78)	Acc@5 100.00 (100.00)
Epoch: [33][110/115]	Time  0.127 ( 0.130)	Data  0.000 ( 0.009)	Loss 4.1253e-02 (8.1974e-02)	Acc@1  98.44 ( 96.79)	Acc@5 100.00 (100.00)
Test: [ 0/50]	Time  0.259 ( 0.259)	Loss 7.5399e-02 (7.5399e-02)	Acc@1  98.44 ( 98.44)	Acc@5 100.00 (100.00)
Test: [10/50]	Time  0.037 ( 0.056)	Loss 2.3045e-02 (4.7489e-02)	Acc@1  98.44 ( 98.15)	Acc@5 100.00 (100.00)
Test: [20/50]	Time  0.038 ( 0.048)	Loss 1.0555e-02 (3.2688e-02)	Acc@1 100.00 ( 98.81)	Acc@5 100.00 (100.00)
Test: [30/50]	Time  0.037 ( 0.044)	Loss 1.3386e-02 (3.0967e-02)	Acc@1 100.00 ( 98.84)	Acc@5 100.00 (100.00)
Test: [40/50]	Time  0.037 ( 0.043)	Loss 4.8059e-02 (3.0242e-02)	Acc@1  98.44 ( 99.01)	Acc@5 100.00 (100.00)
 * Acc@1 99.080 Acc@5 100.000
Epoch: [34][  0/115]	Time  0.293 ( 0.293)	Data  0.226 ( 0.226)	Loss 4.0061e-02 (4.0061e-02)	Acc@1  98.44 ( 98.44)	Acc@5 100.00 (100.00)
Epoch: [34][ 10/115]	Time  0.130 ( 0.152)	Data  0.000 ( 0.029)	Loss 4.3498e-02 (7.9970e-02)	Acc@1 100.00 ( 97.59)	Acc@5 100.00 (100.00)
Epoch: [34][ 20/115]	Time  0.129 ( 0.141)	Data  0.000 ( 0.019)	Loss 7.1085e-02 (7.3291e-02)	Acc@1  96.88 ( 97.77)	Acc@5 100.00 (100.00)
Epoch: [34][ 30/115]	Time  0.132 ( 0.137)	Data  0.000 ( 0.015)	Loss 6.2713e-02 (7.9718e-02)	Acc@1  96.88 ( 97.28)	Acc@5 100.00 (100.00)
Epoch: [34][ 40/115]	Time  0.131 ( 0.135)	Data  0.000 ( 0.013)	Loss 2.9102e-02 (7.2781e-02)	Acc@1 100.00 ( 97.52)	Acc@5 100.00 (100.00)
Epoch: [34][ 50/115]	Time  0.130 ( 0.134)	Data  0.000 ( 0.012)	Loss 4.5137e-02 (7.4982e-02)	Acc@1  98.44 ( 97.46)	Acc@5 100.00 (100.00)
Epoch: [34][ 60/115]	Time  0.124 ( 0.133)	Data  0.000 ( 0.011)	Loss 1.1556e-01 (7.9346e-02)	Acc@1  92.19 ( 97.21)	Acc@5 100.00 (100.00)
Epoch: [34][ 70/115]	Time  0.131 ( 0.133)	Data  0.000 ( 0.011)	Loss 2.2279e-02 (7.7917e-02)	Acc@1 100.00 ( 97.32)	Acc@5 100.00 (100.00)
Epoch: [34][ 80/115]	Time  0.130 ( 0.132)	Data  0.000 ( 0.010)	Loss 8.3211e-02 (7.7342e-02)	Acc@1  98.44 ( 97.40)	Acc@5 100.00 (100.00)
Epoch: [34][ 90/115]	Time  0.127 ( 0.132)	Data  0.000 ( 0.010)	Loss 3.3823e-02 (7.9894e-02)	Acc@1 100.00 ( 97.36)	Acc@5 100.00 (100.00)
Epoch: [34][100/115]	Time  0.127 ( 0.132)	Data  0.000 ( 0.010)	Loss 7.1184e-02 (7.9352e-02)	Acc@1  98.44 ( 97.29)	Acc@5 100.00 (100.00)
Epoch: [34][110/115]	Time  0.131 ( 0.132)	Data  0.000 ( 0.009)	Loss 2.5047e-02 (7.8112e-02)	Acc@1 100.00 ( 97.30)	Acc@5 100.00 (100.00)
Test: [ 0/50]	Time  0.259 ( 0.259)	Loss 8.1583e-02 (8.1583e-02)	Acc@1  98.44 ( 98.44)	Acc@5 100.00 (100.00)
Test: [10/50]	Time  0.038 ( 0.057)	Loss 3.2737e-02 (6.1995e-02)	Acc@1  96.88 ( 97.44)	Acc@5 100.00 (100.00)
Test: [20/50]	Time  0.042 ( 0.048)	Loss 1.4817e-02 (4.4622e-02)	Acc@1 100.00 ( 98.29)	Acc@5 100.00 (100.00)
Test: [30/50]	Time  0.038 ( 0.045)	Loss 8.8230e-03 (3.9938e-02)	Acc@1 100.00 ( 98.49)	Acc@5 100.00 (100.00)
Test: [40/50]	Time  0.038 ( 0.043)	Loss 2.9563e-02 (3.4124e-02)	Acc@1  98.44 ( 98.82)	Acc@5 100.00 (100.00)
 * Acc@1 98.953 Acc@5 100.000
Epoch: [35][  0/115]	Time  0.268 ( 0.268)	Data  0.213 ( 0.213)	Loss 2.6454e-02 (2.6454e-02)	Acc@1 100.00 (100.00)	Acc@5 100.00 (100.00)
Epoch: [35][ 10/115]	Time  0.132 ( 0.142)	Data  0.000 ( 0.026)	Loss 7.9357e-02 (5.3467e-02)	Acc@1  96.88 ( 98.15)	Acc@5 100.00 (100.00)
Epoch: [35][ 20/115]	Time  0.135 ( 0.136)	Data  0.000 ( 0.017)	Loss 7.5029e-02 (7.3687e-02)	Acc@1  95.31 ( 97.54)	Acc@5 100.00 (100.00)
Epoch: [35][ 30/115]	Time  0.126 ( 0.134)	Data  0.000 ( 0.014)	Loss 2.3079e-02 (7.5339e-02)	Acc@1 100.00 ( 97.53)	Acc@5 100.00 (100.00)
Epoch: [35][ 40/115]	Time  0.128 ( 0.132)	Data  0.000 ( 0.012)	Loss 2.2894e-02 (8.3627e-02)	Acc@1 100.00 ( 97.33)	Acc@5 100.00 (100.00)
Epoch: [35][ 50/115]	Time  0.128 ( 0.132)	Data  0.000 ( 0.011)	Loss 8.5182e-02 (7.9725e-02)	Acc@1  98.44 ( 97.46)	Acc@5 100.00 (100.00)
Epoch: [35][ 60/115]	Time  0.129 ( 0.131)	Data  0.000 ( 0.010)	Loss 6.9888e-02 (7.8937e-02)	Acc@1  98.44 ( 97.44)	Acc@5 100.00 (100.00)
Epoch: [35][ 70/115]	Time  0.126 ( 0.131)	Data  0.000 ( 0.010)	Loss 6.2427e-02 (7.3602e-02)	Acc@1  98.44 ( 97.62)	Acc@5 100.00 (100.00)
Epoch: [35][ 80/115]	Time  0.132 ( 0.131)	Data  0.000 ( 0.010)	Loss 1.7787e-02 (7.6425e-02)	Acc@1 100.00 ( 97.55)	Acc@5 100.00 (100.00)
Epoch: [35][ 90/115]	Time  0.129 ( 0.131)	Data  0.000 ( 0.009)	Loss 1.0462e-01 (7.7699e-02)	Acc@1  96.88 ( 97.53)	Acc@5 100.00 (100.00)
Epoch: [35][100/115]	Time  0.131 ( 0.130)	Data  0.000 ( 0.009)	Loss 1.0542e-01 (7.5848e-02)	Acc@1  95.31 ( 97.56)	Acc@5 100.00 (100.00)
Epoch: [35][110/115]	Time  0.126 ( 0.130)	Data  0.000 ( 0.009)	Loss 2.1781e-02 (7.7026e-02)	Acc@1 100.00 ( 97.56)	Acc@5 100.00 (100.00)
Test: [ 0/50]	Time  0.276 ( 0.276)	Loss 9.7975e-02 (9.7975e-02)	Acc@1  98.44 ( 98.44)	Acc@5 100.00 (100.00)
Test: [10/50]	Time  0.037 ( 0.059)	Loss 3.9214e-02 (6.8972e-02)	Acc@1  96.88 ( 97.02)	Acc@5 100.00 (100.00)
Test: [20/50]	Time  0.038 ( 0.049)	Loss 2.1767e-02 (4.9481e-02)	Acc@1  98.44 ( 97.84)	Acc@5 100.00 (100.00)
Test: [30/50]	Time  0.038 ( 0.045)	Loss 7.7887e-03 (4.3833e-02)	Acc@1 100.00 ( 98.19)	Acc@5 100.00 (100.00)
Test: [40/50]	Time  0.038 ( 0.044)	Loss 3.2115e-02 (3.6769e-02)	Acc@1  98.44 ( 98.55)	Acc@5 100.00 (100.00)
 * Acc@1 98.731 Acc@5 100.000
Epoch: [36][  0/115]	Time  0.277 ( 0.277)	Data  0.221 ( 0.221)	Loss 1.2048e-01 (1.2048e-01)	Acc@1  95.31 ( 95.31)	Acc@5 100.00 (100.00)
Epoch: [36][ 10/115]	Time  0.133 ( 0.143)	Data  0.000 ( 0.027)	Loss 6.9419e-02 (7.9152e-02)	Acc@1  98.44 ( 97.30)	Acc@5 100.00 (100.00)
Epoch: [36][ 20/115]	Time  0.129 ( 0.136)	Data  0.000 ( 0.017)	Loss 2.8528e-02 (7.1772e-02)	Acc@1 100.00 ( 97.69)	Acc@5 100.00 (100.00)
Epoch: [36][ 30/115]	Time  0.129 ( 0.134)	Data  0.000 ( 0.014)	Loss 1.1265e-01 (7.6201e-02)	Acc@1  96.88 ( 97.28)	Acc@5 100.00 (100.00)
Epoch: [36][ 40/115]	Time  0.131 ( 0.133)	Data  0.000 ( 0.012)	Loss 2.1233e-02 (7.3749e-02)	Acc@1 100.00 ( 97.41)	Acc@5 100.00 (100.00)
Epoch: [36][ 50/115]	Time  0.132 ( 0.132)	Data  0.000 ( 0.011)	Loss 1.2887e-01 (7.4900e-02)	Acc@1  95.31 ( 97.30)	Acc@5 100.00 (100.00)
Epoch: [36][ 60/115]	Time  0.131 ( 0.132)	Data  0.000 ( 0.011)	Loss 7.0927e-02 (8.1448e-02)	Acc@1  98.44 ( 96.93)	Acc@5 100.00 (100.00)
Epoch: [36][ 70/115]	Time  0.126 ( 0.131)	Data  0.000 ( 0.010)	Loss 1.2722e-01 (8.1382e-02)	Acc@1  93.75 ( 96.90)	Acc@5 100.00 (100.00)
Epoch: [36][ 80/115]	Time  0.136 ( 0.131)	Data  0.000 ( 0.010)	Loss 7.1052e-02 (8.0516e-02)	Acc@1  98.44 ( 96.88)	Acc@5 100.00 (100.00)
Epoch: [36][ 90/115]	Time  0.132 ( 0.131)	Data  0.000 ( 0.009)	Loss 3.1370e-02 (8.0000e-02)	Acc@1 100.00 ( 96.91)	Acc@5 100.00 (100.00)
Epoch: [36][100/115]	Time  0.127 ( 0.131)	Data  0.000 ( 0.009)	Loss 7.3011e-02 (8.1890e-02)	Acc@1  96.88 ( 96.88)	Acc@5 100.00 (100.00)
Epoch: [36][110/115]	Time  0.129 ( 0.130)	Data  0.000 ( 0.009)	Loss 5.0399e-02 (8.0599e-02)	Acc@1  98.44 ( 96.93)	Acc@5 100.00 (100.00)
Test: [ 0/50]	Time  0.257 ( 0.257)	Loss 7.1380e-02 (7.1380e-02)	Acc@1  98.44 ( 98.44)	Acc@5 100.00 (100.00)
Test: [10/50]	Time  0.038 ( 0.056)	Loss 2.4442e-02 (5.5054e-02)	Acc@1  98.44 ( 97.87)	Acc@5 100.00 (100.00)
Test: [20/50]	Time  0.038 ( 0.048)	Loss 1.4947e-02 (3.8349e-02)	Acc@1  98.44 ( 98.51)	Acc@5 100.00 (100.00)
Test: [30/50]	Time  0.038 ( 0.045)	Loss 9.6838e-03 (3.5003e-02)	Acc@1 100.00 ( 98.69)	Acc@5 100.00 (100.00)
Test: [40/50]	Time  0.038 ( 0.043)	Loss 3.3743e-02 (3.0923e-02)	Acc@1  98.44 ( 98.97)	Acc@5 100.00 (100.00)
 * Acc@1 99.080 Acc@5 100.000
Epoch: [37][  0/115]	Time  0.264 ( 0.264)	Data  0.209 ( 0.209)	Loss 3.4420e-02 (3.4420e-02)	Acc@1 100.00 (100.00)	Acc@5 100.00 (100.00)
Epoch: [37][ 10/115]	Time  0.130 ( 0.141)	Data  0.000 ( 0.026)	Loss 1.8905e-02 (7.8879e-02)	Acc@1 100.00 ( 96.88)	Acc@5 100.00 (100.00)
Epoch: [37][ 20/115]	Time  0.129 ( 0.135)	Data  0.000 ( 0.017)	Loss 5.7001e-02 (7.7955e-02)	Acc@1  98.44 ( 97.02)	Acc@5 100.00 (100.00)
Epoch: [37][ 30/115]	Time  0.129 ( 0.134)	Data  0.000 ( 0.014)	Loss 6.0706e-02 (8.1189e-02)	Acc@1  98.44 ( 97.08)	Acc@5 100.00 (100.00)
Epoch: [37][ 40/115]	Time  0.130 ( 0.132)	Data  0.000 ( 0.012)	Loss 8.8567e-02 (8.4392e-02)	Acc@1  96.88 ( 96.88)	Acc@5 100.00 (100.00)
Epoch: [37][ 50/115]	Time  0.125 ( 0.132)	Data  0.000 ( 0.011)	Loss 2.0034e-02 (8.3676e-02)	Acc@1 100.00 ( 97.00)	Acc@5 100.00 (100.00)
Epoch: [37][ 60/115]	Time  0.130 ( 0.131)	Data  0.000 ( 0.011)	Loss 1.0191e-01 (8.6261e-02)	Acc@1  95.31 ( 96.93)	Acc@5 100.00 (100.00)
Epoch: [37][ 70/115]	Time  0.129 ( 0.131)	Data  0.000 ( 0.010)	Loss 1.1035e-01 (8.3889e-02)	Acc@1  96.88 ( 96.99)	Acc@5 100.00 (100.00)
Epoch: [37][ 80/115]	Time  0.131 ( 0.131)	Data  0.000 ( 0.010)	Loss 6.2497e-02 (8.4198e-02)	Acc@1  96.88 ( 97.01)	Acc@5 100.00 (100.00)
Epoch: [37][ 90/115]	Time  0.129 ( 0.131)	Data  0.000 ( 0.009)	Loss 1.1674e-01 (8.2772e-02)	Acc@1  95.31 ( 97.06)	Acc@5 100.00 (100.00)
Epoch: [37][100/115]	Time  0.131 ( 0.131)	Data  0.000 ( 0.009)	Loss 5.9630e-02 (8.2333e-02)	Acc@1  98.44 ( 97.14)	Acc@5 100.00 (100.00)
Epoch: [37][110/115]	Time  0.130 ( 0.130)	Data  0.000 ( 0.009)	Loss 1.0928e-01 (8.3921e-02)	Acc@1  95.31 ( 97.03)	Acc@5 100.00 (100.00)
Test: [ 0/50]	Time  0.254 ( 0.254)	Loss 7.7683e-02 (7.7683e-02)	Acc@1  98.44 ( 98.44)	Acc@5 100.00 (100.00)
Test: [10/50]	Time  0.037 ( 0.057)	Loss 2.8914e-02 (5.5876e-02)	Acc@1  98.44 ( 97.44)	Acc@5 100.00 (100.00)
Test: [20/50]	Time  0.041 ( 0.048)	Loss 1.6411e-02 (3.9298e-02)	Acc@1  98.44 ( 98.21)	Acc@5 100.00 (100.00)
Test: [30/50]	Time  0.037 ( 0.045)	Loss 1.0542e-02 (3.6157e-02)	Acc@1 100.00 ( 98.39)	Acc@5 100.00 (100.00)
Test: [40/50]	Time  0.038 ( 0.043)	Loss 4.2099e-02 (3.2125e-02)	Acc@1  98.44 ( 98.70)	Acc@5 100.00 (100.00)
 * Acc@1 98.858 Acc@5 100.000
Epoch: [38][  0/115]	Time  0.264 ( 0.264)	Data  0.209 ( 0.209)	Loss 8.6723e-02 (8.6723e-02)	Acc@1  93.75 ( 93.75)	Acc@5 100.00 (100.00)
Epoch: [38][ 10/115]	Time  0.127 ( 0.141)	Data  0.000 ( 0.025)	Loss 6.1718e-02 (7.3278e-02)	Acc@1  98.44 ( 97.59)	Acc@5 100.00 (100.00)
Epoch: [38][ 20/115]	Time  0.126 ( 0.135)	Data  0.000 ( 0.017)	Loss 1.8531e-02 (6.7336e-02)	Acc@1 100.00 ( 97.77)	Acc@5 100.00 (100.00)
Epoch: [38][ 30/115]	Time  0.132 ( 0.133)	Data  0.000 ( 0.014)	Loss 5.3840e-02 (7.7098e-02)	Acc@1  98.44 ( 97.18)	Acc@5 100.00 (100.00)
Epoch: [38][ 40/115]	Time  0.129 ( 0.132)	Data  0.000 ( 0.012)	Loss 1.6076e-01 (7.9494e-02)	Acc@1  93.75 ( 97.18)	Acc@5 100.00 (100.00)
Epoch: [38][ 50/115]	Time  0.127 ( 0.131)	Data  0.000 ( 0.011)	Loss 7.9689e-02 (7.8763e-02)	Acc@1  96.88 ( 97.24)	Acc@5 100.00 (100.00)
Epoch: [38][ 60/115]	Time  0.127 ( 0.131)	Data  0.000 ( 0.010)	Loss 3.4067e-02 (8.0213e-02)	Acc@1 100.00 ( 97.16)	Acc@5 100.00 (100.00)
Epoch: [38][ 70/115]	Time  0.133 ( 0.131)	Data  0.000 ( 0.010)	Loss 6.7028e-02 (7.9519e-02)	Acc@1  98.44 ( 97.12)	Acc@5 100.00 (100.00)
Epoch: [38][ 80/115]	Time  0.128 ( 0.130)	Data  0.000 ( 0.010)	Loss 5.9468e-02 (8.2165e-02)	Acc@1  98.44 ( 97.09)	Acc@5 100.00 (100.00)
Epoch: [38][ 90/115]	Time  0.129 ( 0.130)	Data  0.000 ( 0.009)	Loss 5.2220e-02 (8.1588e-02)	Acc@1  98.44 ( 97.12)	Acc@5 100.00 (100.00)
Epoch: [38][100/115]	Time  0.128 ( 0.130)	Data  0.000 ( 0.009)	Loss 6.4528e-02 (8.0174e-02)	Acc@1  95.31 ( 97.11)	Acc@5 100.00 (100.00)
Epoch: [38][110/115]	Time  0.129 ( 0.130)	Data  0.000 ( 0.009)	Loss 1.4941e-01 (8.0356e-02)	Acc@1  92.19 ( 97.07)	Acc@5 100.00 (100.00)
Test: [ 0/50]	Time  0.267 ( 0.267)	Loss 7.4142e-02 (7.4142e-02)	Acc@1  98.44 ( 98.44)	Acc@5 100.00 (100.00)
Test: [10/50]	Time  0.038 ( 0.057)	Loss 2.3410e-02 (4.6877e-02)	Acc@1  98.44 ( 98.44)	Acc@5 100.00 (100.00)
Test: [20/50]	Time  0.038 ( 0.048)	Loss 1.1787e-02 (3.1646e-02)	Acc@1 100.00 ( 98.96)	Acc@5 100.00 (100.00)
Test: [30/50]	Time  0.038 ( 0.045)	Loss 1.4690e-02 (2.9890e-02)	Acc@1 100.00 ( 98.99)	Acc@5 100.00 (100.00)
Test: [40/50]	Time  0.038 ( 0.043)	Loss 4.8691e-02 (2.9122e-02)	Acc@1  98.44 ( 99.12)	Acc@5 100.00 (100.00)
 * Acc@1 99.112 Acc@5 100.000
Epoch: [39][  0/115]	Time  0.281 ( 0.281)	Data  0.226 ( 0.226)	Loss 2.6453e-02 (2.6453e-02)	Acc@1 100.00 (100.00)	Acc@5 100.00 (100.00)
Epoch: [39][ 10/115]	Time  0.131 ( 0.143)	Data  0.000 ( 0.027)	Loss 5.5918e-02 (8.0915e-02)	Acc@1  98.44 ( 96.31)	Acc@5 100.00 (100.00)
Epoch: [39][ 20/115]	Time  0.129 ( 0.136)	Data  0.000 ( 0.018)	Loss 7.8012e-02 (7.5053e-02)	Acc@1  96.88 ( 97.02)	Acc@5 100.00 (100.00)
Epoch: [39][ 30/115]	Time  0.129 ( 0.134)	Data  0.000 ( 0.014)	Loss 1.0551e-01 (7.6712e-02)	Acc@1  96.88 ( 97.18)	Acc@5 100.00 (100.00)
Epoch: [39][ 40/115]	Time  0.131 ( 0.133)	Data  0.000 ( 0.013)	Loss 8.9886e-02 (7.6585e-02)	Acc@1  95.31 ( 97.10)	Acc@5 100.00 (100.00)
Epoch: [39][ 50/115]	Time  0.128 ( 0.132)	Data  0.000 ( 0.012)	Loss 3.2915e-02 (7.6771e-02)	Acc@1 100.00 ( 97.18)	Acc@5 100.00 (100.00)
Epoch: [39][ 60/115]	Time  0.120 ( 0.132)	Data  0.000 ( 0.011)	Loss 4.5549e-02 (7.9248e-02)	Acc@1  98.44 ( 97.11)	Acc@5 100.00 (100.00)
Epoch: [39][ 70/115]	Time  0.126 ( 0.131)	Data  0.000 ( 0.010)	Loss 3.6066e-02 (7.6712e-02)	Acc@1 100.00 ( 97.25)	Acc@5 100.00 (100.00)
Epoch: [39][ 80/115]	Time  0.131 ( 0.131)	Data  0.000 ( 0.010)	Loss 3.9659e-02 (7.6817e-02)	Acc@1  98.44 ( 97.22)	Acc@5 100.00 (100.00)
Epoch: [39][ 90/115]	Time  0.128 ( 0.131)	Data  0.000 ( 0.010)	Loss 7.8489e-02 (7.7522e-02)	Acc@1  96.88 ( 97.24)	Acc@5 100.00 (100.00)
Epoch: [39][100/115]	Time  0.132 ( 0.131)	Data  0.000 ( 0.009)	Loss 6.9897e-02 (7.8187e-02)	Acc@1  98.44 ( 97.22)	Acc@5 100.00 (100.00)
Epoch: [39][110/115]	Time  0.127 ( 0.131)	Data  0.000 ( 0.009)	Loss 2.4749e-02 (8.1378e-02)	Acc@1 100.00 ( 97.04)	Acc@5 100.00 (100.00)
Test: [ 0/50]	Time  0.257 ( 0.257)	Loss 6.8657e-02 (6.8657e-02)	Acc@1  98.44 ( 98.44)	Acc@5 100.00 (100.00)
Test: [10/50]	Time  0.037 ( 0.057)	Loss 2.6274e-02 (5.1326e-02)	Acc@1  96.88 ( 98.30)	Acc@5 100.00 (100.00)
Test: [20/50]	Time  0.038 ( 0.048)	Loss 1.2150e-02 (3.5580e-02)	Acc@1 100.00 ( 98.88)	Acc@5 100.00 (100.00)
Test: [30/50]	Time  0.038 ( 0.045)	Loss 1.1162e-02 (3.2602e-02)	Acc@1 100.00 ( 98.94)	Acc@5 100.00 (100.00)
Test: [40/50]	Time  0.038 ( 0.043)	Loss 3.0054e-02 (2.9341e-02)	Acc@1  98.44 ( 99.12)	Acc@5 100.00 (100.00)
 * Acc@1 99.207 Acc@5 100.000
Epoch: [40][  0/115]	Time  0.291 ( 0.291)	Data  0.228 ( 0.228)	Loss 5.3154e-02 (5.3154e-02)	Acc@1  98.44 ( 98.44)	Acc@5 100.00 (100.00)
Epoch: [40][ 10/115]	Time  0.134 ( 0.143)	Data  0.000 ( 0.027)	Loss 5.6865e-02 (6.8157e-02)	Acc@1  96.88 ( 98.44)	Acc@5 100.00 (100.00)
Epoch: [40][ 20/115]	Time  0.130 ( 0.137)	Data  0.000 ( 0.017)	Loss 3.9274e-02 (7.2021e-02)	Acc@1  98.44 ( 97.62)	Acc@5 100.00 (100.00)
Epoch: [40][ 30/115]	Time  0.129 ( 0.134)	Data  0.000 ( 0.014)	Loss 1.1510e-01 (7.9242e-02)	Acc@1  95.31 ( 97.18)	Acc@5 100.00 (100.00)
Epoch: [40][ 40/115]	Time  0.128 ( 0.133)	Data  0.000 ( 0.012)	Loss 4.4037e-02 (7.9979e-02)	Acc@1  98.44 ( 97.10)	Acc@5 100.00 (100.00)
Epoch: [40][ 50/115]	Time  0.132 ( 0.132)	Data  0.000 ( 0.011)	Loss 5.7986e-02 (8.0692e-02)	Acc@1  96.88 ( 97.09)	Acc@5 100.00 (100.00)
Epoch: [40][ 60/115]	Time  0.129 ( 0.132)	Data  0.000 ( 0.011)	Loss 3.4869e-02 (7.6252e-02)	Acc@1  98.44 ( 97.31)	Acc@5 100.00 (100.00)
Epoch: [40][ 70/115]	Time  0.129 ( 0.131)	Data  0.000 ( 0.010)	Loss 3.2935e-02 (7.4357e-02)	Acc@1 100.00 ( 97.49)	Acc@5 100.00 (100.00)
Epoch: [40][ 80/115]	Time  0.128 ( 0.131)	Data  0.000 ( 0.010)	Loss 1.8465e-01 (7.4883e-02)	Acc@1  93.75 ( 97.42)	Acc@5 100.00 (100.00)
Epoch: [40][ 90/115]	Time  0.120 ( 0.131)	Data  0.000 ( 0.009)	Loss 9.7822e-02 (7.4358e-02)	Acc@1  96.88 ( 97.41)	Acc@5 100.00 (100.00)
Epoch: [40][100/115]	Time  0.128 ( 0.131)	Data  0.000 ( 0.009)	Loss 1.2800e-01 (7.4699e-02)	Acc@1  92.19 ( 97.35)	Acc@5 100.00 (100.00)
Epoch: [40][110/115]	Time  0.130 ( 0.131)	Data  0.000 ( 0.009)	Loss 6.9681e-02 (7.3452e-02)	Acc@1  96.88 ( 97.41)	Acc@5 100.00 (100.00)
Test: [ 0/50]	Time  0.255 ( 0.255)	Loss 6.4111e-02 (6.4111e-02)	Acc@1  98.44 ( 98.44)	Acc@5 100.00 (100.00)
Test: [10/50]	Time  0.037 ( 0.057)	Loss 2.3162e-02 (4.7072e-02)	Acc@1  98.44 ( 98.72)	Acc@5 100.00 (100.00)
Test: [20/50]	Time  0.046 ( 0.048)	Loss 9.0393e-03 (3.2018e-02)	Acc@1 100.00 ( 99.11)	Acc@5 100.00 (100.00)
Test: [30/50]	Time  0.037 ( 0.045)	Loss 1.2333e-02 (3.0054e-02)	Acc@1 100.00 ( 99.09)	Acc@5 100.00 (100.00)
Test: [40/50]	Time  0.038 ( 0.043)	Loss 4.2486e-02 (2.7999e-02)	Acc@1  98.44 ( 99.28)	Acc@5 100.00 (100.00)
 * Acc@1 99.334 Acc@5 100.000
Epoch: [41][  0/115]	Time  0.268 ( 0.268)	Data  0.206 ( 0.206)	Loss 7.4396e-02 (7.4396e-02)	Acc@1  96.88 ( 96.88)	Acc@5 100.00 (100.00)
Epoch: [41][ 10/115]	Time  0.124 ( 0.141)	Data  0.000 ( 0.025)	Loss 1.4105e-01 (9.8164e-02)	Acc@1  95.31 ( 96.31)	Acc@5 100.00 (100.00)
Epoch: [41][ 20/115]	Time  0.133 ( 0.135)	Data  0.000 ( 0.016)	Loss 1.2102e-01 (8.7962e-02)	Acc@1  95.31 ( 96.88)	Acc@5 100.00 (100.00)
Epoch: [41][ 30/115]	Time  0.127 ( 0.133)	Data  0.000 ( 0.013)	Loss 1.0203e-01 (8.0378e-02)	Acc@1  93.75 ( 97.03)	Acc@5 100.00 (100.00)
Epoch: [41][ 40/115]	Time  0.132 ( 0.132)	Data  0.000 ( 0.012)	Loss 6.6651e-02 (8.0642e-02)	Acc@1  96.88 ( 97.07)	Acc@5 100.00 (100.00)
Epoch: [41][ 50/115]	Time  0.128 ( 0.132)	Data  0.000 ( 0.011)	Loss 1.2782e-01 (8.5998e-02)	Acc@1  95.31 ( 96.69)	Acc@5 100.00 (100.00)
Epoch: [41][ 60/115]	Time  0.130 ( 0.131)	Data  0.000 ( 0.010)	Loss 3.9546e-02 (8.2842e-02)	Acc@1  98.44 ( 96.85)	Acc@5 100.00 (100.00)
Epoch: [41][ 70/115]	Time  0.129 ( 0.131)	Data  0.000 ( 0.010)	Loss 1.4133e-01 (8.2631e-02)	Acc@1  95.31 ( 96.81)	Acc@5 100.00 (100.00)
Epoch: [41][ 80/115]	Time  0.130 ( 0.131)	Data  0.000 ( 0.009)	Loss 1.2346e-01 (8.1786e-02)	Acc@1  96.88 ( 96.86)	Acc@5 100.00 (100.00)
Epoch: [41][ 90/115]	Time  0.127 ( 0.131)	Data  0.000 ( 0.009)	Loss 1.7935e-01 (8.1681e-02)	Acc@1  93.75 ( 96.88)	Acc@5 100.00 (100.00)
Epoch: [41][100/115]	Time  0.132 ( 0.131)	Data  0.000 ( 0.009)	Loss 1.3659e-02 (8.0912e-02)	Acc@1 100.00 ( 96.92)	Acc@5 100.00 (100.00)
Epoch: [41][110/115]	Time  0.130 ( 0.130)	Data  0.000 ( 0.009)	Loss 1.3116e-01 (7.9790e-02)	Acc@1  96.88 ( 97.02)	Acc@5 100.00 (100.00)
Test: [ 0/50]	Time  0.262 ( 0.262)	Loss 6.9905e-02 (6.9905e-02)	Acc@1  98.44 ( 98.44)	Acc@5 100.00 (100.00)
Test: [10/50]	Time  0.037 ( 0.057)	Loss 2.9373e-02 (4.9094e-02)	Acc@1  98.44 ( 98.15)	Acc@5 100.00 (100.00)
Test: [20/50]	Time  0.038 ( 0.048)	Loss 1.0000e-02 (3.3695e-02)	Acc@1 100.00 ( 98.81)	Acc@5 100.00 (100.00)
Test: [30/50]	Time  0.038 ( 0.045)	Loss 1.1195e-02 (3.1738e-02)	Acc@1 100.00 ( 98.84)	Acc@5 100.00 (100.00)
Test: [40/50]	Time  0.038 ( 0.043)	Loss 3.7361e-02 (2.9461e-02)	Acc@1  98.44 ( 99.05)	Acc@5 100.00 (100.00)
 * Acc@1 99.112 Acc@5 100.000
Epoch: [42][  0/115]	Time  0.253 ( 0.253)	Data  0.200 ( 0.200)	Loss 5.6505e-02 (5.6505e-02)	Acc@1  98.44 ( 98.44)	Acc@5 100.00 (100.00)
Epoch: [42][ 10/115]	Time  0.122 ( 0.139)	Data  0.000 ( 0.024)	Loss 5.0098e-02 (8.7061e-02)	Acc@1  98.44 ( 97.30)	Acc@5 100.00 (100.00)
Epoch: [42][ 20/115]	Time  0.122 ( 0.134)	Data  0.000 ( 0.016)	Loss 9.8786e-02 (8.9517e-02)	Acc@1  95.31 ( 96.65)	Acc@5 100.00 (100.00)
Epoch: [42][ 30/115]	Time  0.131 ( 0.133)	Data  0.000 ( 0.013)	Loss 8.0642e-02 (8.2699e-02)	Acc@1  96.88 ( 96.93)	Acc@5 100.00 (100.00)
Epoch: [42][ 40/115]	Time  0.129 ( 0.132)	Data  0.000 ( 0.012)	Loss 7.1824e-02 (7.9806e-02)	Acc@1  96.88 ( 97.10)	Acc@5 100.00 (100.00)
Epoch: [42][ 50/115]	Time  0.132 ( 0.131)	Data  0.000 ( 0.011)	Loss 9.5926e-02 (7.6674e-02)	Acc@1  95.31 ( 97.15)	Acc@5 100.00 (100.00)
Epoch: [42][ 60/115]	Time  0.129 ( 0.131)	Data  0.000 ( 0.010)	Loss 1.7524e-01 (7.7259e-02)	Acc@1  89.06 ( 97.05)	Acc@5 100.00 (100.00)
Epoch: [42][ 70/115]	Time  0.131 ( 0.130)	Data  0.000 ( 0.010)	Loss 8.4084e-02 (7.5760e-02)	Acc@1  98.44 ( 97.14)	Acc@5 100.00 (100.00)
Epoch: [42][ 80/115]	Time  0.131 ( 0.130)	Data  0.000 ( 0.009)	Loss 8.3010e-02 (7.8866e-02)	Acc@1  98.44 ( 97.03)	Acc@5 100.00 (100.00)
Epoch: [42][ 90/115]	Time  0.128 ( 0.130)	Data  0.000 ( 0.009)	Loss 2.2382e-02 (7.7695e-02)	Acc@1 100.00 ( 97.13)	Acc@5 100.00 (100.00)
Epoch: [42][100/115]	Time  0.127 ( 0.129)	Data  0.000 ( 0.009)	Loss 1.1830e-01 (7.5322e-02)	Acc@1  95.31 ( 97.23)	Acc@5 100.00 (100.00)
Epoch: [42][110/115]	Time  0.124 ( 0.129)	Data  0.000 ( 0.009)	Loss 9.2383e-02 (7.6404e-02)	Acc@1  96.88 ( 97.18)	Acc@5 100.00 (100.00)
Test: [ 0/50]	Time  0.255 ( 0.255)	Loss 6.4189e-02 (6.4189e-02)	Acc@1  98.44 ( 98.44)	Acc@5 100.00 (100.00)
Test: [10/50]	Time  0.037 ( 0.057)	Loss 2.7526e-02 (4.4523e-02)	Acc@1  98.44 ( 98.44)	Acc@5 100.00 (100.00)
Test: [20/50]	Time  0.038 ( 0.048)	Loss 9.8940e-03 (3.0028e-02)	Acc@1 100.00 ( 98.88)	Acc@5 100.00 (100.00)
Test: [30/50]	Time  0.038 ( 0.045)	Loss 1.2212e-02 (2.8602e-02)	Acc@1 100.00 ( 98.89)	Acc@5 100.00 (100.00)
Test: [40/50]	Time  0.038 ( 0.043)	Loss 4.0802e-02 (2.8524e-02)	Acc@1  98.44 ( 98.97)	Acc@5 100.00 (100.00)
 * Acc@1 99.017 Acc@5 100.000
Epoch: [43][  0/115]	Time  0.277 ( 0.277)	Data  0.216 ( 0.216)	Loss 6.8345e-02 (6.8345e-02)	Acc@1  98.44 ( 98.44)	Acc@5 100.00 (100.00)
Epoch: [43][ 10/115]	Time  0.130 ( 0.142)	Data  0.000 ( 0.026)	Loss 3.5731e-02 (8.4741e-02)	Acc@1  98.44 ( 96.73)	Acc@5 100.00 (100.00)
Epoch: [43][ 20/115]	Time  0.130 ( 0.136)	Data  0.000 ( 0.017)	Loss 1.8064e-01 (9.2444e-02)	Acc@1  95.31 ( 96.58)	Acc@5 100.00 (100.00)
Epoch: [43][ 30/115]	Time  0.126 ( 0.134)	Data  0.000 ( 0.014)	Loss 6.5668e-02 (8.3145e-02)	Acc@1  98.44 ( 96.93)	Acc@5 100.00 (100.00)
Epoch: [43][ 40/115]	Time  0.133 ( 0.133)	Data  0.000 ( 0.012)	Loss 2.3963e-02 (8.2014e-02)	Acc@1 100.00 ( 96.84)	Acc@5 100.00 (100.00)
Epoch: [43][ 50/115]	Time  0.129 ( 0.132)	Data  0.000 ( 0.011)	Loss 9.8220e-02 (8.1614e-02)	Acc@1  95.31 ( 96.88)	Acc@5 100.00 (100.00)
Epoch: [43][ 60/115]	Time  0.130 ( 0.132)	Data  0.000 ( 0.010)	Loss 7.1718e-02 (8.3038e-02)	Acc@1  98.44 ( 96.95)	Acc@5 100.00 (100.00)
Epoch: [43][ 70/115]	Time  0.130 ( 0.131)	Data  0.000 ( 0.010)	Loss 4.6407e-02 (7.9123e-02)	Acc@1  98.44 ( 97.12)	Acc@5 100.00 (100.00)
Epoch: [43][ 80/115]	Time  0.137 ( 0.131)	Data  0.000 ( 0.010)	Loss 7.3518e-02 (7.8061e-02)	Acc@1  95.31 ( 97.16)	Acc@5 100.00 (100.00)
Epoch: [43][ 90/115]	Time  0.129 ( 0.131)	Data  0.000 ( 0.009)	Loss 5.7611e-02 (7.7591e-02)	Acc@1  98.44 ( 97.15)	Acc@5 100.00 (100.00)
Epoch: [43][100/115]	Time  0.127 ( 0.131)	Data  0.000 ( 0.009)	Loss 6.4707e-02 (7.6863e-02)	Acc@1 100.00 ( 97.15)	Acc@5 100.00 (100.00)
Epoch: [43][110/115]	Time  0.126 ( 0.130)	Data  0.000 ( 0.009)	Loss 1.0207e-01 (7.4993e-02)	Acc@1  95.31 ( 97.23)	Acc@5 100.00 (100.00)
Test: [ 0/50]	Time  0.261 ( 0.261)	Loss 5.0851e-02 (5.0851e-02)	Acc@1  98.44 ( 98.44)	Acc@5 100.00 (100.00)
Test: [10/50]	Time  0.036 ( 0.057)	Loss 2.8827e-02 (4.5068e-02)	Acc@1  98.44 ( 98.44)	Acc@5 100.00 (100.00)
Test: [20/50]	Time  0.038 ( 0.048)	Loss 7.1613e-03 (3.0525e-02)	Acc@1 100.00 ( 98.96)	Acc@5 100.00 (100.00)
Test: [30/50]	Time  0.038 ( 0.045)	Loss 1.2316e-02 (2.9025e-02)	Acc@1 100.00 ( 98.94)	Acc@5 100.00 (100.00)
Test: [40/50]	Time  0.038 ( 0.043)	Loss 3.1557e-02 (2.8262e-02)	Acc@1  98.44 ( 99.01)	Acc@5 100.00 (100.00)
 * Acc@1 99.112 Acc@5 100.000
Epoch: [44][  0/115]	Time  0.273 ( 0.273)	Data  0.210 ( 0.210)	Loss 8.2151e-02 (8.2151e-02)	Acc@1  96.88 ( 96.88)	Acc@5 100.00 (100.00)
Epoch: [44][ 10/115]	Time  0.131 ( 0.141)	Data  0.000 ( 0.025)	Loss 9.4378e-02 (9.2431e-02)	Acc@1  95.31 ( 96.45)	Acc@5 100.00 (100.00)
Epoch: [44][ 20/115]	Time  0.123 ( 0.135)	Data  0.000 ( 0.017)	Loss 3.9993e-02 (8.1362e-02)	Acc@1  98.44 ( 96.95)	Acc@5 100.00 (100.00)
Epoch: [44][ 30/115]	Time  0.130 ( 0.133)	Data  0.000 ( 0.013)	Loss 7.6271e-02 (8.8927e-02)	Acc@1  96.88 ( 96.67)	Acc@5 100.00 (100.00)
Epoch: [44][ 40/115]	Time  0.127 ( 0.132)	Data  0.000 ( 0.012)	Loss 6.8899e-02 (8.9236e-02)	Acc@1  95.31 ( 96.68)	Acc@5 100.00 (100.00)
Epoch: [44][ 50/115]	Time  0.128 ( 0.131)	Data  0.000 ( 0.011)	Loss 2.4150e-02 (8.9762e-02)	Acc@1 100.00 ( 96.63)	Acc@5 100.00 (100.00)
Epoch: [44][ 60/115]	Time  0.129 ( 0.131)	Data  0.000 ( 0.010)	Loss 4.5061e-02 (8.4136e-02)	Acc@1  98.44 ( 96.87)	Acc@5 100.00 (100.00)
Epoch: [44][ 70/115]	Time  0.135 ( 0.131)	Data  0.000 ( 0.010)	Loss 1.8437e-01 (9.0730e-02)	Acc@1  95.31 ( 96.59)	Acc@5 100.00 (100.00)
Epoch: [44][ 80/115]	Time  0.129 ( 0.131)	Data  0.000 ( 0.010)	Loss 1.1621e-01 (9.1583e-02)	Acc@1  96.88 ( 96.55)	Acc@5 100.00 (100.00)
Epoch: [44][ 90/115]	Time  0.132 ( 0.131)	Data  0.000 ( 0.009)	Loss 9.0341e-02 (9.1050e-02)	Acc@1  96.88 ( 96.53)	Acc@5 100.00 (100.00)
Epoch: [44][100/115]	Time  0.128 ( 0.130)	Data  0.000 ( 0.009)	Loss 1.1541e-01 (8.9622e-02)	Acc@1  98.44 ( 96.60)	Acc@5 100.00 (100.00)
Epoch: [44][110/115]	Time  0.124 ( 0.130)	Data  0.000 ( 0.009)	Loss 1.4774e-01 (8.8789e-02)	Acc@1  96.88 ( 96.72)	Acc@5 100.00 (100.00)
Test: [ 0/50]	Time  0.270 ( 0.270)	Loss 6.1920e-02 (6.1920e-02)	Acc@1  98.44 ( 98.44)	Acc@5 100.00 (100.00)
Test: [10/50]	Time  0.037 ( 0.058)	Loss 1.8791e-02 (4.6818e-02)	Acc@1 100.00 ( 98.58)	Acc@5 100.00 (100.00)
Test: [20/50]	Time  0.046 ( 0.049)	Loss 9.6818e-03 (3.1980e-02)	Acc@1 100.00 ( 98.96)	Acc@5 100.00 (100.00)
Test: [30/50]	Time  0.037 ( 0.045)	Loss 1.1980e-02 (2.9856e-02)	Acc@1 100.00 ( 98.99)	Acc@5 100.00 (100.00)
Test: [40/50]	Time  0.038 ( 0.044)	Loss 3.9581e-02 (2.8333e-02)	Acc@1  98.44 ( 99.05)	Acc@5 100.00 (100.00)
 * Acc@1 99.112 Acc@5 100.000
Epoch: [45][  0/115]	Time  0.248 ( 0.248)	Data  0.193 ( 0.193)	Loss 6.2611e-02 (6.2611e-02)	Acc@1  96.88 ( 96.88)	Acc@5 100.00 (100.00)
Epoch: [45][ 10/115]	Time  0.130 ( 0.140)	Data  0.000 ( 0.024)	Loss 3.3760e-02 (7.7186e-02)	Acc@1  98.44 ( 96.73)	Acc@5 100.00 (100.00)
Epoch: [45][ 20/115]	Time  0.133 ( 0.135)	Data  0.000 ( 0.016)	Loss 6.0958e-02 (6.9833e-02)	Acc@1  98.44 ( 97.40)	Acc@5 100.00 (100.00)
Epoch: [45][ 30/115]	Time  0.131 ( 0.133)	Data  0.000 ( 0.013)	Loss 1.5459e-01 (7.7254e-02)	Acc@1  90.62 ( 96.88)	Acc@5 100.00 (100.00)
Epoch: [45][ 40/115]	Time  0.128 ( 0.132)	Data  0.000 ( 0.012)	Loss 5.5071e-02 (7.1410e-02)	Acc@1  98.44 ( 97.29)	Acc@5 100.00 (100.00)
Epoch: [45][ 50/115]	Time  0.129 ( 0.132)	Data  0.000 ( 0.011)	Loss 8.3943e-02 (7.1959e-02)	Acc@1  96.88 ( 97.33)	Acc@5 100.00 (100.00)
Epoch: [45][ 60/115]	Time  0.128 ( 0.131)	Data  0.000 ( 0.010)	Loss 9.4983e-02 (7.5437e-02)	Acc@1  95.31 ( 97.18)	Acc@5 100.00 (100.00)
Epoch: [45][ 70/115]	Time  0.129 ( 0.131)	Data  0.000 ( 0.010)	Loss 5.6034e-02 (7.5318e-02)	Acc@1  96.88 ( 97.12)	Acc@5 100.00 (100.00)
Epoch: [45][ 80/115]	Time  0.130 ( 0.131)	Data  0.000 ( 0.009)	Loss 5.2977e-02 (7.2916e-02)	Acc@1  96.88 ( 97.18)	Acc@5 100.00 (100.00)
Epoch: [45][ 90/115]	Time  0.127 ( 0.131)	Data  0.000 ( 0.009)	Loss 1.5039e-02 (7.3632e-02)	Acc@1 100.00 ( 97.17)	Acc@5 100.00 (100.00)
Epoch: [45][100/115]	Time  0.134 ( 0.131)	Data  0.000 ( 0.009)	Loss 6.8896e-02 (7.3886e-02)	Acc@1  96.88 ( 97.17)	Acc@5 100.00 (100.00)
Epoch: [45][110/115]	Time  0.129 ( 0.130)	Data  0.000 ( 0.009)	Loss 8.8546e-02 (7.3251e-02)	Acc@1  95.31 ( 97.18)	Acc@5 100.00 (100.00)
Test: [ 0/50]	Time  0.288 ( 0.288)	Loss 6.8678e-02 (6.8678e-02)	Acc@1  98.44 ( 98.44)	Acc@5 100.00 (100.00)
Test: [10/50]	Time  0.037 ( 0.060)	Loss 2.7106e-02 (5.0324e-02)	Acc@1  96.88 ( 98.15)	Acc@5 100.00 (100.00)
Test: [20/50]	Time  0.042 ( 0.050)	Loss 1.0283e-02 (3.4707e-02)	Acc@1 100.00 ( 98.59)	Acc@5 100.00 (100.00)
Test: [30/50]	Time  0.038 ( 0.046)	Loss 1.0499e-02 (3.2244e-02)	Acc@1 100.00 ( 98.69)	Acc@5 100.00 (100.00)
Test: [40/50]	Time  0.038 ( 0.044)	Loss 2.9740e-02 (2.9452e-02)	Acc@1  98.44 ( 98.89)	Acc@5 100.00 (100.00)
 * Acc@1 99.049 Acc@5 100.000
Epoch: [46][  0/115]	Time  0.278 ( 0.278)	Data  0.223 ( 0.223)	Loss 6.0915e-02 (6.0915e-02)	Acc@1  96.88 ( 96.88)	Acc@5 100.00 (100.00)
Epoch: [46][ 10/115]	Time  0.127 ( 0.142)	Data  0.000 ( 0.027)	Loss 1.0254e-01 (7.3698e-02)	Acc@1  95.31 ( 97.73)	Acc@5 100.00 (100.00)
Epoch: [46][ 20/115]	Time  0.132 ( 0.136)	Data  0.000 ( 0.018)	Loss 9.3173e-02 (9.4291e-02)	Acc@1  96.88 ( 96.88)	Acc@5 100.00 (100.00)
Epoch: [46][ 30/115]	Time  0.132 ( 0.134)	Data  0.000 ( 0.014)	Loss 2.4549e-02 (8.4936e-02)	Acc@1 100.00 ( 97.18)	Acc@5 100.00 (100.00)
Epoch: [46][ 40/115]	Time  0.130 ( 0.133)	Data  0.000 ( 0.012)	Loss 1.2444e-01 (8.0888e-02)	Acc@1  96.88 ( 97.37)	Acc@5 100.00 (100.00)
Epoch: [46][ 50/115]	Time  0.129 ( 0.132)	Data  0.000 ( 0.011)	Loss 7.7319e-02 (7.9717e-02)	Acc@1  95.31 ( 97.33)	Acc@5 100.00 (100.00)
Epoch: [46][ 60/115]	Time  0.129 ( 0.132)	Data  0.000 ( 0.011)	Loss 6.9623e-02 (8.1328e-02)	Acc@1  96.88 ( 97.16)	Acc@5 100.00 (100.00)
Epoch: [46][ 70/115]	Time  0.132 ( 0.131)	Data  0.000 ( 0.010)	Loss 1.2425e-01 (7.9826e-02)	Acc@1  96.88 ( 97.18)	Acc@5 100.00 (100.00)
Epoch: [46][ 80/115]	Time  0.130 ( 0.131)	Data  0.000 ( 0.010)	Loss 3.3340e-02 (7.8261e-02)	Acc@1 100.00 ( 97.32)	Acc@5 100.00 (100.00)
Epoch: [46][ 90/115]	Time  0.129 ( 0.131)	Data  0.000 ( 0.009)	Loss 5.4076e-02 (7.5295e-02)	Acc@1  95.31 ( 97.37)	Acc@5 100.00 (100.00)
Epoch: [46][100/115]	Time  0.126 ( 0.131)	Data  0.000 ( 0.009)	Loss 8.1018e-02 (7.6183e-02)	Acc@1  95.31 ( 97.25)	Acc@5 100.00 (100.00)
Epoch: [46][110/115]	Time  0.129 ( 0.131)	Data  0.000 ( 0.009)	Loss 9.7392e-02 (7.8055e-02)	Acc@1  95.31 ( 97.17)	Acc@5 100.00 (100.00)
Test: [ 0/50]	Time  0.258 ( 0.258)	Loss 5.8792e-02 (5.8792e-02)	Acc@1  98.44 ( 98.44)	Acc@5 100.00 (100.00)
Test: [10/50]	Time  0.036 ( 0.056)	Loss 2.2776e-02 (4.4651e-02)	Acc@1  98.44 ( 98.58)	Acc@5 100.00 (100.00)
Test: [20/50]	Time  0.038 ( 0.048)	Loss 6.2936e-03 (3.0105e-02)	Acc@1 100.00 ( 99.03)	Acc@5 100.00 (100.00)
Test: [30/50]	Time  0.038 ( 0.045)	Loss 1.1304e-02 (2.8238e-02)	Acc@1 100.00 ( 99.04)	Acc@5 100.00 (100.00)
Test: [40/50]	Time  0.038 ( 0.043)	Loss 3.5462e-02 (2.7542e-02)	Acc@1  98.44 ( 99.12)	Acc@5 100.00 (100.00)
 * Acc@1 99.239 Acc@5 100.000
Epoch: [47][  0/115]	Time  0.253 ( 0.253)	Data  0.198 ( 0.198)	Loss 3.0170e-02 (3.0170e-02)	Acc@1 100.00 (100.00)	Acc@5 100.00 (100.00)
Epoch: [47][ 10/115]	Time  0.127 ( 0.139)	Data  0.000 ( 0.025)	Loss 3.0163e-02 (6.8015e-02)	Acc@1 100.00 ( 97.87)	Acc@5 100.00 (100.00)
Epoch: [47][ 20/115]	Time  0.129 ( 0.134)	Data  0.000 ( 0.016)	Loss 1.2582e-02 (6.4507e-02)	Acc@1 100.00 ( 97.77)	Acc@5 100.00 (100.00)
Epoch: [47][ 30/115]	Time  0.136 ( 0.133)	Data  0.000 ( 0.013)	Loss 8.7493e-02 (6.8478e-02)	Acc@1  95.31 ( 97.48)	Acc@5 100.00 (100.00)
Epoch: [47][ 40/115]	Time  0.133 ( 0.132)	Data  0.000 ( 0.012)	Loss 1.8745e-01 (7.1749e-02)	Acc@1  93.75 ( 97.45)	Acc@5 100.00 (100.00)
Epoch: [47][ 50/115]	Time  0.130 ( 0.131)	Data  0.000 ( 0.011)	Loss 1.1617e-01 (7.2739e-02)	Acc@1  95.31 ( 97.30)	Acc@5 100.00 (100.00)
Epoch: [47][ 60/115]	Time  0.128 ( 0.131)	Data  0.000 ( 0.010)	Loss 6.4439e-02 (7.7180e-02)	Acc@1  98.44 ( 97.13)	Acc@5 100.00 (100.00)
Epoch: [47][ 70/115]	Time  0.127 ( 0.131)	Data  0.000 ( 0.010)	Loss 1.5414e-01 (7.8187e-02)	Acc@1  93.75 ( 97.05)	Acc@5 100.00 (100.00)
Epoch: [47][ 80/115]	Time  0.131 ( 0.131)	Data  0.000 ( 0.009)	Loss 3.4312e-02 (7.7139e-02)	Acc@1 100.00 ( 97.03)	Acc@5 100.00 (100.00)
Epoch: [47][ 90/115]	Time  0.129 ( 0.130)	Data  0.000 ( 0.009)	Loss 2.6935e-02 (7.7390e-02)	Acc@1 100.00 ( 97.00)	Acc@5 100.00 (100.00)
Epoch: [47][100/115]	Time  0.124 ( 0.130)	Data  0.000 ( 0.009)	Loss 1.0043e-01 (7.6628e-02)	Acc@1  93.75 ( 97.03)	Acc@5 100.00 (100.00)
Epoch: [47][110/115]	Time  0.125 ( 0.130)	Data  0.000 ( 0.009)	Loss 4.4740e-02 (7.6976e-02)	Acc@1  98.44 ( 97.03)	Acc@5 100.00 (100.00)
Test: [ 0/50]	Time  0.272 ( 0.272)	Loss 7.6033e-02 (7.6033e-02)	Acc@1  98.44 ( 98.44)	Acc@5 100.00 (100.00)
Test: [10/50]	Time  0.037 ( 0.058)	Loss 3.0510e-02 (5.1434e-02)	Acc@1  96.88 ( 98.30)	Acc@5 100.00 (100.00)
Test: [20/50]	Time  0.038 ( 0.049)	Loss 1.2241e-02 (3.4642e-02)	Acc@1 100.00 ( 98.81)	Acc@5 100.00 (100.00)
Test: [30/50]	Time  0.038 ( 0.045)	Loss 1.1024e-02 (3.2034e-02)	Acc@1 100.00 ( 98.89)	Acc@5 100.00 (100.00)
Test: [40/50]	Time  0.038 ( 0.043)	Loss 3.3640e-02 (2.9194e-02)	Acc@1  98.44 ( 99.12)	Acc@5 100.00 (100.00)
 * Acc@1 99.207 Acc@5 100.000
Epoch: [48][  0/115]	Time  0.276 ( 0.276)	Data  0.221 ( 0.221)	Loss 5.7985e-02 (5.7985e-02)	Acc@1  98.44 ( 98.44)	Acc@5 100.00 (100.00)
Epoch: [48][ 10/115]	Time  0.130 ( 0.143)	Data  0.000 ( 0.027)	Loss 5.3621e-02 (7.9479e-02)	Acc@1  98.44 ( 96.16)	Acc@5 100.00 (100.00)
Epoch: [48][ 20/115]	Time  0.130 ( 0.136)	Data  0.000 ( 0.017)	Loss 1.3722e-01 (8.3021e-02)	Acc@1  98.44 ( 96.80)	Acc@5 100.00 (100.00)
Epoch: [48][ 30/115]	Time  0.130 ( 0.134)	Data  0.000 ( 0.014)	Loss 1.2068e-01 (8.7955e-02)	Acc@1  95.31 ( 96.77)	Acc@5 100.00 (100.00)
Epoch: [48][ 40/115]	Time  0.127 ( 0.133)	Data  0.000 ( 0.012)	Loss 2.6153e-02 (8.8127e-02)	Acc@1 100.00 ( 96.68)	Acc@5 100.00 (100.00)
Epoch: [48][ 50/115]	Time  0.129 ( 0.132)	Data  0.000 ( 0.011)	Loss 4.8230e-02 (8.3467e-02)	Acc@1  96.88 ( 96.84)	Acc@5 100.00 (100.00)
Epoch: [48][ 60/115]	Time  0.129 ( 0.132)	Data  0.000 ( 0.011)	Loss 5.9928e-02 (8.4970e-02)	Acc@1  96.88 ( 96.70)	Acc@5 100.00 (100.00)
Epoch: [48][ 70/115]	Time  0.126 ( 0.131)	Data  0.000 ( 0.010)	Loss 5.7631e-02 (8.2625e-02)	Acc@1  98.44 ( 96.81)	Acc@5 100.00 (100.00)
Epoch: [48][ 80/115]	Time  0.126 ( 0.131)	Data  0.000 ( 0.010)	Loss 2.6816e-02 (7.9896e-02)	Acc@1 100.00 ( 96.91)	Acc@5 100.00 (100.00)
Epoch: [48][ 90/115]	Time  0.129 ( 0.131)	Data  0.000 ( 0.009)	Loss 8.3756e-02 (7.8310e-02)	Acc@1  95.31 ( 97.01)	Acc@5 100.00 (100.00)
Epoch: [48][100/115]	Time  0.129 ( 0.131)	Data  0.000 ( 0.009)	Loss 3.9099e-02 (7.7892e-02)	Acc@1  98.44 ( 97.06)	Acc@5 100.00 (100.00)
Epoch: [48][110/115]	Time  0.129 ( 0.130)	Data  0.000 ( 0.009)	Loss 7.1350e-02 (7.9659e-02)	Acc@1  98.44 ( 97.02)	Acc@5 100.00 (100.00)
Test: [ 0/50]	Time  0.272 ( 0.272)	Loss 6.7309e-02 (6.7309e-02)	Acc@1  98.44 ( 98.44)	Acc@5 100.00 (100.00)
Test: [10/50]	Time  0.038 ( 0.058)	Loss 2.7409e-02 (4.7270e-02)	Acc@1  98.44 ( 98.44)	Acc@5 100.00 (100.00)
Test: [20/50]	Time  0.041 ( 0.050)	Loss 9.4351e-03 (3.1538e-02)	Acc@1 100.00 ( 98.96)	Acc@5 100.00 (100.00)
Test: [30/50]	Time  0.037 ( 0.046)	Loss 1.2317e-02 (2.9414e-02)	Acc@1 100.00 ( 98.99)	Acc@5 100.00 (100.00)
Test: [40/50]	Time  0.038 ( 0.044)	Loss 3.4769e-02 (2.7791e-02)	Acc@1  98.44 ( 99.16)	Acc@5 100.00 (100.00)
 * Acc@1 99.239 Acc@5 100.000
Epoch: [49][  0/115]	Time  0.289 ( 0.289)	Data  0.229 ( 0.229)	Loss 5.5502e-02 (5.5502e-02)	Acc@1  96.88 ( 96.88)	Acc@5 100.00 (100.00)
Epoch: [49][ 10/115]	Time  0.129 ( 0.142)	Data  0.000 ( 0.027)	Loss 7.7146e-02 (6.5655e-02)	Acc@1  96.88 ( 97.73)	Acc@5 100.00 (100.00)
Epoch: [49][ 20/115]	Time  0.129 ( 0.135)	Data  0.000 ( 0.017)	Loss 9.1233e-02 (7.1635e-02)	Acc@1  95.31 ( 97.32)	Acc@5 100.00 (100.00)
Epoch: [49][ 30/115]	Time  0.127 ( 0.133)	Data  0.000 ( 0.014)	Loss 1.8263e-02 (6.6654e-02)	Acc@1 100.00 ( 97.48)	Acc@5 100.00 (100.00)
Epoch: [49][ 40/115]	Time  0.135 ( 0.132)	Data  0.000 ( 0.012)	Loss 1.6139e-01 (6.8118e-02)	Acc@1  93.75 ( 97.37)	Acc@5 100.00 (100.00)
Epoch: [49][ 50/115]	Time  0.127 ( 0.131)	Data  0.000 ( 0.011)	Loss 1.1186e-01 (7.3801e-02)	Acc@1  95.31 ( 97.15)	Acc@5 100.00 (100.00)
Epoch: [49][ 60/115]	Time  0.129 ( 0.130)	Data  0.000 ( 0.010)	Loss 4.9933e-02 (7.3439e-02)	Acc@1  98.44 ( 97.31)	Acc@5 100.00 (100.00)
Epoch: [49][ 70/115]	Time  0.130 ( 0.130)	Data  0.000 ( 0.010)	Loss 4.6964e-02 (7.3196e-02)	Acc@1 100.00 ( 97.29)	Acc@5 100.00 (100.00)
Epoch: [49][ 80/115]	Time  0.128 ( 0.130)	Data  0.000 ( 0.010)	Loss 1.0771e-01 (7.3019e-02)	Acc@1  95.31 ( 97.34)	Acc@5 100.00 (100.00)
Epoch: [49][ 90/115]	Time  0.132 ( 0.130)	Data  0.000 ( 0.009)	Loss 2.2392e-02 (7.3445e-02)	Acc@1 100.00 ( 97.39)	Acc@5 100.00 (100.00)
Epoch: [49][100/115]	Time  0.130 ( 0.130)	Data  0.000 ( 0.009)	Loss 3.2606e-02 (7.3227e-02)	Acc@1  98.44 ( 97.37)	Acc@5 100.00 (100.00)
Epoch: [49][110/115]	Time  0.129 ( 0.130)	Data  0.000 ( 0.009)	Loss 1.5961e-01 (7.3122e-02)	Acc@1  96.88 ( 97.40)	Acc@5 100.00 (100.00)
Test: [ 0/50]	Time  0.258 ( 0.258)	Loss 6.3407e-02 (6.3407e-02)	Acc@1  98.44 ( 98.44)	Acc@5 100.00 (100.00)
Test: [10/50]	Time  0.037 ( 0.057)	Loss 2.6858e-02 (4.5876e-02)	Acc@1  96.88 ( 98.58)	Acc@5 100.00 (100.00)
Test: [20/50]	Time  0.038 ( 0.048)	Loss 8.9193e-03 (3.0952e-02)	Acc@1 100.00 ( 98.96)	Acc@5 100.00 (100.00)
Test: [30/50]	Time  0.038 ( 0.045)	Loss 1.1602e-02 (2.8824e-02)	Acc@1 100.00 ( 98.99)	Acc@5 100.00 (100.00)
Test: [40/50]	Time  0.038 ( 0.043)	Loss 3.9398e-02 (2.7225e-02)	Acc@1  98.44 ( 99.16)	Acc@5 100.00 (100.00)
 * Acc@1 99.271 Acc@5 100.000
Epoch: [50][  0/115]	Time  0.257 ( 0.257)	Data  0.203 ( 0.203)	Loss 5.2988e-02 (5.2988e-02)	Acc@1 100.00 (100.00)	Acc@5 100.00 (100.00)
Epoch: [50][ 10/115]	Time  0.129 ( 0.140)	Data  0.000 ( 0.025)	Loss 3.1933e-02 (6.5777e-02)	Acc@1 100.00 ( 98.15)	Acc@5 100.00 (100.00)
Epoch: [50][ 20/115]	Time  0.135 ( 0.135)	Data  0.000 ( 0.017)	Loss 1.3122e-01 (6.9749e-02)	Acc@1  96.88 ( 97.69)	Acc@5 100.00 (100.00)
Epoch: [50][ 30/115]	Time  0.131 ( 0.133)	Data  0.000 ( 0.013)	Loss 1.3082e-01 (7.4871e-02)	Acc@1  95.31 ( 97.38)	Acc@5 100.00 (100.00)
Epoch: [50][ 40/115]	Time  0.129 ( 0.132)	Data  0.000 ( 0.012)	Loss 2.8799e-02 (7.1198e-02)	Acc@1  98.44 ( 97.60)	Acc@5 100.00 (100.00)
Epoch: [50][ 50/115]	Time  0.129 ( 0.132)	Data  0.000 ( 0.011)	Loss 5.3043e-02 (7.0385e-02)	Acc@1  96.88 ( 97.52)	Acc@5 100.00 (100.00)
Epoch: [50][ 60/115]	Time  0.126 ( 0.131)	Data  0.000 ( 0.010)	Loss 5.9119e-02 (7.0474e-02)	Acc@1  98.44 ( 97.44)	Acc@5 100.00 (100.00)
Epoch: [50][ 70/115]	Time  0.129 ( 0.131)	Data  0.000 ( 0.010)	Loss 1.6410e-01 (7.3678e-02)	Acc@1  95.31 ( 97.29)	Acc@5 100.00 (100.00)
Epoch: [50][ 80/115]	Time  0.128 ( 0.131)	Data  0.000 ( 0.010)	Loss 3.6976e-02 (7.3347e-02)	Acc@1  98.44 ( 97.30)	Acc@5 100.00 (100.00)
Epoch: [50][ 90/115]	Time  0.129 ( 0.130)	Data  0.000 ( 0.009)	Loss 9.7749e-02 (7.2077e-02)	Acc@1  96.88 ( 97.37)	Acc@5 100.00 (100.00)
Epoch: [50][100/115]	Time  0.130 ( 0.130)	Data  0.000 ( 0.009)	Loss 8.5328e-02 (7.3064e-02)	Acc@1  95.31 ( 97.31)	Acc@5 100.00 (100.00)
Epoch: [50][110/115]	Time  0.128 ( 0.130)	Data  0.000 ( 0.009)	Loss 8.3696e-02 (7.4038e-02)	Acc@1  95.31 ( 97.18)	Acc@5 100.00 (100.00)
Test: [ 0/50]	Time  0.261 ( 0.261)	Loss 5.7881e-02 (5.7881e-02)	Acc@1  98.44 ( 98.44)	Acc@5 100.00 (100.00)
Test: [10/50]	Time  0.038 ( 0.057)	Loss 1.8058e-02 (4.2382e-02)	Acc@1 100.00 ( 98.86)	Acc@5 100.00 (100.00)
Test: [20/50]	Time  0.038 ( 0.048)	Loss 6.7909e-03 (2.8028e-02)	Acc@1 100.00 ( 99.18)	Acc@5 100.00 (100.00)
Test: [30/50]	Time  0.038 ( 0.045)	Loss 1.4035e-02 (2.6883e-02)	Acc@1 100.00 ( 99.14)	Acc@5 100.00 (100.00)
Test: [40/50]	Time  0.038 ( 0.043)	Loss 4.0012e-02 (2.7187e-02)	Acc@1  98.44 ( 99.16)	Acc@5 100.00 (100.00)
 * Acc@1 99.239 Acc@5 100.000
Epoch: [51][  0/115]	Time  0.313 ( 0.313)	Data  0.258 ( 0.258)	Loss 6.3692e-02 (6.3692e-02)	Acc@1  98.44 ( 98.44)	Acc@5 100.00 (100.00)
Epoch: [51][ 10/115]	Time  0.126 ( 0.145)	Data  0.000 ( 0.030)	Loss 9.3872e-02 (8.4341e-02)	Acc@1  98.44 ( 97.87)	Acc@5 100.00 (100.00)
Epoch: [51][ 20/115]	Time  0.130 ( 0.138)	Data  0.000 ( 0.019)	Loss 1.1191e-01 (7.7927e-02)	Acc@1  96.88 ( 97.54)	Acc@5 100.00 (100.00)
Epoch: [51][ 30/115]	Time  0.125 ( 0.135)	Data  0.000 ( 0.015)	Loss 4.7016e-02 (7.7794e-02)	Acc@1  98.44 ( 97.38)	Acc@5 100.00 (100.00)
Epoch: [51][ 40/115]	Time  0.127 ( 0.133)	Data  0.000 ( 0.013)	Loss 1.1199e-01 (7.4600e-02)	Acc@1  95.31 ( 97.45)	Acc@5 100.00 (100.00)
Epoch: [51][ 50/115]	Time  0.126 ( 0.132)	Data  0.000 ( 0.012)	Loss 7.2046e-02 (7.4350e-02)	Acc@1  96.88 ( 97.37)	Acc@5 100.00 (100.00)
Epoch: [51][ 60/115]	Time  0.127 ( 0.131)	Data  0.000 ( 0.011)	Loss 9.4417e-02 (7.2300e-02)	Acc@1  96.88 ( 97.46)	Acc@5 100.00 (100.00)
Epoch: [51][ 70/115]	Time  0.121 ( 0.131)	Data  0.000 ( 0.011)	Loss 1.4039e-02 (7.3478e-02)	Acc@1 100.00 ( 97.45)	Acc@5 100.00 (100.00)
Epoch: [51][ 80/115]	Time  0.131 ( 0.131)	Data  0.000 ( 0.010)	Loss 5.8202e-02 (7.6930e-02)	Acc@1  98.44 ( 97.38)	Acc@5 100.00 (100.00)
Epoch: [51][ 90/115]	Time  0.125 ( 0.130)	Data  0.000 ( 0.010)	Loss 1.3943e-01 (7.6221e-02)	Acc@1  95.31 ( 97.37)	Acc@5 100.00 (100.00)
Epoch: [51][100/115]	Time  0.122 ( 0.130)	Data  0.000 ( 0.010)	Loss 7.7584e-02 (7.5855e-02)	Acc@1  96.88 ( 97.42)	Acc@5 100.00 (100.00)
Epoch: [51][110/115]	Time  0.126 ( 0.130)	Data  0.000 ( 0.009)	Loss 3.9897e-02 (7.4201e-02)	Acc@1  96.88 ( 97.47)	Acc@5 100.00 (100.00)
Test: [ 0/50]	Time  0.269 ( 0.269)	Loss 6.9404e-02 (6.9404e-02)	Acc@1  98.44 ( 98.44)	Acc@5 100.00 (100.00)
Test: [10/50]	Time  0.037 ( 0.057)	Loss 2.5855e-02 (5.0061e-02)	Acc@1  98.44 ( 98.58)	Acc@5 100.00 (100.00)
Test: [20/50]	Time  0.038 ( 0.048)	Loss 7.8252e-03 (3.3692e-02)	Acc@1 100.00 ( 98.96)	Acc@5 100.00 (100.00)
Test: [30/50]	Time  0.038 ( 0.045)	Loss 1.0469e-02 (3.1425e-02)	Acc@1 100.00 ( 98.99)	Acc@5 100.00 (100.00)
Test: [40/50]	Time  0.038 ( 0.043)	Loss 2.9609e-02 (2.8857e-02)	Acc@1  98.44 ( 99.12)	Acc@5 100.00 (100.00)
 * Acc@1 99.239 Acc@5 100.000
Epoch: [52][  0/115]	Time  0.288 ( 0.288)	Data  0.232 ( 0.232)	Loss 2.2962e-02 (2.2962e-02)	Acc@1  98.44 ( 98.44)	Acc@5 100.00 (100.00)
Epoch: [52][ 10/115]	Time  0.128 ( 0.143)	Data  0.000 ( 0.028)	Loss 3.3594e-02 (6.3865e-02)	Acc@1  98.44 ( 97.87)	Acc@5 100.00 (100.00)
Epoch: [52][ 20/115]	Time  0.134 ( 0.137)	Data  0.000 ( 0.018)	Loss 2.8943e-02 (5.8450e-02)	Acc@1 100.00 ( 98.21)	Acc@5 100.00 (100.00)
Epoch: [52][ 30/115]	Time  0.130 ( 0.134)	Data  0.000 ( 0.014)	Loss 1.2700e-01 (6.7084e-02)	Acc@1  93.75 ( 97.58)	Acc@5 100.00 (100.00)
Epoch: [52][ 40/115]	Time  0.129 ( 0.133)	Data  0.000 ( 0.013)	Loss 2.8816e-02 (6.6039e-02)	Acc@1  98.44 ( 97.52)	Acc@5 100.00 (100.00)
Epoch: [52][ 50/115]	Time  0.128 ( 0.132)	Data  0.000 ( 0.011)	Loss 1.2482e-01 (6.5192e-02)	Acc@1  95.31 ( 97.64)	Acc@5 100.00 (100.00)
Epoch: [52][ 60/115]	Time  0.129 ( 0.132)	Data  0.000 ( 0.011)	Loss 1.1213e-02 (6.9152e-02)	Acc@1 100.00 ( 97.57)	Acc@5 100.00 (100.00)
Epoch: [52][ 70/115]	Time  0.126 ( 0.131)	Data  0.000 ( 0.010)	Loss 4.7760e-02 (7.0921e-02)	Acc@1  96.88 ( 97.49)	Acc@5 100.00 (100.00)
Epoch: [52][ 80/115]	Time  0.132 ( 0.131)	Data  0.000 ( 0.010)	Loss 1.8570e-01 (7.2465e-02)	Acc@1  93.75 ( 97.30)	Acc@5 100.00 (100.00)
Epoch: [52][ 90/115]	Time  0.132 ( 0.131)	Data  0.000 ( 0.009)	Loss 5.2811e-02 (7.1322e-02)	Acc@1  98.44 ( 97.30)	Acc@5 100.00 (100.00)
Epoch: [52][100/115]	Time  0.126 ( 0.130)	Data  0.000 ( 0.009)	Loss 4.6924e-02 (7.1114e-02)	Acc@1  98.44 ( 97.31)	Acc@5 100.00 (100.00)
Epoch: [52][110/115]	Time  0.130 ( 0.130)	Data  0.000 ( 0.009)	Loss 5.3849e-02 (7.1189e-02)	Acc@1  98.44 ( 97.34)	Acc@5 100.00 (100.00)
Test: [ 0/50]	Time  0.266 ( 0.266)	Loss 6.9354e-02 (6.9354e-02)	Acc@1  98.44 ( 98.44)	Acc@5 100.00 (100.00)
Test: [10/50]	Time  0.036 ( 0.057)	Loss 2.0555e-02 (5.0691e-02)	Acc@1  98.44 ( 98.44)	Acc@5 100.00 (100.00)
Test: [20/50]	Time  0.038 ( 0.048)	Loss 6.9332e-03 (3.4327e-02)	Acc@1 100.00 ( 98.74)	Acc@5 100.00 (100.00)
Test: [30/50]	Time  0.038 ( 0.045)	Loss 1.2122e-02 (3.1656e-02)	Acc@1 100.00 ( 98.84)	Acc@5 100.00 (100.00)
Test: [40/50]	Time  0.038 ( 0.043)	Loss 3.4183e-02 (2.8465e-02)	Acc@1  98.44 ( 99.05)	Acc@5 100.00 (100.00)
 * Acc@1 99.144 Acc@5 100.000
Epoch: [53][  0/115]	Time  0.279 ( 0.279)	Data  0.224 ( 0.224)	Loss 3.9073e-02 (3.9073e-02)	Acc@1 100.00 (100.00)	Acc@5 100.00 (100.00)
Epoch: [53][ 10/115]	Time  0.130 ( 0.143)	Data  0.000 ( 0.027)	Loss 1.1140e-01 (7.1733e-02)	Acc@1  96.88 ( 97.73)	Acc@5 100.00 (100.00)
Epoch: [53][ 20/115]	Time  0.129 ( 0.136)	Data  0.000 ( 0.017)	Loss 7.8566e-02 (8.0792e-02)	Acc@1  98.44 ( 97.32)	Acc@5 100.00 (100.00)
Epoch: [53][ 30/115]	Time  0.130 ( 0.134)	Data  0.000 ( 0.014)	Loss 6.7095e-02 (8.3599e-02)	Acc@1  98.44 ( 96.98)	Acc@5 100.00 (100.00)
Epoch: [53][ 40/115]	Time  0.127 ( 0.133)	Data  0.000 ( 0.012)	Loss 4.1472e-02 (7.9594e-02)	Acc@1 100.00 ( 97.22)	Acc@5 100.00 (100.00)
Epoch: [53][ 50/115]	Time  0.127 ( 0.132)	Data  0.000 ( 0.011)	Loss 1.5222e-01 (7.9967e-02)	Acc@1  93.75 ( 97.15)	Acc@5 100.00 (100.00)
Epoch: [53][ 60/115]	Time  0.133 ( 0.132)	Data  0.000 ( 0.011)	Loss 2.4508e-02 (7.4851e-02)	Acc@1 100.00 ( 97.36)	Acc@5 100.00 (100.00)
Epoch: [53][ 70/115]	Time  0.131 ( 0.131)	Data  0.000 ( 0.010)	Loss 9.4280e-02 (7.9253e-02)	Acc@1  98.44 ( 97.16)	Acc@5 100.00 (100.00)
Epoch: [53][ 80/115]	Time  0.128 ( 0.131)	Data  0.000 ( 0.010)	Loss 1.2896e-01 (7.7829e-02)	Acc@1  93.75 ( 97.18)	Acc@5 100.00 (100.00)
Epoch: [53][ 90/115]	Time  0.128 ( 0.131)	Data  0.000 ( 0.010)	Loss 7.1118e-02 (7.7045e-02)	Acc@1  96.88 ( 97.15)	Acc@5 100.00 (100.00)
Epoch: [53][100/115]	Time  0.130 ( 0.131)	Data  0.000 ( 0.009)	Loss 1.7510e-02 (7.6779e-02)	Acc@1 100.00 ( 97.12)	Acc@5 100.00 (100.00)
Epoch: [53][110/115]	Time  0.130 ( 0.130)	Data  0.000 ( 0.009)	Loss 3.9026e-02 (7.6660e-02)	Acc@1  98.44 ( 97.18)	Acc@5 100.00 (100.00)
Test: [ 0/50]	Time  0.269 ( 0.269)	Loss 7.7664e-02 (7.7664e-02)	Acc@1  98.44 ( 98.44)	Acc@5 100.00 (100.00)
Test: [10/50]	Time  0.037 ( 0.058)	Loss 1.9809e-02 (5.3397e-02)	Acc@1  98.44 ( 98.15)	Acc@5 100.00 (100.00)
Test: [20/50]	Time  0.074 ( 0.052)	Loss 6.6904e-03 (3.5294e-02)	Acc@1 100.00 ( 98.74)	Acc@5 100.00 (100.00)
Test: [30/50]	Time  0.038 ( 0.047)	Loss 1.0458e-02 (3.2020e-02)	Acc@1 100.00 ( 98.89)	Acc@5 100.00 (100.00)
Test: [40/50]	Time  0.038 ( 0.045)	Loss 3.2567e-02 (2.8488e-02)	Acc@1  98.44 ( 99.09)	Acc@5 100.00 (100.00)
 * Acc@1 99.207 Acc@5 100.000
Epoch: [54][  0/115]	Time  0.255 ( 0.255)	Data  0.200 ( 0.200)	Loss 9.3219e-02 (9.3219e-02)	Acc@1  95.31 ( 95.31)	Acc@5 100.00 (100.00)
Epoch: [54][ 10/115]	Time  0.128 ( 0.140)	Data  0.000 ( 0.025)	Loss 2.0071e-01 (8.2835e-02)	Acc@1  93.75 ( 96.73)	Acc@5 100.00 (100.00)
Epoch: [54][ 20/115]	Time  0.123 ( 0.135)	Data  0.000 ( 0.016)	Loss 1.0444e-01 (7.5986e-02)	Acc@1  96.88 ( 97.17)	Acc@5 100.00 (100.00)
Epoch: [54][ 30/115]	Time  0.124 ( 0.133)	Data  0.000 ( 0.013)	Loss 3.0532e-02 (7.0902e-02)	Acc@1 100.00 ( 97.53)	Acc@5 100.00 (100.00)
Epoch: [54][ 40/115]	Time  0.126 ( 0.132)	Data  0.000 ( 0.012)	Loss 5.3020e-02 (7.3594e-02)	Acc@1  96.88 ( 97.33)	Acc@5 100.00 (100.00)
Epoch: [54][ 50/115]	Time  0.115 ( 0.131)	Data  0.000 ( 0.011)	Loss 6.8738e-02 (7.9418e-02)	Acc@1  95.31 ( 96.97)	Acc@5 100.00 (100.00)
Epoch: [54][ 60/115]	Time  0.129 ( 0.131)	Data  0.000 ( 0.010)	Loss 7.2637e-02 (7.8705e-02)	Acc@1  96.88 ( 97.05)	Acc@5 100.00 (100.00)
Epoch: [54][ 70/115]	Time  0.126 ( 0.131)	Data  0.000 ( 0.010)	Loss 7.4123e-02 (7.9029e-02)	Acc@1  98.44 ( 97.05)	Acc@5 100.00 (100.00)
Epoch: [54][ 80/115]	Time  0.131 ( 0.130)	Data  0.000 ( 0.010)	Loss 4.9942e-02 (8.1286e-02)	Acc@1  96.88 ( 96.99)	Acc@5 100.00 (100.00)
Epoch: [54][ 90/115]	Time  0.125 ( 0.130)	Data  0.000 ( 0.009)	Loss 1.0012e-01 (8.5439e-02)	Acc@1  96.88 ( 96.88)	Acc@5 100.00 (100.00)
Epoch: [54][100/115]	Time  0.128 ( 0.130)	Data  0.000 ( 0.009)	Loss 5.1057e-02 (8.3561e-02)	Acc@1  96.88 ( 96.91)	Acc@5 100.00 (100.00)
Epoch: [54][110/115]	Time  0.132 ( 0.130)	Data  0.000 ( 0.009)	Loss 4.5363e-02 (8.3111e-02)	Acc@1  98.44 ( 96.85)	Acc@5 100.00 (100.00)
Test: [ 0/50]	Time  0.263 ( 0.263)	Loss 6.1934e-02 (6.1934e-02)	Acc@1  98.44 ( 98.44)	Acc@5 100.00 (100.00)
Test: [10/50]	Time  0.038 ( 0.057)	Loss 9.8890e-03 (3.8856e-02)	Acc@1 100.00 ( 98.72)	Acc@5 100.00 (100.00)
Test: [20/50]	Time  0.038 ( 0.048)	Loss 2.2350e-03 (2.4542e-02)	Acc@1 100.00 ( 99.18)	Acc@5 100.00 (100.00)
Test: [30/50]	Time  0.038 ( 0.045)	Loss 1.9642e-02 (2.4235e-02)	Acc@1 100.00 ( 99.14)	Acc@5 100.00 (100.00)
Test: [40/50]	Time  0.037 ( 0.043)	Loss 4.7914e-02 (2.5642e-02)	Acc@1  98.44 ( 99.12)	Acc@5 100.00 (100.00)
 * Acc@1 99.207 Acc@5 100.000
Epoch: [55][  0/115]	Time  0.272 ( 0.272)	Data  0.217 ( 0.217)	Loss 1.0377e-01 (1.0377e-01)	Acc@1  96.88 ( 96.88)	Acc@5 100.00 (100.00)
Epoch: [55][ 10/115]	Time  0.129 ( 0.142)	Data  0.000 ( 0.027)	Loss 1.9945e-02 (8.6439e-02)	Acc@1 100.00 ( 96.73)	Acc@5 100.00 (100.00)
Epoch: [55][ 20/115]	Time  0.128 ( 0.136)	Data  0.000 ( 0.017)	Loss 4.4697e-02 (8.7549e-02)	Acc@1  96.88 ( 96.65)	Acc@5 100.00 (100.00)
Epoch: [55][ 30/115]	Time  0.127 ( 0.134)	Data  0.000 ( 0.014)	Loss 1.1806e-01 (8.8323e-02)	Acc@1  96.88 ( 96.82)	Acc@5 100.00 (100.00)
Epoch: [55][ 40/115]	Time  0.132 ( 0.133)	Data  0.000 ( 0.012)	Loss 1.5142e-01 (8.5035e-02)	Acc@1  96.88 ( 97.14)	Acc@5 100.00 (100.00)
Epoch: [55][ 50/115]	Time  0.136 ( 0.132)	Data  0.000 ( 0.011)	Loss 1.1289e-01 (8.7138e-02)	Acc@1  93.75 ( 97.00)	Acc@5 100.00 (100.00)
Epoch: [55][ 60/115]	Time  0.133 ( 0.131)	Data  0.000 ( 0.011)	Loss 1.0083e-01 (8.6421e-02)	Acc@1  96.88 ( 97.05)	Acc@5 100.00 (100.00)
Epoch: [55][ 70/115]	Time  0.122 ( 0.131)	Data  0.000 ( 0.010)	Loss 1.0006e-01 (8.3591e-02)	Acc@1  95.31 ( 97.16)	Acc@5 100.00 (100.00)
Epoch: [55][ 80/115]	Time  0.137 ( 0.131)	Data  0.000 ( 0.010)	Loss 7.5612e-02 (8.3374e-02)	Acc@1  96.88 ( 97.11)	Acc@5 100.00 (100.00)
Epoch: [55][ 90/115]	Time  0.129 ( 0.131)	Data  0.000 ( 0.009)	Loss 6.3658e-02 (8.2494e-02)	Acc@1  96.88 ( 97.15)	Acc@5 100.00 (100.00)
Epoch: [55][100/115]	Time  0.130 ( 0.130)	Data  0.000 ( 0.009)	Loss 4.2409e-02 (8.1053e-02)	Acc@1  98.44 ( 97.22)	Acc@5 100.00 (100.00)
Epoch: [55][110/115]	Time  0.126 ( 0.130)	Data  0.000 ( 0.009)	Loss 1.1010e-01 (8.0838e-02)	Acc@1  93.75 ( 97.21)	Acc@5 100.00 (100.00)
Test: [ 0/50]	Time  0.265 ( 0.265)	Loss 6.7010e-02 (6.7010e-02)	Acc@1  98.44 ( 98.44)	Acc@5 100.00 (100.00)
Test: [10/50]	Time  0.037 ( 0.057)	Loss 1.8331e-02 (4.5148e-02)	Acc@1  98.44 ( 98.86)	Acc@5 100.00 (100.00)
Test: [20/50]	Time  0.038 ( 0.048)	Loss 6.3213e-03 (3.0283e-02)	Acc@1 100.00 ( 99.11)	Acc@5 100.00 (100.00)
Test: [30/50]	Time  0.037 ( 0.045)	Loss 1.1662e-02 (2.8710e-02)	Acc@1 100.00 ( 99.14)	Acc@5 100.00 (100.00)
Test: [40/50]	Time  0.038 ( 0.043)	Loss 4.0900e-02 (2.7027e-02)	Acc@1  98.44 ( 99.28)	Acc@5 100.00 (100.00)
 * Acc@1 99.366 Acc@5 100.000
Epoch: [56][  0/115]	Time  0.273 ( 0.273)	Data  0.220 ( 0.220)	Loss 8.9927e-02 (8.9927e-02)	Acc@1  95.31 ( 95.31)	Acc@5 100.00 (100.00)
Epoch: [56][ 10/115]	Time  0.128 ( 0.141)	Data  0.000 ( 0.026)	Loss 3.2477e-02 (7.1374e-02)	Acc@1 100.00 ( 97.30)	Acc@5 100.00 (100.00)
Epoch: [56][ 20/115]	Time  0.129 ( 0.136)	Data  0.000 ( 0.017)	Loss 6.1542e-02 (7.6484e-02)	Acc@1  98.44 ( 97.10)	Acc@5 100.00 (100.00)
Epoch: [56][ 30/115]	Time  0.132 ( 0.134)	Data  0.000 ( 0.014)	Loss 2.2073e-01 (7.6816e-02)	Acc@1  93.75 ( 97.23)	Acc@5 100.00 (100.00)
Epoch: [56][ 40/115]	Time  0.128 ( 0.133)	Data  0.000 ( 0.012)	Loss 6.9479e-02 (7.3049e-02)	Acc@1  96.88 ( 97.37)	Acc@5 100.00 (100.00)
Epoch: [56][ 50/115]	Time  0.133 ( 0.132)	Data  0.000 ( 0.011)	Loss 1.9853e-02 (7.2121e-02)	Acc@1 100.00 ( 97.37)	Acc@5 100.00 (100.00)
Epoch: [56][ 60/115]	Time  0.129 ( 0.131)	Data  0.000 ( 0.011)	Loss 1.8475e-01 (7.1531e-02)	Acc@1  89.06 ( 97.36)	Acc@5 100.00 (100.00)
Epoch: [56][ 70/115]	Time  0.126 ( 0.131)	Data  0.000 ( 0.010)	Loss 9.5524e-02 (6.9778e-02)	Acc@1  96.88 ( 97.40)	Acc@5 100.00 (100.00)
Epoch: [56][ 80/115]	Time  0.128 ( 0.131)	Data  0.000 ( 0.010)	Loss 9.0738e-02 (7.1101e-02)	Acc@1  96.88 ( 97.26)	Acc@5 100.00 (100.00)
Epoch: [56][ 90/115]	Time  0.133 ( 0.131)	Data  0.000 ( 0.009)	Loss 3.7650e-02 (7.2144e-02)	Acc@1  98.44 ( 97.27)	Acc@5 100.00 (100.00)
Epoch: [56][100/115]	Time  0.130 ( 0.131)	Data  0.000 ( 0.009)	Loss 9.6395e-02 (7.2023e-02)	Acc@1  92.19 ( 97.23)	Acc@5 100.00 (100.00)
Epoch: [56][110/115]	Time  0.128 ( 0.130)	Data  0.000 ( 0.009)	Loss 9.7480e-02 (7.1024e-02)	Acc@1  95.31 ( 97.33)	Acc@5 100.00 (100.00)
Test: [ 0/50]	Time  0.257 ( 0.257)	Loss 6.6115e-02 (6.6115e-02)	Acc@1  98.44 ( 98.44)	Acc@5 100.00 (100.00)
Test: [10/50]	Time  0.037 ( 0.057)	Loss 2.2007e-02 (4.8069e-02)	Acc@1  98.44 ( 98.72)	Acc@5 100.00 (100.00)
Test: [20/50]	Time  0.038 ( 0.048)	Loss 1.0232e-02 (3.2231e-02)	Acc@1 100.00 ( 99.03)	Acc@5 100.00 (100.00)
Test: [30/50]	Time  0.038 ( 0.045)	Loss 1.1355e-02 (3.0379e-02)	Acc@1 100.00 ( 99.04)	Acc@5 100.00 (100.00)
Test: [40/50]	Time  0.038 ( 0.043)	Loss 3.4803e-02 (2.7658e-02)	Acc@1  98.44 ( 99.20)	Acc@5 100.00 (100.00)
 * Acc@1 99.302 Acc@5 100.000
Epoch: [57][  0/115]	Time  0.283 ( 0.283)	Data  0.228 ( 0.228)	Loss 4.0109e-02 (4.0109e-02)	Acc@1  98.44 ( 98.44)	Acc@5 100.00 (100.00)
Epoch: [57][ 10/115]	Time  0.133 ( 0.143)	Data  0.000 ( 0.027)	Loss 3.5059e-02 (7.2552e-02)	Acc@1 100.00 ( 97.59)	Acc@5 100.00 (100.00)
Epoch: [57][ 20/115]	Time  0.129 ( 0.136)	Data  0.000 ( 0.017)	Loss 9.7015e-02 (7.1643e-02)	Acc@1  95.31 ( 97.40)	Acc@5 100.00 (100.00)
Epoch: [57][ 30/115]	Time  0.128 ( 0.134)	Data  0.000 ( 0.014)	Loss 5.2057e-02 (7.6076e-02)	Acc@1 100.00 ( 97.28)	Acc@5 100.00 (100.00)
Epoch: [57][ 40/115]	Time  0.130 ( 0.133)	Data  0.000 ( 0.012)	Loss 1.8667e-01 (7.5625e-02)	Acc@1  92.19 ( 97.33)	Acc@5 100.00 (100.00)
Epoch: [57][ 50/115]	Time  0.130 ( 0.132)	Data  0.000 ( 0.011)	Loss 1.7124e-02 (7.4976e-02)	Acc@1 100.00 ( 97.30)	Acc@5 100.00 (100.00)
Epoch: [57][ 60/115]	Time  0.132 ( 0.132)	Data  0.000 ( 0.011)	Loss 5.4731e-02 (7.2273e-02)	Acc@1  98.44 ( 97.41)	Acc@5 100.00 (100.00)
Epoch: [57][ 70/115]	Time  0.127 ( 0.131)	Data  0.000 ( 0.010)	Loss 1.4701e-01 (7.3637e-02)	Acc@1  96.88 ( 97.34)	Acc@5 100.00 (100.00)
Epoch: [57][ 80/115]	Time  0.130 ( 0.131)	Data  0.000 ( 0.010)	Loss 8.2498e-02 (7.3543e-02)	Acc@1  96.88 ( 97.36)	Acc@5 100.00 (100.00)
Epoch: [57][ 90/115]	Time  0.127 ( 0.131)	Data  0.000 ( 0.010)	Loss 5.1754e-02 (7.3213e-02)	Acc@1  96.88 ( 97.36)	Acc@5 100.00 (100.00)
Epoch: [57][100/115]	Time  0.131 ( 0.131)	Data  0.000 ( 0.009)	Loss 4.7901e-02 (7.5687e-02)	Acc@1  98.44 ( 97.22)	Acc@5 100.00 (100.00)
Epoch: [57][110/115]	Time  0.137 ( 0.131)	Data  0.000 ( 0.009)	Loss 4.1260e-02 (7.6859e-02)	Acc@1  98.44 ( 97.18)	Acc@5 100.00 (100.00)
Test: [ 0/50]	Time  0.260 ( 0.260)	Loss 6.3682e-02 (6.3682e-02)	Acc@1  98.44 ( 98.44)	Acc@5 100.00 (100.00)
Test: [10/50]	Time  0.038 ( 0.057)	Loss 1.4305e-02 (4.4187e-02)	Acc@1 100.00 ( 98.86)	Acc@5 100.00 (100.00)
Test: [20/50]	Time  0.041 ( 0.048)	Loss 4.8392e-03 (2.8639e-02)	Acc@1 100.00 ( 99.11)	Acc@5 100.00 (100.00)
Test: [30/50]	Time  0.039 ( 0.045)	Loss 1.3401e-02 (2.7619e-02)	Acc@1 100.00 ( 99.14)	Acc@5 100.00 (100.00)
Test: [40/50]	Time  0.038 ( 0.043)	Loss 3.7580e-02 (2.6307e-02)	Acc@1  98.44 ( 99.24)	Acc@5 100.00 (100.00)
 * Acc@1 99.334 Acc@5 100.000
Epoch: [58][  0/115]	Time  0.297 ( 0.297)	Data  0.235 ( 0.235)	Loss 7.6075e-02 (7.6075e-02)	Acc@1  96.88 ( 96.88)	Acc@5 100.00 (100.00)
Epoch: [58][ 10/115]	Time  0.129 ( 0.143)	Data  0.000 ( 0.027)	Loss 5.3901e-02 (6.0873e-02)	Acc@1  98.44 ( 97.87)	Acc@5 100.00 (100.00)
Epoch: [58][ 20/115]	Time  0.130 ( 0.137)	Data  0.000 ( 0.018)	Loss 1.4081e-01 (7.0305e-02)	Acc@1  95.31 ( 97.40)	Acc@5 100.00 (100.00)
Epoch: [58][ 30/115]	Time  0.130 ( 0.134)	Data  0.000 ( 0.014)	Loss 1.8752e-02 (6.8838e-02)	Acc@1 100.00 ( 97.48)	Acc@5 100.00 (100.00)
Epoch: [58][ 40/115]	Time  0.124 ( 0.133)	Data  0.000 ( 0.013)	Loss 1.0993e-01 (7.1728e-02)	Acc@1  96.88 ( 97.33)	Acc@5 100.00 (100.00)
Epoch: [58][ 50/115]	Time  0.128 ( 0.132)	Data  0.000 ( 0.011)	Loss 3.5902e-02 (7.5227e-02)	Acc@1  98.44 ( 97.12)	Acc@5 100.00 (100.00)
Epoch: [58][ 60/115]	Time  0.121 ( 0.132)	Data  0.000 ( 0.011)	Loss 1.0050e-01 (7.5606e-02)	Acc@1  95.31 ( 97.18)	Acc@5 100.00 (100.00)
Epoch: [58][ 70/115]	Time  0.139 ( 0.132)	Data  0.000 ( 0.010)	Loss 7.8613e-02 (7.3630e-02)	Acc@1  96.88 ( 97.34)	Acc@5 100.00 (100.00)
Epoch: [58][ 80/115]	Time  0.133 ( 0.131)	Data  0.000 ( 0.010)	Loss 1.6364e-02 (7.2479e-02)	Acc@1 100.00 ( 97.38)	Acc@5 100.00 (100.00)
Epoch: [58][ 90/115]	Time  0.133 ( 0.131)	Data  0.000 ( 0.009)	Loss 3.3999e-02 (7.2224e-02)	Acc@1 100.00 ( 97.39)	Acc@5 100.00 (100.00)
Epoch: [58][100/115]	Time  0.127 ( 0.131)	Data  0.000 ( 0.009)	Loss 2.8634e-02 (7.3106e-02)	Acc@1 100.00 ( 97.35)	Acc@5 100.00 (100.00)
Epoch: [58][110/115]	Time  0.131 ( 0.131)	Data  0.000 ( 0.009)	Loss 2.5747e-02 (7.2492e-02)	Acc@1 100.00 ( 97.40)	Acc@5 100.00 (100.00)
Test: [ 0/50]	Time  0.267 ( 0.267)	Loss 7.7348e-02 (7.7348e-02)	Acc@1  98.44 ( 98.44)	Acc@5 100.00 (100.00)
Test: [10/50]	Time  0.037 ( 0.059)	Loss 2.2648e-02 (5.3752e-02)	Acc@1  98.44 ( 98.44)	Acc@5 100.00 (100.00)
Test: [20/50]	Time  0.047 ( 0.050)	Loss 8.1463e-03 (3.6441e-02)	Acc@1 100.00 ( 98.74)	Acc@5 100.00 (100.00)
Test: [30/50]	Time  0.037 ( 0.046)	Loss 9.9715e-03 (3.3612e-02)	Acc@1 100.00 ( 98.79)	Acc@5 100.00 (100.00)
Test: [40/50]	Time  0.038 ( 0.044)	Loss 3.5408e-02 (2.9252e-02)	Acc@1  98.44 ( 99.01)	Acc@5 100.00 (100.00)
 * Acc@1 99.112 Acc@5 100.000
Epoch: [59][  0/115]	Time  0.303 ( 0.303)	Data  0.243 ( 0.243)	Loss 9.8000e-02 (9.8000e-02)	Acc@1  93.75 ( 93.75)	Acc@5 100.00 (100.00)
Epoch: [59][ 10/115]	Time  0.127 ( 0.145)	Data  0.000 ( 0.029)	Loss 1.2672e-01 (6.2840e-02)	Acc@1  93.75 ( 97.16)	Acc@5 100.00 (100.00)
Epoch: [59][ 20/115]	Time  0.130 ( 0.137)	Data  0.000 ( 0.018)	Loss 5.4489e-02 (6.6053e-02)	Acc@1  96.88 ( 97.25)	Acc@5 100.00 (100.00)
Epoch: [59][ 30/115]	Time  0.126 ( 0.134)	Data  0.000 ( 0.015)	Loss 8.8388e-02 (6.9261e-02)	Acc@1  96.88 ( 97.18)	Acc@5 100.00 (100.00)
Epoch: [59][ 40/115]	Time  0.131 ( 0.133)	Data  0.000 ( 0.013)	Loss 1.0849e-01 (8.3294e-02)	Acc@1  96.88 ( 96.84)	Acc@5 100.00 (100.00)
Epoch: [59][ 50/115]	Time  0.130 ( 0.132)	Data  0.000 ( 0.012)	Loss 1.0548e-01 (8.3833e-02)	Acc@1  96.88 ( 96.72)	Acc@5 100.00 (100.00)
Epoch: [59][ 60/115]	Time  0.130 ( 0.131)	Data  0.000 ( 0.011)	Loss 4.3154e-02 (8.2575e-02)	Acc@1  98.44 ( 96.82)	Acc@5 100.00 (100.00)
Epoch: [59][ 70/115]	Time  0.125 ( 0.131)	Data  0.000 ( 0.010)	Loss 9.0880e-02 (8.2478e-02)	Acc@1  96.88 ( 96.88)	Acc@5 100.00 (100.00)
Epoch: [59][ 80/115]	Time  0.131 ( 0.131)	Data  0.000 ( 0.010)	Loss 1.5937e-01 (8.2537e-02)	Acc@1  95.31 ( 96.95)	Acc@5 100.00 (100.00)
Epoch: [59][ 90/115]	Time  0.129 ( 0.131)	Data  0.000 ( 0.010)	Loss 1.0783e-01 (8.0038e-02)	Acc@1  95.31 ( 97.03)	Acc@5 100.00 (100.00)
Epoch: [59][100/115]	Time  0.127 ( 0.131)	Data  0.000 ( 0.009)	Loss 1.1208e-01 (7.9900e-02)	Acc@1  95.31 ( 97.06)	Acc@5 100.00 (100.00)
Epoch: [59][110/115]	Time  0.128 ( 0.130)	Data  0.000 ( 0.009)	Loss 1.6329e-01 (7.8343e-02)	Acc@1  95.31 ( 97.16)	Acc@5 100.00 (100.00)
Test: [ 0/50]	Time  0.256 ( 0.256)	Loss 6.4062e-02 (6.4062e-02)	Acc@1  98.44 ( 98.44)	Acc@5 100.00 (100.00)
Test: [10/50]	Time  0.038 ( 0.056)	Loss 1.2054e-02 (3.7938e-02)	Acc@1 100.00 ( 99.15)	Acc@5 100.00 (100.00)
Test: [20/50]	Time  0.038 ( 0.048)	Loss 6.5302e-03 (2.4408e-02)	Acc@1 100.00 ( 99.48)	Acc@5 100.00 (100.00)
Test: [30/50]	Time  0.038 ( 0.044)	Loss 1.5229e-02 (2.3999e-02)	Acc@1 100.00 ( 99.34)	Acc@5 100.00 (100.00)
Test: [40/50]	Time  0.038 ( 0.043)	Loss 4.8528e-02 (2.4978e-02)	Acc@1  98.44 ( 99.35)	Acc@5 100.00 (100.00)
 * Acc@1 99.366 Acc@5 100.000
Epoch: [60][  0/115]	Time  0.275 ( 0.275)	Data  0.219 ( 0.219)	Loss 7.3717e-02 (7.3717e-02)	Acc@1  98.44 ( 98.44)	Acc@5 100.00 (100.00)
Epoch: [60][ 10/115]	Time  0.130 ( 0.141)	Data  0.000 ( 0.026)	Loss 3.6903e-02 (6.6254e-02)	Acc@1  98.44 ( 97.73)	Acc@5 100.00 (100.00)
Epoch: [60][ 20/115]	Time  0.127 ( 0.135)	Data  0.000 ( 0.017)	Loss 1.2102e-01 (7.6001e-02)	Acc@1  95.31 ( 97.32)	Acc@5 100.00 (100.00)
Epoch: [60][ 30/115]	Time  0.129 ( 0.133)	Data  0.000 ( 0.014)	Loss 3.1761e-02 (7.7277e-02)	Acc@1  96.88 ( 97.23)	Acc@5 100.00 (100.00)
Epoch: [60][ 40/115]	Time  0.126 ( 0.132)	Data  0.000 ( 0.012)	Loss 4.1176e-02 (7.4670e-02)	Acc@1  98.44 ( 97.45)	Acc@5 100.00 (100.00)
Epoch: [60][ 50/115]	Time  0.132 ( 0.131)	Data  0.000 ( 0.011)	Loss 4.7857e-02 (8.0152e-02)	Acc@1  98.44 ( 97.03)	Acc@5 100.00 (100.00)
Epoch: [60][ 60/115]	Time  0.130 ( 0.131)	Data  0.000 ( 0.011)	Loss 4.7148e-02 (7.7621e-02)	Acc@1  98.44 ( 97.16)	Acc@5 100.00 (100.00)
Epoch: [60][ 70/115]	Time  0.127 ( 0.131)	Data  0.000 ( 0.010)	Loss 5.3677e-02 (7.4370e-02)	Acc@1  98.44 ( 97.25)	Acc@5 100.00 (100.00)
Epoch: [60][ 80/115]	Time  0.129 ( 0.130)	Data  0.000 ( 0.010)	Loss 9.1575e-02 (7.0847e-02)	Acc@1  95.31 ( 97.36)	Acc@5 100.00 (100.00)
Epoch: [60][ 90/115]	Time  0.130 ( 0.130)	Data  0.000 ( 0.009)	Loss 8.8757e-02 (6.9912e-02)	Acc@1  98.44 ( 97.44)	Acc@5 100.00 (100.00)
Epoch: [60][100/115]	Time  0.138 ( 0.130)	Data  0.000 ( 0.009)	Loss 5.1536e-02 (7.0544e-02)	Acc@1  98.44 ( 97.40)	Acc@5 100.00 (100.00)
Epoch: [60][110/115]	Time  0.129 ( 0.130)	Data  0.000 ( 0.009)	Loss 9.6210e-02 (7.0513e-02)	Acc@1  98.44 ( 97.37)	Acc@5 100.00 (100.00)
Test: [ 0/50]	Time  0.259 ( 0.259)	Loss 7.2011e-02 (7.2011e-02)	Acc@1  98.44 ( 98.44)	Acc@5 100.00 (100.00)
Test: [10/50]	Time  0.037 ( 0.056)	Loss 1.8042e-02 (4.4842e-02)	Acc@1 100.00 ( 98.86)	Acc@5 100.00 (100.00)
Test: [20/50]	Time  0.047 ( 0.048)	Loss 8.0516e-03 (2.9527e-02)	Acc@1 100.00 ( 99.18)	Acc@5 100.00 (100.00)
Test: [30/50]	Time  0.038 ( 0.045)	Loss 1.1562e-02 (2.7823e-02)	Acc@1 100.00 ( 99.14)	Acc@5 100.00 (100.00)
Test: [40/50]	Time  0.038 ( 0.043)	Loss 4.2503e-02 (2.6032e-02)	Acc@1  98.44 ( 99.24)	Acc@5 100.00 (100.00)
 * Acc@1 99.334 Acc@5 100.000
Epoch: [61][  0/115]	Time  0.292 ( 0.292)	Data  0.237 ( 0.237)	Loss 7.9726e-02 (7.9726e-02)	Acc@1  93.75 ( 93.75)	Acc@5 100.00 (100.00)
Epoch: [61][ 10/115]	Time  0.129 ( 0.144)	Data  0.000 ( 0.028)	Loss 9.3348e-02 (8.6162e-02)	Acc@1  98.44 ( 97.16)	Acc@5 100.00 (100.00)
Epoch: [61][ 20/115]	Time  0.139 ( 0.138)	Data  0.000 ( 0.018)	Loss 3.2635e-02 (8.4570e-02)	Acc@1  98.44 ( 96.95)	Acc@5 100.00 (100.00)
Epoch: [61][ 30/115]	Time  0.131 ( 0.135)	Data  0.000 ( 0.014)	Loss 7.7174e-02 (8.3151e-02)	Acc@1  96.88 ( 96.82)	Acc@5 100.00 (100.00)
Epoch: [61][ 40/115]	Time  0.128 ( 0.133)	Data  0.000 ( 0.012)	Loss 2.9702e-02 (7.8280e-02)	Acc@1  98.44 ( 97.10)	Acc@5 100.00 (100.00)
Epoch: [61][ 50/115]	Time  0.128 ( 0.133)	Data  0.000 ( 0.011)	Loss 1.2280e-01 (7.8823e-02)	Acc@1  96.88 ( 97.18)	Acc@5 100.00 (100.00)
Epoch: [61][ 60/115]	Time  0.130 ( 0.132)	Data  0.000 ( 0.011)	Loss 1.4721e-02 (8.0159e-02)	Acc@1 100.00 ( 97.18)	Acc@5 100.00 (100.00)
Epoch: [61][ 70/115]	Time  0.121 ( 0.132)	Data  0.000 ( 0.010)	Loss 1.3387e-01 (8.1448e-02)	Acc@1  95.31 ( 97.14)	Acc@5 100.00 (100.00)
Epoch: [61][ 80/115]	Time  0.127 ( 0.131)	Data  0.000 ( 0.010)	Loss 8.4381e-02 (8.3284e-02)	Acc@1  96.88 ( 96.99)	Acc@5 100.00 (100.00)
Epoch: [61][ 90/115]	Time  0.127 ( 0.131)	Data  0.000 ( 0.010)	Loss 1.8218e-01 (8.2769e-02)	Acc@1  90.62 ( 96.94)	Acc@5 100.00 (100.00)
Epoch: [61][100/115]	Time  0.130 ( 0.131)	Data  0.000 ( 0.009)	Loss 1.2791e-02 (8.0860e-02)	Acc@1 100.00 ( 97.00)	Acc@5 100.00 (100.00)
Epoch: [61][110/115]	Time  0.136 ( 0.131)	Data  0.000 ( 0.009)	Loss 6.6513e-02 (7.8572e-02)	Acc@1  96.88 ( 97.13)	Acc@5 100.00 (100.00)
Test: [ 0/50]	Time  0.263 ( 0.263)	Loss 7.3966e-02 (7.3966e-02)	Acc@1  98.44 ( 98.44)	Acc@5 100.00 (100.00)
Test: [10/50]	Time  0.037 ( 0.057)	Loss 1.8993e-02 (4.5898e-02)	Acc@1  98.44 ( 98.58)	Acc@5 100.00 (100.00)
Test: [20/50]	Time  0.042 ( 0.048)	Loss 7.9720e-03 (3.0306e-02)	Acc@1 100.00 ( 99.03)	Acc@5 100.00 (100.00)
Test: [30/50]	Time  0.039 ( 0.045)	Loss 1.2486e-02 (2.8721e-02)	Acc@1 100.00 ( 99.04)	Acc@5 100.00 (100.00)
Test: [40/50]	Time  0.038 ( 0.043)	Loss 4.2423e-02 (2.6599e-02)	Acc@1  98.44 ( 99.20)	Acc@5 100.00 (100.00)
 * Acc@1 99.302 Acc@5 100.000
Epoch: [62][  0/115]	Time  0.296 ( 0.296)	Data  0.234 ( 0.234)	Loss 3.1003e-02 (3.1003e-02)	Acc@1  96.88 ( 96.88)	Acc@5 100.00 (100.00)
Epoch: [62][ 10/115]	Time  0.128 ( 0.143)	Data  0.000 ( 0.027)	Loss 5.9562e-02 (8.4466e-02)	Acc@1  96.88 ( 96.59)	Acc@5 100.00 (100.00)
Epoch: [62][ 20/115]	Time  0.127 ( 0.136)	Data  0.000 ( 0.018)	Loss 9.6935e-02 (7.4849e-02)	Acc@1  96.88 ( 97.02)	Acc@5 100.00 (100.00)
Epoch: [62][ 30/115]	Time  0.129 ( 0.134)	Data  0.000 ( 0.014)	Loss 3.9970e-02 (7.3632e-02)	Acc@1  98.44 ( 97.13)	Acc@5 100.00 (100.00)
Epoch: [62][ 40/115]	Time  0.127 ( 0.133)	Data  0.000 ( 0.013)	Loss 3.3051e-02 (7.0012e-02)	Acc@1  96.88 ( 97.22)	Acc@5 100.00 (100.00)
Epoch: [62][ 50/115]	Time  0.133 ( 0.132)	Data  0.000 ( 0.012)	Loss 2.1329e-02 (7.0863e-02)	Acc@1  98.44 ( 97.18)	Acc@5 100.00 (100.00)
Epoch: [62][ 60/115]	Time  0.129 ( 0.132)	Data  0.000 ( 0.011)	Loss 3.4227e-02 (6.8976e-02)	Acc@1 100.00 ( 97.31)	Acc@5 100.00 (100.00)
Epoch: [62][ 70/115]	Time  0.130 ( 0.132)	Data  0.000 ( 0.010)	Loss 1.5136e-01 (7.2554e-02)	Acc@1  93.75 ( 97.14)	Acc@5 100.00 (100.00)
Epoch: [62][ 80/115]	Time  0.130 ( 0.131)	Data  0.000 ( 0.010)	Loss 4.7644e-02 (7.3603e-02)	Acc@1  98.44 ( 97.16)	Acc@5 100.00 (100.00)
Epoch: [62][ 90/115]	Time  0.131 ( 0.131)	Data  0.000 ( 0.010)	Loss 2.0238e-02 (7.0498e-02)	Acc@1 100.00 ( 97.32)	Acc@5 100.00 (100.00)
Epoch: [62][100/115]	Time  0.128 ( 0.131)	Data  0.000 ( 0.009)	Loss 7.1144e-02 (6.9725e-02)	Acc@1  98.44 ( 97.42)	Acc@5 100.00 (100.00)
Epoch: [62][110/115]	Time  0.132 ( 0.131)	Data  0.000 ( 0.009)	Loss 5.3448e-02 (6.9679e-02)	Acc@1  98.44 ( 97.37)	Acc@5 100.00 (100.00)
Test: [ 0/50]	Time  0.263 ( 0.263)	Loss 7.5992e-02 (7.5992e-02)	Acc@1  98.44 ( 98.44)	Acc@5 100.00 (100.00)
Test: [10/50]	Time  0.037 ( 0.058)	Loss 2.4828e-02 (4.7962e-02)	Acc@1  98.44 ( 98.58)	Acc@5 100.00 (100.00)
Test: [20/50]	Time  0.038 ( 0.049)	Loss 9.0057e-03 (3.1775e-02)	Acc@1 100.00 ( 99.03)	Acc@5 100.00 (100.00)
Test: [30/50]	Time  0.037 ( 0.046)	Loss 1.0666e-02 (2.9786e-02)	Acc@1 100.00 ( 99.04)	Acc@5 100.00 (100.00)
Test: [40/50]	Time  0.038 ( 0.044)	Loss 3.8127e-02 (2.7124e-02)	Acc@1  98.44 ( 99.16)	Acc@5 100.00 (100.00)
 * Acc@1 99.271 Acc@5 100.000
Epoch: [63][  0/115]	Time  0.286 ( 0.286)	Data  0.224 ( 0.224)	Loss 3.3173e-02 (3.3173e-02)	Acc@1 100.00 (100.00)	Acc@5 100.00 (100.00)
Epoch: [63][ 10/115]	Time  0.121 ( 0.143)	Data  0.000 ( 0.026)	Loss 6.4479e-02 (6.7029e-02)	Acc@1  98.44 ( 97.87)	Acc@5 100.00 (100.00)
Epoch: [63][ 20/115]	Time  0.130 ( 0.136)	Data  0.000 ( 0.017)	Loss 6.6442e-02 (6.0117e-02)	Acc@1  95.31 ( 97.84)	Acc@5 100.00 (100.00)
Epoch: [63][ 30/115]	Time  0.121 ( 0.134)	Data  0.000 ( 0.014)	Loss 9.9419e-02 (6.4150e-02)	Acc@1  98.44 ( 97.73)	Acc@5 100.00 (100.00)
Epoch: [63][ 40/115]	Time  0.132 ( 0.133)	Data  0.000 ( 0.012)	Loss 3.3200e-02 (6.5911e-02)	Acc@1  98.44 ( 97.71)	Acc@5 100.00 (100.00)
Epoch: [63][ 50/115]	Time  0.123 ( 0.132)	Data  0.000 ( 0.011)	Loss 3.7740e-02 (6.6040e-02)	Acc@1  98.44 ( 97.76)	Acc@5 100.00 (100.00)
Epoch: [63][ 60/115]	Time  0.129 ( 0.132)	Data  0.000 ( 0.011)	Loss 6.7312e-02 (6.5675e-02)	Acc@1  98.44 ( 97.62)	Acc@5 100.00 (100.00)
Epoch: [63][ 70/115]	Time  0.124 ( 0.131)	Data  0.000 ( 0.010)	Loss 5.8255e-02 (6.5582e-02)	Acc@1  98.44 ( 97.65)	Acc@5 100.00 (100.00)
Epoch: [63][ 80/115]	Time  0.132 ( 0.131)	Data  0.000 ( 0.010)	Loss 4.0730e-02 (6.6124e-02)	Acc@1  98.44 ( 97.63)	Acc@5 100.00 (100.00)
Epoch: [63][ 90/115]	Time  0.131 ( 0.131)	Data  0.000 ( 0.010)	Loss 2.6632e-02 (6.7333e-02)	Acc@1 100.00 ( 97.61)	Acc@5 100.00 (100.00)
Epoch: [63][100/115]	Time  0.128 ( 0.131)	Data  0.000 ( 0.009)	Loss 1.1279e-01 (6.6714e-02)	Acc@1  95.31 ( 97.62)	Acc@5 100.00 (100.00)
Epoch: [63][110/115]	Time  0.127 ( 0.131)	Data  0.000 ( 0.009)	Loss 6.2738e-02 (6.9347e-02)	Acc@1  98.44 ( 97.52)	Acc@5 100.00 (100.00)
Test: [ 0/50]	Time  0.264 ( 0.264)	Loss 6.0399e-02 (6.0399e-02)	Acc@1  98.44 ( 98.44)	Acc@5 100.00 (100.00)
Test: [10/50]	Time  0.036 ( 0.057)	Loss 1.3793e-02 (3.7476e-02)	Acc@1 100.00 ( 99.01)	Acc@5 100.00 (100.00)
Test: [20/50]	Time  0.038 ( 0.048)	Loss 4.7379e-03 (2.3940e-02)	Acc@1 100.00 ( 99.40)	Acc@5 100.00 (100.00)
Test: [30/50]	Time  0.038 ( 0.045)	Loss 1.5286e-02 (2.3867e-02)	Acc@1 100.00 ( 99.24)	Acc@5 100.00 (100.00)
Test: [40/50]	Time  0.038 ( 0.043)	Loss 4.9438e-02 (2.4736e-02)	Acc@1  98.44 ( 99.31)	Acc@5 100.00 (100.00)
 * Acc@1 99.334 Acc@5 100.000
Epoch: [64][  0/115]	Time  0.290 ( 0.290)	Data  0.228 ( 0.228)	Loss 2.2757e-02 (2.2757e-02)	Acc@1 100.00 (100.00)	Acc@5 100.00 (100.00)
Epoch: [64][ 10/115]	Time  0.132 ( 0.143)	Data  0.000 ( 0.027)	Loss 1.2683e-01 (6.4853e-02)	Acc@1  95.31 ( 98.01)	Acc@5 100.00 (100.00)
Epoch: [64][ 20/115]	Time  0.128 ( 0.136)	Data  0.000 ( 0.017)	Loss 5.5702e-02 (7.9342e-02)	Acc@1  96.88 ( 97.32)	Acc@5 100.00 (100.00)
Epoch: [64][ 30/115]	Time  0.129 ( 0.134)	Data  0.000 ( 0.014)	Loss 2.5588e-02 (7.6794e-02)	Acc@1 100.00 ( 97.33)	Acc@5 100.00 (100.00)
Epoch: [64][ 40/115]	Time  0.125 ( 0.132)	Data  0.000 ( 0.012)	Loss 4.9648e-02 (7.4481e-02)	Acc@1 100.00 ( 97.48)	Acc@5 100.00 (100.00)
Epoch: [64][ 50/115]	Time  0.130 ( 0.132)	Data  0.000 ( 0.011)	Loss 4.3920e-02 (7.0521e-02)	Acc@1  98.44 ( 97.67)	Acc@5 100.00 (100.00)
Epoch: [64][ 60/115]	Time  0.128 ( 0.131)	Data  0.000 ( 0.011)	Loss 4.7060e-02 (6.9303e-02)	Acc@1  98.44 ( 97.64)	Acc@5 100.00 (100.00)
Epoch: [64][ 70/115]	Time  0.129 ( 0.131)	Data  0.000 ( 0.010)	Loss 1.9298e-02 (6.7773e-02)	Acc@1 100.00 ( 97.73)	Acc@5 100.00 (100.00)
Epoch: [64][ 80/115]	Time  0.127 ( 0.130)	Data  0.000 ( 0.010)	Loss 4.5580e-02 (6.7572e-02)	Acc@1  98.44 ( 97.72)	Acc@5 100.00 (100.00)
Epoch: [64][ 90/115]	Time  0.128 ( 0.130)	Data  0.000 ( 0.009)	Loss 6.0922e-02 (7.1544e-02)	Acc@1  96.88 ( 97.56)	Acc@5 100.00 (100.00)
Epoch: [64][100/115]	Time  0.130 ( 0.130)	Data  0.000 ( 0.009)	Loss 6.7958e-02 (7.0707e-02)	Acc@1  96.88 ( 97.57)	Acc@5 100.00 (100.00)
Epoch: [64][110/115]	Time  0.128 ( 0.130)	Data  0.000 ( 0.009)	Loss 9.3344e-02 (7.1215e-02)	Acc@1  96.88 ( 97.56)	Acc@5 100.00 (100.00)
Test: [ 0/50]	Time  0.258 ( 0.258)	Loss 7.6045e-02 (7.6045e-02)	Acc@1  98.44 ( 98.44)	Acc@5 100.00 (100.00)
Test: [10/50]	Time  0.037 ( 0.059)	Loss 2.6247e-02 (5.1228e-02)	Acc@1  98.44 ( 98.58)	Acc@5 100.00 (100.00)
Test: [20/50]	Time  0.038 ( 0.049)	Loss 8.7104e-03 (3.4389e-02)	Acc@1 100.00 ( 98.96)	Acc@5 100.00 (100.00)
Test: [30/50]	Time  0.037 ( 0.046)	Loss 9.8061e-03 (3.1992e-02)	Acc@1 100.00 ( 98.99)	Acc@5 100.00 (100.00)
Test: [40/50]	Time  0.038 ( 0.044)	Loss 3.5518e-02 (2.8208e-02)	Acc@1  98.44 ( 99.12)	Acc@5 100.00 (100.00)
 * Acc@1 99.239 Acc@5 100.000
Epoch: [65][  0/115]	Time  0.275 ( 0.275)	Data  0.220 ( 0.220)	Loss 4.4990e-02 (4.4990e-02)	Acc@1  98.44 ( 98.44)	Acc@5 100.00 (100.00)
Epoch: [65][ 10/115]	Time  0.127 ( 0.142)	Data  0.000 ( 0.027)	Loss 3.1506e-02 (6.9765e-02)	Acc@1  98.44 ( 97.59)	Acc@5 100.00 (100.00)
Epoch: [65][ 20/115]	Time  0.131 ( 0.136)	Data  0.000 ( 0.017)	Loss 3.4739e-02 (6.4840e-02)	Acc@1  98.44 ( 97.69)	Acc@5 100.00 (100.00)
Epoch: [65][ 30/115]	Time  0.129 ( 0.134)	Data  0.000 ( 0.014)	Loss 8.4606e-02 (6.8721e-02)	Acc@1  96.88 ( 97.68)	Acc@5 100.00 (100.00)
Epoch: [65][ 40/115]	Time  0.129 ( 0.133)	Data  0.000 ( 0.012)	Loss 1.4854e-01 (6.8911e-02)	Acc@1  95.31 ( 97.64)	Acc@5 100.00 (100.00)
Epoch: [65][ 50/115]	Time  0.126 ( 0.132)	Data  0.000 ( 0.011)	Loss 2.7818e-02 (6.7206e-02)	Acc@1 100.00 ( 97.76)	Acc@5 100.00 (100.00)
Epoch: [65][ 60/115]	Time  0.133 ( 0.132)	Data  0.000 ( 0.011)	Loss 1.3269e-01 (7.5676e-02)	Acc@1  95.31 ( 97.46)	Acc@5 100.00 (100.00)
Epoch: [65][ 70/115]	Time  0.130 ( 0.131)	Data  0.000 ( 0.010)	Loss 1.0597e-01 (7.5570e-02)	Acc@1  96.88 ( 97.40)	Acc@5 100.00 (100.00)
Epoch: [65][ 80/115]	Time  0.128 ( 0.131)	Data  0.000 ( 0.010)	Loss 6.3717e-02 (7.3464e-02)	Acc@1  96.88 ( 97.42)	Acc@5 100.00 (100.00)
Epoch: [65][ 90/115]	Time  0.126 ( 0.131)	Data  0.000 ( 0.010)	Loss 4.5093e-02 (7.2805e-02)	Acc@1  98.44 ( 97.37)	Acc@5 100.00 (100.00)
Epoch: [65][100/115]	Time  0.130 ( 0.131)	Data  0.000 ( 0.009)	Loss 5.0439e-02 (7.3450e-02)	Acc@1  96.88 ( 97.31)	Acc@5 100.00 (100.00)
Epoch: [65][110/115]	Time  0.129 ( 0.131)	Data  0.000 ( 0.009)	Loss 2.9485e-02 (7.3503e-02)	Acc@1 100.00 ( 97.30)	Acc@5 100.00 (100.00)
Test: [ 0/50]	Time  0.262 ( 0.262)	Loss 7.0168e-02 (7.0168e-02)	Acc@1  98.44 ( 98.44)	Acc@5 100.00 (100.00)
Test: [10/50]	Time  0.037 ( 0.057)	Loss 2.2088e-02 (4.5064e-02)	Acc@1  98.44 ( 98.72)	Acc@5 100.00 (100.00)
Test: [20/50]	Time  0.042 ( 0.048)	Loss 5.7574e-03 (2.9677e-02)	Acc@1 100.00 ( 99.11)	Acc@5 100.00 (100.00)
Test: [30/50]	Time  0.038 ( 0.045)	Loss 1.1990e-02 (2.8349e-02)	Acc@1 100.00 ( 99.09)	Acc@5 100.00 (100.00)
Test: [40/50]	Time  0.038 ( 0.043)	Loss 3.5967e-02 (2.6528e-02)	Acc@1  98.44 ( 99.20)	Acc@5 100.00 (100.00)
 * Acc@1 99.302 Acc@5 100.000
Epoch: [66][  0/115]	Time  0.271 ( 0.271)	Data  0.216 ( 0.216)	Loss 7.8951e-02 (7.8951e-02)	Acc@1  98.44 ( 98.44)	Acc@5 100.00 (100.00)
Epoch: [66][ 10/115]	Time  0.124 ( 0.142)	Data  0.000 ( 0.026)	Loss 5.6944e-02 (6.6101e-02)	Acc@1  98.44 ( 97.87)	Acc@5 100.00 (100.00)
Epoch: [66][ 20/115]	Time  0.128 ( 0.136)	Data  0.000 ( 0.017)	Loss 4.6096e-02 (6.1246e-02)	Acc@1  98.44 ( 97.84)	Acc@5 100.00 (100.00)
Epoch: [66][ 30/115]	Time  0.136 ( 0.134)	Data  0.000 ( 0.014)	Loss 4.9247e-02 (5.9912e-02)	Acc@1  98.44 ( 97.68)	Acc@5 100.00 (100.00)
Epoch: [66][ 40/115]	Time  0.128 ( 0.133)	Data  0.000 ( 0.012)	Loss 5.6275e-02 (6.3116e-02)	Acc@1  98.44 ( 97.56)	Acc@5 100.00 (100.00)
Epoch: [66][ 50/115]	Time  0.132 ( 0.132)	Data  0.000 ( 0.011)	Loss 1.3203e-01 (6.6834e-02)	Acc@1  92.19 ( 97.18)	Acc@5 100.00 (100.00)
Epoch: [66][ 60/115]	Time  0.130 ( 0.132)	Data  0.000 ( 0.011)	Loss 9.3453e-02 (6.9944e-02)	Acc@1  96.88 ( 97.16)	Acc@5 100.00 (100.00)
Epoch: [66][ 70/115]	Time  0.137 ( 0.132)	Data  0.000 ( 0.010)	Loss 8.7053e-02 (6.6572e-02)	Acc@1  96.88 ( 97.34)	Acc@5 100.00 (100.00)
Epoch: [66][ 80/115]	Time  0.130 ( 0.131)	Data  0.000 ( 0.010)	Loss 8.4067e-02 (6.7467e-02)	Acc@1  96.88 ( 97.34)	Acc@5 100.00 (100.00)
Epoch: [66][ 90/115]	Time  0.130 ( 0.131)	Data  0.000 ( 0.009)	Loss 2.3929e-01 (6.9863e-02)	Acc@1  92.19 ( 97.27)	Acc@5 100.00 (100.00)
Epoch: [66][100/115]	Time  0.126 ( 0.131)	Data  0.000 ( 0.009)	Loss 1.1691e-01 (6.8593e-02)	Acc@1  93.75 ( 97.31)	Acc@5 100.00 (100.00)
Epoch: [66][110/115]	Time  0.131 ( 0.131)	Data  0.000 ( 0.009)	Loss 4.4652e-02 (6.7625e-02)	Acc@1  98.44 ( 97.34)	Acc@5 100.00 (100.00)
Test: [ 0/50]	Time  0.265 ( 0.265)	Loss 7.5165e-02 (7.5165e-02)	Acc@1  98.44 ( 98.44)	Acc@5 100.00 (100.00)
Test: [10/50]	Time  0.037 ( 0.057)	Loss 2.5547e-02 (4.8646e-02)	Acc@1  96.88 ( 98.58)	Acc@5 100.00 (100.00)
Test: [20/50]	Time  0.042 ( 0.048)	Loss 8.5730e-03 (3.2409e-02)	Acc@1 100.00 ( 98.96)	Acc@5 100.00 (100.00)
Test: [30/50]	Time  0.038 ( 0.045)	Loss 9.9105e-03 (3.0526e-02)	Acc@1 100.00 ( 98.99)	Acc@5 100.00 (100.00)
Test: [40/50]	Time  0.038 ( 0.043)	Loss 3.3929e-02 (2.7435e-02)	Acc@1  98.44 ( 99.12)	Acc@5 100.00 (100.00)
 * Acc@1 99.239 Acc@5 100.000
Epoch: [67][  0/115]	Time  0.273 ( 0.273)	Data  0.218 ( 0.218)	Loss 1.8879e-02 (1.8879e-02)	Acc@1  98.44 ( 98.44)	Acc@5 100.00 (100.00)
Epoch: [67][ 10/115]	Time  0.131 ( 0.143)	Data  0.000 ( 0.027)	Loss 6.2600e-02 (6.2988e-02)	Acc@1  98.44 ( 97.73)	Acc@5 100.00 (100.00)
Epoch: [67][ 20/115]	Time  0.132 ( 0.137)	Data  0.000 ( 0.017)	Loss 3.1712e-02 (6.8739e-02)	Acc@1 100.00 ( 97.54)	Acc@5 100.00 (100.00)
Epoch: [67][ 30/115]	Time  0.126 ( 0.134)	Data  0.000 ( 0.014)	Loss 6.5814e-02 (6.1778e-02)	Acc@1  96.88 ( 97.88)	Acc@5 100.00 (100.00)
Epoch: [67][ 40/115]	Time  0.129 ( 0.133)	Data  0.000 ( 0.012)	Loss 4.4033e-02 (6.0132e-02)	Acc@1  98.44 ( 97.90)	Acc@5 100.00 (100.00)
Epoch: [67][ 50/115]	Time  0.129 ( 0.132)	Data  0.000 ( 0.011)	Loss 7.8173e-02 (6.4593e-02)	Acc@1  96.88 ( 97.58)	Acc@5 100.00 (100.00)
Epoch: [67][ 60/115]	Time  0.129 ( 0.132)	Data  0.000 ( 0.011)	Loss 3.7997e-02 (6.5155e-02)	Acc@1  98.44 ( 97.62)	Acc@5 100.00 (100.00)
Epoch: [67][ 70/115]	Time  0.128 ( 0.132)	Data  0.000 ( 0.010)	Loss 2.6142e-02 (6.4078e-02)	Acc@1 100.00 ( 97.62)	Acc@5 100.00 (100.00)
Epoch: [67][ 80/115]	Time  0.130 ( 0.131)	Data  0.000 ( 0.010)	Loss 1.0170e-01 (6.5884e-02)	Acc@1  95.31 ( 97.47)	Acc@5 100.00 (100.00)
Epoch: [67][ 90/115]	Time  0.132 ( 0.131)	Data  0.000 ( 0.009)	Loss 7.0883e-02 (6.6914e-02)	Acc@1  96.88 ( 97.39)	Acc@5 100.00 (100.00)
Epoch: [67][100/115]	Time  0.125 ( 0.131)	Data  0.000 ( 0.009)	Loss 4.5336e-02 (6.6300e-02)	Acc@1 100.00 ( 97.43)	Acc@5 100.00 (100.00)
Epoch: [67][110/115]	Time  0.127 ( 0.131)	Data  0.000 ( 0.009)	Loss 1.1925e-01 (6.9390e-02)	Acc@1  93.75 ( 97.27)	Acc@5 100.00 (100.00)
Test: [ 0/50]	Time  0.275 ( 0.275)	Loss 7.1979e-02 (7.1979e-02)	Acc@1  98.44 ( 98.44)	Acc@5 100.00 (100.00)
Test: [10/50]	Time  0.037 ( 0.059)	Loss 2.1224e-02 (4.5470e-02)	Acc@1  98.44 ( 98.72)	Acc@5 100.00 (100.00)
Test: [20/50]	Time  0.038 ( 0.049)	Loss 5.9491e-03 (2.9828e-02)	Acc@1 100.00 ( 99.11)	Acc@5 100.00 (100.00)
Test: [30/50]	Time  0.038 ( 0.045)	Loss 1.0980e-02 (2.8277e-02)	Acc@1 100.00 ( 99.09)	Acc@5 100.00 (100.00)
Test: [40/50]	Time  0.038 ( 0.043)	Loss 3.6586e-02 (2.6092e-02)	Acc@1  98.44 ( 99.20)	Acc@5 100.00 (100.00)
 * Acc@1 99.302 Acc@5 100.000
Epoch: [68][  0/115]	Time  0.274 ( 0.274)	Data  0.219 ( 0.219)	Loss 8.7465e-02 (8.7465e-02)	Acc@1  96.88 ( 96.88)	Acc@5 100.00 (100.00)
Epoch: [68][ 10/115]	Time  0.132 ( 0.142)	Data  0.000 ( 0.026)	Loss 1.2458e-01 (9.4849e-02)	Acc@1  93.75 ( 96.59)	Acc@5 100.00 (100.00)
Epoch: [68][ 20/115]	Time  0.135 ( 0.136)	Data  0.000 ( 0.017)	Loss 4.2667e-02 (7.4200e-02)	Acc@1  96.88 ( 97.17)	Acc@5 100.00 (100.00)
Epoch: [68][ 30/115]	Time  0.129 ( 0.134)	Data  0.000 ( 0.014)	Loss 9.4246e-02 (7.3482e-02)	Acc@1  95.31 ( 97.23)	Acc@5 100.00 (100.00)
Epoch: [68][ 40/115]	Time  0.134 ( 0.133)	Data  0.000 ( 0.012)	Loss 5.7581e-02 (7.4365e-02)	Acc@1  98.44 ( 97.22)	Acc@5 100.00 (100.00)
Epoch: [68][ 50/115]	Time  0.135 ( 0.132)	Data  0.000 ( 0.011)	Loss 2.2385e-02 (7.0937e-02)	Acc@1  98.44 ( 97.37)	Acc@5 100.00 (100.00)
Epoch: [68][ 60/115]	Time  0.129 ( 0.132)	Data  0.000 ( 0.010)	Loss 1.3610e-01 (7.1654e-02)	Acc@1  92.19 ( 97.26)	Acc@5 100.00 (100.00)
Epoch: [68][ 70/115]	Time  0.130 ( 0.131)	Data  0.000 ( 0.010)	Loss 3.4510e-02 (7.2456e-02)	Acc@1  98.44 ( 97.25)	Acc@5 100.00 (100.00)
Epoch: [68][ 80/115]	Time  0.129 ( 0.131)	Data  0.000 ( 0.010)	Loss 5.1751e-02 (7.3588e-02)	Acc@1  96.88 ( 97.22)	Acc@5 100.00 (100.00)
Epoch: [68][ 90/115]	Time  0.133 ( 0.131)	Data  0.000 ( 0.009)	Loss 1.5730e-01 (7.3590e-02)	Acc@1  93.75 ( 97.25)	Acc@5 100.00 (100.00)
Epoch: [68][100/115]	Time  0.128 ( 0.131)	Data  0.000 ( 0.009)	Loss 4.3732e-02 (7.3797e-02)	Acc@1  98.44 ( 97.23)	Acc@5 100.00 (100.00)
Epoch: [68][110/115]	Time  0.129 ( 0.130)	Data  0.000 ( 0.009)	Loss 3.7173e-02 (7.1507e-02)	Acc@1 100.00 ( 97.34)	Acc@5 100.00 (100.00)
Test: [ 0/50]	Time  0.258 ( 0.258)	Loss 7.3209e-02 (7.3209e-02)	Acc@1  98.44 ( 98.44)	Acc@5 100.00 (100.00)
Test: [10/50]	Time  0.037 ( 0.056)	Loss 2.3410e-02 (4.6588e-02)	Acc@1  98.44 ( 98.72)	Acc@5 100.00 (100.00)
Test: [20/50]	Time  0.038 ( 0.048)	Loss 7.1052e-03 (3.0640e-02)	Acc@1 100.00 ( 99.11)	Acc@5 100.00 (100.00)
Test: [30/50]	Time  0.038 ( 0.044)	Loss 1.1881e-02 (2.9160e-02)	Acc@1 100.00 ( 99.09)	Acc@5 100.00 (100.00)
Test: [40/50]	Time  0.038 ( 0.043)	Loss 3.7879e-02 (2.6649e-02)	Acc@1  98.44 ( 99.20)	Acc@5 100.00 (100.00)
 * Acc@1 99.302 Acc@5 100.000
Epoch: [69][  0/115]	Time  0.280 ( 0.280)	Data  0.216 ( 0.216)	Loss 1.0814e-01 (1.0814e-01)	Acc@1  95.31 ( 95.31)	Acc@5 100.00 (100.00)
Epoch: [69][ 10/115]	Time  0.128 ( 0.141)	Data  0.000 ( 0.026)	Loss 1.2839e-01 (7.7292e-02)	Acc@1  93.75 ( 97.16)	Acc@5 100.00 (100.00)
Epoch: [69][ 20/115]	Time  0.129 ( 0.135)	Data  0.000 ( 0.017)	Loss 1.4250e-01 (8.1195e-02)	Acc@1  96.88 ( 97.32)	Acc@5 100.00 (100.00)
Epoch: [69][ 30/115]	Time  0.130 ( 0.132)	Data  0.000 ( 0.014)	Loss 5.1719e-02 (8.6498e-02)	Acc@1  98.44 ( 97.13)	Acc@5 100.00 (100.00)
Epoch: [69][ 40/115]	Time  0.128 ( 0.131)	Data  0.000 ( 0.012)	Loss 1.1329e-01 (7.8439e-02)	Acc@1  96.88 ( 97.41)	Acc@5 100.00 (100.00)
Epoch: [69][ 50/115]	Time  0.126 ( 0.130)	Data  0.000 ( 0.011)	Loss 1.0904e-01 (7.6461e-02)	Acc@1  95.31 ( 97.43)	Acc@5 100.00 (100.00)
Epoch: [69][ 60/115]	Time  0.130 ( 0.130)	Data  0.000 ( 0.010)	Loss 7.4552e-02 (8.0147e-02)	Acc@1  98.44 ( 97.31)	Acc@5 100.00 (100.00)
Epoch: [69][ 70/115]	Time  0.123 ( 0.130)	Data  0.000 ( 0.010)	Loss 3.5534e-02 (7.9854e-02)	Acc@1  98.44 ( 97.27)	Acc@5 100.00 (100.00)
Epoch: [69][ 80/115]	Time  0.128 ( 0.130)	Data  0.000 ( 0.010)	Loss 2.5859e-02 (7.6773e-02)	Acc@1 100.00 ( 97.30)	Acc@5 100.00 (100.00)
Epoch: [69][ 90/115]	Time  0.130 ( 0.130)	Data  0.000 ( 0.009)	Loss 8.5281e-02 (7.4213e-02)	Acc@1  98.44 ( 97.39)	Acc@5 100.00 (100.00)
Epoch: [69][100/115]	Time  0.132 ( 0.129)	Data  0.000 ( 0.009)	Loss 4.7101e-02 (7.3287e-02)	Acc@1  98.44 ( 97.45)	Acc@5 100.00 (100.00)
Epoch: [69][110/115]	Time  0.130 ( 0.129)	Data  0.000 ( 0.009)	Loss 3.7635e-02 (7.2210e-02)	Acc@1 100.00 ( 97.48)	Acc@5 100.00 (100.00)
Test: [ 0/50]	Time  0.265 ( 0.265)	Loss 6.9825e-02 (6.9825e-02)	Acc@1  98.44 ( 98.44)	Acc@5 100.00 (100.00)
Test: [10/50]	Time  0.039 ( 0.058)	Loss 2.0199e-02 (4.5979e-02)	Acc@1 100.00 ( 98.86)	Acc@5 100.00 (100.00)
Test: [20/50]	Time  0.075 ( 0.050)	Loss 6.9893e-03 (3.0224e-02)	Acc@1 100.00 ( 99.18)	Acc@5 100.00 (100.00)
Test: [30/50]	Time  0.037 ( 0.046)	Loss 1.0756e-02 (2.8589e-02)	Acc@1 100.00 ( 99.14)	Acc@5 100.00 (100.00)
Test: [40/50]	Time  0.037 ( 0.044)	Loss 3.9517e-02 (2.6405e-02)	Acc@1  98.44 ( 99.24)	Acc@5 100.00 (100.00)
 * Acc@1 99.334 Acc@5 100.000
Epoch: [70][  0/115]	Time  0.260 ( 0.260)	Data  0.198 ( 0.198)	Loss 1.9189e-01 (1.9189e-01)	Acc@1  90.62 ( 90.62)	Acc@5 100.00 (100.00)
Epoch: [70][ 10/115]	Time  0.130 ( 0.140)	Data  0.000 ( 0.024)	Loss 5.0894e-02 (6.7486e-02)	Acc@1  96.88 ( 97.87)	Acc@5 100.00 (100.00)
Epoch: [70][ 20/115]	Time  0.123 ( 0.135)	Data  0.000 ( 0.016)	Loss 2.3383e-02 (7.3571e-02)	Acc@1 100.00 ( 97.40)	Acc@5 100.00 (100.00)
Epoch: [70][ 30/115]	Time  0.130 ( 0.133)	Data  0.000 ( 0.013)	Loss 2.3935e-02 (7.6406e-02)	Acc@1 100.00 ( 97.33)	Acc@5 100.00 (100.00)
Epoch: [70][ 40/115]	Time  0.134 ( 0.132)	Data  0.000 ( 0.012)	Loss 6.1958e-02 (7.7922e-02)	Acc@1  96.88 ( 97.22)	Acc@5 100.00 (100.00)
Epoch: [70][ 50/115]	Time  0.125 ( 0.131)	Data  0.000 ( 0.011)	Loss 5.9395e-02 (7.2041e-02)	Acc@1  98.44 ( 97.40)	Acc@5 100.00 (100.00)
Epoch: [70][ 60/115]	Time  0.128 ( 0.131)	Data  0.000 ( 0.010)	Loss 8.2619e-02 (7.3662e-02)	Acc@1  98.44 ( 97.28)	Acc@5 100.00 (100.00)
Epoch: [70][ 70/115]	Time  0.131 ( 0.131)	Data  0.000 ( 0.010)	Loss 2.1150e-01 (7.2282e-02)	Acc@1  96.88 ( 97.38)	Acc@5 100.00 (100.00)
Epoch: [70][ 80/115]	Time  0.130 ( 0.131)	Data  0.000 ( 0.009)	Loss 3.9849e-02 (7.6000e-02)	Acc@1  98.44 ( 97.28)	Acc@5 100.00 (100.00)
Epoch: [70][ 90/115]	Time  0.133 ( 0.130)	Data  0.000 ( 0.009)	Loss 3.2801e-02 (7.5720e-02)	Acc@1  98.44 ( 97.30)	Acc@5 100.00 (100.00)
Epoch: [70][100/115]	Time  0.126 ( 0.130)	Data  0.000 ( 0.009)	Loss 6.3708e-02 (7.7154e-02)	Acc@1  96.88 ( 97.22)	Acc@5 100.00 (100.00)
Epoch: [70][110/115]	Time  0.131 ( 0.130)	Data  0.000 ( 0.009)	Loss 5.5296e-02 (7.7426e-02)	Acc@1  98.44 ( 97.18)	Acc@5 100.00 (100.00)
Test: [ 0/50]	Time  0.259 ( 0.259)	Loss 8.0229e-02 (8.0229e-02)	Acc@1  98.44 ( 98.44)	Acc@5 100.00 (100.00)
Test: [10/50]	Time  0.039 ( 0.058)	Loss 2.6262e-02 (5.0811e-02)	Acc@1  98.44 ( 98.44)	Acc@5 100.00 (100.00)
Test: [20/50]	Time  0.038 ( 0.048)	Loss 6.9222e-03 (3.3788e-02)	Acc@1 100.00 ( 98.96)	Acc@5 100.00 (100.00)
Test: [30/50]	Time  0.038 ( 0.045)	Loss 9.4204e-03 (3.1633e-02)	Acc@1 100.00 ( 98.99)	Acc@5 100.00 (100.00)
Test: [40/50]	Time  0.038 ( 0.043)	Loss 3.1307e-02 (2.8060e-02)	Acc@1  98.44 ( 99.12)	Acc@5 100.00 (100.00)
 * Acc@1 99.239 Acc@5 100.000
Epoch: [71][  0/115]	Time  0.251 ( 0.251)	Data  0.196 ( 0.196)	Loss 1.3090e-01 (1.3090e-01)	Acc@1  96.88 ( 96.88)	Acc@5 100.00 (100.00)
Epoch: [71][ 10/115]	Time  0.126 ( 0.140)	Data  0.000 ( 0.025)	Loss 4.5373e-02 (7.7981e-02)	Acc@1  98.44 ( 97.59)	Acc@5 100.00 (100.00)
Epoch: [71][ 20/115]	Time  0.130 ( 0.135)	Data  0.000 ( 0.016)	Loss 1.3255e-01 (8.0986e-02)	Acc@1  95.31 ( 97.10)	Acc@5 100.00 (100.00)
Epoch: [71][ 30/115]	Time  0.127 ( 0.133)	Data  0.000 ( 0.013)	Loss 1.1178e-01 (7.6271e-02)	Acc@1  95.31 ( 97.43)	Acc@5 100.00 (100.00)
Epoch: [71][ 40/115]	Time  0.132 ( 0.132)	Data  0.000 ( 0.012)	Loss 2.5781e-02 (7.3082e-02)	Acc@1 100.00 ( 97.52)	Acc@5 100.00 (100.00)
Epoch: [71][ 50/115]	Time  0.126 ( 0.132)	Data  0.000 ( 0.011)	Loss 7.7192e-02 (6.9496e-02)	Acc@1  95.31 ( 97.55)	Acc@5 100.00 (100.00)
Epoch: [71][ 60/115]	Time  0.124 ( 0.131)	Data  0.000 ( 0.010)	Loss 4.1769e-02 (6.9167e-02)	Acc@1 100.00 ( 97.57)	Acc@5 100.00 (100.00)
Epoch: [71][ 70/115]	Time  0.129 ( 0.131)	Data  0.000 ( 0.010)	Loss 9.9232e-02 (7.0997e-02)	Acc@1  95.31 ( 97.38)	Acc@5 100.00 (100.00)
Epoch: [71][ 80/115]	Time  0.133 ( 0.131)	Data  0.000 ( 0.009)	Loss 5.5772e-02 (6.9854e-02)	Acc@1  98.44 ( 97.42)	Acc@5 100.00 (100.00)
Epoch: [71][ 90/115]	Time  0.132 ( 0.131)	Data  0.000 ( 0.009)	Loss 6.3467e-02 (6.9501e-02)	Acc@1  98.44 ( 97.41)	Acc@5 100.00 (100.00)
Epoch: [71][100/115]	Time  0.125 ( 0.130)	Data  0.000 ( 0.009)	Loss 2.9336e-02 (6.9724e-02)	Acc@1  98.44 ( 97.42)	Acc@5 100.00 (100.00)
Epoch: [71][110/115]	Time  0.127 ( 0.130)	Data  0.000 ( 0.009)	Loss 1.8706e-02 (7.0954e-02)	Acc@1 100.00 ( 97.42)	Acc@5 100.00 (100.00)
Test: [ 0/50]	Time  0.256 ( 0.256)	Loss 8.8402e-02 (8.8402e-02)	Acc@1  98.44 ( 98.44)	Acc@5 100.00 (100.00)
Test: [10/50]	Time  0.037 ( 0.056)	Loss 3.5765e-02 (5.5869e-02)	Acc@1  96.88 ( 98.01)	Acc@5 100.00 (100.00)
Test: [20/50]	Time  0.038 ( 0.048)	Loss 7.9704e-03 (3.7551e-02)	Acc@1 100.00 ( 98.59)	Acc@5 100.00 (100.00)
Test: [30/50]	Time  0.038 ( 0.045)	Loss 8.1787e-03 (3.4859e-02)	Acc@1 100.00 ( 98.69)	Acc@5 100.00 (100.00)
Test: [40/50]	Time  0.038 ( 0.043)	Loss 3.0813e-02 (3.0040e-02)	Acc@1  98.44 ( 98.89)	Acc@5 100.00 (100.00)
 * Acc@1 99.049 Acc@5 100.000
Epoch: [72][  0/115]	Time  0.276 ( 0.276)	Data  0.221 ( 0.221)	Loss 5.3035e-02 (5.3035e-02)	Acc@1  96.88 ( 96.88)	Acc@5 100.00 (100.00)
Epoch: [72][ 10/115]	Time  0.132 ( 0.142)	Data  0.000 ( 0.027)	Loss 2.8890e-02 (7.9133e-02)	Acc@1  98.44 ( 96.88)	Acc@5 100.00 (100.00)
Epoch: [72][ 20/115]	Time  0.130 ( 0.136)	Data  0.000 ( 0.017)	Loss 7.8208e-02 (9.1000e-02)	Acc@1  96.88 ( 96.65)	Acc@5 100.00 (100.00)
Epoch: [72][ 30/115]	Time  0.129 ( 0.134)	Data  0.000 ( 0.014)	Loss 1.4058e-01 (8.4639e-02)	Acc@1  95.31 ( 96.82)	Acc@5 100.00 (100.00)
Epoch: [72][ 40/115]	Time  0.128 ( 0.133)	Data  0.000 ( 0.012)	Loss 3.5788e-02 (7.4839e-02)	Acc@1  98.44 ( 97.26)	Acc@5 100.00 (100.00)
Epoch: [72][ 50/115]	Time  0.130 ( 0.132)	Data  0.000 ( 0.011)	Loss 2.0786e-02 (6.9598e-02)	Acc@1 100.00 ( 97.46)	Acc@5 100.00 (100.00)
Epoch: [72][ 60/115]	Time  0.130 ( 0.132)	Data  0.000 ( 0.011)	Loss 7.7994e-02 (6.7154e-02)	Acc@1  96.88 ( 97.57)	Acc@5 100.00 (100.00)
Epoch: [72][ 70/115]	Time  0.131 ( 0.131)	Data  0.000 ( 0.010)	Loss 8.5035e-02 (6.5480e-02)	Acc@1  96.88 ( 97.62)	Acc@5 100.00 (100.00)
Epoch: [72][ 80/115]	Time  0.135 ( 0.131)	Data  0.000 ( 0.010)	Loss 3.7634e-02 (6.3538e-02)	Acc@1  98.44 ( 97.65)	Acc@5 100.00 (100.00)
Epoch: [72][ 90/115]	Time  0.132 ( 0.131)	Data  0.000 ( 0.009)	Loss 3.3304e-01 (6.5542e-02)	Acc@1  92.19 ( 97.58)	Acc@5 100.00 (100.00)
Epoch: [72][100/115]	Time  0.138 ( 0.131)	Data  0.000 ( 0.009)	Loss 7.5098e-02 (6.5908e-02)	Acc@1  96.88 ( 97.59)	Acc@5 100.00 (100.00)
Epoch: [72][110/115]	Time  0.130 ( 0.131)	Data  0.000 ( 0.009)	Loss 3.7514e-02 (6.5126e-02)	Acc@1  98.44 ( 97.58)	Acc@5 100.00 (100.00)
Test: [ 0/50]	Time  0.258 ( 0.258)	Loss 7.6673e-02 (7.6673e-02)	Acc@1  98.44 ( 98.44)	Acc@5 100.00 (100.00)
Test: [10/50]	Time  0.040 ( 0.057)	Loss 2.4433e-02 (4.6994e-02)	Acc@1  98.44 ( 98.58)	Acc@5 100.00 (100.00)
Test: [20/50]	Time  0.038 ( 0.048)	Loss 6.6894e-03 (3.0801e-02)	Acc@1 100.00 ( 99.03)	Acc@5 100.00 (100.00)
Test: [30/50]	Time  0.038 ( 0.045)	Loss 1.0168e-02 (2.9242e-02)	Acc@1 100.00 ( 99.04)	Acc@5 100.00 (100.00)
Test: [40/50]	Time  0.038 ( 0.043)	Loss 3.9304e-02 (2.6777e-02)	Acc@1  98.44 ( 99.16)	Acc@5 100.00 (100.00)
 * Acc@1 99.271 Acc@5 100.000
Epoch: [73][  0/115]	Time  0.276 ( 0.276)	Data  0.220 ( 0.220)	Loss 7.1634e-02 (7.1634e-02)	Acc@1  98.44 ( 98.44)	Acc@5 100.00 (100.00)
Epoch: [73][ 10/115]	Time  0.127 ( 0.143)	Data  0.000 ( 0.027)	Loss 7.8882e-02 (5.5876e-02)	Acc@1  98.44 ( 98.30)	Acc@5 100.00 (100.00)
Epoch: [73][ 20/115]	Time  0.132 ( 0.137)	Data  0.000 ( 0.017)	Loss 7.7472e-02 (5.8617e-02)	Acc@1  96.88 ( 97.99)	Acc@5 100.00 (100.00)
Epoch: [73][ 30/115]	Time  0.130 ( 0.134)	Data  0.000 ( 0.014)	Loss 1.0785e-01 (5.9496e-02)	Acc@1  96.88 ( 98.08)	Acc@5 100.00 (100.00)
Epoch: [73][ 40/115]	Time  0.130 ( 0.133)	Data  0.000 ( 0.012)	Loss 8.1544e-02 (6.0035e-02)	Acc@1  96.88 ( 97.94)	Acc@5 100.00 (100.00)
Epoch: [73][ 50/115]	Time  0.126 ( 0.132)	Data  0.000 ( 0.011)	Loss 1.5436e-02 (6.2521e-02)	Acc@1 100.00 ( 98.01)	Acc@5 100.00 (100.00)
Epoch: [73][ 60/115]	Time  0.128 ( 0.132)	Data  0.000 ( 0.011)	Loss 7.9763e-02 (6.2732e-02)	Acc@1  95.31 ( 97.95)	Acc@5 100.00 (100.00)
Epoch: [73][ 70/115]	Time  0.128 ( 0.131)	Data  0.000 ( 0.010)	Loss 8.8169e-02 (6.5982e-02)	Acc@1  95.31 ( 97.73)	Acc@5 100.00 (100.00)
Epoch: [73][ 80/115]	Time  0.129 ( 0.131)	Data  0.000 ( 0.010)	Loss 3.6631e-02 (6.7614e-02)	Acc@1 100.00 ( 97.59)	Acc@5 100.00 (100.00)
Epoch: [73][ 90/115]	Time  0.129 ( 0.131)	Data  0.000 ( 0.009)	Loss 9.4668e-02 (6.7479e-02)	Acc@1  96.88 ( 97.54)	Acc@5 100.00 (100.00)
Epoch: [73][100/115]	Time  0.131 ( 0.131)	Data  0.000 ( 0.009)	Loss 2.1767e-02 (6.6559e-02)	Acc@1  98.44 ( 97.52)	Acc@5 100.00 (100.00)
Epoch: [73][110/115]	Time  0.130 ( 0.131)	Data  0.000 ( 0.009)	Loss 5.5233e-02 (6.7502e-02)	Acc@1  95.31 ( 97.49)	Acc@5 100.00 (100.00)
Test: [ 0/50]	Time  0.270 ( 0.270)	Loss 8.1599e-02 (8.1599e-02)	Acc@1  98.44 ( 98.44)	Acc@5 100.00 (100.00)
Test: [10/50]	Time  0.037 ( 0.058)	Loss 2.7554e-02 (5.0060e-02)	Acc@1  98.44 ( 98.44)	Acc@5 100.00 (100.00)
Test: [20/50]	Time  0.038 ( 0.048)	Loss 6.4806e-03 (3.3152e-02)	Acc@1 100.00 ( 98.88)	Acc@5 100.00 (100.00)
Test: [30/50]	Time  0.038 ( 0.045)	Loss 9.9932e-03 (3.1157e-02)	Acc@1 100.00 ( 98.94)	Acc@5 100.00 (100.00)
Test: [40/50]	Time  0.038 ( 0.043)	Loss 3.6572e-02 (2.7866e-02)	Acc@1  98.44 ( 99.09)	Acc@5 100.00 (100.00)
 * Acc@1 99.207 Acc@5 100.000
Epoch: [74][  0/115]	Time  0.277 ( 0.277)	Data  0.216 ( 0.216)	Loss 5.4442e-02 (5.4442e-02)	Acc@1  96.88 ( 96.88)	Acc@5 100.00 (100.00)
Epoch: [74][ 10/115]	Time  0.130 ( 0.142)	Data  0.000 ( 0.026)	Loss 2.1523e-02 (6.0437e-02)	Acc@1 100.00 ( 97.16)	Acc@5 100.00 (100.00)
Epoch: [74][ 20/115]	Time  0.125 ( 0.136)	Data  0.000 ( 0.017)	Loss 2.2712e-02 (6.4228e-02)	Acc@1 100.00 ( 97.47)	Acc@5 100.00 (100.00)
Epoch: [74][ 30/115]	Time  0.126 ( 0.134)	Data  0.000 ( 0.014)	Loss 1.1877e-01 (7.1444e-02)	Acc@1  93.75 ( 97.23)	Acc@5 100.00 (100.00)
Epoch: [74][ 40/115]	Time  0.131 ( 0.133)	Data  0.000 ( 0.012)	Loss 6.1099e-02 (7.3874e-02)	Acc@1  98.44 ( 97.07)	Acc@5 100.00 (100.00)
Epoch: [74][ 50/115]	Time  0.130 ( 0.132)	Data  0.000 ( 0.011)	Loss 2.2387e-02 (7.0662e-02)	Acc@1 100.00 ( 97.21)	Acc@5 100.00 (100.00)
Epoch: [74][ 60/115]	Time  0.128 ( 0.131)	Data  0.000 ( 0.010)	Loss 1.8878e-01 (7.5524e-02)	Acc@1  90.62 ( 96.98)	Acc@5 100.00 (100.00)
Epoch: [74][ 70/115]	Time  0.128 ( 0.131)	Data  0.000 ( 0.010)	Loss 5.8690e-02 (7.3557e-02)	Acc@1  96.88 ( 97.03)	Acc@5 100.00 (100.00)
Epoch: [74][ 80/115]	Time  0.128 ( 0.131)	Data  0.000 ( 0.010)	Loss 9.7095e-02 (7.2759e-02)	Acc@1  93.75 ( 97.05)	Acc@5 100.00 (100.00)
Epoch: [74][ 90/115]	Time  0.129 ( 0.131)	Data  0.000 ( 0.009)	Loss 2.8924e-02 (7.3854e-02)	Acc@1  98.44 ( 97.06)	Acc@5 100.00 (100.00)
Epoch: [74][100/115]	Time  0.128 ( 0.130)	Data  0.000 ( 0.009)	Loss 4.7830e-02 (7.1675e-02)	Acc@1 100.00 ( 97.17)	Acc@5 100.00 (100.00)
Epoch: [74][110/115]	Time  0.129 ( 0.130)	Data  0.000 ( 0.009)	Loss 3.1618e-02 (6.9698e-02)	Acc@1 100.00 ( 97.27)	Acc@5 100.00 (100.00)
Test: [ 0/50]	Time  0.259 ( 0.259)	Loss 8.6994e-02 (8.6994e-02)	Acc@1  98.44 ( 98.44)	Acc@5 100.00 (100.00)
Test: [10/50]	Time  0.038 ( 0.056)	Loss 3.4471e-02 (5.9448e-02)	Acc@1  96.88 ( 98.01)	Acc@5 100.00 (100.00)
Test: [20/50]	Time  0.038 ( 0.048)	Loss 9.7943e-03 (4.0352e-02)	Acc@1 100.00 ( 98.51)	Acc@5 100.00 (100.00)
Test: [30/50]	Time  0.037 ( 0.044)	Loss 7.4418e-03 (3.6995e-02)	Acc@1 100.00 ( 98.64)	Acc@5 100.00 (100.00)
Test: [40/50]	Time  0.037 ( 0.043)	Loss 2.8540e-02 (3.1065e-02)	Acc@1  98.44 ( 98.89)	Acc@5 100.00 (100.00)
 * Acc@1 99.049 Acc@5 100.000
Epoch: [75][  0/115]	Time  0.257 ( 0.257)	Data  0.199 ( 0.199)	Loss 1.0056e-01 (1.0056e-01)	Acc@1  95.31 ( 95.31)	Acc@5 100.00 (100.00)
Epoch: [75][ 10/115]	Time  0.127 ( 0.143)	Data  0.000 ( 0.025)	Loss 6.0927e-02 (6.3210e-02)	Acc@1  98.44 ( 97.87)	Acc@5 100.00 (100.00)
Epoch: [75][ 20/115]	Time  0.127 ( 0.136)	Data  0.000 ( 0.016)	Loss 5.2155e-02 (6.1382e-02)	Acc@1  98.44 ( 97.62)	Acc@5 100.00 (100.00)
Epoch: [75][ 30/115]	Time  0.128 ( 0.134)	Data  0.000 ( 0.014)	Loss 1.1846e-02 (6.3860e-02)	Acc@1 100.00 ( 97.58)	Acc@5 100.00 (100.00)
Epoch: [75][ 40/115]	Time  0.128 ( 0.132)	Data  0.000 ( 0.012)	Loss 2.8317e-02 (6.2437e-02)	Acc@1  98.44 ( 97.68)	Acc@5 100.00 (100.00)
Epoch: [75][ 50/115]	Time  0.130 ( 0.132)	Data  0.000 ( 0.011)	Loss 9.1592e-02 (6.4129e-02)	Acc@1  93.75 ( 97.49)	Acc@5 100.00 (100.00)
Epoch: [75][ 60/115]	Time  0.130 ( 0.131)	Data  0.000 ( 0.010)	Loss 7.4187e-02 (6.6143e-02)	Acc@1  98.44 ( 97.62)	Acc@5 100.00 (100.00)
Epoch: [75][ 70/115]	Time  0.125 ( 0.131)	Data  0.000 ( 0.010)	Loss 8.2650e-02 (6.7531e-02)	Acc@1  96.88 ( 97.60)	Acc@5 100.00 (100.00)
Epoch: [75][ 80/115]	Time  0.132 ( 0.131)	Data  0.000 ( 0.010)	Loss 4.6894e-02 (6.6666e-02)	Acc@1  98.44 ( 97.65)	Acc@5 100.00 (100.00)
Epoch: [75][ 90/115]	Time  0.132 ( 0.131)	Data  0.000 ( 0.009)	Loss 1.7783e-02 (6.5859e-02)	Acc@1 100.00 ( 97.68)	Acc@5 100.00 (100.00)
Epoch: [75][100/115]	Time  0.131 ( 0.131)	Data  0.000 ( 0.009)	Loss 6.5601e-02 (6.4266e-02)	Acc@1  95.31 ( 97.71)	Acc@5 100.00 (100.00)
Epoch: [75][110/115]	Time  0.128 ( 0.130)	Data  0.000 ( 0.009)	Loss 1.2513e-01 (6.4975e-02)	Acc@1  93.75 ( 97.68)	Acc@5 100.00 (100.00)
Test: [ 0/50]	Time  0.256 ( 0.256)	Loss 7.5414e-02 (7.5414e-02)	Acc@1  98.44 ( 98.44)	Acc@5 100.00 (100.00)
Test: [10/50]	Time  0.038 ( 0.056)	Loss 2.5310e-02 (5.0184e-02)	Acc@1  98.44 ( 98.58)	Acc@5 100.00 (100.00)
Test: [20/50]	Time  0.038 ( 0.048)	Loss 8.1840e-03 (3.3373e-02)	Acc@1 100.00 ( 98.96)	Acc@5 100.00 (100.00)
Test: [30/50]	Time  0.038 ( 0.045)	Loss 9.1368e-03 (3.1340e-02)	Acc@1 100.00 ( 98.99)	Acc@5 100.00 (100.00)
Test: [40/50]	Time  0.038 ( 0.043)	Loss 3.5225e-02 (2.7793e-02)	Acc@1  98.44 ( 99.12)	Acc@5 100.00 (100.00)
 * Acc@1 99.239 Acc@5 100.000
Epoch: [76][  0/115]	Time  0.295 ( 0.295)	Data  0.240 ( 0.240)	Loss 6.5342e-02 (6.5342e-02)	Acc@1  96.88 ( 96.88)	Acc@5 100.00 (100.00)
Epoch: [76][ 10/115]	Time  0.129 ( 0.144)	Data  0.000 ( 0.028)	Loss 2.5197e-02 (5.0002e-02)	Acc@1  98.44 ( 98.44)	Acc@5 100.00 (100.00)
Epoch: [76][ 20/115]	Time  0.128 ( 0.137)	Data  0.000 ( 0.018)	Loss 1.0978e-01 (6.6840e-02)	Acc@1  93.75 ( 97.84)	Acc@5 100.00 (100.00)
Epoch: [76][ 30/115]	Time  0.130 ( 0.135)	Data  0.000 ( 0.015)	Loss 4.7664e-02 (6.8956e-02)	Acc@1  98.44 ( 97.63)	Acc@5 100.00 (100.00)
Epoch: [76][ 40/115]	Time  0.121 ( 0.133)	Data  0.000 ( 0.013)	Loss 1.1942e-01 (7.3576e-02)	Acc@1  95.31 ( 97.48)	Acc@5 100.00 (100.00)
Epoch: [76][ 50/115]	Time  0.131 ( 0.133)	Data  0.000 ( 0.012)	Loss 3.6610e-02 (7.5364e-02)	Acc@1  98.44 ( 97.30)	Acc@5 100.00 (100.00)
Epoch: [76][ 60/115]	Time  0.130 ( 0.132)	Data  0.000 ( 0.011)	Loss 1.1046e-01 (8.0151e-02)	Acc@1  96.88 ( 97.11)	Acc@5 100.00 (100.00)
Epoch: [76][ 70/115]	Time  0.130 ( 0.132)	Data  0.000 ( 0.010)	Loss 6.9338e-02 (8.0525e-02)	Acc@1  98.44 ( 97.07)	Acc@5 100.00 (100.00)
Epoch: [76][ 80/115]	Time  0.125 ( 0.131)	Data  0.000 ( 0.010)	Loss 8.3250e-02 (8.2253e-02)	Acc@1  95.31 ( 96.99)	Acc@5 100.00 (100.00)
Epoch: [76][ 90/115]	Time  0.138 ( 0.131)	Data  0.000 ( 0.010)	Loss 1.2913e-01 (8.2556e-02)	Acc@1  96.88 ( 96.98)	Acc@5 100.00 (100.00)
Epoch: [76][100/115]	Time  0.130 ( 0.131)	Data  0.000 ( 0.009)	Loss 9.5769e-02 (8.0108e-02)	Acc@1  96.88 ( 97.09)	Acc@5 100.00 (100.00)
Epoch: [76][110/115]	Time  0.129 ( 0.131)	Data  0.000 ( 0.009)	Loss 1.0043e-01 (8.0346e-02)	Acc@1  96.88 ( 97.04)	Acc@5 100.00 (100.00)
Test: [ 0/50]	Time  0.263 ( 0.263)	Loss 7.8912e-02 (7.8912e-02)	Acc@1  98.44 ( 98.44)	Acc@5 100.00 (100.00)
Test: [10/50]	Time  0.037 ( 0.057)	Loss 2.6281e-02 (5.4365e-02)	Acc@1  96.88 ( 98.44)	Acc@5 100.00 (100.00)
Test: [20/50]	Time  0.042 ( 0.048)	Loss 8.6927e-03 (3.6450e-02)	Acc@1 100.00 ( 98.81)	Acc@5 100.00 (100.00)
Test: [30/50]	Time  0.038 ( 0.045)	Loss 8.3838e-03 (3.3801e-02)	Acc@1 100.00 ( 98.89)	Acc@5 100.00 (100.00)
Test: [40/50]	Time  0.038 ( 0.043)	Loss 3.2001e-02 (2.9118e-02)	Acc@1  98.44 ( 99.12)	Acc@5 100.00 (100.00)
 * Acc@1 99.239 Acc@5 100.000
Epoch: [77][  0/115]	Time  0.250 ( 0.250)	Data  0.195 ( 0.195)	Loss 5.5150e-02 (5.5150e-02)	Acc@1  98.44 ( 98.44)	Acc@5 100.00 (100.00)
Epoch: [77][ 10/115]	Time  0.126 ( 0.140)	Data  0.000 ( 0.025)	Loss 6.9448e-02 (6.4858e-02)	Acc@1  95.31 ( 97.73)	Acc@5 100.00 (100.00)
Epoch: [77][ 20/115]	Time  0.129 ( 0.135)	Data  0.000 ( 0.016)	Loss 4.3662e-02 (6.7339e-02)	Acc@1  98.44 ( 97.47)	Acc@5 100.00 (100.00)
Epoch: [77][ 30/115]	Time  0.128 ( 0.133)	Data  0.000 ( 0.013)	Loss 7.2732e-02 (6.4009e-02)	Acc@1  95.31 ( 97.68)	Acc@5 100.00 (100.00)
Epoch: [77][ 40/115]	Time  0.131 ( 0.132)	Data  0.000 ( 0.012)	Loss 2.2324e-02 (6.0367e-02)	Acc@1 100.00 ( 97.90)	Acc@5 100.00 (100.00)
Epoch: [77][ 50/115]	Time  0.127 ( 0.131)	Data  0.000 ( 0.011)	Loss 7.7270e-02 (6.3648e-02)	Acc@1  96.88 ( 97.82)	Acc@5 100.00 (100.00)
Epoch: [77][ 60/115]	Time  0.133 ( 0.131)	Data  0.000 ( 0.010)	Loss 5.1829e-02 (6.1073e-02)	Acc@1  98.44 ( 97.87)	Acc@5 100.00 (100.00)
Epoch: [77][ 70/115]	Time  0.128 ( 0.131)	Data  0.000 ( 0.010)	Loss 1.2746e-02 (6.0817e-02)	Acc@1 100.00 ( 97.91)	Acc@5 100.00 (100.00)
Epoch: [77][ 80/115]	Time  0.129 ( 0.130)	Data  0.000 ( 0.009)	Loss 1.0335e-01 (6.2088e-02)	Acc@1  96.88 ( 97.88)	Acc@5 100.00 (100.00)
Epoch: [77][ 90/115]	Time  0.126 ( 0.130)	Data  0.000 ( 0.009)	Loss 7.2809e-02 (6.3882e-02)	Acc@1  98.44 ( 97.75)	Acc@5 100.00 (100.00)
Epoch: [77][100/115]	Time  0.128 ( 0.130)	Data  0.000 ( 0.009)	Loss 3.9946e-02 (6.6136e-02)	Acc@1  98.44 ( 97.63)	Acc@5 100.00 (100.00)
Epoch: [77][110/115]	Time  0.128 ( 0.130)	Data  0.000 ( 0.009)	Loss 2.5098e-02 (6.6102e-02)	Acc@1  98.44 ( 97.64)	Acc@5 100.00 (100.00)
Test: [ 0/50]	Time  0.257 ( 0.257)	Loss 6.3736e-02 (6.3736e-02)	Acc@1  98.44 ( 98.44)	Acc@5 100.00 (100.00)
Test: [10/50]	Time  0.037 ( 0.056)	Loss 1.7184e-02 (4.0539e-02)	Acc@1 100.00 ( 99.01)	Acc@5 100.00 (100.00)
Test: [20/50]	Time  0.039 ( 0.048)	Loss 7.0457e-03 (2.6379e-02)	Acc@1 100.00 ( 99.40)	Acc@5 100.00 (100.00)
Test: [30/50]	Time  0.038 ( 0.045)	Loss 1.2502e-02 (2.5649e-02)	Acc@1 100.00 ( 99.29)	Acc@5 100.00 (100.00)
Test: [40/50]	Time  0.038 ( 0.043)	Loss 4.4501e-02 (2.5233e-02)	Acc@1  98.44 ( 99.35)	Acc@5 100.00 (100.00)
 * Acc@1 99.429 Acc@5 100.000
Epoch: [78][  0/115]	Time  0.277 ( 0.277)	Data  0.214 ( 0.214)	Loss 1.6705e-01 (1.6705e-01)	Acc@1  93.75 ( 93.75)	Acc@5 100.00 (100.00)
Epoch: [78][ 10/115]	Time  0.127 ( 0.142)	Data  0.000 ( 0.025)	Loss 9.8610e-02 (9.7085e-02)	Acc@1  98.44 ( 96.73)	Acc@5 100.00 (100.00)
Epoch: [78][ 20/115]	Time  0.127 ( 0.136)	Data  0.000 ( 0.017)	Loss 5.9144e-02 (8.9036e-02)	Acc@1  98.44 ( 96.80)	Acc@5 100.00 (100.00)
Epoch: [78][ 30/115]	Time  0.133 ( 0.134)	Data  0.000 ( 0.014)	Loss 6.1476e-02 (8.7065e-02)	Acc@1  98.44 ( 96.98)	Acc@5 100.00 (100.00)
Epoch: [78][ 40/115]	Time  0.130 ( 0.133)	Data  0.000 ( 0.012)	Loss 1.4625e-01 (8.7133e-02)	Acc@1  93.75 ( 96.88)	Acc@5 100.00 (100.00)
Epoch: [78][ 50/115]	Time  0.132 ( 0.132)	Data  0.000 ( 0.011)	Loss 1.0862e-01 (8.2479e-02)	Acc@1  93.75 ( 96.97)	Acc@5 100.00 (100.00)
Epoch: [78][ 60/115]	Time  0.129 ( 0.131)	Data  0.000 ( 0.010)	Loss 4.6460e-02 (8.0588e-02)	Acc@1  98.44 ( 96.93)	Acc@5 100.00 (100.00)
Epoch: [78][ 70/115]	Time  0.133 ( 0.131)	Data  0.000 ( 0.010)	Loss 4.1392e-02 (8.1263e-02)	Acc@1  98.44 ( 96.96)	Acc@5 100.00 (100.00)
Epoch: [78][ 80/115]	Time  0.132 ( 0.131)	Data  0.000 ( 0.010)	Loss 1.0004e-01 (8.0774e-02)	Acc@1  93.75 ( 96.89)	Acc@5 100.00 (100.00)
Epoch: [78][ 90/115]	Time  0.141 ( 0.131)	Data  0.000 ( 0.009)	Loss 4.8107e-02 (7.9477e-02)	Acc@1  98.44 ( 96.93)	Acc@5 100.00 (100.00)
Epoch: [78][100/115]	Time  0.127 ( 0.131)	Data  0.000 ( 0.009)	Loss 3.9252e-02 (8.2432e-02)	Acc@1  98.44 ( 96.83)	Acc@5 100.00 (100.00)
Epoch: [78][110/115]	Time  0.132 ( 0.131)	Data  0.000 ( 0.009)	Loss 4.0013e-02 (8.2515e-02)	Acc@1  98.44 ( 96.88)	Acc@5 100.00 (100.00)
Test: [ 0/50]	Time  0.260 ( 0.260)	Loss 7.1505e-02 (7.1505e-02)	Acc@1  98.44 ( 98.44)	Acc@5 100.00 (100.00)
Test: [10/50]	Time  0.038 ( 0.057)	Loss 2.0155e-02 (4.4007e-02)	Acc@1  98.44 ( 98.72)	Acc@5 100.00 (100.00)
Test: [20/50]	Time  0.038 ( 0.048)	Loss 5.5753e-03 (2.8781e-02)	Acc@1 100.00 ( 99.11)	Acc@5 100.00 (100.00)
Test: [30/50]	Time  0.038 ( 0.045)	Loss 1.1321e-02 (2.7687e-02)	Acc@1 100.00 ( 99.09)	Acc@5 100.00 (100.00)
Test: [40/50]	Time  0.038 ( 0.043)	Loss 3.8588e-02 (2.6122e-02)	Acc@1  98.44 ( 99.20)	Acc@5 100.00 (100.00)
 * Acc@1 99.271 Acc@5 100.000
Epoch: [79][  0/115]	Time  0.276 ( 0.276)	Data  0.215 ( 0.215)	Loss 4.3407e-02 (4.3407e-02)	Acc@1  98.44 ( 98.44)	Acc@5 100.00 (100.00)
Epoch: [79][ 10/115]	Time  0.132 ( 0.142)	Data  0.000 ( 0.026)	Loss 9.8562e-02 (7.9940e-02)	Acc@1  93.75 ( 96.88)	Acc@5 100.00 (100.00)
Epoch: [79][ 20/115]	Time  0.124 ( 0.136)	Data  0.000 ( 0.017)	Loss 9.3019e-02 (8.3535e-02)	Acc@1  95.31 ( 96.65)	Acc@5 100.00 (100.00)
Epoch: [79][ 30/115]	Time  0.127 ( 0.134)	Data  0.000 ( 0.014)	Loss 8.7830e-02 (8.7455e-02)	Acc@1  95.31 ( 96.62)	Acc@5 100.00 (100.00)
Epoch: [79][ 40/115]	Time  0.131 ( 0.133)	Data  0.000 ( 0.012)	Loss 1.7183e-01 (8.2012e-02)	Acc@1  93.75 ( 96.88)	Acc@5 100.00 (100.00)
Epoch: [79][ 50/115]	Time  0.131 ( 0.132)	Data  0.000 ( 0.011)	Loss 9.4906e-02 (7.9311e-02)	Acc@1  93.75 ( 96.91)	Acc@5 100.00 (100.00)
Epoch: [79][ 60/115]	Time  0.135 ( 0.132)	Data  0.000 ( 0.010)	Loss 8.4493e-02 (7.7683e-02)	Acc@1  96.88 ( 97.03)	Acc@5 100.00 (100.00)
Epoch: [79][ 70/115]	Time  0.128 ( 0.131)	Data  0.000 ( 0.010)	Loss 9.2793e-02 (8.0050e-02)	Acc@1  96.88 ( 96.92)	Acc@5 100.00 (100.00)
Epoch: [79][ 80/115]	Time  0.131 ( 0.131)	Data  0.000 ( 0.010)	Loss 6.3904e-02 (7.9714e-02)	Acc@1  96.88 ( 96.89)	Acc@5 100.00 (100.00)
Epoch: [79][ 90/115]	Time  0.129 ( 0.131)	Data  0.000 ( 0.009)	Loss 8.6548e-03 (8.2252e-02)	Acc@1 100.00 ( 96.91)	Acc@5 100.00 (100.00)
Epoch: [79][100/115]	Time  0.129 ( 0.131)	Data  0.000 ( 0.009)	Loss 1.5835e-01 (8.2623e-02)	Acc@1  96.88 ( 96.94)	Acc@5 100.00 (100.00)
Epoch: [79][110/115]	Time  0.128 ( 0.130)	Data  0.000 ( 0.009)	Loss 3.2537e-02 (8.0122e-02)	Acc@1 100.00 ( 97.04)	Acc@5 100.00 (100.00)
Test: [ 0/50]	Time  0.264 ( 0.264)	Loss 6.7278e-02 (6.7278e-02)	Acc@1  98.44 ( 98.44)	Acc@5 100.00 (100.00)
Test: [10/50]	Time  0.036 ( 0.058)	Loss 1.9946e-02 (4.1091e-02)	Acc@1  98.44 ( 98.72)	Acc@5 100.00 (100.00)
Test: [20/50]	Time  0.038 ( 0.048)	Loss 4.6239e-03 (2.6369e-02)	Acc@1 100.00 ( 99.26)	Acc@5 100.00 (100.00)
Test: [30/50]	Time  0.038 ( 0.045)	Loss 1.3661e-02 (2.5872e-02)	Acc@1 100.00 ( 99.19)	Acc@5 100.00 (100.00)
Test: [40/50]	Time  0.038 ( 0.043)	Loss 4.4878e-02 (2.5397e-02)	Acc@1  98.44 ( 99.28)	Acc@5 100.00 (100.00)
 * Acc@1 99.334 Acc@5 100.000
Epoch: [80][  0/115]	Time  0.268 ( 0.268)	Data  0.213 ( 0.213)	Loss 2.3512e-02 (2.3512e-02)	Acc@1  98.44 ( 98.44)	Acc@5 100.00 (100.00)
Epoch: [80][ 10/115]	Time  0.137 ( 0.142)	Data  0.000 ( 0.026)	Loss 3.5754e-02 (5.0925e-02)	Acc@1  98.44 ( 98.01)	Acc@5 100.00 (100.00)
Epoch: [80][ 20/115]	Time  0.132 ( 0.136)	Data  0.000 ( 0.017)	Loss 5.1827e-02 (6.5164e-02)	Acc@1  98.44 ( 97.47)	Acc@5 100.00 (100.00)
Epoch: [80][ 30/115]	Time  0.130 ( 0.133)	Data  0.000 ( 0.014)	Loss 2.3664e-02 (6.6296e-02)	Acc@1 100.00 ( 97.63)	Acc@5 100.00 (100.00)
Epoch: [80][ 40/115]	Time  0.127 ( 0.132)	Data  0.000 ( 0.012)	Loss 4.7939e-02 (6.7864e-02)	Acc@1  98.44 ( 97.56)	Acc@5 100.00 (100.00)
Epoch: [80][ 50/115]	Time  0.135 ( 0.132)	Data  0.000 ( 0.011)	Loss 5.4443e-02 (7.2794e-02)	Acc@1  96.88 ( 97.27)	Acc@5 100.00 (100.00)
Epoch: [80][ 60/115]	Time  0.128 ( 0.131)	Data  0.000 ( 0.010)	Loss 8.1869e-02 (7.3600e-02)	Acc@1  95.31 ( 97.26)	Acc@5 100.00 (100.00)
Epoch: [80][ 70/115]	Time  0.128 ( 0.131)	Data  0.000 ( 0.010)	Loss 4.6951e-02 (7.0991e-02)	Acc@1  98.44 ( 97.40)	Acc@5 100.00 (100.00)
Epoch: [80][ 80/115]	Time  0.125 ( 0.131)	Data  0.000 ( 0.010)	Loss 6.3795e-02 (7.0449e-02)	Acc@1  96.88 ( 97.40)	Acc@5 100.00 (100.00)
Epoch: [80][ 90/115]	Time  0.129 ( 0.131)	Data  0.000 ( 0.009)	Loss 1.0438e-01 (7.3044e-02)	Acc@1  96.88 ( 97.27)	Acc@5 100.00 (100.00)
Epoch: [80][100/115]	Time  0.131 ( 0.131)	Data  0.000 ( 0.009)	Loss 4.2626e-02 (7.1820e-02)	Acc@1  98.44 ( 97.35)	Acc@5 100.00 (100.00)
Epoch: [80][110/115]	Time  0.132 ( 0.130)	Data  0.000 ( 0.009)	Loss 1.3737e-01 (7.4965e-02)	Acc@1  93.75 ( 97.18)	Acc@5 100.00 (100.00)
Test: [ 0/50]	Time  0.263 ( 0.263)	Loss 7.6951e-02 (7.6951e-02)	Acc@1  98.44 ( 98.44)	Acc@5 100.00 (100.00)
Test: [10/50]	Time  0.039 ( 0.057)	Loss 2.9380e-02 (5.3084e-02)	Acc@1  96.88 ( 98.44)	Acc@5 100.00 (100.00)
Test: [20/50]	Time  0.038 ( 0.048)	Loss 7.9160e-03 (3.5640e-02)	Acc@1 100.00 ( 98.81)	Acc@5 100.00 (100.00)
Test: [30/50]	Time  0.038 ( 0.045)	Loss 7.9921e-03 (3.3025e-02)	Acc@1 100.00 ( 98.89)	Acc@5 100.00 (100.00)
Test: [40/50]	Time  0.038 ( 0.043)	Loss 3.1941e-02 (2.8668e-02)	Acc@1  98.44 ( 99.05)	Acc@5 100.00 (100.00)
 * Acc@1 99.175 Acc@5 100.000
Epoch: [81][  0/115]	Time  0.260 ( 0.260)	Data  0.205 ( 0.205)	Loss 5.0209e-02 (5.0209e-02)	Acc@1  98.44 ( 98.44)	Acc@5 100.00 (100.00)
Epoch: [81][ 10/115]	Time  0.130 ( 0.142)	Data  0.000 ( 0.026)	Loss 7.7808e-02 (7.7869e-02)	Acc@1  96.88 ( 97.30)	Acc@5 100.00 (100.00)
Epoch: [81][ 20/115]	Time  0.131 ( 0.136)	Data  0.000 ( 0.017)	Loss 3.2424e-02 (8.0066e-02)	Acc@1  98.44 ( 97.02)	Acc@5 100.00 (100.00)
Epoch: [81][ 30/115]	Time  0.127 ( 0.134)	Data  0.000 ( 0.014)	Loss 1.5151e-01 (8.2903e-02)	Acc@1  93.75 ( 96.77)	Acc@5 100.00 (100.00)
Epoch: [81][ 40/115]	Time  0.130 ( 0.133)	Data  0.000 ( 0.012)	Loss 3.9740e-02 (7.6974e-02)	Acc@1  96.88 ( 96.91)	Acc@5 100.00 (100.00)
Epoch: [81][ 50/115]	Time  0.121 ( 0.132)	Data  0.000 ( 0.011)	Loss 3.0618e-02 (7.2691e-02)	Acc@1 100.00 ( 97.18)	Acc@5 100.00 (100.00)
Epoch: [81][ 60/115]	Time  0.125 ( 0.132)	Data  0.000 ( 0.010)	Loss 6.3274e-02 (7.5547e-02)	Acc@1  96.88 ( 97.08)	Acc@5 100.00 (100.00)
Epoch: [81][ 70/115]	Time  0.128 ( 0.131)	Data  0.000 ( 0.010)	Loss 1.1232e-01 (7.3946e-02)	Acc@1  95.31 ( 97.18)	Acc@5 100.00 (100.00)
Epoch: [81][ 80/115]	Time  0.126 ( 0.131)	Data  0.000 ( 0.010)	Loss 3.3610e-02 (7.3631e-02)	Acc@1  98.44 ( 97.30)	Acc@5 100.00 (100.00)
Epoch: [81][ 90/115]	Time  0.133 ( 0.131)	Data  0.000 ( 0.009)	Loss 7.6686e-02 (7.4188e-02)	Acc@1  96.88 ( 97.25)	Acc@5 100.00 (100.00)
Epoch: [81][100/115]	Time  0.126 ( 0.131)	Data  0.000 ( 0.009)	Loss 4.1858e-02 (7.1847e-02)	Acc@1  98.44 ( 97.35)	Acc@5 100.00 (100.00)
Epoch: [81][110/115]	Time  0.128 ( 0.130)	Data  0.000 ( 0.009)	Loss 7.8311e-02 (7.1015e-02)	Acc@1  95.31 ( 97.31)	Acc@5 100.00 (100.00)
Test: [ 0/50]	Time  0.263 ( 0.263)	Loss 7.5818e-02 (7.5818e-02)	Acc@1  98.44 ( 98.44)	Acc@5 100.00 (100.00)
Test: [10/50]	Time  0.038 ( 0.057)	Loss 2.6343e-02 (4.6632e-02)	Acc@1  98.44 ( 98.72)	Acc@5 100.00 (100.00)
Test: [20/50]	Time  0.038 ( 0.048)	Loss 6.2140e-03 (3.0806e-02)	Acc@1 100.00 ( 99.18)	Acc@5 100.00 (100.00)
Test: [30/50]	Time  0.038 ( 0.045)	Loss 1.0795e-02 (2.9467e-02)	Acc@1 100.00 ( 99.14)	Acc@5 100.00 (100.00)
Test: [40/50]	Time  0.038 ( 0.043)	Loss 3.4582e-02 (2.6999e-02)	Acc@1  98.44 ( 99.24)	Acc@5 100.00 (100.00)
 * Acc@1 99.334 Acc@5 100.000
Epoch: [82][  0/115]	Time  0.300 ( 0.300)	Data  0.246 ( 0.246)	Loss 3.3133e-02 (3.3133e-02)	Acc@1 100.00 (100.00)	Acc@5 100.00 (100.00)
Epoch: [82][ 10/115]	Time  0.126 ( 0.145)	Data  0.000 ( 0.029)	Loss 4.1115e-02 (6.3337e-02)	Acc@1  98.44 ( 97.59)	Acc@5 100.00 (100.00)
Epoch: [82][ 20/115]	Time  0.126 ( 0.138)	Data  0.000 ( 0.019)	Loss 3.4966e-02 (7.2694e-02)	Acc@1  98.44 ( 97.25)	Acc@5 100.00 (100.00)
Epoch: [82][ 30/115]	Time  0.129 ( 0.135)	Data  0.000 ( 0.015)	Loss 6.5687e-02 (7.8002e-02)	Acc@1  98.44 ( 96.98)	Acc@5 100.00 (100.00)
Epoch: [82][ 40/115]	Time  0.129 ( 0.134)	Data  0.000 ( 0.013)	Loss 5.2587e-02 (8.0120e-02)	Acc@1  98.44 ( 96.99)	Acc@5 100.00 (100.00)
Epoch: [82][ 50/115]	Time  0.130 ( 0.133)	Data  0.000 ( 0.012)	Loss 6.3604e-02 (7.4791e-02)	Acc@1  98.44 ( 97.33)	Acc@5 100.00 (100.00)
Epoch: [82][ 60/115]	Time  0.127 ( 0.132)	Data  0.000 ( 0.011)	Loss 6.8082e-02 (6.8959e-02)	Acc@1  95.31 ( 97.57)	Acc@5 100.00 (100.00)
Epoch: [82][ 70/115]	Time  0.128 ( 0.132)	Data  0.000 ( 0.011)	Loss 5.4033e-02 (6.8556e-02)	Acc@1  98.44 ( 97.62)	Acc@5 100.00 (100.00)
Epoch: [82][ 80/115]	Time  0.083 ( 0.132)	Data  0.000 ( 0.010)	Loss 8.5891e-02 (6.7623e-02)	Acc@1  96.88 ( 97.65)	Acc@5 100.00 (100.00)
Epoch: [82][ 90/115]	Time  0.131 ( 0.131)	Data  0.000 ( 0.010)	Loss 9.8540e-02 (6.9549e-02)	Acc@1  95.31 ( 97.58)	Acc@5 100.00 (100.00)
Epoch: [82][100/115]	Time  0.128 ( 0.131)	Data  0.000 ( 0.010)	Loss 1.6184e-01 (7.0314e-02)	Acc@1  96.88 ( 97.57)	Acc@5 100.00 (100.00)
Epoch: [82][110/115]	Time  0.131 ( 0.131)	Data  0.000 ( 0.009)	Loss 1.0469e-01 (7.1029e-02)	Acc@1  93.75 ( 97.49)	Acc@5 100.00 (100.00)
Test: [ 0/50]	Time  0.269 ( 0.269)	Loss 7.5055e-02 (7.5055e-02)	Acc@1  98.44 ( 98.44)	Acc@5 100.00 (100.00)
Test: [10/50]	Time  0.038 ( 0.058)	Loss 2.6978e-02 (5.1445e-02)	Acc@1  96.88 ( 98.44)	Acc@5 100.00 (100.00)
Test: [20/50]	Time  0.043 ( 0.049)	Loss 8.0666e-03 (3.4696e-02)	Acc@1 100.00 ( 98.81)	Acc@5 100.00 (100.00)
Test: [30/50]	Time  0.038 ( 0.045)	Loss 8.7610e-03 (3.2341e-02)	Acc@1 100.00 ( 98.89)	Acc@5 100.00 (100.00)
Test: [40/50]	Time  0.038 ( 0.043)	Loss 3.4176e-02 (2.8275e-02)	Acc@1  98.44 ( 99.09)	Acc@5 100.00 (100.00)
 * Acc@1 99.207 Acc@5 100.000
Epoch: [83][  0/115]	Time  0.270 ( 0.270)	Data  0.215 ( 0.215)	Loss 7.0432e-02 (7.0432e-02)	Acc@1  98.44 ( 98.44)	Acc@5 100.00 (100.00)
Epoch: [83][ 10/115]	Time  0.130 ( 0.142)	Data  0.000 ( 0.026)	Loss 3.3103e-02 (6.9664e-02)	Acc@1 100.00 ( 98.15)	Acc@5 100.00 (100.00)
Epoch: [83][ 20/115]	Time  0.129 ( 0.136)	Data  0.000 ( 0.017)	Loss 5.9487e-02 (7.1497e-02)	Acc@1  96.88 ( 97.69)	Acc@5 100.00 (100.00)
Epoch: [83][ 30/115]	Time  0.127 ( 0.134)	Data  0.000 ( 0.014)	Loss 9.6473e-02 (7.6052e-02)	Acc@1  95.31 ( 97.43)	Acc@5 100.00 (100.00)
Epoch: [83][ 40/115]	Time  0.131 ( 0.133)	Data  0.000 ( 0.012)	Loss 7.2098e-02 (7.6394e-02)	Acc@1  96.88 ( 97.29)	Acc@5 100.00 (100.00)
Epoch: [83][ 50/115]	Time  0.130 ( 0.132)	Data  0.000 ( 0.011)	Loss 3.7173e-02 (7.3247e-02)	Acc@1  98.44 ( 97.37)	Acc@5 100.00 (100.00)
Epoch: [83][ 60/115]	Time  0.121 ( 0.131)	Data  0.000 ( 0.011)	Loss 7.7321e-02 (7.2865e-02)	Acc@1  96.88 ( 97.31)	Acc@5 100.00 (100.00)
Epoch: [83][ 70/115]	Time  0.127 ( 0.131)	Data  0.000 ( 0.010)	Loss 5.9942e-02 (7.1374e-02)	Acc@1  96.88 ( 97.38)	Acc@5 100.00 (100.00)
Epoch: [83][ 80/115]	Time  0.131 ( 0.131)	Data  0.000 ( 0.010)	Loss 2.5379e-02 (7.4833e-02)	Acc@1 100.00 ( 97.30)	Acc@5 100.00 (100.00)
Epoch: [83][ 90/115]	Time  0.128 ( 0.131)	Data  0.000 ( 0.009)	Loss 4.3683e-02 (7.4617e-02)	Acc@1  98.44 ( 97.32)	Acc@5 100.00 (100.00)
Epoch: [83][100/115]	Time  0.128 ( 0.131)	Data  0.000 ( 0.009)	Loss 9.7404e-02 (7.3388e-02)	Acc@1  96.88 ( 97.32)	Acc@5 100.00 (100.00)
Epoch: [83][110/115]	Time  0.127 ( 0.130)	Data  0.000 ( 0.009)	Loss 3.7495e-02 (7.3881e-02)	Acc@1  98.44 ( 97.27)	Acc@5 100.00 (100.00)
Test: [ 0/50]	Time  0.263 ( 0.263)	Loss 7.0787e-02 (7.0787e-02)	Acc@1  98.44 ( 98.44)	Acc@5 100.00 (100.00)
Test: [10/50]	Time  0.038 ( 0.058)	Loss 2.3426e-02 (4.4750e-02)	Acc@1  98.44 ( 98.72)	Acc@5 100.00 (100.00)
Test: [20/50]	Time  0.037 ( 0.049)	Loss 7.0463e-03 (2.9444e-02)	Acc@1 100.00 ( 99.11)	Acc@5 100.00 (100.00)
Test: [30/50]	Time  0.038 ( 0.045)	Loss 1.0904e-02 (2.8287e-02)	Acc@1 100.00 ( 99.09)	Acc@5 100.00 (100.00)
Test: [40/50]	Time  0.038 ( 0.043)	Loss 3.8889e-02 (2.6081e-02)	Acc@1  98.44 ( 99.20)	Acc@5 100.00 (100.00)
 * Acc@1 99.302 Acc@5 100.000
Epoch: [84][  0/115]	Time  0.259 ( 0.259)	Data  0.204 ( 0.204)	Loss 2.7816e-02 (2.7816e-02)	Acc@1  98.44 ( 98.44)	Acc@5 100.00 (100.00)
Epoch: [84][ 10/115]	Time  0.130 ( 0.141)	Data  0.000 ( 0.025)	Loss 5.7905e-02 (7.2731e-02)	Acc@1  98.44 ( 96.31)	Acc@5 100.00 (100.00)
Epoch: [84][ 20/115]	Time  0.129 ( 0.136)	Data  0.000 ( 0.017)	Loss 2.7948e-02 (7.5686e-02)	Acc@1 100.00 ( 96.80)	Acc@5 100.00 (100.00)
Epoch: [84][ 30/115]	Time  0.127 ( 0.133)	Data  0.000 ( 0.013)	Loss 2.0620e-02 (7.6913e-02)	Acc@1 100.00 ( 96.93)	Acc@5 100.00 (100.00)
Epoch: [84][ 40/115]	Time  0.128 ( 0.132)	Data  0.000 ( 0.012)	Loss 8.5993e-02 (7.3749e-02)	Acc@1  96.88 ( 97.07)	Acc@5 100.00 (100.00)
Epoch: [84][ 50/115]	Time  0.129 ( 0.132)	Data  0.000 ( 0.011)	Loss 4.9970e-02 (7.1779e-02)	Acc@1  96.88 ( 97.15)	Acc@5 100.00 (100.00)
Epoch: [84][ 60/115]	Time  0.130 ( 0.131)	Data  0.000 ( 0.010)	Loss 2.7944e-02 (6.9267e-02)	Acc@1  98.44 ( 97.34)	Acc@5 100.00 (100.00)
Epoch: [84][ 70/115]	Time  0.128 ( 0.131)	Data  0.000 ( 0.010)	Loss 5.2935e-02 (7.0549e-02)	Acc@1  98.44 ( 97.36)	Acc@5 100.00 (100.00)
Epoch: [84][ 80/115]	Time  0.127 ( 0.131)	Data  0.000 ( 0.010)	Loss 4.8495e-02 (7.2891e-02)	Acc@1  98.44 ( 97.32)	Acc@5 100.00 (100.00)
Epoch: [84][ 90/115]	Time  0.130 ( 0.131)	Data  0.000 ( 0.009)	Loss 7.3885e-02 (7.3392e-02)	Acc@1  95.31 ( 97.27)	Acc@5 100.00 (100.00)
Epoch: [84][100/115]	Time  0.130 ( 0.130)	Data  0.000 ( 0.009)	Loss 4.1861e-02 (7.4206e-02)	Acc@1  98.44 ( 97.28)	Acc@5 100.00 (100.00)
Epoch: [84][110/115]	Time  0.129 ( 0.130)	Data  0.000 ( 0.009)	Loss 9.7995e-03 (7.2647e-02)	Acc@1 100.00 ( 97.31)	Acc@5 100.00 (100.00)
Test: [ 0/50]	Time  0.273 ( 0.273)	Loss 6.6631e-02 (6.6631e-02)	Acc@1  98.44 ( 98.44)	Acc@5 100.00 (100.00)
Test: [10/50]	Time  0.037 ( 0.058)	Loss 1.9850e-02 (3.8940e-02)	Acc@1  98.44 ( 98.72)	Acc@5 100.00 (100.00)
Test: [20/50]	Time  0.043 ( 0.049)	Loss 4.9877e-03 (2.4992e-02)	Acc@1 100.00 ( 99.18)	Acc@5 100.00 (100.00)
Test: [30/50]	Time  0.038 ( 0.046)	Loss 1.3920e-02 (2.5043e-02)	Acc@1 100.00 ( 99.09)	Acc@5 100.00 (100.00)
Test: [40/50]	Time  0.038 ( 0.044)	Loss 4.3802e-02 (2.5372e-02)	Acc@1  98.44 ( 99.16)	Acc@5 100.00 (100.00)
 * Acc@1 99.207 Acc@5 100.000
Epoch: [85][  0/115]	Time  0.295 ( 0.295)	Data  0.237 ( 0.237)	Loss 1.2865e-01 (1.2865e-01)	Acc@1  95.31 ( 95.31)	Acc@5 100.00 (100.00)
Epoch: [85][ 10/115]	Time  0.126 ( 0.144)	Data  0.000 ( 0.028)	Loss 1.0141e-01 (6.1893e-02)	Acc@1  96.88 ( 97.59)	Acc@5 100.00 (100.00)
Epoch: [85][ 20/115]	Time  0.131 ( 0.137)	Data  0.000 ( 0.018)	Loss 7.9140e-02 (6.2946e-02)	Acc@1  95.31 ( 97.54)	Acc@5 100.00 (100.00)
Epoch: [85][ 30/115]	Time  0.128 ( 0.134)	Data  0.000 ( 0.015)	Loss 1.6618e-01 (7.8420e-02)	Acc@1  92.19 ( 97.23)	Acc@5 100.00 (100.00)
Epoch: [85][ 40/115]	Time  0.129 ( 0.133)	Data  0.000 ( 0.013)	Loss 4.5337e-02 (7.8485e-02)	Acc@1  98.44 ( 97.14)	Acc@5 100.00 (100.00)
Epoch: [85][ 50/115]	Time  0.127 ( 0.132)	Data  0.000 ( 0.012)	Loss 1.0525e-01 (7.5116e-02)	Acc@1  95.31 ( 97.24)	Acc@5 100.00 (100.00)
Epoch: [85][ 60/115]	Time  0.131 ( 0.132)	Data  0.000 ( 0.011)	Loss 9.6764e-02 (7.5346e-02)	Acc@1  95.31 ( 97.34)	Acc@5 100.00 (100.00)
Epoch: [85][ 70/115]	Time  0.128 ( 0.131)	Data  0.000 ( 0.010)	Loss 8.9705e-02 (7.6209e-02)	Acc@1  95.31 ( 97.27)	Acc@5 100.00 (100.00)
Epoch: [85][ 80/115]	Time  0.129 ( 0.131)	Data  0.000 ( 0.010)	Loss 2.8226e-02 (7.5473e-02)	Acc@1  98.44 ( 97.26)	Acc@5 100.00 (100.00)
Epoch: [85][ 90/115]	Time  0.131 ( 0.131)	Data  0.000 ( 0.010)	Loss 4.8733e-02 (7.3194e-02)	Acc@1  96.88 ( 97.25)	Acc@5 100.00 (100.00)
Epoch: [85][100/115]	Time  0.130 ( 0.130)	Data  0.000 ( 0.009)	Loss 1.8274e-01 (7.3801e-02)	Acc@1  93.75 ( 97.28)	Acc@5 100.00 (100.00)
Epoch: [85][110/115]	Time  0.130 ( 0.130)	Data  0.000 ( 0.009)	Loss 1.9262e-01 (7.5123e-02)	Acc@1  96.88 ( 97.28)	Acc@5 100.00 (100.00)
Test: [ 0/50]	Time  0.262 ( 0.262)	Loss 7.4521e-02 (7.4521e-02)	Acc@1  98.44 ( 98.44)	Acc@5 100.00 (100.00)
Test: [10/50]	Time  0.037 ( 0.057)	Loss 2.4048e-02 (4.6691e-02)	Acc@1  98.44 ( 98.72)	Acc@5 100.00 (100.00)
Test: [20/50]	Time  0.038 ( 0.048)	Loss 7.4158e-03 (3.0754e-02)	Acc@1 100.00 ( 99.03)	Acc@5 100.00 (100.00)
Test: [30/50]	Time  0.038 ( 0.045)	Loss 9.8126e-03 (2.9352e-02)	Acc@1 100.00 ( 99.04)	Acc@5 100.00 (100.00)
Test: [40/50]	Time  0.038 ( 0.043)	Loss 3.6247e-02 (2.6824e-02)	Acc@1  98.44 ( 99.16)	Acc@5 100.00 (100.00)
 * Acc@1 99.271 Acc@5 100.000
Epoch: [86][  0/115]	Time  0.279 ( 0.279)	Data  0.225 ( 0.225)	Loss 2.5570e-02 (2.5570e-02)	Acc@1 100.00 (100.00)	Acc@5 100.00 (100.00)
Epoch: [86][ 10/115]	Time  0.133 ( 0.142)	Data  0.000 ( 0.027)	Loss 1.0552e-01 (6.1510e-02)	Acc@1  93.75 ( 97.44)	Acc@5 100.00 (100.00)
Epoch: [86][ 20/115]	Time  0.128 ( 0.136)	Data  0.000 ( 0.017)	Loss 7.5021e-02 (7.5490e-02)	Acc@1  98.44 ( 97.17)	Acc@5 100.00 (100.00)
Epoch: [86][ 30/115]	Time  0.133 ( 0.133)	Data  0.000 ( 0.014)	Loss 6.8025e-02 (8.1307e-02)	Acc@1  96.88 ( 97.23)	Acc@5 100.00 (100.00)
Epoch: [86][ 40/115]	Time  0.129 ( 0.132)	Data  0.000 ( 0.012)	Loss 5.9930e-02 (7.8043e-02)	Acc@1  98.44 ( 97.18)	Acc@5 100.00 (100.00)
Epoch: [86][ 50/115]	Time  0.129 ( 0.132)	Data  0.000 ( 0.011)	Loss 9.1070e-02 (7.8544e-02)	Acc@1  95.31 ( 97.18)	Acc@5 100.00 (100.00)
Epoch: [86][ 60/115]	Time  0.124 ( 0.131)	Data  0.000 ( 0.011)	Loss 4.2668e-02 (7.9899e-02)	Acc@1  98.44 ( 97.13)	Acc@5 100.00 (100.00)
Epoch: [86][ 70/115]	Time  0.133 ( 0.131)	Data  0.000 ( 0.010)	Loss 1.0155e-01 (7.6750e-02)	Acc@1  95.31 ( 97.32)	Acc@5 100.00 (100.00)
Epoch: [86][ 80/115]	Time  0.128 ( 0.131)	Data  0.000 ( 0.010)	Loss 4.3429e-02 (7.6229e-02)	Acc@1  98.44 ( 97.34)	Acc@5 100.00 (100.00)
Epoch: [86][ 90/115]	Time  0.131 ( 0.130)	Data  0.000 ( 0.009)	Loss 2.0486e-01 (7.8036e-02)	Acc@1  89.06 ( 97.17)	Acc@5 100.00 (100.00)
Epoch: [86][100/115]	Time  0.127 ( 0.130)	Data  0.000 ( 0.009)	Loss 1.6954e-01 (7.8273e-02)	Acc@1  92.19 ( 97.12)	Acc@5 100.00 (100.00)
Epoch: [86][110/115]	Time  0.131 ( 0.130)	Data  0.000 ( 0.009)	Loss 1.3727e-02 (7.7699e-02)	Acc@1 100.00 ( 97.13)	Acc@5 100.00 (100.00)
Test: [ 0/50]	Time  0.259 ( 0.259)	Loss 7.1823e-02 (7.1823e-02)	Acc@1  98.44 ( 98.44)	Acc@5 100.00 (100.00)
Test: [10/50]	Time  0.037 ( 0.057)	Loss 2.0401e-02 (4.4595e-02)	Acc@1  98.44 ( 98.72)	Acc@5 100.00 (100.00)
Test: [20/50]	Time  0.038 ( 0.048)	Loss 8.4071e-03 (2.9296e-02)	Acc@1 100.00 ( 99.11)	Acc@5 100.00 (100.00)
Test: [30/50]	Time  0.038 ( 0.045)	Loss 1.1509e-02 (2.8131e-02)	Acc@1 100.00 ( 99.09)	Acc@5 100.00 (100.00)
Test: [40/50]	Time  0.038 ( 0.043)	Loss 4.1034e-02 (2.6302e-02)	Acc@1  98.44 ( 99.20)	Acc@5 100.00 (100.00)
 * Acc@1 99.302 Acc@5 100.000
Epoch: [87][  0/115]	Time  0.256 ( 0.256)	Data  0.201 ( 0.201)	Loss 1.2067e-01 (1.2067e-01)	Acc@1  96.88 ( 96.88)	Acc@5 100.00 (100.00)
Epoch: [87][ 10/115]	Time  0.128 ( 0.141)	Data  0.000 ( 0.025)	Loss 5.7040e-02 (7.1268e-02)	Acc@1  96.88 ( 97.30)	Acc@5 100.00 (100.00)
Epoch: [87][ 20/115]	Time  0.131 ( 0.136)	Data  0.000 ( 0.017)	Loss 2.6802e-01 (9.6749e-02)	Acc@1  89.06 ( 96.50)	Acc@5 100.00 (100.00)
Epoch: [87][ 30/115]	Time  0.128 ( 0.133)	Data  0.000 ( 0.014)	Loss 1.7597e-02 (8.5917e-02)	Acc@1 100.00 ( 96.88)	Acc@5 100.00 (100.00)
Epoch: [87][ 40/115]	Time  0.130 ( 0.132)	Data  0.000 ( 0.012)	Loss 1.7351e-02 (8.0453e-02)	Acc@1 100.00 ( 97.10)	Acc@5 100.00 (100.00)
Epoch: [87][ 50/115]	Time  0.129 ( 0.132)	Data  0.000 ( 0.011)	Loss 1.9577e-02 (7.7079e-02)	Acc@1 100.00 ( 97.18)	Acc@5 100.00 (100.00)
Epoch: [87][ 60/115]	Time  0.130 ( 0.131)	Data  0.000 ( 0.010)	Loss 4.0895e-02 (8.0528e-02)	Acc@1 100.00 ( 96.98)	Acc@5 100.00 (100.00)
Epoch: [87][ 70/115]	Time  0.128 ( 0.131)	Data  0.000 ( 0.010)	Loss 6.3334e-02 (7.9193e-02)	Acc@1  98.44 ( 97.03)	Acc@5 100.00 (100.00)
Epoch: [87][ 80/115]	Time  0.132 ( 0.131)	Data  0.000 ( 0.010)	Loss 2.7260e-02 (7.5460e-02)	Acc@1 100.00 ( 97.16)	Acc@5 100.00 (100.00)
Epoch: [87][ 90/115]	Time  0.128 ( 0.131)	Data  0.000 ( 0.009)	Loss 4.1878e-02 (7.5958e-02)	Acc@1  98.44 ( 97.10)	Acc@5 100.00 (100.00)
Epoch: [87][100/115]	Time  0.130 ( 0.131)	Data  0.000 ( 0.009)	Loss 4.2639e-02 (7.6463e-02)	Acc@1  98.44 ( 97.09)	Acc@5 100.00 (100.00)
Epoch: [87][110/115]	Time  0.128 ( 0.130)	Data  0.000 ( 0.009)	Loss 1.3383e-01 (7.6771e-02)	Acc@1  95.31 ( 97.03)	Acc@5 100.00 (100.00)
Test: [ 0/50]	Time  0.264 ( 0.264)	Loss 7.4253e-02 (7.4253e-02)	Acc@1  98.44 ( 98.44)	Acc@5 100.00 (100.00)
Test: [10/50]	Time  0.038 ( 0.057)	Loss 2.5424e-02 (4.7924e-02)	Acc@1  96.88 ( 98.44)	Acc@5 100.00 (100.00)
Test: [20/50]	Time  0.038 ( 0.048)	Loss 8.1139e-03 (3.1705e-02)	Acc@1 100.00 ( 98.88)	Acc@5 100.00 (100.00)
Test: [30/50]	Time  0.038 ( 0.045)	Loss 9.5973e-03 (2.9939e-02)	Acc@1 100.00 ( 98.94)	Acc@5 100.00 (100.00)
Test: [40/50]	Time  0.038 ( 0.043)	Loss 3.4287e-02 (2.7029e-02)	Acc@1  98.44 ( 99.09)	Acc@5 100.00 (100.00)
 * Acc@1 99.207 Acc@5 100.000
Epoch: [88][  0/115]	Time  0.278 ( 0.278)	Data  0.216 ( 0.216)	Loss 9.2792e-02 (9.2792e-02)	Acc@1  95.31 ( 95.31)	Acc@5 100.00 (100.00)
Epoch: [88][ 10/115]	Time  0.132 ( 0.141)	Data  0.000 ( 0.026)	Loss 6.8336e-02 (7.1750e-02)	Acc@1  98.44 ( 97.59)	Acc@5 100.00 (100.00)
Epoch: [88][ 20/115]	Time  0.130 ( 0.135)	Data  0.000 ( 0.017)	Loss 3.7311e-02 (6.9791e-02)	Acc@1  98.44 ( 97.25)	Acc@5 100.00 (100.00)
Epoch: [88][ 30/115]	Time  0.127 ( 0.134)	Data  0.000 ( 0.014)	Loss 1.2107e-01 (7.7338e-02)	Acc@1  95.31 ( 97.03)	Acc@5 100.00 (100.00)
Epoch: [88][ 40/115]	Time  0.127 ( 0.132)	Data  0.000 ( 0.012)	Loss 1.6908e-01 (8.1162e-02)	Acc@1  93.75 ( 96.84)	Acc@5 100.00 (100.00)
Epoch: [88][ 50/115]	Time  0.132 ( 0.132)	Data  0.000 ( 0.011)	Loss 5.4733e-02 (8.0143e-02)	Acc@1  96.88 ( 96.91)	Acc@5 100.00 (100.00)
Epoch: [88][ 60/115]	Time  0.127 ( 0.131)	Data  0.000 ( 0.010)	Loss 1.4078e-01 (7.8951e-02)	Acc@1  95.31 ( 97.00)	Acc@5 100.00 (100.00)
Epoch: [88][ 70/115]	Time  0.130 ( 0.131)	Data  0.000 ( 0.010)	Loss 3.0068e-02 (7.8500e-02)	Acc@1 100.00 ( 97.03)	Acc@5 100.00 (100.00)
Epoch: [88][ 80/115]	Time  0.129 ( 0.131)	Data  0.000 ( 0.010)	Loss 6.9876e-02 (8.0068e-02)	Acc@1  96.88 ( 97.03)	Acc@5 100.00 (100.00)
Epoch: [88][ 90/115]	Time  0.132 ( 0.131)	Data  0.000 ( 0.009)	Loss 7.0052e-02 (7.8144e-02)	Acc@1  96.88 ( 97.12)	Acc@5 100.00 (100.00)
Epoch: [88][100/115]	Time  0.130 ( 0.131)	Data  0.000 ( 0.009)	Loss 7.8113e-02 (7.7838e-02)	Acc@1  96.88 ( 97.12)	Acc@5 100.00 (100.00)
Epoch: [88][110/115]	Time  0.130 ( 0.130)	Data  0.000 ( 0.009)	Loss 3.8444e-02 (7.6523e-02)	Acc@1  98.44 ( 97.18)	Acc@5 100.00 (100.00)
Test: [ 0/50]	Time  0.266 ( 0.266)	Loss 6.8091e-02 (6.8091e-02)	Acc@1  98.44 ( 98.44)	Acc@5 100.00 (100.00)
Test: [10/50]	Time  0.038 ( 0.057)	Loss 2.1536e-02 (4.7875e-02)	Acc@1  98.44 ( 98.72)	Acc@5 100.00 (100.00)
Test: [20/50]	Time  0.039 ( 0.049)	Loss 8.3261e-03 (3.1733e-02)	Acc@1 100.00 ( 99.03)	Acc@5 100.00 (100.00)
Test: [30/50]	Time  0.038 ( 0.045)	Loss 9.9514e-03 (3.0050e-02)	Acc@1 100.00 ( 99.04)	Acc@5 100.00 (100.00)
Test: [40/50]	Time  0.037 ( 0.044)	Loss 3.4647e-02 (2.6995e-02)	Acc@1  98.44 ( 99.20)	Acc@5 100.00 (100.00)
 * Acc@1 99.302 Acc@5 100.000
Epoch: [89][  0/115]	Time  0.270 ( 0.270)	Data  0.215 ( 0.215)	Loss 3.8581e-02 (3.8581e-02)	Acc@1  98.44 ( 98.44)	Acc@5 100.00 (100.00)
Epoch: [89][ 10/115]	Time  0.127 ( 0.142)	Data  0.000 ( 0.027)	Loss 6.7790e-02 (5.9734e-02)	Acc@1  96.88 ( 98.01)	Acc@5 100.00 (100.00)
Epoch: [89][ 20/115]	Time  0.132 ( 0.136)	Data  0.000 ( 0.017)	Loss 4.0980e-02 (5.8802e-02)	Acc@1  96.88 ( 98.14)	Acc@5 100.00 (100.00)
Epoch: [89][ 30/115]	Time  0.130 ( 0.134)	Data  0.000 ( 0.014)	Loss 1.3480e-01 (6.6611e-02)	Acc@1  95.31 ( 97.58)	Acc@5 100.00 (100.00)
Epoch: [89][ 40/115]	Time  0.130 ( 0.133)	Data  0.000 ( 0.012)	Loss 4.8545e-02 (6.1973e-02)	Acc@1  98.44 ( 97.64)	Acc@5 100.00 (100.00)
Epoch: [89][ 50/115]	Time  0.126 ( 0.132)	Data  0.000 ( 0.011)	Loss 5.4553e-02 (5.9663e-02)	Acc@1  98.44 ( 97.61)	Acc@5 100.00 (100.00)
Epoch: [89][ 60/115]	Time  0.132 ( 0.132)	Data  0.000 ( 0.011)	Loss 1.5608e-01 (6.3798e-02)	Acc@1  95.31 ( 97.54)	Acc@5 100.00 (100.00)
Epoch: [89][ 70/115]	Time  0.131 ( 0.131)	Data  0.000 ( 0.010)	Loss 4.0574e-02 (6.5937e-02)	Acc@1  98.44 ( 97.47)	Acc@5 100.00 (100.00)
Epoch: [89][ 80/115]	Time  0.130 ( 0.131)	Data  0.000 ( 0.010)	Loss 4.4052e-02 (7.0864e-02)	Acc@1  98.44 ( 97.26)	Acc@5 100.00 (100.00)
Epoch: [89][ 90/115]	Time  0.125 ( 0.131)	Data  0.000 ( 0.009)	Loss 6.9524e-02 (7.3882e-02)	Acc@1  95.31 ( 97.12)	Acc@5 100.00 (100.00)
Epoch: [89][100/115]	Time  0.129 ( 0.131)	Data  0.000 ( 0.009)	Loss 6.7530e-02 (7.1274e-02)	Acc@1  95.31 ( 97.20)	Acc@5 100.00 (100.00)
Epoch: [89][110/115]	Time  0.130 ( 0.131)	Data  0.000 ( 0.009)	Loss 3.8289e-02 (6.9900e-02)	Acc@1  98.44 ( 97.30)	Acc@5 100.00 (100.00)
Test: [ 0/50]	Time  0.266 ( 0.266)	Loss 6.9971e-02 (6.9971e-02)	Acc@1  98.44 ( 98.44)	Acc@5 100.00 (100.00)
Test: [10/50]	Time  0.037 ( 0.058)	Loss 2.4199e-02 (4.5534e-02)	Acc@1  96.88 ( 98.44)	Acc@5 100.00 (100.00)
Test: [20/50]	Time  0.038 ( 0.048)	Loss 8.9531e-03 (2.9937e-02)	Acc@1 100.00 ( 98.96)	Acc@5 100.00 (100.00)
Test: [30/50]	Time  0.040 ( 0.045)	Loss 1.0578e-02 (2.8721e-02)	Acc@1 100.00 ( 98.99)	Acc@5 100.00 (100.00)
Test: [40/50]	Time  0.038 ( 0.043)	Loss 3.6188e-02 (2.6510e-02)	Acc@1  98.44 ( 99.12)	Acc@5 100.00 (100.00)
 * Acc@1 99.207 Acc@5 100.000
Epoch: [90][  0/115]	Time  0.280 ( 0.280)	Data  0.224 ( 0.224)	Loss 5.6118e-02 (5.6118e-02)	Acc@1  96.88 ( 96.88)	Acc@5 100.00 (100.00)
Epoch: [90][ 10/115]	Time  0.119 ( 0.142)	Data  0.000 ( 0.027)	Loss 1.8106e-01 (8.3568e-02)	Acc@1  89.06 ( 96.45)	Acc@5 100.00 (100.00)
Epoch: [90][ 20/115]	Time  0.127 ( 0.136)	Data  0.000 ( 0.018)	Loss 1.2610e-01 (8.9230e-02)	Acc@1  96.88 ( 96.58)	Acc@5 100.00 (100.00)
Epoch: [90][ 30/115]	Time  0.135 ( 0.134)	Data  0.000 ( 0.014)	Loss 1.0923e-01 (8.4091e-02)	Acc@1  95.31 ( 96.93)	Acc@5 100.00 (100.00)
Epoch: [90][ 40/115]	Time  0.129 ( 0.133)	Data  0.000 ( 0.012)	Loss 1.4301e-01 (8.4464e-02)	Acc@1  92.19 ( 96.91)	Acc@5 100.00 (100.00)
Epoch: [90][ 50/115]	Time  0.127 ( 0.132)	Data  0.000 ( 0.011)	Loss 3.5805e-02 (7.9592e-02)	Acc@1  98.44 ( 97.15)	Acc@5 100.00 (100.00)
Epoch: [90][ 60/115]	Time  0.125 ( 0.131)	Data  0.000 ( 0.011)	Loss 1.7791e-01 (7.8152e-02)	Acc@1  96.88 ( 97.21)	Acc@5 100.00 (100.00)
Epoch: [90][ 70/115]	Time  0.131 ( 0.131)	Data  0.000 ( 0.010)	Loss 2.2144e-02 (7.7245e-02)	Acc@1 100.00 ( 97.14)	Acc@5 100.00 (100.00)
Epoch: [90][ 80/115]	Time  0.129 ( 0.131)	Data  0.000 ( 0.010)	Loss 4.3788e-02 (7.4892e-02)	Acc@1 100.00 ( 97.26)	Acc@5 100.00 (100.00)
Epoch: [90][ 90/115]	Time  0.126 ( 0.130)	Data  0.000 ( 0.009)	Loss 1.3355e-01 (7.4248e-02)	Acc@1  93.75 ( 97.29)	Acc@5 100.00 (100.00)
Epoch: [90][100/115]	Time  0.126 ( 0.130)	Data  0.000 ( 0.009)	Loss 5.7283e-02 (7.4987e-02)	Acc@1  96.88 ( 97.25)	Acc@5 100.00 (100.00)
Epoch: [90][110/115]	Time  0.129 ( 0.130)	Data  0.000 ( 0.009)	Loss 7.4370e-02 (7.5129e-02)	Acc@1  98.44 ( 97.26)	Acc@5 100.00 (100.00)
Test: [ 0/50]	Time  0.265 ( 0.265)	Loss 6.1924e-02 (6.1924e-02)	Acc@1  98.44 ( 98.44)	Acc@5 100.00 (100.00)
Test: [10/50]	Time  0.038 ( 0.057)	Loss 1.6345e-02 (4.0168e-02)	Acc@1 100.00 ( 98.86)	Acc@5 100.00 (100.00)
Test: [20/50]	Time  0.042 ( 0.048)	Loss 5.1537e-03 (2.5772e-02)	Acc@1 100.00 ( 99.33)	Acc@5 100.00 (100.00)
Test: [30/50]	Time  0.037 ( 0.045)	Loss 1.2218e-02 (2.5244e-02)	Acc@1 100.00 ( 99.24)	Acc@5 100.00 (100.00)
Test: [40/50]	Time  0.037 ( 0.043)	Loss 4.3227e-02 (2.5100e-02)	Acc@1  98.44 ( 99.28)	Acc@5 100.00 (100.00)
 * Acc@1 99.334 Acc@5 100.000
Epoch: [91][  0/115]	Time  0.289 ( 0.289)	Data  0.223 ( 0.223)	Loss 9.6817e-02 (9.6817e-02)	Acc@1  95.31 ( 95.31)	Acc@5 100.00 (100.00)
Epoch: [91][ 10/115]	Time  0.131 ( 0.149)	Data  0.000 ( 0.029)	Loss 1.1699e-01 (7.2342e-02)	Acc@1  98.44 ( 97.73)	Acc@5 100.00 (100.00)
Epoch: [91][ 20/115]	Time  0.128 ( 0.138)	Data  0.000 ( 0.018)	Loss 1.0414e-01 (7.2137e-02)	Acc@1  93.75 ( 97.40)	Acc@5 100.00 (100.00)
Epoch: [91][ 30/115]	Time  0.127 ( 0.135)	Data  0.000 ( 0.015)	Loss 1.0136e-01 (7.7000e-02)	Acc@1  96.88 ( 97.23)	Acc@5 100.00 (100.00)
Epoch: [91][ 40/115]	Time  0.132 ( 0.133)	Data  0.000 ( 0.013)	Loss 9.3039e-02 (7.3660e-02)	Acc@1  96.88 ( 97.45)	Acc@5 100.00 (100.00)
Epoch: [91][ 50/115]	Time  0.128 ( 0.133)	Data  0.000 ( 0.012)	Loss 2.1400e-02 (7.4335e-02)	Acc@1 100.00 ( 97.40)	Acc@5 100.00 (100.00)
Epoch: [91][ 60/115]	Time  0.129 ( 0.132)	Data  0.000 ( 0.011)	Loss 8.2679e-02 (7.3039e-02)	Acc@1  96.88 ( 97.34)	Acc@5 100.00 (100.00)
Epoch: [91][ 70/115]	Time  0.125 ( 0.132)	Data  0.000 ( 0.010)	Loss 5.8157e-02 (7.0145e-02)	Acc@1  96.88 ( 97.32)	Acc@5 100.00 (100.00)
Epoch: [91][ 80/115]	Time  0.135 ( 0.131)	Data  0.000 ( 0.010)	Loss 5.9579e-02 (7.1163e-02)	Acc@1  98.44 ( 97.36)	Acc@5 100.00 (100.00)
Epoch: [91][ 90/115]	Time  0.128 ( 0.131)	Data  0.000 ( 0.010)	Loss 4.4489e-02 (7.0153e-02)	Acc@1  98.44 ( 97.42)	Acc@5 100.00 (100.00)
Epoch: [91][100/115]	Time  0.130 ( 0.131)	Data  0.000 ( 0.009)	Loss 5.9334e-02 (6.8666e-02)	Acc@1  98.44 ( 97.48)	Acc@5 100.00 (100.00)
Epoch: [91][110/115]	Time  0.127 ( 0.131)	Data  0.000 ( 0.009)	Loss 2.0338e-02 (6.8320e-02)	Acc@1 100.00 ( 97.55)	Acc@5 100.00 (100.00)
Test: [ 0/50]	Time  0.259 ( 0.259)	Loss 7.2914e-02 (7.2914e-02)	Acc@1  98.44 ( 98.44)	Acc@5 100.00 (100.00)
Test: [10/50]	Time  0.037 ( 0.057)	Loss 2.3491e-02 (4.5906e-02)	Acc@1  96.88 ( 98.44)	Acc@5 100.00 (100.00)
Test: [20/50]	Time  0.038 ( 0.048)	Loss 6.6914e-03 (3.0171e-02)	Acc@1 100.00 ( 98.88)	Acc@5 100.00 (100.00)
Test: [30/50]	Time  0.037 ( 0.045)	Loss 1.0369e-02 (2.8732e-02)	Acc@1 100.00 ( 98.94)	Acc@5 100.00 (100.00)
Test: [40/50]	Time  0.038 ( 0.043)	Loss 3.5666e-02 (2.6488e-02)	Acc@1  98.44 ( 99.09)	Acc@5 100.00 (100.00)
 * Acc@1 99.175 Acc@5 100.000
Epoch: [92][  0/115]	Time  0.262 ( 0.262)	Data  0.202 ( 0.202)	Loss 5.6404e-02 (5.6404e-02)	Acc@1  96.88 ( 96.88)	Acc@5 100.00 (100.00)
Epoch: [92][ 10/115]	Time  0.132 ( 0.140)	Data  0.000 ( 0.024)	Loss 7.5072e-02 (7.8447e-02)	Acc@1  98.44 ( 96.45)	Acc@5 100.00 (100.00)
Epoch: [92][ 20/115]	Time  0.129 ( 0.135)	Data  0.000 ( 0.016)	Loss 1.0235e-01 (8.4235e-02)	Acc@1  95.31 ( 96.65)	Acc@5 100.00 (100.00)
Epoch: [92][ 30/115]	Time  0.134 ( 0.133)	Data  0.000 ( 0.013)	Loss 1.1825e-01 (7.9219e-02)	Acc@1  93.75 ( 96.77)	Acc@5 100.00 (100.00)
Epoch: [92][ 40/115]	Time  0.127 ( 0.132)	Data  0.000 ( 0.012)	Loss 1.5174e-01 (8.3836e-02)	Acc@1  95.31 ( 96.68)	Acc@5 100.00 (100.00)
Epoch: [92][ 50/115]	Time  0.138 ( 0.132)	Data  0.000 ( 0.011)	Loss 4.9169e-02 (7.7720e-02)	Acc@1  96.88 ( 97.03)	Acc@5 100.00 (100.00)
Epoch: [92][ 60/115]	Time  0.127 ( 0.131)	Data  0.000 ( 0.010)	Loss 7.4484e-02 (7.7655e-02)	Acc@1  98.44 ( 97.08)	Acc@5 100.00 (100.00)
Epoch: [92][ 70/115]	Time  0.129 ( 0.131)	Data  0.000 ( 0.010)	Loss 4.6402e-02 (7.6717e-02)	Acc@1  98.44 ( 97.14)	Acc@5 100.00 (100.00)
Epoch: [92][ 80/115]	Time  0.124 ( 0.131)	Data  0.000 ( 0.009)	Loss 1.6951e-02 (7.3710e-02)	Acc@1 100.00 ( 97.24)	Acc@5 100.00 (100.00)
Epoch: [92][ 90/115]	Time  0.131 ( 0.131)	Data  0.000 ( 0.009)	Loss 1.8546e-01 (7.4341e-02)	Acc@1  90.62 ( 97.18)	Acc@5 100.00 (100.00)
Epoch: [92][100/115]	Time  0.129 ( 0.130)	Data  0.000 ( 0.009)	Loss 1.4955e-01 (7.5465e-02)	Acc@1  93.75 ( 97.09)	Acc@5 100.00 (100.00)
Epoch: [92][110/115]	Time  0.129 ( 0.130)	Data  0.000 ( 0.009)	Loss 2.3237e-02 (7.5041e-02)	Acc@1 100.00 ( 97.11)	Acc@5 100.00 (100.00)
Test: [ 0/50]	Time  0.264 ( 0.264)	Loss 7.2667e-02 (7.2667e-02)	Acc@1  98.44 ( 98.44)	Acc@5 100.00 (100.00)
Test: [10/50]	Time  0.037 ( 0.057)	Loss 2.6202e-02 (4.7824e-02)	Acc@1  96.88 ( 98.44)	Acc@5 100.00 (100.00)
Test: [20/50]	Time  0.038 ( 0.048)	Loss 7.9303e-03 (3.1575e-02)	Acc@1 100.00 ( 98.88)	Acc@5 100.00 (100.00)
Test: [30/50]	Time  0.038 ( 0.045)	Loss 9.9711e-03 (2.9791e-02)	Acc@1 100.00 ( 98.94)	Acc@5 100.00 (100.00)
Test: [40/50]	Time  0.038 ( 0.043)	Loss 3.3633e-02 (2.6969e-02)	Acc@1  98.44 ( 99.12)	Acc@5 100.00 (100.00)
 * Acc@1 99.239 Acc@5 100.000
Epoch: [93][  0/115]	Time  0.280 ( 0.280)	Data  0.226 ( 0.226)	Loss 6.6100e-02 (6.6100e-02)	Acc@1  96.88 ( 96.88)	Acc@5 100.00 (100.00)
Epoch: [93][ 10/115]	Time  0.128 ( 0.142)	Data  0.000 ( 0.027)	Loss 2.3401e-02 (6.9264e-02)	Acc@1 100.00 ( 97.59)	Acc@5 100.00 (100.00)
Epoch: [93][ 20/115]	Time  0.132 ( 0.136)	Data  0.000 ( 0.018)	Loss 2.2458e-02 (7.7078e-02)	Acc@1 100.00 ( 97.25)	Acc@5 100.00 (100.00)
Epoch: [93][ 30/115]	Time  0.131 ( 0.134)	Data  0.000 ( 0.014)	Loss 5.6787e-02 (7.9331e-02)	Acc@1  96.88 ( 97.13)	Acc@5 100.00 (100.00)
Epoch: [93][ 40/115]	Time  0.131 ( 0.133)	Data  0.000 ( 0.012)	Loss 4.5789e-02 (7.6971e-02)	Acc@1  98.44 ( 97.14)	Acc@5 100.00 (100.00)
Epoch: [93][ 50/115]	Time  0.123 ( 0.132)	Data  0.000 ( 0.011)	Loss 1.5178e-01 (7.7477e-02)	Acc@1  95.31 ( 97.12)	Acc@5 100.00 (100.00)
Epoch: [93][ 60/115]	Time  0.133 ( 0.132)	Data  0.000 ( 0.011)	Loss 1.6927e-01 (7.4716e-02)	Acc@1  96.88 ( 97.31)	Acc@5 100.00 (100.00)
Epoch: [93][ 70/115]	Time  0.128 ( 0.132)	Data  0.000 ( 0.010)	Loss 3.8378e-02 (7.1143e-02)	Acc@1  98.44 ( 97.45)	Acc@5 100.00 (100.00)
Epoch: [93][ 80/115]	Time  0.130 ( 0.131)	Data  0.000 ( 0.010)	Loss 1.0375e-01 (6.9609e-02)	Acc@1  98.44 ( 97.49)	Acc@5 100.00 (100.00)
Epoch: [93][ 90/115]	Time  0.126 ( 0.131)	Data  0.000 ( 0.010)	Loss 1.3858e-01 (7.2151e-02)	Acc@1  95.31 ( 97.41)	Acc@5 100.00 (100.00)
Epoch: [93][100/115]	Time  0.132 ( 0.131)	Data  0.000 ( 0.009)	Loss 4.7650e-02 (7.3630e-02)	Acc@1  98.44 ( 97.32)	Acc@5 100.00 (100.00)
Epoch: [93][110/115]	Time  0.130 ( 0.131)	Data  0.000 ( 0.009)	Loss 3.8072e-02 (7.2884e-02)	Acc@1  98.44 ( 97.33)	Acc@5 100.00 (100.00)
Test: [ 0/50]	Time  0.261 ( 0.261)	Loss 6.4755e-02 (6.4755e-02)	Acc@1  98.44 ( 98.44)	Acc@5 100.00 (100.00)
Test: [10/50]	Time  0.036 ( 0.057)	Loss 1.8681e-02 (3.9718e-02)	Acc@1 100.00 ( 98.86)	Acc@5 100.00 (100.00)
Test: [20/50]	Time  0.042 ( 0.048)	Loss 4.0785e-03 (2.5299e-02)	Acc@1 100.00 ( 99.26)	Acc@5 100.00 (100.00)
Test: [30/50]	Time  0.038 ( 0.045)	Loss 1.3174e-02 (2.4943e-02)	Acc@1 100.00 ( 99.14)	Acc@5 100.00 (100.00)
Test: [40/50]	Time  0.038 ( 0.043)	Loss 4.0425e-02 (2.4866e-02)	Acc@1  98.44 ( 99.20)	Acc@5 100.00 (100.00)
 * Acc@1 99.271 Acc@5 100.000
Epoch: [94][  0/115]	Time  0.276 ( 0.276)	Data  0.213 ( 0.213)	Loss 3.4928e-02 (3.4928e-02)	Acc@1  96.88 ( 96.88)	Acc@5 100.00 (100.00)
Epoch: [94][ 10/115]	Time  0.129 ( 0.142)	Data  0.000 ( 0.025)	Loss 7.0271e-02 (6.2463e-02)	Acc@1  98.44 ( 97.44)	Acc@5 100.00 (100.00)
Epoch: [94][ 20/115]	Time  0.128 ( 0.136)	Data  0.000 ( 0.017)	Loss 7.4103e-02 (6.5632e-02)	Acc@1  98.44 ( 97.32)	Acc@5 100.00 (100.00)
Epoch: [94][ 30/115]	Time  0.132 ( 0.134)	Data  0.000 ( 0.014)	Loss 6.8660e-02 (7.0114e-02)	Acc@1  96.88 ( 97.28)	Acc@5 100.00 (100.00)
Epoch: [94][ 40/115]	Time  0.129 ( 0.133)	Data  0.000 ( 0.012)	Loss 8.9210e-02 (7.0677e-02)	Acc@1  98.44 ( 97.56)	Acc@5 100.00 (100.00)
Epoch: [94][ 50/115]	Time  0.127 ( 0.132)	Data  0.000 ( 0.011)	Loss 9.1493e-02 (6.8006e-02)	Acc@1  96.88 ( 97.58)	Acc@5 100.00 (100.00)
Epoch: [94][ 60/115]	Time  0.128 ( 0.132)	Data  0.000 ( 0.010)	Loss 9.2700e-02 (6.8684e-02)	Acc@1  93.75 ( 97.52)	Acc@5 100.00 (100.00)
Epoch: [94][ 70/115]	Time  0.132 ( 0.131)	Data  0.000 ( 0.010)	Loss 8.4854e-02 (7.0132e-02)	Acc@1  96.88 ( 97.58)	Acc@5 100.00 (100.00)
Epoch: [94][ 80/115]	Time  0.131 ( 0.131)	Data  0.000 ( 0.010)	Loss 4.4081e-02 (6.8997e-02)	Acc@1  98.44 ( 97.59)	Acc@5 100.00 (100.00)
Epoch: [94][ 90/115]	Time  0.133 ( 0.131)	Data  0.000 ( 0.009)	Loss 1.0975e-02 (6.9207e-02)	Acc@1 100.00 ( 97.58)	Acc@5 100.00 (100.00)
Epoch: [94][100/115]	Time  0.127 ( 0.131)	Data  0.000 ( 0.009)	Loss 8.8217e-02 (6.8923e-02)	Acc@1  98.44 ( 97.56)	Acc@5 100.00 (100.00)
Epoch: [94][110/115]	Time  0.130 ( 0.131)	Data  0.000 ( 0.009)	Loss 9.0070e-02 (6.8571e-02)	Acc@1  95.31 ( 97.58)	Acc@5 100.00 (100.00)
Test: [ 0/50]	Time  0.260 ( 0.260)	Loss 8.0620e-02 (8.0620e-02)	Acc@1  98.44 ( 98.44)	Acc@5 100.00 (100.00)
Test: [10/50]	Time  0.037 ( 0.057)	Loss 2.9162e-02 (5.3114e-02)	Acc@1  96.88 ( 98.30)	Acc@5 100.00 (100.00)
Test: [20/50]	Time  0.053 ( 0.049)	Loss 7.6695e-03 (3.5381e-02)	Acc@1 100.00 ( 98.81)	Acc@5 100.00 (100.00)
Test: [30/50]	Time  0.037 ( 0.045)	Loss 8.7073e-03 (3.2818e-02)	Acc@1 100.00 ( 98.89)	Acc@5 100.00 (100.00)
Test: [40/50]	Time  0.038 ( 0.043)	Loss 3.1332e-02 (2.8597e-02)	Acc@1  98.44 ( 99.09)	Acc@5 100.00 (100.00)
 * Acc@1 99.207 Acc@5 100.000
Epoch: [95][  0/115]	Time  0.266 ( 0.266)	Data  0.211 ( 0.211)	Loss 2.5676e-02 (2.5676e-02)	Acc@1 100.00 (100.00)	Acc@5 100.00 (100.00)
Epoch: [95][ 10/115]	Time  0.131 ( 0.142)	Data  0.000 ( 0.026)	Loss 2.3538e-02 (8.3221e-02)	Acc@1  98.44 ( 97.16)	Acc@5 100.00 (100.00)
Epoch: [95][ 20/115]	Time  0.123 ( 0.136)	Data  0.000 ( 0.017)	Loss 7.7505e-02 (7.5711e-02)	Acc@1  96.88 ( 97.40)	Acc@5 100.00 (100.00)
Epoch: [95][ 30/115]	Time  0.127 ( 0.134)	Data  0.000 ( 0.014)	Loss 7.9399e-02 (7.3160e-02)	Acc@1  95.31 ( 97.43)	Acc@5 100.00 (100.00)
Epoch: [95][ 40/115]	Time  0.125 ( 0.132)	Data  0.000 ( 0.012)	Loss 7.2053e-02 (7.1269e-02)	Acc@1  95.31 ( 97.52)	Acc@5 100.00 (100.00)
Epoch: [95][ 50/115]	Time  0.128 ( 0.132)	Data  0.000 ( 0.011)	Loss 1.2413e-01 (7.2298e-02)	Acc@1  98.44 ( 97.49)	Acc@5 100.00 (100.00)
Epoch: [95][ 60/115]	Time  0.134 ( 0.131)	Data  0.000 ( 0.010)	Loss 1.2789e-02 (6.8710e-02)	Acc@1 100.00 ( 97.62)	Acc@5 100.00 (100.00)
Epoch: [95][ 70/115]	Time  0.121 ( 0.131)	Data  0.000 ( 0.010)	Loss 1.4426e-01 (7.2358e-02)	Acc@1  93.75 ( 97.54)	Acc@5 100.00 (100.00)
Epoch: [95][ 80/115]	Time  0.132 ( 0.130)	Data  0.000 ( 0.010)	Loss 6.1391e-02 (7.5344e-02)	Acc@1  98.44 ( 97.40)	Acc@5 100.00 (100.00)
Epoch: [95][ 90/115]	Time  0.130 ( 0.130)	Data  0.000 ( 0.009)	Loss 8.7036e-02 (7.4258e-02)	Acc@1  96.88 ( 97.42)	Acc@5 100.00 (100.00)
Epoch: [95][100/115]	Time  0.130 ( 0.130)	Data  0.000 ( 0.009)	Loss 7.3658e-02 (7.2325e-02)	Acc@1  98.44 ( 97.46)	Acc@5 100.00 (100.00)
Epoch: [95][110/115]	Time  0.127 ( 0.130)	Data  0.000 ( 0.009)	Loss 1.7139e-01 (7.5717e-02)	Acc@1  95.31 ( 97.40)	Acc@5 100.00 (100.00)
Test: [ 0/50]	Time  0.253 ( 0.253)	Loss 6.4297e-02 (6.4297e-02)	Acc@1  98.44 ( 98.44)	Acc@5 100.00 (100.00)
Test: [10/50]	Time  0.038 ( 0.057)	Loss 1.6405e-02 (4.0135e-02)	Acc@1 100.00 ( 98.86)	Acc@5 100.00 (100.00)
Test: [20/50]	Time  0.038 ( 0.048)	Loss 4.9817e-03 (2.5830e-02)	Acc@1 100.00 ( 99.18)	Acc@5 100.00 (100.00)
Test: [30/50]	Time  0.038 ( 0.045)	Loss 1.2997e-02 (2.5418e-02)	Acc@1 100.00 ( 99.14)	Acc@5 100.00 (100.00)
Test: [40/50]	Time  0.037 ( 0.043)	Loss 3.9677e-02 (2.5089e-02)	Acc@1  98.44 ( 99.20)	Acc@5 100.00 (100.00)
 * Acc@1 99.271 Acc@5 100.000
Epoch: [96][  0/115]	Time  0.271 ( 0.271)	Data  0.209 ( 0.209)	Loss 1.4944e-02 (1.4944e-02)	Acc@1 100.00 (100.00)	Acc@5 100.00 (100.00)
Epoch: [96][ 10/115]	Time  0.131 ( 0.141)	Data  0.000 ( 0.025)	Loss 5.1448e-02 (8.0329e-02)	Acc@1 100.00 ( 97.44)	Acc@5 100.00 (100.00)
Epoch: [96][ 20/115]	Time  0.124 ( 0.135)	Data  0.000 ( 0.016)	Loss 2.9726e-02 (7.5445e-02)	Acc@1  98.44 ( 97.32)	Acc@5 100.00 (100.00)
Epoch: [96][ 30/115]	Time  0.127 ( 0.133)	Data  0.000 ( 0.013)	Loss 3.2783e-02 (7.7495e-02)	Acc@1 100.00 ( 97.28)	Acc@5 100.00 (100.00)
Epoch: [96][ 40/115]	Time  0.118 ( 0.132)	Data  0.000 ( 0.012)	Loss 1.0132e-01 (7.9206e-02)	Acc@1  98.44 ( 97.33)	Acc@5 100.00 (100.00)
Epoch: [96][ 50/115]	Time  0.130 ( 0.131)	Data  0.000 ( 0.011)	Loss 7.0810e-02 (8.2391e-02)	Acc@1  98.44 ( 97.15)	Acc@5 100.00 (100.00)
Epoch: [96][ 60/115]	Time  0.128 ( 0.131)	Data  0.000 ( 0.010)	Loss 9.6224e-02 (7.9221e-02)	Acc@1  98.44 ( 97.28)	Acc@5 100.00 (100.00)
Epoch: [96][ 70/115]	Time  0.129 ( 0.131)	Data  0.000 ( 0.010)	Loss 1.2390e-01 (7.9660e-02)	Acc@1  92.19 ( 97.27)	Acc@5 100.00 (100.00)
Epoch: [96][ 80/115]	Time  0.125 ( 0.131)	Data  0.000 ( 0.010)	Loss 1.9562e-02 (7.7061e-02)	Acc@1 100.00 ( 97.38)	Acc@5 100.00 (100.00)
Epoch: [96][ 90/115]	Time  0.132 ( 0.131)	Data  0.000 ( 0.009)	Loss 8.3259e-02 (7.5020e-02)	Acc@1  96.88 ( 97.44)	Acc@5 100.00 (100.00)
Epoch: [96][100/115]	Time  0.130 ( 0.130)	Data  0.000 ( 0.009)	Loss 1.2165e-01 (7.3106e-02)	Acc@1  95.31 ( 97.51)	Acc@5 100.00 (100.00)
Epoch: [96][110/115]	Time  0.129 ( 0.130)	Data  0.000 ( 0.009)	Loss 2.9347e-02 (7.4082e-02)	Acc@1  98.44 ( 97.47)	Acc@5 100.00 (100.00)
Test: [ 0/50]	Time  0.263 ( 0.263)	Loss 6.6342e-02 (6.6342e-02)	Acc@1  98.44 ( 98.44)	Acc@5 100.00 (100.00)
Test: [10/50]	Time  0.037 ( 0.057)	Loss 2.0532e-02 (4.4852e-02)	Acc@1 100.00 ( 98.86)	Acc@5 100.00 (100.00)
Test: [20/50]	Time  0.047 ( 0.049)	Loss 5.7697e-03 (2.9270e-02)	Acc@1 100.00 ( 99.18)	Acc@5 100.00 (100.00)
Test: [30/50]	Time  0.037 ( 0.045)	Loss 1.0929e-02 (2.8043e-02)	Acc@1 100.00 ( 99.14)	Acc@5 100.00 (100.00)
Test: [40/50]	Time  0.038 ( 0.044)	Loss 3.3961e-02 (2.5906e-02)	Acc@1  98.44 ( 99.20)	Acc@5 100.00 (100.00)
 * Acc@1 99.302 Acc@5 100.000
Epoch: [97][  0/115]	Time  0.261 ( 0.261)	Data  0.206 ( 0.206)	Loss 2.1191e-02 (2.1191e-02)	Acc@1  98.44 ( 98.44)	Acc@5 100.00 (100.00)
Epoch: [97][ 10/115]	Time  0.134 ( 0.141)	Data  0.000 ( 0.026)	Loss 6.1200e-02 (8.0427e-02)	Acc@1  96.88 ( 97.30)	Acc@5 100.00 (100.00)
Epoch: [97][ 20/115]	Time  0.131 ( 0.135)	Data  0.000 ( 0.017)	Loss 5.3697e-02 (7.3654e-02)	Acc@1  96.88 ( 97.40)	Acc@5 100.00 (100.00)
Epoch: [97][ 30/115]	Time  0.135 ( 0.134)	Data  0.000 ( 0.014)	Loss 3.8726e-02 (7.2773e-02)	Acc@1  98.44 ( 97.48)	Acc@5 100.00 (100.00)
Epoch: [97][ 40/115]	Time  0.131 ( 0.132)	Data  0.000 ( 0.012)	Loss 4.3201e-02 (7.0982e-02)	Acc@1  98.44 ( 97.64)	Acc@5 100.00 (100.00)
Epoch: [97][ 50/115]	Time  0.123 ( 0.132)	Data  0.000 ( 0.011)	Loss 1.0364e-01 (7.0870e-02)	Acc@1  95.31 ( 97.46)	Acc@5 100.00 (100.00)
Epoch: [97][ 60/115]	Time  0.125 ( 0.131)	Data  0.000 ( 0.010)	Loss 4.2333e-02 (6.8504e-02)	Acc@1  98.44 ( 97.54)	Acc@5 100.00 (100.00)
Epoch: [97][ 70/115]	Time  0.123 ( 0.131)	Data  0.000 ( 0.010)	Loss 4.9808e-02 (6.7231e-02)	Acc@1  98.44 ( 97.62)	Acc@5 100.00 (100.00)
Epoch: [97][ 80/115]	Time  0.128 ( 0.131)	Data  0.000 ( 0.010)	Loss 5.5650e-02 (6.8632e-02)	Acc@1  96.88 ( 97.65)	Acc@5 100.00 (100.00)
Epoch: [97][ 90/115]	Time  0.127 ( 0.131)	Data  0.000 ( 0.009)	Loss 4.1705e-02 (6.6607e-02)	Acc@1  98.44 ( 97.66)	Acc@5 100.00 (100.00)
Epoch: [97][100/115]	Time  0.131 ( 0.131)	Data  0.000 ( 0.009)	Loss 6.8414e-02 (6.8430e-02)	Acc@1  96.88 ( 97.57)	Acc@5 100.00 (100.00)
Epoch: [97][110/115]	Time  0.127 ( 0.130)	Data  0.000 ( 0.009)	Loss 4.8231e-02 (6.8148e-02)	Acc@1  96.88 ( 97.56)	Acc@5 100.00 (100.00)
Test: [ 0/50]	Time  0.263 ( 0.263)	Loss 7.7514e-02 (7.7514e-02)	Acc@1  98.44 ( 98.44)	Acc@5 100.00 (100.00)
Test: [10/50]	Time  0.037 ( 0.057)	Loss 2.5796e-02 (5.0181e-02)	Acc@1  96.88 ( 98.44)	Acc@5 100.00 (100.00)
Test: [20/50]	Time  0.038 ( 0.048)	Loss 5.5480e-03 (3.3097e-02)	Acc@1 100.00 ( 98.88)	Acc@5 100.00 (100.00)
Test: [30/50]	Time  0.038 ( 0.045)	Loss 9.7706e-03 (3.1034e-02)	Acc@1 100.00 ( 98.94)	Acc@5 100.00 (100.00)
Test: [40/50]	Time  0.038 ( 0.043)	Loss 3.1975e-02 (2.7639e-02)	Acc@1  98.44 ( 99.09)	Acc@5 100.00 (100.00)
 * Acc@1 99.207 Acc@5 100.000
Epoch: [98][  0/115]	Time  0.254 ( 0.254)	Data  0.197 ( 0.197)	Loss 8.7460e-02 (8.7460e-02)	Acc@1  96.88 ( 96.88)	Acc@5 100.00 (100.00)
Epoch: [98][ 10/115]	Time  0.131 ( 0.140)	Data  0.000 ( 0.024)	Loss 1.1986e-01 (7.9855e-02)	Acc@1  96.88 ( 97.73)	Acc@5 100.00 (100.00)
Epoch: [98][ 20/115]	Time  0.128 ( 0.135)	Data  0.000 ( 0.016)	Loss 9.5295e-02 (8.0546e-02)	Acc@1  93.75 ( 97.10)	Acc@5 100.00 (100.00)
Epoch: [98][ 30/115]	Time  0.134 ( 0.133)	Data  0.000 ( 0.013)	Loss 1.5314e-02 (7.3981e-02)	Acc@1 100.00 ( 97.48)	Acc@5 100.00 (100.00)
Epoch: [98][ 40/115]	Time  0.128 ( 0.132)	Data  0.000 ( 0.012)	Loss 3.2946e-02 (7.3961e-02)	Acc@1 100.00 ( 97.45)	Acc@5 100.00 (100.00)
Epoch: [98][ 50/115]	Time  0.121 ( 0.132)	Data  0.000 ( 0.011)	Loss 5.7421e-02 (7.0721e-02)	Acc@1  98.44 ( 97.61)	Acc@5 100.00 (100.00)
Epoch: [98][ 60/115]	Time  0.125 ( 0.131)	Data  0.000 ( 0.010)	Loss 3.6178e-02 (6.8905e-02)	Acc@1  96.88 ( 97.62)	Acc@5 100.00 (100.00)
Epoch: [98][ 70/115]	Time  0.130 ( 0.131)	Data  0.000 ( 0.010)	Loss 1.3451e-01 (6.9122e-02)	Acc@1  93.75 ( 97.60)	Acc@5 100.00 (100.00)
Epoch: [98][ 80/115]	Time  0.133 ( 0.131)	Data  0.000 ( 0.009)	Loss 9.7690e-03 (6.6032e-02)	Acc@1 100.00 ( 97.70)	Acc@5 100.00 (100.00)
Epoch: [98][ 90/115]	Time  0.129 ( 0.130)	Data  0.000 ( 0.009)	Loss 4.9073e-02 (6.6334e-02)	Acc@1  96.88 ( 97.65)	Acc@5 100.00 (100.00)
Epoch: [98][100/115]	Time  0.126 ( 0.130)	Data  0.000 ( 0.009)	Loss 3.5319e-02 (6.6106e-02)	Acc@1 100.00 ( 97.69)	Acc@5 100.00 (100.00)
Epoch: [98][110/115]	Time  0.131 ( 0.130)	Data  0.000 ( 0.009)	Loss 1.2398e-01 (6.6455e-02)	Acc@1  96.88 ( 97.68)	Acc@5 100.00 (100.00)
Test: [ 0/50]	Time  0.255 ( 0.255)	Loss 7.3773e-02 (7.3773e-02)	Acc@1  98.44 ( 98.44)	Acc@5 100.00 (100.00)
Test: [10/50]	Time  0.038 ( 0.057)	Loss 2.7024e-02 (4.8712e-02)	Acc@1  96.88 ( 98.58)	Acc@5 100.00 (100.00)
Test: [20/50]	Time  0.042 ( 0.048)	Loss 7.1488e-03 (3.2102e-02)	Acc@1 100.00 ( 98.96)	Acc@5 100.00 (100.00)
Test: [30/50]	Time  0.038 ( 0.045)	Loss 9.1958e-03 (3.0174e-02)	Acc@1 100.00 ( 98.99)	Acc@5 100.00 (100.00)
Test: [40/50]	Time  0.038 ( 0.043)	Loss 3.2475e-02 (2.6939e-02)	Acc@1  98.44 ( 99.12)	Acc@5 100.00 (100.00)
 * Acc@1 99.239 Acc@5 100.000
Epoch: [99][  0/115]	Time  0.270 ( 0.270)	Data  0.212 ( 0.212)	Loss 5.8110e-02 (5.8110e-02)	Acc@1  98.44 ( 98.44)	Acc@5 100.00 (100.00)
Epoch: [99][ 10/115]	Time  0.130 ( 0.142)	Data  0.000 ( 0.026)	Loss 3.7682e-02 (7.9484e-02)	Acc@1  98.44 ( 97.16)	Acc@5 100.00 (100.00)
Epoch: [99][ 20/115]	Time  0.120 ( 0.136)	Data  0.000 ( 0.017)	Loss 1.0469e-01 (8.2493e-02)	Acc@1  95.31 ( 96.58)	Acc@5 100.00 (100.00)
Epoch: [99][ 30/115]	Time  0.128 ( 0.134)	Data  0.000 ( 0.014)	Loss 6.8562e-02 (8.0427e-02)	Acc@1  96.88 ( 96.93)	Acc@5 100.00 (100.00)
Epoch: [99][ 40/115]	Time  0.129 ( 0.133)	Data  0.000 ( 0.012)	Loss 1.2775e-01 (7.7222e-02)	Acc@1  93.75 ( 96.95)	Acc@5 100.00 (100.00)
Epoch: [99][ 50/115]	Time  0.131 ( 0.132)	Data  0.000 ( 0.011)	Loss 1.3839e-01 (7.6660e-02)	Acc@1  95.31 ( 97.03)	Acc@5 100.00 (100.00)
Epoch: [99][ 60/115]	Time  0.130 ( 0.131)	Data  0.000 ( 0.011)	Loss 1.2537e-01 (7.8698e-02)	Acc@1  95.31 ( 96.98)	Acc@5 100.00 (100.00)
Epoch: [99][ 70/115]	Time  0.125 ( 0.131)	Data  0.000 ( 0.010)	Loss 1.7083e-02 (7.5693e-02)	Acc@1 100.00 ( 97.07)	Acc@5 100.00 (100.00)
Epoch: [99][ 80/115]	Time  0.131 ( 0.131)	Data  0.000 ( 0.010)	Loss 7.6507e-02 (7.4439e-02)	Acc@1  95.31 ( 97.07)	Acc@5 100.00 (100.00)
Epoch: [99][ 90/115]	Time  0.127 ( 0.130)	Data  0.000 ( 0.009)	Loss 1.7527e-01 (7.2674e-02)	Acc@1  93.75 ( 97.15)	Acc@5 100.00 (100.00)
Epoch: [99][100/115]	Time  0.131 ( 0.130)	Data  0.000 ( 0.009)	Loss 4.8980e-02 (7.2707e-02)	Acc@1  98.44 ( 97.17)	Acc@5 100.00 (100.00)
Epoch: [99][110/115]	Time  0.127 ( 0.130)	Data  0.000 ( 0.009)	Loss 1.9780e-01 (7.5486e-02)	Acc@1  93.75 ( 97.13)	Acc@5 100.00 (100.00)
Test: [ 0/50]	Time  0.264 ( 0.264)	Loss 6.4717e-02 (6.4717e-02)	Acc@1  98.44 ( 98.44)	Acc@5 100.00 (100.00)
Test: [10/50]	Time  0.038 ( 0.057)	Loss 2.0041e-02 (4.3168e-02)	Acc@1 100.00 ( 98.86)	Acc@5 100.00 (100.00)
Test: [20/50]	Time  0.038 ( 0.048)	Loss 7.0894e-03 (2.8153e-02)	Acc@1 100.00 ( 99.18)	Acc@5 100.00 (100.00)
Test: [30/50]	Time  0.038 ( 0.045)	Loss 1.0652e-02 (2.7249e-02)	Acc@1 100.00 ( 99.14)	Acc@5 100.00 (100.00)
Test: [40/50]	Time  0.038 ( 0.043)	Loss 3.5657e-02 (2.5793e-02)	Acc@1  98.44 ( 99.24)	Acc@5 100.00 (100.00)
 * Acc@1 99.302 Acc@5 100.000
Epoch: [100][  0/115]	Time  0.281 ( 0.281)	Data  0.227 ( 0.227)	Loss 2.1233e-02 (2.1233e-02)	Acc@1 100.00 (100.00)	Acc@5 100.00 (100.00)
Epoch: [100][ 10/115]	Time  0.131 ( 0.142)	Data  0.000 ( 0.027)	Loss 1.1811e-01 (6.5940e-02)	Acc@1  95.31 ( 97.59)	Acc@5 100.00 (100.00)
Epoch: [100][ 20/115]	Time  0.131 ( 0.136)	Data  0.000 ( 0.018)	Loss 4.0531e-02 (5.8957e-02)	Acc@1  98.44 ( 97.54)	Acc@5 100.00 (100.00)
Epoch: [100][ 30/115]	Time  0.129 ( 0.134)	Data  0.000 ( 0.014)	Loss 4.7775e-02 (5.8545e-02)	Acc@1  98.44 ( 97.53)	Acc@5 100.00 (100.00)
Epoch: [100][ 40/115]	Time  0.126 ( 0.133)	Data  0.000 ( 0.013)	Loss 2.2292e-02 (6.0694e-02)	Acc@1 100.00 ( 97.48)	Acc@5 100.00 (100.00)
Epoch: [100][ 50/115]	Time  0.132 ( 0.132)	Data  0.000 ( 0.011)	Loss 3.0728e-02 (6.0230e-02)	Acc@1 100.00 ( 97.58)	Acc@5 100.00 (100.00)
Epoch: [100][ 60/115]	Time  0.134 ( 0.132)	Data  0.000 ( 0.011)	Loss 1.6541e-01 (6.3766e-02)	Acc@1  95.31 ( 97.46)	Acc@5 100.00 (100.00)
Epoch: [100][ 70/115]	Time  0.121 ( 0.131)	Data  0.000 ( 0.010)	Loss 1.2525e-01 (6.3757e-02)	Acc@1  96.88 ( 97.51)	Acc@5 100.00 (100.00)
Epoch: [100][ 80/115]	Time  0.133 ( 0.131)	Data  0.000 ( 0.010)	Loss 5.3242e-02 (6.7612e-02)	Acc@1  98.44 ( 97.43)	Acc@5 100.00 (100.00)
Epoch: [100][ 90/115]	Time  0.131 ( 0.131)	Data  0.000 ( 0.009)	Loss 6.9104e-02 (6.8890e-02)	Acc@1  98.44 ( 97.39)	Acc@5 100.00 (100.00)
Epoch: [100][100/115]	Time  0.129 ( 0.131)	Data  0.000 ( 0.009)	Loss 1.1155e-01 (6.8412e-02)	Acc@1  96.88 ( 97.49)	Acc@5 100.00 (100.00)
Epoch: [100][110/115]	Time  0.129 ( 0.130)	Data  0.000 ( 0.009)	Loss 8.5741e-02 (6.7736e-02)	Acc@1  96.88 ( 97.48)	Acc@5 100.00 (100.00)
Test: [ 0/50]	Time  0.258 ( 0.258)	Loss 8.3809e-02 (8.3809e-02)	Acc@1  98.44 ( 98.44)	Acc@5 100.00 (100.00)
Test: [10/50]	Time  0.039 ( 0.057)	Loss 3.4309e-02 (5.5662e-02)	Acc@1  96.88 ( 98.30)	Acc@5 100.00 (100.00)
Test: [20/50]	Time  0.042 ( 0.048)	Loss 8.2519e-03 (3.7276e-02)	Acc@1 100.00 ( 98.74)	Acc@5 100.00 (100.00)
Test: [30/50]	Time  0.038 ( 0.045)	Loss 7.8694e-03 (3.4367e-02)	Acc@1 100.00 ( 98.79)	Acc@5 100.00 (100.00)
Test: [40/50]	Time  0.038 ( 0.043)	Loss 2.8652e-02 (2.9509e-02)	Acc@1  98.44 ( 99.05)	Acc@5 100.00 (100.00)
 * Acc@1 99.175 Acc@5 100.000
Epoch: [101][  0/115]	Time  0.292 ( 0.292)	Data  0.230 ( 0.230)	Loss 2.4308e-01 (2.4308e-01)	Acc@1  93.75 ( 93.75)	Acc@5 100.00 (100.00)
Epoch: [101][ 10/115]	Time  0.128 ( 0.143)	Data  0.000 ( 0.027)	Loss 4.0874e-02 (8.7982e-02)	Acc@1  98.44 ( 96.59)	Acc@5 100.00 (100.00)
Epoch: [101][ 20/115]	Time  0.130 ( 0.136)	Data  0.000 ( 0.018)	Loss 1.0654e-01 (9.2904e-02)	Acc@1  98.44 ( 96.50)	Acc@5 100.00 (100.00)
Epoch: [101][ 30/115]	Time  0.128 ( 0.133)	Data  0.000 ( 0.014)	Loss 1.3443e-01 (8.6008e-02)	Acc@1  95.31 ( 96.93)	Acc@5 100.00 (100.00)
Epoch: [101][ 40/115]	Time  0.130 ( 0.132)	Data  0.000 ( 0.012)	Loss 7.6984e-02 (8.7069e-02)	Acc@1  98.44 ( 96.99)	Acc@5 100.00 (100.00)
Epoch: [101][ 50/115]	Time  0.126 ( 0.132)	Data  0.000 ( 0.011)	Loss 4.9922e-02 (8.5886e-02)	Acc@1  98.44 ( 97.00)	Acc@5 100.00 (100.00)
Epoch: [101][ 60/115]	Time  0.135 ( 0.132)	Data  0.000 ( 0.011)	Loss 1.0271e-01 (8.4407e-02)	Acc@1  96.88 ( 97.05)	Acc@5 100.00 (100.00)
Epoch: [101][ 70/115]	Time  0.128 ( 0.131)	Data  0.000 ( 0.010)	Loss 4.1797e-02 (8.4845e-02)	Acc@1 100.00 ( 96.99)	Acc@5 100.00 (100.00)
Epoch: [101][ 80/115]	Time  0.128 ( 0.131)	Data  0.000 ( 0.010)	Loss 8.3525e-02 (8.2675e-02)	Acc@1  93.75 ( 96.97)	Acc@5 100.00 (100.00)
Epoch: [101][ 90/115]	Time  0.127 ( 0.131)	Data  0.000 ( 0.010)	Loss 1.0009e-01 (8.1318e-02)	Acc@1  96.88 ( 97.01)	Acc@5 100.00 (100.00)
Epoch: [101][100/115]	Time  0.130 ( 0.131)	Data  0.000 ( 0.009)	Loss 1.0915e-01 (8.0819e-02)	Acc@1  95.31 ( 97.00)	Acc@5 100.00 (100.00)
Epoch: [101][110/115]	Time  0.130 ( 0.131)	Data  0.000 ( 0.009)	Loss 3.7844e-02 (7.9453e-02)	Acc@1  98.44 ( 97.09)	Acc@5 100.00 (100.00)
Test: [ 0/50]	Time  0.256 ( 0.256)	Loss 6.8936e-02 (6.8936e-02)	Acc@1  98.44 ( 98.44)	Acc@5 100.00 (100.00)
Test: [10/50]	Time  0.037 ( 0.057)	Loss 2.2150e-02 (4.3820e-02)	Acc@1  98.44 ( 98.72)	Acc@5 100.00 (100.00)
Test: [20/50]	Time  0.038 ( 0.048)	Loss 5.7088e-03 (2.8615e-02)	Acc@1 100.00 ( 99.11)	Acc@5 100.00 (100.00)
Test: [30/50]	Time  0.038 ( 0.045)	Loss 1.1777e-02 (2.7435e-02)	Acc@1 100.00 ( 99.09)	Acc@5 100.00 (100.00)
Test: [40/50]	Time  0.038 ( 0.043)	Loss 3.6866e-02 (2.5841e-02)	Acc@1  98.44 ( 99.20)	Acc@5 100.00 (100.00)
 * Acc@1 99.271 Acc@5 100.000
Epoch: [102][  0/115]	Time  0.262 ( 0.262)	Data  0.207 ( 0.207)	Loss 9.4311e-02 (9.4311e-02)	Acc@1  96.88 ( 96.88)	Acc@5 100.00 (100.00)
Epoch: [102][ 10/115]	Time  0.130 ( 0.141)	Data  0.000 ( 0.025)	Loss 6.0779e-02 (7.6736e-02)	Acc@1  98.44 ( 97.30)	Acc@5 100.00 (100.00)
Epoch: [102][ 20/115]	Time  0.126 ( 0.135)	Data  0.000 ( 0.017)	Loss 5.1928e-02 (8.4361e-02)	Acc@1  96.88 ( 96.95)	Acc@5 100.00 (100.00)
Epoch: [102][ 30/115]	Time  0.131 ( 0.134)	Data  0.000 ( 0.014)	Loss 5.8693e-02 (8.1490e-02)	Acc@1  98.44 ( 96.98)	Acc@5 100.00 (100.00)
Epoch: [102][ 40/115]	Time  0.131 ( 0.133)	Data  0.000 ( 0.012)	Loss 3.3299e-02 (7.3888e-02)	Acc@1  98.44 ( 97.26)	Acc@5 100.00 (100.00)
Epoch: [102][ 50/115]	Time  0.132 ( 0.132)	Data  0.000 ( 0.011)	Loss 4.3442e-02 (7.6082e-02)	Acc@1  98.44 ( 97.18)	Acc@5 100.00 (100.00)
Epoch: [102][ 60/115]	Time  0.130 ( 0.132)	Data  0.000 ( 0.010)	Loss 2.1330e-01 (8.1429e-02)	Acc@1  92.19 ( 96.95)	Acc@5 100.00 (100.00)
Epoch: [102][ 70/115]	Time  0.134 ( 0.131)	Data  0.000 ( 0.010)	Loss 3.7761e-02 (7.8478e-02)	Acc@1 100.00 ( 97.12)	Acc@5 100.00 (100.00)
Epoch: [102][ 80/115]	Time  0.124 ( 0.131)	Data  0.000 ( 0.010)	Loss 7.6785e-02 (7.7947e-02)	Acc@1  98.44 ( 97.15)	Acc@5 100.00 (100.00)
Epoch: [102][ 90/115]	Time  0.131 ( 0.131)	Data  0.000 ( 0.009)	Loss 1.5993e-02 (7.7493e-02)	Acc@1 100.00 ( 97.12)	Acc@5 100.00 (100.00)
Epoch: [102][100/115]	Time  0.123 ( 0.131)	Data  0.000 ( 0.009)	Loss 4.0467e-02 (7.4891e-02)	Acc@1  98.44 ( 97.17)	Acc@5 100.00 (100.00)
Epoch: [102][110/115]	Time  0.131 ( 0.131)	Data  0.000 ( 0.009)	Loss 8.8859e-02 (7.4390e-02)	Acc@1  96.88 ( 97.24)	Acc@5 100.00 (100.00)
Test: [ 0/50]	Time  0.259 ( 0.259)	Loss 7.6989e-02 (7.6989e-02)	Acc@1  98.44 ( 98.44)	Acc@5 100.00 (100.00)
Test: [10/50]	Time  0.037 ( 0.057)	Loss 2.6418e-02 (4.9423e-02)	Acc@1  96.88 ( 98.30)	Acc@5 100.00 (100.00)
Test: [20/50]	Time  0.039 ( 0.048)	Loss 6.3239e-03 (3.2664e-02)	Acc@1 100.00 ( 98.81)	Acc@5 100.00 (100.00)
Test: [30/50]	Time  0.038 ( 0.045)	Loss 9.8076e-03 (3.0607e-02)	Acc@1 100.00 ( 98.89)	Acc@5 100.00 (100.00)
Test: [40/50]	Time  0.037 ( 0.043)	Loss 3.1514e-02 (2.7390e-02)	Acc@1  98.44 ( 99.05)	Acc@5 100.00 (100.00)
 * Acc@1 99.175 Acc@5 100.000
Epoch: [103][  0/115]	Time  0.259 ( 0.259)	Data  0.204 ( 0.204)	Loss 1.3774e-01 (1.3774e-01)	Acc@1  93.75 ( 93.75)	Acc@5 100.00 (100.00)
Epoch: [103][ 10/115]	Time  0.133 ( 0.141)	Data  0.000 ( 0.025)	Loss 3.5847e-02 (5.4514e-02)	Acc@1  98.44 ( 98.01)	Acc@5 100.00 (100.00)
Epoch: [103][ 20/115]	Time  0.131 ( 0.135)	Data  0.000 ( 0.017)	Loss 2.8394e-02 (5.8670e-02)	Acc@1 100.00 ( 97.99)	Acc@5 100.00 (100.00)
Epoch: [103][ 30/115]	Time  0.131 ( 0.133)	Data  0.000 ( 0.014)	Loss 4.4254e-02 (6.1271e-02)	Acc@1  98.44 ( 97.73)	Acc@5 100.00 (100.00)
Epoch: [103][ 40/115]	Time  0.131 ( 0.132)	Data  0.000 ( 0.012)	Loss 1.0930e-02 (6.4003e-02)	Acc@1 100.00 ( 97.60)	Acc@5 100.00 (100.00)
Epoch: [103][ 50/115]	Time  0.129 ( 0.132)	Data  0.000 ( 0.011)	Loss 9.9704e-02 (6.3283e-02)	Acc@1  96.88 ( 97.70)	Acc@5 100.00 (100.00)
Epoch: [103][ 60/115]	Time  0.130 ( 0.131)	Data  0.000 ( 0.010)	Loss 2.4752e-02 (6.1464e-02)	Acc@1 100.00 ( 97.77)	Acc@5 100.00 (100.00)
Epoch: [103][ 70/115]	Time  0.130 ( 0.131)	Data  0.000 ( 0.010)	Loss 1.1326e-01 (6.4474e-02)	Acc@1  95.31 ( 97.60)	Acc@5 100.00 (100.00)
Epoch: [103][ 80/115]	Time  0.128 ( 0.131)	Data  0.000 ( 0.009)	Loss 6.6904e-02 (6.3127e-02)	Acc@1  96.88 ( 97.65)	Acc@5 100.00 (100.00)
Epoch: [103][ 90/115]	Time  0.127 ( 0.131)	Data  0.000 ( 0.009)	Loss 4.1088e-02 (6.4029e-02)	Acc@1  98.44 ( 97.61)	Acc@5 100.00 (100.00)
Epoch: [103][100/115]	Time  0.135 ( 0.131)	Data  0.000 ( 0.009)	Loss 2.3330e-02 (6.4022e-02)	Acc@1 100.00 ( 97.62)	Acc@5 100.00 (100.00)
Epoch: [103][110/115]	Time  0.125 ( 0.130)	Data  0.000 ( 0.009)	Loss 8.5048e-02 (6.6082e-02)	Acc@1  95.31 ( 97.56)	Acc@5 100.00 (100.00)
Test: [ 0/50]	Time  0.271 ( 0.271)	Loss 6.7092e-02 (6.7092e-02)	Acc@1  98.44 ( 98.44)	Acc@5 100.00 (100.00)
Test: [10/50]	Time  0.037 ( 0.057)	Loss 1.8866e-02 (4.3741e-02)	Acc@1 100.00 ( 98.86)	Acc@5 100.00 (100.00)
Test: [20/50]	Time  0.053 ( 0.049)	Loss 5.4927e-03 (2.8474e-02)	Acc@1 100.00 ( 99.11)	Acc@5 100.00 (100.00)
Test: [30/50]	Time  0.037 ( 0.046)	Loss 1.1521e-02 (2.7298e-02)	Acc@1 100.00 ( 99.09)	Acc@5 100.00 (100.00)
Test: [40/50]	Time  0.038 ( 0.044)	Loss 3.7546e-02 (2.5756e-02)	Acc@1  98.44 ( 99.20)	Acc@5 100.00 (100.00)
 * Acc@1 99.302 Acc@5 100.000
Epoch: [104][  0/115]	Time  0.279 ( 0.279)	Data  0.224 ( 0.224)	Loss 1.0620e-02 (1.0620e-02)	Acc@1 100.00 (100.00)	Acc@5 100.00 (100.00)
Epoch: [104][ 10/115]	Time  0.127 ( 0.141)	Data  0.000 ( 0.027)	Loss 5.0558e-02 (6.9559e-02)	Acc@1 100.00 ( 97.30)	Acc@5 100.00 (100.00)
Epoch: [104][ 20/115]	Time  0.128 ( 0.135)	Data  0.000 ( 0.017)	Loss 1.6617e-02 (6.4934e-02)	Acc@1 100.00 ( 97.54)	Acc@5 100.00 (100.00)
Epoch: [104][ 30/115]	Time  0.128 ( 0.133)	Data  0.000 ( 0.014)	Loss 1.1520e-01 (6.4362e-02)	Acc@1  95.31 ( 97.63)	Acc@5 100.00 (100.00)
Epoch: [104][ 40/115]	Time  0.126 ( 0.131)	Data  0.000 ( 0.012)	Loss 8.0778e-02 (6.3409e-02)	Acc@1  95.31 ( 97.68)	Acc@5 100.00 (100.00)
Epoch: [104][ 50/115]	Time  0.130 ( 0.131)	Data  0.000 ( 0.011)	Loss 2.4966e-02 (6.8777e-02)	Acc@1 100.00 ( 97.58)	Acc@5 100.00 (100.00)
Epoch: [104][ 60/115]	Time  0.127 ( 0.130)	Data  0.000 ( 0.011)	Loss 7.6530e-02 (7.1998e-02)	Acc@1  96.88 ( 97.34)	Acc@5 100.00 (100.00)
Epoch: [104][ 70/115]	Time  0.130 ( 0.130)	Data  0.000 ( 0.010)	Loss 2.9715e-02 (7.0439e-02)	Acc@1  98.44 ( 97.34)	Acc@5 100.00 (100.00)
Epoch: [104][ 80/115]	Time  0.132 ( 0.130)	Data  0.000 ( 0.010)	Loss 5.4686e-02 (7.5439e-02)	Acc@1  98.44 ( 97.18)	Acc@5 100.00 (100.00)
Epoch: [104][ 90/115]	Time  0.131 ( 0.130)	Data  0.000 ( 0.009)	Loss 2.5375e-02 (7.5927e-02)	Acc@1  98.44 ( 97.12)	Acc@5 100.00 (100.00)
Epoch: [104][100/115]	Time  0.128 ( 0.130)	Data  0.000 ( 0.009)	Loss 9.4125e-02 (7.4919e-02)	Acc@1  98.44 ( 97.22)	Acc@5 100.00 (100.00)
Epoch: [104][110/115]	Time  0.129 ( 0.130)	Data  0.000 ( 0.009)	Loss 1.0782e-01 (7.3941e-02)	Acc@1  95.31 ( 97.28)	Acc@5 100.00 (100.00)
Test: [ 0/50]	Time  0.264 ( 0.264)	Loss 6.7449e-02 (6.7449e-02)	Acc@1  98.44 ( 98.44)	Acc@5 100.00 (100.00)
Test: [10/50]	Time  0.038 ( 0.058)	Loss 2.0607e-02 (4.5041e-02)	Acc@1 100.00 ( 98.86)	Acc@5 100.00 (100.00)
Test: [20/50]	Time  0.041 ( 0.049)	Loss 5.9574e-03 (2.9566e-02)	Acc@1 100.00 ( 99.18)	Acc@5 100.00 (100.00)
Test: [30/50]	Time  0.037 ( 0.045)	Loss 1.1403e-02 (2.8096e-02)	Acc@1 100.00 ( 99.14)	Acc@5 100.00 (100.00)
Test: [40/50]	Time  0.038 ( 0.043)	Loss 3.9019e-02 (2.6136e-02)	Acc@1  98.44 ( 99.24)	Acc@5 100.00 (100.00)
 * Acc@1 99.334 Acc@5 100.000
Epoch: [105][  0/115]	Time  0.264 ( 0.264)	Data  0.209 ( 0.209)	Loss 6.7881e-02 (6.7881e-02)	Acc@1  96.88 ( 96.88)	Acc@5 100.00 (100.00)
Epoch: [105][ 10/115]	Time  0.126 ( 0.141)	Data  0.000 ( 0.026)	Loss 5.6409e-02 (7.8510e-02)	Acc@1  98.44 ( 96.88)	Acc@5 100.00 (100.00)
Epoch: [105][ 20/115]	Time  0.133 ( 0.136)	Data  0.000 ( 0.017)	Loss 2.1121e-02 (6.7298e-02)	Acc@1 100.00 ( 97.69)	Acc@5 100.00 (100.00)
Epoch: [105][ 30/115]	Time  0.130 ( 0.134)	Data  0.000 ( 0.014)	Loss 2.6661e-02 (6.6105e-02)	Acc@1 100.00 ( 97.63)	Acc@5 100.00 (100.00)
Epoch: [105][ 40/115]	Time  0.130 ( 0.133)	Data  0.000 ( 0.012)	Loss 7.3545e-02 (6.1362e-02)	Acc@1  98.44 ( 97.94)	Acc@5 100.00 (100.00)
Epoch: [105][ 50/115]	Time  0.128 ( 0.132)	Data  0.000 ( 0.011)	Loss 5.4463e-02 (6.2109e-02)	Acc@1  98.44 ( 97.79)	Acc@5 100.00 (100.00)
Epoch: [105][ 60/115]	Time  0.130 ( 0.131)	Data  0.000 ( 0.010)	Loss 1.1003e-01 (6.3238e-02)	Acc@1  95.31 ( 97.69)	Acc@5 100.00 (100.00)
Epoch: [105][ 70/115]	Time  0.131 ( 0.131)	Data  0.000 ( 0.010)	Loss 1.0828e-01 (6.6479e-02)	Acc@1  93.75 ( 97.54)	Acc@5 100.00 (100.00)
Epoch: [105][ 80/115]	Time  0.129 ( 0.131)	Data  0.000 ( 0.009)	Loss 4.7281e-02 (6.7249e-02)	Acc@1  98.44 ( 97.53)	Acc@5 100.00 (100.00)
Epoch: [105][ 90/115]	Time  0.128 ( 0.131)	Data  0.000 ( 0.009)	Loss 8.0202e-02 (6.7415e-02)	Acc@1  96.88 ( 97.56)	Acc@5 100.00 (100.00)
Epoch: [105][100/115]	Time  0.133 ( 0.131)	Data  0.000 ( 0.009)	Loss 8.2671e-02 (6.7847e-02)	Acc@1  96.88 ( 97.57)	Acc@5 100.00 (100.00)
Epoch: [105][110/115]	Time  0.130 ( 0.130)	Data  0.000 ( 0.009)	Loss 5.3274e-02 (6.6591e-02)	Acc@1  98.44 ( 97.62)	Acc@5 100.00 (100.00)
Test: [ 0/50]	Time  0.263 ( 0.263)	Loss 7.4197e-02 (7.4197e-02)	Acc@1  98.44 ( 98.44)	Acc@5 100.00 (100.00)
Test: [10/50]	Time  0.037 ( 0.057)	Loss 2.8213e-02 (4.9008e-02)	Acc@1  96.88 ( 98.44)	Acc@5 100.00 (100.00)
Test: [20/50]	Time  0.038 ( 0.048)	Loss 7.6620e-03 (3.2513e-02)	Acc@1 100.00 ( 98.88)	Acc@5 100.00 (100.00)
Test: [30/50]	Time  0.038 ( 0.045)	Loss 9.8499e-03 (3.0728e-02)	Acc@1 100.00 ( 98.94)	Acc@5 100.00 (100.00)
Test: [40/50]	Time  0.038 ( 0.043)	Loss 3.1564e-02 (2.7553e-02)	Acc@1  98.44 ( 99.09)	Acc@5 100.00 (100.00)
 * Acc@1 99.207 Acc@5 100.000
Epoch: [106][  0/115]	Time  0.278 ( 0.278)	Data  0.223 ( 0.223)	Loss 2.1429e-02 (2.1429e-02)	Acc@1 100.00 (100.00)	Acc@5 100.00 (100.00)
Epoch: [106][ 10/115]	Time  0.128 ( 0.142)	Data  0.000 ( 0.027)	Loss 1.3136e-01 (7.5209e-02)	Acc@1  95.31 ( 97.30)	Acc@5 100.00 (100.00)
Epoch: [106][ 20/115]	Time  0.126 ( 0.135)	Data  0.000 ( 0.017)	Loss 2.7862e-02 (7.7484e-02)	Acc@1  98.44 ( 97.40)	Acc@5 100.00 (100.00)
Epoch: [106][ 30/115]	Time  0.130 ( 0.133)	Data  0.000 ( 0.014)	Loss 6.2959e-02 (6.9950e-02)	Acc@1  96.88 ( 97.48)	Acc@5 100.00 (100.00)
Epoch: [106][ 40/115]	Time  0.131 ( 0.132)	Data  0.000 ( 0.012)	Loss 9.0245e-02 (7.2277e-02)	Acc@1  96.88 ( 97.41)	Acc@5 100.00 (100.00)
Epoch: [106][ 50/115]	Time  0.131 ( 0.132)	Data  0.000 ( 0.011)	Loss 2.5561e-02 (6.9525e-02)	Acc@1 100.00 ( 97.61)	Acc@5 100.00 (100.00)
Epoch: [106][ 60/115]	Time  0.127 ( 0.131)	Data  0.000 ( 0.011)	Loss 8.0030e-02 (6.9669e-02)	Acc@1  96.88 ( 97.59)	Acc@5 100.00 (100.00)
Epoch: [106][ 70/115]	Time  0.134 ( 0.131)	Data  0.000 ( 0.010)	Loss 1.6033e-01 (7.2026e-02)	Acc@1  93.75 ( 97.49)	Acc@5 100.00 (100.00)
Epoch: [106][ 80/115]	Time  0.127 ( 0.131)	Data  0.000 ( 0.010)	Loss 1.8380e-02 (7.2614e-02)	Acc@1 100.00 ( 97.42)	Acc@5 100.00 (100.00)
Epoch: [106][ 90/115]	Time  0.130 ( 0.131)	Data  0.000 ( 0.009)	Loss 2.2719e-02 (7.3397e-02)	Acc@1 100.00 ( 97.27)	Acc@5 100.00 (100.00)
Epoch: [106][100/115]	Time  0.128 ( 0.131)	Data  0.000 ( 0.009)	Loss 7.8101e-02 (7.5098e-02)	Acc@1  96.88 ( 97.22)	Acc@5 100.00 (100.00)
Epoch: [106][110/115]	Time  0.132 ( 0.130)	Data  0.000 ( 0.009)	Loss 2.8912e-02 (7.4940e-02)	Acc@1 100.00 ( 97.21)	Acc@5 100.00 (100.00)
Test: [ 0/50]	Time  0.258 ( 0.258)	Loss 6.5088e-02 (6.5088e-02)	Acc@1  98.44 ( 98.44)	Acc@5 100.00 (100.00)
Test: [10/50]	Time  0.037 ( 0.057)	Loss 1.6151e-02 (4.0473e-02)	Acc@1 100.00 ( 98.86)	Acc@5 100.00 (100.00)
Test: [20/50]	Time  0.038 ( 0.048)	Loss 4.2446e-03 (2.5943e-02)	Acc@1 100.00 ( 99.26)	Acc@5 100.00 (100.00)
Test: [30/50]	Time  0.038 ( 0.045)	Loss 1.3468e-02 (2.5290e-02)	Acc@1 100.00 ( 99.19)	Acc@5 100.00 (100.00)
Test: [40/50]	Time  0.038 ( 0.043)	Loss 4.2334e-02 (2.5009e-02)	Acc@1  98.44 ( 99.24)	Acc@5 100.00 (100.00)
 * Acc@1 99.302 Acc@5 100.000
Epoch: [107][  0/115]	Time  0.274 ( 0.274)	Data  0.212 ( 0.212)	Loss 5.2572e-02 (5.2572e-02)	Acc@1  96.88 ( 96.88)	Acc@5 100.00 (100.00)
Epoch: [107][ 10/115]	Time  0.129 ( 0.142)	Data  0.000 ( 0.025)	Loss 9.9966e-02 (9.5028e-02)	Acc@1  96.88 ( 96.73)	Acc@5 100.00 (100.00)
Epoch: [107][ 20/115]	Time  0.130 ( 0.136)	Data  0.000 ( 0.017)	Loss 5.4300e-02 (7.6514e-02)	Acc@1  98.44 ( 97.32)	Acc@5 100.00 (100.00)
Epoch: [107][ 30/115]	Time  0.128 ( 0.134)	Data  0.000 ( 0.014)	Loss 4.3408e-02 (7.3934e-02)	Acc@1  98.44 ( 97.33)	Acc@5 100.00 (100.00)
Epoch: [107][ 40/115]	Time  0.135 ( 0.133)	Data  0.000 ( 0.012)	Loss 3.1626e-02 (7.3142e-02)	Acc@1 100.00 ( 97.29)	Acc@5 100.00 (100.00)
Epoch: [107][ 50/115]	Time  0.127 ( 0.132)	Data  0.000 ( 0.011)	Loss 1.7160e-02 (7.2868e-02)	Acc@1 100.00 ( 97.27)	Acc@5 100.00 (100.00)
Epoch: [107][ 60/115]	Time  0.128 ( 0.132)	Data  0.000 ( 0.010)	Loss 3.1849e-02 (7.2989e-02)	Acc@1  98.44 ( 97.18)	Acc@5 100.00 (100.00)
Epoch: [107][ 70/115]	Time  0.125 ( 0.131)	Data  0.000 ( 0.010)	Loss 3.4217e-02 (7.2898e-02)	Acc@1 100.00 ( 97.23)	Acc@5 100.00 (100.00)
Epoch: [107][ 80/115]	Time  0.130 ( 0.131)	Data  0.000 ( 0.010)	Loss 4.3253e-02 (7.5497e-02)	Acc@1  98.44 ( 97.18)	Acc@5 100.00 (100.00)
Epoch: [107][ 90/115]	Time  0.128 ( 0.131)	Data  0.000 ( 0.009)	Loss 8.7084e-02 (7.5854e-02)	Acc@1  96.88 ( 97.12)	Acc@5 100.00 (100.00)
Epoch: [107][100/115]	Time  0.129 ( 0.131)	Data  0.000 ( 0.009)	Loss 1.0336e-01 (7.5467e-02)	Acc@1  98.44 ( 97.12)	Acc@5 100.00 (100.00)
Epoch: [107][110/115]	Time  0.128 ( 0.131)	Data  0.000 ( 0.009)	Loss 1.4914e-02 (7.4270e-02)	Acc@1 100.00 ( 97.18)	Acc@5 100.00 (100.00)
Test: [ 0/50]	Time  0.261 ( 0.261)	Loss 7.1996e-02 (7.1996e-02)	Acc@1  98.44 ( 98.44)	Acc@5 100.00 (100.00)
Test: [10/50]	Time  0.037 ( 0.057)	Loss 2.2029e-02 (4.3537e-02)	Acc@1  98.44 ( 98.72)	Acc@5 100.00 (100.00)
Test: [20/50]	Time  0.038 ( 0.048)	Loss 4.8564e-03 (2.8292e-02)	Acc@1 100.00 ( 99.18)	Acc@5 100.00 (100.00)
Test: [30/50]	Time  0.038 ( 0.045)	Loss 1.1742e-02 (2.7118e-02)	Acc@1 100.00 ( 99.14)	Acc@5 100.00 (100.00)
Test: [40/50]	Time  0.038 ( 0.043)	Loss 3.9188e-02 (2.5840e-02)	Acc@1  98.44 ( 99.24)	Acc@5 100.00 (100.00)
 * Acc@1 99.302 Acc@5 100.000
Epoch: [108][  0/115]	Time  0.265 ( 0.265)	Data  0.203 ( 0.203)	Loss 5.4572e-02 (5.4572e-02)	Acc@1  96.88 ( 96.88)	Acc@5 100.00 (100.00)
Epoch: [108][ 10/115]	Time  0.130 ( 0.142)	Data  0.000 ( 0.024)	Loss 7.3063e-02 (7.7999e-02)	Acc@1  95.31 ( 96.59)	Acc@5 100.00 (100.00)
Epoch: [108][ 20/115]	Time  0.129 ( 0.136)	Data  0.000 ( 0.016)	Loss 3.2919e-02 (6.8324e-02)	Acc@1  98.44 ( 97.02)	Acc@5 100.00 (100.00)
Epoch: [108][ 30/115]	Time  0.131 ( 0.134)	Data  0.000 ( 0.013)	Loss 8.0569e-02 (7.1105e-02)	Acc@1  96.88 ( 97.18)	Acc@5 100.00 (100.00)
Epoch: [108][ 40/115]	Time  0.125 ( 0.133)	Data  0.000 ( 0.012)	Loss 2.7984e-02 (6.8611e-02)	Acc@1 100.00 ( 97.29)	Acc@5 100.00 (100.00)
Epoch: [108][ 50/115]	Time  0.129 ( 0.132)	Data  0.000 ( 0.011)	Loss 1.1936e-01 (6.8709e-02)	Acc@1  95.31 ( 97.27)	Acc@5 100.00 (100.00)
Epoch: [108][ 60/115]	Time  0.130 ( 0.132)	Data  0.000 ( 0.010)	Loss 8.8962e-02 (7.2502e-02)	Acc@1  98.44 ( 97.21)	Acc@5 100.00 (100.00)
Epoch: [108][ 70/115]	Time  0.128 ( 0.131)	Data  0.000 ( 0.010)	Loss 3.5447e-02 (7.1307e-02)	Acc@1  98.44 ( 97.36)	Acc@5 100.00 (100.00)
Epoch: [108][ 80/115]	Time  0.125 ( 0.131)	Data  0.000 ( 0.009)	Loss 2.8725e-02 (6.9684e-02)	Acc@1  98.44 ( 97.40)	Acc@5 100.00 (100.00)
Epoch: [108][ 90/115]	Time  0.137 ( 0.131)	Data  0.000 ( 0.009)	Loss 2.8523e-02 (6.8569e-02)	Acc@1 100.00 ( 97.42)	Acc@5 100.00 (100.00)
Epoch: [108][100/115]	Time  0.128 ( 0.130)	Data  0.000 ( 0.009)	Loss 2.4645e-02 (6.8004e-02)	Acc@1 100.00 ( 97.48)	Acc@5 100.00 (100.00)
Epoch: [108][110/115]	Time  0.129 ( 0.130)	Data  0.000 ( 0.009)	Loss 9.5165e-02 (7.0195e-02)	Acc@1  96.88 ( 97.38)	Acc@5 100.00 (100.00)
Test: [ 0/50]	Time  0.261 ( 0.261)	Loss 5.7705e-02 (5.7705e-02)	Acc@1  98.44 ( 98.44)	Acc@5 100.00 (100.00)
Test: [10/50]	Time  0.038 ( 0.057)	Loss 1.2269e-02 (3.5519e-02)	Acc@1 100.00 ( 99.01)	Acc@5 100.00 (100.00)
Test: [20/50]	Time  0.038 ( 0.048)	Loss 3.7260e-03 (2.2422e-02)	Acc@1 100.00 ( 99.40)	Acc@5 100.00 (100.00)
Test: [30/50]	Time  0.038 ( 0.045)	Loss 1.5416e-02 (2.2673e-02)	Acc@1 100.00 ( 99.29)	Acc@5 100.00 (100.00)
Test: [40/50]	Time  0.038 ( 0.043)	Loss 4.9817e-02 (2.4691e-02)	Acc@1  98.44 ( 99.24)	Acc@5 100.00 (100.00)
 * Acc@1 99.302 Acc@5 100.000
Epoch: [109][  0/115]	Time  0.278 ( 0.278)	Data  0.223 ( 0.223)	Loss 1.3058e-02 (1.3058e-02)	Acc@1 100.00 (100.00)	Acc@5 100.00 (100.00)
Epoch: [109][ 10/115]	Time  0.131 ( 0.143)	Data  0.000 ( 0.027)	Loss 8.3034e-02 (9.3417e-02)	Acc@1  95.31 ( 96.45)	Acc@5 100.00 (100.00)
Epoch: [109][ 20/115]	Time  0.125 ( 0.136)	Data  0.000 ( 0.017)	Loss 1.0126e-01 (9.5388e-02)	Acc@1  96.88 ( 96.06)	Acc@5 100.00 (100.00)
Epoch: [109][ 30/115]	Time  0.129 ( 0.134)	Data  0.000 ( 0.014)	Loss 4.2380e-02 (7.9598e-02)	Acc@1  98.44 ( 96.67)	Acc@5 100.00 (100.00)
Epoch: [109][ 40/115]	Time  0.131 ( 0.133)	Data  0.000 ( 0.012)	Loss 7.8082e-02 (8.0781e-02)	Acc@1  96.88 ( 96.68)	Acc@5 100.00 (100.00)
Epoch: [109][ 50/115]	Time  0.127 ( 0.132)	Data  0.000 ( 0.011)	Loss 2.0908e-01 (7.6295e-02)	Acc@1  92.19 ( 96.97)	Acc@5 100.00 (100.00)
Epoch: [109][ 60/115]	Time  0.133 ( 0.132)	Data  0.000 ( 0.011)	Loss 6.4634e-02 (7.9282e-02)	Acc@1  96.88 ( 96.93)	Acc@5 100.00 (100.00)
Epoch: [109][ 70/115]	Time  0.131 ( 0.132)	Data  0.000 ( 0.010)	Loss 1.3532e-01 (7.8932e-02)	Acc@1  95.31 ( 96.85)	Acc@5 100.00 (100.00)
Epoch: [109][ 80/115]	Time  0.128 ( 0.131)	Data  0.000 ( 0.010)	Loss 1.0513e-01 (8.0343e-02)	Acc@1  95.31 ( 96.86)	Acc@5 100.00 (100.00)
Epoch: [109][ 90/115]	Time  0.124 ( 0.131)	Data  0.000 ( 0.010)	Loss 8.1511e-02 (7.9495e-02)	Acc@1  98.44 ( 96.93)	Acc@5 100.00 (100.00)
Epoch: [109][100/115]	Time  0.130 ( 0.131)	Data  0.000 ( 0.009)	Loss 4.8493e-02 (8.0452e-02)	Acc@1  98.44 ( 96.95)	Acc@5 100.00 (100.00)
Epoch: [109][110/115]	Time  0.129 ( 0.131)	Data  0.000 ( 0.009)	Loss 7.3826e-02 (7.8212e-02)	Acc@1  98.44 ( 97.09)	Acc@5 100.00 (100.00)
Test: [ 0/50]	Time  0.270 ( 0.270)	Loss 7.4831e-02 (7.4831e-02)	Acc@1  98.44 ( 98.44)	Acc@5 100.00 (100.00)
Test: [10/50]	Time  0.037 ( 0.058)	Loss 2.4112e-02 (4.6539e-02)	Acc@1  96.88 ( 98.44)	Acc@5 100.00 (100.00)
Test: [20/50]	Time  0.041 ( 0.049)	Loss 6.0203e-03 (3.0683e-02)	Acc@1 100.00 ( 98.88)	Acc@5 100.00 (100.00)
Test: [30/50]	Time  0.038 ( 0.045)	Loss 1.0099e-02 (2.8985e-02)	Acc@1 100.00 ( 98.94)	Acc@5 100.00 (100.00)
Test: [40/50]	Time  0.038 ( 0.043)	Loss 3.5168e-02 (2.6689e-02)	Acc@1  98.44 ( 99.09)	Acc@5 100.00 (100.00)
 * Acc@1 99.207 Acc@5 100.000
Epoch: [110][  0/115]	Time  0.265 ( 0.265)	Data  0.202 ( 0.202)	Loss 2.6520e-02 (2.6520e-02)	Acc@1 100.00 (100.00)	Acc@5 100.00 (100.00)
Epoch: [110][ 10/115]	Time  0.129 ( 0.141)	Data  0.000 ( 0.024)	Loss 6.2989e-02 (8.5962e-02)	Acc@1  98.44 ( 97.73)	Acc@5 100.00 (100.00)
Epoch: [110][ 20/115]	Time  0.126 ( 0.135)	Data  0.000 ( 0.016)	Loss 6.0650e-02 (6.8057e-02)	Acc@1  98.44 ( 98.07)	Acc@5 100.00 (100.00)
Epoch: [110][ 30/115]	Time  0.131 ( 0.134)	Data  0.000 ( 0.013)	Loss 6.5242e-02 (6.7515e-02)	Acc@1  96.88 ( 97.88)	Acc@5 100.00 (100.00)
Epoch: [110][ 40/115]	Time  0.134 ( 0.133)	Data  0.000 ( 0.012)	Loss 9.3664e-02 (7.4147e-02)	Acc@1  98.44 ( 97.56)	Acc@5 100.00 (100.00)
Epoch: [110][ 50/115]	Time  0.133 ( 0.132)	Data  0.000 ( 0.011)	Loss 2.4301e-02 (7.5468e-02)	Acc@1 100.00 ( 97.61)	Acc@5 100.00 (100.00)
Epoch: [110][ 60/115]	Time  0.124 ( 0.132)	Data  0.000 ( 0.010)	Loss 7.8335e-02 (7.6381e-02)	Acc@1  96.88 ( 97.49)	Acc@5 100.00 (100.00)
Epoch: [110][ 70/115]	Time  0.139 ( 0.131)	Data  0.000 ( 0.010)	Loss 2.5791e-02 (7.4434e-02)	Acc@1 100.00 ( 97.56)	Acc@5 100.00 (100.00)
Epoch: [110][ 80/115]	Time  0.131 ( 0.131)	Data  0.000 ( 0.009)	Loss 1.5155e-01 (7.5511e-02)	Acc@1  95.31 ( 97.49)	Acc@5 100.00 (100.00)
Epoch: [110][ 90/115]	Time  0.129 ( 0.131)	Data  0.000 ( 0.009)	Loss 2.6075e-02 (7.4414e-02)	Acc@1 100.00 ( 97.53)	Acc@5 100.00 (100.00)
Epoch: [110][100/115]	Time  0.134 ( 0.131)	Data  0.000 ( 0.009)	Loss 7.8498e-02 (7.4449e-02)	Acc@1  96.88 ( 97.51)	Acc@5 100.00 (100.00)
Epoch: [110][110/115]	Time  0.129 ( 0.131)	Data  0.000 ( 0.009)	Loss 1.5450e-01 (7.5006e-02)	Acc@1  95.31 ( 97.51)	Acc@5 100.00 (100.00)
Test: [ 0/50]	Time  0.270 ( 0.270)	Loss 6.6568e-02 (6.6568e-02)	Acc@1  98.44 ( 98.44)	Acc@5 100.00 (100.00)
Test: [10/50]	Time  0.037 ( 0.058)	Loss 1.9433e-02 (4.3960e-02)	Acc@1 100.00 ( 98.86)	Acc@5 100.00 (100.00)
Test: [20/50]	Time  0.038 ( 0.048)	Loss 5.1671e-03 (2.8584e-02)	Acc@1 100.00 ( 99.11)	Acc@5 100.00 (100.00)
Test: [30/50]	Time  0.038 ( 0.045)	Loss 1.1242e-02 (2.7383e-02)	Acc@1 100.00 ( 99.09)	Acc@5 100.00 (100.00)
Test: [40/50]	Time  0.038 ( 0.043)	Loss 3.7461e-02 (2.5840e-02)	Acc@1  98.44 ( 99.20)	Acc@5 100.00 (100.00)
 * Acc@1 99.302 Acc@5 100.000
Epoch: [111][  0/115]	Time  0.284 ( 0.284)	Data  0.222 ( 0.222)	Loss 9.6095e-02 (9.6095e-02)	Acc@1  96.88 ( 96.88)	Acc@5 100.00 (100.00)
Epoch: [111][ 10/115]	Time  0.123 ( 0.142)	Data  0.000 ( 0.026)	Loss 4.1266e-02 (7.8306e-02)	Acc@1  98.44 ( 97.02)	Acc@5 100.00 (100.00)
Epoch: [111][ 20/115]	Time  0.129 ( 0.136)	Data  0.000 ( 0.017)	Loss 1.2732e-01 (6.7738e-02)	Acc@1  95.31 ( 97.54)	Acc@5 100.00 (100.00)
Epoch: [111][ 30/115]	Time  0.129 ( 0.133)	Data  0.000 ( 0.014)	Loss 7.6746e-02 (7.9269e-02)	Acc@1  96.88 ( 97.18)	Acc@5 100.00 (100.00)
Epoch: [111][ 40/115]	Time  0.128 ( 0.132)	Data  0.000 ( 0.012)	Loss 6.4452e-02 (7.6432e-02)	Acc@1  95.31 ( 97.22)	Acc@5 100.00 (100.00)
Epoch: [111][ 50/115]	Time  0.124 ( 0.132)	Data  0.000 ( 0.011)	Loss 6.0733e-02 (7.6665e-02)	Acc@1  98.44 ( 97.18)	Acc@5 100.00 (100.00)
Epoch: [111][ 60/115]	Time  0.130 ( 0.131)	Data  0.000 ( 0.010)	Loss 1.8929e-01 (7.7822e-02)	Acc@1  95.31 ( 97.13)	Acc@5 100.00 (100.00)
Epoch: [111][ 70/115]	Time  0.129 ( 0.131)	Data  0.000 ( 0.010)	Loss 1.2458e-02 (7.7788e-02)	Acc@1 100.00 ( 97.14)	Acc@5 100.00 (100.00)
Epoch: [111][ 80/115]	Time  0.133 ( 0.130)	Data  0.000 ( 0.010)	Loss 1.1180e-01 (7.8024e-02)	Acc@1  96.88 ( 97.15)	Acc@5 100.00 (100.00)
Epoch: [111][ 90/115]	Time  0.129 ( 0.130)	Data  0.000 ( 0.009)	Loss 8.5887e-02 (8.0032e-02)	Acc@1  96.88 ( 97.15)	Acc@5 100.00 (100.00)
Epoch: [111][100/115]	Time  0.129 ( 0.130)	Data  0.000 ( 0.009)	Loss 1.0466e-01 (7.8545e-02)	Acc@1  95.31 ( 97.17)	Acc@5 100.00 (100.00)
Epoch: [111][110/115]	Time  0.126 ( 0.130)	Data  0.000 ( 0.009)	Loss 5.5753e-02 (7.8568e-02)	Acc@1  96.88 ( 97.14)	Acc@5 100.00 (100.00)
Test: [ 0/50]	Time  0.271 ( 0.271)	Loss 6.3272e-02 (6.3272e-02)	Acc@1  98.44 ( 98.44)	Acc@5 100.00 (100.00)
Test: [10/50]	Time  0.038 ( 0.058)	Loss 1.9866e-02 (4.1728e-02)	Acc@1 100.00 ( 98.86)	Acc@5 100.00 (100.00)
Test: [20/50]	Time  0.038 ( 0.048)	Loss 5.5282e-03 (2.6963e-02)	Acc@1 100.00 ( 99.18)	Acc@5 100.00 (100.00)
Test: [30/50]	Time  0.037 ( 0.045)	Loss 1.2351e-02 (2.6230e-02)	Acc@1 100.00 ( 99.14)	Acc@5 100.00 (100.00)
Test: [40/50]	Time  0.038 ( 0.044)	Loss 4.0559e-02 (2.5449e-02)	Acc@1  98.44 ( 99.20)	Acc@5 100.00 (100.00)
 * Acc@1 99.302 Acc@5 100.000
Epoch: [112][  0/115]	Time  0.269 ( 0.269)	Data  0.212 ( 0.212)	Loss 2.0739e-01 (2.0739e-01)	Acc@1  93.75 ( 93.75)	Acc@5 100.00 (100.00)
Epoch: [112][ 10/115]	Time  0.133 ( 0.141)	Data  0.000 ( 0.026)	Loss 1.7143e-02 (8.9844e-02)	Acc@1 100.00 ( 96.59)	Acc@5 100.00 (100.00)
Epoch: [112][ 20/115]	Time  0.131 ( 0.136)	Data  0.000 ( 0.017)	Loss 5.5956e-02 (7.4716e-02)	Acc@1  98.44 ( 97.02)	Acc@5 100.00 (100.00)
Epoch: [112][ 30/115]	Time  0.136 ( 0.134)	Data  0.000 ( 0.014)	Loss 1.4311e-01 (7.5585e-02)	Acc@1  95.31 ( 97.08)	Acc@5 100.00 (100.00)
Epoch: [112][ 40/115]	Time  0.133 ( 0.132)	Data  0.000 ( 0.012)	Loss 2.0985e-02 (7.2734e-02)	Acc@1 100.00 ( 97.37)	Acc@5 100.00 (100.00)
Epoch: [112][ 50/115]	Time  0.125 ( 0.132)	Data  0.000 ( 0.011)	Loss 2.0484e-01 (7.4419e-02)	Acc@1  89.06 ( 97.15)	Acc@5 100.00 (100.00)
Epoch: [112][ 60/115]	Time  0.131 ( 0.131)	Data  0.000 ( 0.010)	Loss 4.4560e-02 (7.2992e-02)	Acc@1  98.44 ( 97.26)	Acc@5 100.00 (100.00)
Epoch: [112][ 70/115]	Time  0.130 ( 0.131)	Data  0.000 ( 0.010)	Loss 1.7597e-01 (7.4460e-02)	Acc@1  93.75 ( 97.27)	Acc@5 100.00 (100.00)
Epoch: [112][ 80/115]	Time  0.129 ( 0.131)	Data  0.000 ( 0.009)	Loss 9.7118e-02 (7.4527e-02)	Acc@1  96.88 ( 97.18)	Acc@5 100.00 (100.00)
Epoch: [112][ 90/115]	Time  0.130 ( 0.130)	Data  0.000 ( 0.009)	Loss 4.4940e-02 (7.1480e-02)	Acc@1  98.44 ( 97.30)	Acc@5 100.00 (100.00)
Epoch: [112][100/115]	Time  0.128 ( 0.130)	Data  0.000 ( 0.009)	Loss 3.7310e-02 (7.0791e-02)	Acc@1  98.44 ( 97.42)	Acc@5 100.00 (100.00)
Epoch: [112][110/115]	Time  0.127 ( 0.130)	Data  0.000 ( 0.009)	Loss 1.0630e-01 (7.1334e-02)	Acc@1  96.88 ( 97.42)	Acc@5 100.00 (100.00)
Test: [ 0/50]	Time  0.258 ( 0.258)	Loss 7.2010e-02 (7.2010e-02)	Acc@1  98.44 ( 98.44)	Acc@5 100.00 (100.00)
Test: [10/50]	Time  0.037 ( 0.057)	Loss 2.6654e-02 (5.0618e-02)	Acc@1  96.88 ( 98.44)	Acc@5 100.00 (100.00)
Test: [20/50]	Time  0.038 ( 0.048)	Loss 7.7541e-03 (3.3730e-02)	Acc@1 100.00 ( 98.88)	Acc@5 100.00 (100.00)
Test: [30/50]	Time  0.038 ( 0.045)	Loss 9.3349e-03 (3.1519e-02)	Acc@1 100.00 ( 98.94)	Acc@5 100.00 (100.00)
Test: [40/50]	Time  0.038 ( 0.043)	Loss 3.0780e-02 (2.7776e-02)	Acc@1  98.44 ( 99.09)	Acc@5 100.00 (100.00)
 * Acc@1 99.207 Acc@5 100.000
Epoch: [113][  0/115]	Time  0.272 ( 0.272)	Data  0.217 ( 0.217)	Loss 1.8438e-02 (1.8438e-02)	Acc@1 100.00 (100.00)	Acc@5 100.00 (100.00)
Epoch: [113][ 10/115]	Time  0.131 ( 0.142)	Data  0.000 ( 0.027)	Loss 3.9201e-02 (6.5693e-02)	Acc@1  98.44 ( 97.30)	Acc@5 100.00 (100.00)
Epoch: [113][ 20/115]	Time  0.132 ( 0.136)	Data  0.000 ( 0.017)	Loss 4.0079e-02 (7.0147e-02)	Acc@1  98.44 ( 97.25)	Acc@5 100.00 (100.00)
Epoch: [113][ 30/115]	Time  0.128 ( 0.134)	Data  0.000 ( 0.014)	Loss 5.5904e-02 (6.3664e-02)	Acc@1  98.44 ( 97.68)	Acc@5 100.00 (100.00)
Epoch: [113][ 40/115]	Time  0.131 ( 0.132)	Data  0.000 ( 0.012)	Loss 4.7662e-02 (6.2133e-02)	Acc@1  98.44 ( 97.68)	Acc@5 100.00 (100.00)
Epoch: [113][ 50/115]	Time  0.126 ( 0.132)	Data  0.000 ( 0.011)	Loss 1.0030e-01 (6.7750e-02)	Acc@1  96.88 ( 97.37)	Acc@5 100.00 (100.00)
Epoch: [113][ 60/115]	Time  0.130 ( 0.131)	Data  0.000 ( 0.011)	Loss 1.4615e-01 (6.9962e-02)	Acc@1  95.31 ( 97.21)	Acc@5 100.00 (100.00)
Epoch: [113][ 70/115]	Time  0.132 ( 0.131)	Data  0.000 ( 0.010)	Loss 1.0116e-01 (6.9510e-02)	Acc@1  95.31 ( 97.27)	Acc@5 100.00 (100.00)
Epoch: [113][ 80/115]	Time  0.128 ( 0.131)	Data  0.000 ( 0.010)	Loss 5.9285e-02 (7.4090e-02)	Acc@1  98.44 ( 97.09)	Acc@5 100.00 (100.00)
Epoch: [113][ 90/115]	Time  0.122 ( 0.131)	Data  0.000 ( 0.009)	Loss 6.9113e-02 (7.3356e-02)	Acc@1  96.88 ( 97.13)	Acc@5 100.00 (100.00)
Epoch: [113][100/115]	Time  0.138 ( 0.131)	Data  0.000 ( 0.009)	Loss 7.4668e-02 (7.3415e-02)	Acc@1  95.31 ( 97.22)	Acc@5 100.00 (100.00)
Epoch: [113][110/115]	Time  0.132 ( 0.130)	Data  0.000 ( 0.009)	Loss 1.0051e-01 (7.2899e-02)	Acc@1  96.88 ( 97.21)	Acc@5 100.00 (100.00)
Test: [ 0/50]	Time  0.274 ( 0.274)	Loss 6.4182e-02 (6.4182e-02)	Acc@1  98.44 ( 98.44)	Acc@5 100.00 (100.00)
Test: [10/50]	Time  0.037 ( 0.058)	Loss 1.9424e-02 (4.1184e-02)	Acc@1 100.00 ( 98.86)	Acc@5 100.00 (100.00)
Test: [20/50]	Time  0.038 ( 0.049)	Loss 5.3077e-03 (2.6661e-02)	Acc@1 100.00 ( 99.18)	Acc@5 100.00 (100.00)
Test: [30/50]	Time  0.038 ( 0.045)	Loss 1.2712e-02 (2.5959e-02)	Acc@1 100.00 ( 99.14)	Acc@5 100.00 (100.00)
Test: [40/50]	Time  0.038 ( 0.044)	Loss 4.0236e-02 (2.5360e-02)	Acc@1  98.44 ( 99.20)	Acc@5 100.00 (100.00)
 * Acc@1 99.302 Acc@5 100.000
Epoch: [114][  0/115]	Time  0.273 ( 0.273)	Data  0.218 ( 0.218)	Loss 1.7001e-01 (1.7001e-01)	Acc@1  92.19 ( 92.19)	Acc@5 100.00 (100.00)
Epoch: [114][ 10/115]	Time  0.131 ( 0.142)	Data  0.000 ( 0.026)	Loss 3.6037e-02 (7.1430e-02)	Acc@1  98.44 ( 97.02)	Acc@5 100.00 (100.00)
Epoch: [114][ 20/115]	Time  0.127 ( 0.136)	Data  0.000 ( 0.017)	Loss 4.7497e-02 (6.8908e-02)	Acc@1  98.44 ( 97.25)	Acc@5 100.00 (100.00)
Epoch: [114][ 30/115]	Time  0.131 ( 0.134)	Data  0.000 ( 0.014)	Loss 2.9943e-02 (6.6376e-02)	Acc@1 100.00 ( 97.53)	Acc@5 100.00 (100.00)
Epoch: [114][ 40/115]	Time  0.130 ( 0.133)	Data  0.000 ( 0.012)	Loss 7.2819e-02 (7.1652e-02)	Acc@1  96.88 ( 97.37)	Acc@5 100.00 (100.00)
Epoch: [114][ 50/115]	Time  0.129 ( 0.132)	Data  0.000 ( 0.011)	Loss 5.2963e-02 (7.3775e-02)	Acc@1  98.44 ( 97.37)	Acc@5 100.00 (100.00)
Epoch: [114][ 60/115]	Time  0.128 ( 0.132)	Data  0.000 ( 0.011)	Loss 4.1373e-02 (7.2755e-02)	Acc@1  98.44 ( 97.31)	Acc@5 100.00 (100.00)
Epoch: [114][ 70/115]	Time  0.132 ( 0.131)	Data  0.000 ( 0.010)	Loss 4.2370e-02 (7.4732e-02)	Acc@1  98.44 ( 97.27)	Acc@5 100.00 (100.00)
Epoch: [114][ 80/115]	Time  0.131 ( 0.131)	Data  0.000 ( 0.010)	Loss 4.6492e-02 (7.2616e-02)	Acc@1  96.88 ( 97.36)	Acc@5 100.00 (100.00)
Epoch: [114][ 90/115]	Time  0.127 ( 0.131)	Data  0.000 ( 0.009)	Loss 1.6134e-01 (7.2247e-02)	Acc@1  93.75 ( 97.39)	Acc@5 100.00 (100.00)
Epoch: [114][100/115]	Time  0.128 ( 0.131)	Data  0.000 ( 0.009)	Loss 5.8476e-02 (7.2847e-02)	Acc@1  98.44 ( 97.37)	Acc@5 100.00 (100.00)
Epoch: [114][110/115]	Time  0.132 ( 0.131)	Data  0.000 ( 0.009)	Loss 1.7758e-01 (7.4310e-02)	Acc@1  95.31 ( 97.34)	Acc@5 100.00 (100.00)
Test: [ 0/50]	Time  0.260 ( 0.260)	Loss 7.2886e-02 (7.2886e-02)	Acc@1  98.44 ( 98.44)	Acc@5 100.00 (100.00)
Test: [10/50]	Time  0.038 ( 0.057)	Loss 2.3906e-02 (4.6007e-02)	Acc@1  98.44 ( 98.72)	Acc@5 100.00 (100.00)
Test: [20/50]	Time  0.038 ( 0.048)	Loss 5.5102e-03 (3.0172e-02)	Acc@1 100.00 ( 99.03)	Acc@5 100.00 (100.00)
Test: [30/50]	Time  0.038 ( 0.045)	Loss 1.1511e-02 (2.8777e-02)	Acc@1 100.00 ( 99.04)	Acc@5 100.00 (100.00)
Test: [40/50]	Time  0.038 ( 0.043)	Loss 3.5845e-02 (2.6559e-02)	Acc@1  98.44 ( 99.16)	Acc@5 100.00 (100.00)
 * Acc@1 99.271 Acc@5 100.000
Epoch: [115][  0/115]	Time  0.270 ( 0.270)	Data  0.215 ( 0.215)	Loss 8.7189e-02 (8.7189e-02)	Acc@1  95.31 ( 95.31)	Acc@5 100.00 (100.00)
Epoch: [115][ 10/115]	Time  0.131 ( 0.142)	Data  0.000 ( 0.026)	Loss 9.4443e-02 (8.9961e-02)	Acc@1  96.88 ( 96.59)	Acc@5 100.00 (100.00)
Epoch: [115][ 20/115]	Time  0.130 ( 0.136)	Data  0.000 ( 0.017)	Loss 2.0936e-02 (8.5868e-02)	Acc@1 100.00 ( 96.73)	Acc@5 100.00 (100.00)
Epoch: [115][ 30/115]	Time  0.127 ( 0.134)	Data  0.000 ( 0.014)	Loss 3.8654e-02 (7.5224e-02)	Acc@1  98.44 ( 97.03)	Acc@5 100.00 (100.00)
Epoch: [115][ 40/115]	Time  0.132 ( 0.133)	Data  0.000 ( 0.012)	Loss 3.0660e-02 (7.3887e-02)	Acc@1 100.00 ( 97.10)	Acc@5 100.00 (100.00)
Epoch: [115][ 50/115]	Time  0.128 ( 0.132)	Data  0.000 ( 0.011)	Loss 4.5151e-02 (7.6571e-02)	Acc@1  98.44 ( 97.00)	Acc@5 100.00 (100.00)
Epoch: [115][ 60/115]	Time  0.131 ( 0.132)	Data  0.000 ( 0.011)	Loss 4.0150e-02 (7.2540e-02)	Acc@1  98.44 ( 97.23)	Acc@5 100.00 (100.00)
Epoch: [115][ 70/115]	Time  0.127 ( 0.131)	Data  0.000 ( 0.010)	Loss 2.3679e-02 (7.3746e-02)	Acc@1 100.00 ( 97.21)	Acc@5 100.00 (100.00)
Epoch: [115][ 80/115]	Time  0.130 ( 0.131)	Data  0.000 ( 0.010)	Loss 5.4237e-02 (7.9311e-02)	Acc@1  98.44 ( 97.13)	Acc@5 100.00 (100.00)
Epoch: [115][ 90/115]	Time  0.129 ( 0.131)	Data  0.000 ( 0.009)	Loss 5.6023e-02 (7.9688e-02)	Acc@1  98.44 ( 97.05)	Acc@5 100.00 (100.00)
Epoch: [115][100/115]	Time  0.130 ( 0.131)	Data  0.000 ( 0.009)	Loss 3.3989e-02 (8.0159e-02)	Acc@1 100.00 ( 97.08)	Acc@5 100.00 (100.00)
Epoch: [115][110/115]	Time  0.127 ( 0.131)	Data  0.000 ( 0.009)	Loss 4.0925e-02 (7.8957e-02)	Acc@1  98.44 ( 97.13)	Acc@5 100.00 (100.00)
Test: [ 0/50]	Time  0.272 ( 0.272)	Loss 6.7042e-02 (6.7042e-02)	Acc@1  98.44 ( 98.44)	Acc@5 100.00 (100.00)
Test: [10/50]	Time  0.037 ( 0.058)	Loss 1.8895e-02 (4.0146e-02)	Acc@1 100.00 ( 98.86)	Acc@5 100.00 (100.00)
Test: [20/50]	Time  0.038 ( 0.049)	Loss 4.7121e-03 (2.5698e-02)	Acc@1 100.00 ( 99.33)	Acc@5 100.00 (100.00)
Test: [30/50]	Time  0.038 ( 0.045)	Loss 1.3673e-02 (2.5231e-02)	Acc@1 100.00 ( 99.24)	Acc@5 100.00 (100.00)
Test: [40/50]	Time  0.038 ( 0.043)	Loss 4.3915e-02 (2.4985e-02)	Acc@1  98.44 ( 99.31)	Acc@5 100.00 (100.00)
 * Acc@1 99.366 Acc@5 100.000
Epoch: [116][  0/115]	Time  0.286 ( 0.286)	Data  0.231 ( 0.231)	Loss 5.5063e-02 (5.5063e-02)	Acc@1  98.44 ( 98.44)	Acc@5 100.00 (100.00)
Epoch: [116][ 10/115]	Time  0.131 ( 0.143)	Data  0.000 ( 0.027)	Loss 2.0679e-01 (9.7953e-02)	Acc@1  93.75 ( 96.73)	Acc@5 100.00 (100.00)
Epoch: [116][ 20/115]	Time  0.125 ( 0.136)	Data  0.000 ( 0.018)	Loss 1.3346e-01 (9.3429e-02)	Acc@1  98.44 ( 97.02)	Acc@5 100.00 (100.00)
Epoch: [116][ 30/115]	Time  0.128 ( 0.134)	Data  0.000 ( 0.014)	Loss 7.4058e-02 (9.3700e-02)	Acc@1  96.88 ( 96.93)	Acc@5 100.00 (100.00)
Epoch: [116][ 40/115]	Time  0.125 ( 0.133)	Data  0.000 ( 0.013)	Loss 6.3468e-02 (8.5863e-02)	Acc@1  96.88 ( 97.10)	Acc@5 100.00 (100.00)
Epoch: [116][ 50/115]	Time  0.130 ( 0.132)	Data  0.000 ( 0.012)	Loss 5.4086e-02 (8.5453e-02)	Acc@1  98.44 ( 97.00)	Acc@5 100.00 (100.00)
Epoch: [116][ 60/115]	Time  0.131 ( 0.132)	Data  0.000 ( 0.011)	Loss 1.1723e-01 (8.3736e-02)	Acc@1  93.75 ( 97.00)	Acc@5 100.00 (100.00)
Epoch: [116][ 70/115]	Time  0.130 ( 0.131)	Data  0.000 ( 0.010)	Loss 9.3182e-02 (8.1810e-02)	Acc@1  96.88 ( 97.10)	Acc@5 100.00 (100.00)
Epoch: [116][ 80/115]	Time  0.127 ( 0.131)	Data  0.000 ( 0.010)	Loss 1.4004e-01 (8.1958e-02)	Acc@1  93.75 ( 97.11)	Acc@5 100.00 (100.00)
Epoch: [116][ 90/115]	Time  0.128 ( 0.131)	Data  0.000 ( 0.010)	Loss 7.7931e-02 (8.1762e-02)	Acc@1  96.88 ( 97.17)	Acc@5 100.00 (100.00)
Epoch: [116][100/115]	Time  0.129 ( 0.130)	Data  0.000 ( 0.009)	Loss 1.7710e-02 (7.9833e-02)	Acc@1 100.00 ( 97.22)	Acc@5 100.00 (100.00)
Epoch: [116][110/115]	Time  0.130 ( 0.130)	Data  0.000 ( 0.009)	Loss 7.5635e-02 (7.8871e-02)	Acc@1  96.88 ( 97.31)	Acc@5 100.00 (100.00)
Test: [ 0/50]	Time  0.271 ( 0.271)	Loss 6.9315e-02 (6.9315e-02)	Acc@1  98.44 ( 98.44)	Acc@5 100.00 (100.00)
Test: [10/50]	Time  0.037 ( 0.058)	Loss 1.9754e-02 (4.4605e-02)	Acc@1 100.00 ( 98.86)	Acc@5 100.00 (100.00)
Test: [20/50]	Time  0.038 ( 0.049)	Loss 6.5366e-03 (2.9076e-02)	Acc@1 100.00 ( 99.18)	Acc@5 100.00 (100.00)
Test: [30/50]	Time  0.038 ( 0.045)	Loss 1.1353e-02 (2.7726e-02)	Acc@1 100.00 ( 99.14)	Acc@5 100.00 (100.00)
Test: [40/50]	Time  0.038 ( 0.043)	Loss 4.0756e-02 (2.5880e-02)	Acc@1  98.44 ( 99.24)	Acc@5 100.00 (100.00)
 * Acc@1 99.334 Acc@5 100.000
Epoch: [117][  0/115]	Time  0.255 ( 0.255)	Data  0.200 ( 0.200)	Loss 4.0202e-02 (4.0202e-02)	Acc@1 100.00 (100.00)	Acc@5 100.00 (100.00)
Epoch: [117][ 10/115]	Time  0.127 ( 0.140)	Data  0.000 ( 0.025)	Loss 8.5841e-02 (7.1359e-02)	Acc@1  96.88 ( 97.16)	Acc@5 100.00 (100.00)
Epoch: [117][ 20/115]	Time  0.132 ( 0.134)	Data  0.000 ( 0.016)	Loss 9.3029e-02 (7.9114e-02)	Acc@1  96.88 ( 97.02)	Acc@5 100.00 (100.00)
Epoch: [117][ 30/115]	Time  0.125 ( 0.132)	Data  0.000 ( 0.013)	Loss 6.1208e-02 (8.0982e-02)	Acc@1  98.44 ( 96.82)	Acc@5 100.00 (100.00)
Epoch: [117][ 40/115]	Time  0.132 ( 0.131)	Data  0.000 ( 0.012)	Loss 6.9237e-02 (7.8588e-02)	Acc@1  96.88 ( 96.80)	Acc@5 100.00 (100.00)
Epoch: [117][ 50/115]	Time  0.127 ( 0.130)	Data  0.000 ( 0.011)	Loss 6.7267e-02 (7.5717e-02)	Acc@1  98.44 ( 96.88)	Acc@5 100.00 (100.00)
Epoch: [117][ 60/115]	Time  0.136 ( 0.130)	Data  0.000 ( 0.010)	Loss 1.1705e-01 (7.6294e-02)	Acc@1  95.31 ( 96.93)	Acc@5 100.00 (100.00)
Epoch: [117][ 70/115]	Time  0.129 ( 0.130)	Data  0.000 ( 0.010)	Loss 4.5556e-02 (7.4883e-02)	Acc@1 100.00 ( 97.12)	Acc@5 100.00 (100.00)
Epoch: [117][ 80/115]	Time  0.131 ( 0.130)	Data  0.000 ( 0.009)	Loss 2.4030e-02 (7.6574e-02)	Acc@1 100.00 ( 97.07)	Acc@5 100.00 (100.00)
Epoch: [117][ 90/115]	Time  0.133 ( 0.130)	Data  0.000 ( 0.009)	Loss 3.2483e-02 (7.5690e-02)	Acc@1  98.44 ( 97.17)	Acc@5 100.00 (100.00)
Epoch: [117][100/115]	Time  0.131 ( 0.130)	Data  0.000 ( 0.009)	Loss 1.5791e-01 (7.5286e-02)	Acc@1  95.31 ( 97.25)	Acc@5 100.00 (100.00)
Epoch: [117][110/115]	Time  0.130 ( 0.130)	Data  0.000 ( 0.009)	Loss 8.1476e-02 (7.5345e-02)	Acc@1  98.44 ( 97.30)	Acc@5 100.00 (100.00)
Test: [ 0/50]	Time  0.265 ( 0.265)	Loss 7.1894e-02 (7.1894e-02)	Acc@1  98.44 ( 98.44)	Acc@5 100.00 (100.00)
Test: [10/50]	Time  0.037 ( 0.057)	Loss 2.1942e-02 (4.7609e-02)	Acc@1  98.44 ( 98.58)	Acc@5 100.00 (100.00)
Test: [20/50]	Time  0.038 ( 0.048)	Loss 6.2671e-03 (3.1380e-02)	Acc@1 100.00 ( 98.96)	Acc@5 100.00 (100.00)
Test: [30/50]	Time  0.037 ( 0.045)	Loss 9.5646e-03 (2.9676e-02)	Acc@1 100.00 ( 98.99)	Acc@5 100.00 (100.00)
Test: [40/50]	Time  0.038 ( 0.044)	Loss 3.2489e-02 (2.6933e-02)	Acc@1  98.44 ( 99.09)	Acc@5 100.00 (100.00)
 * Acc@1 99.207 Acc@5 100.000
Epoch: [118][  0/115]	Time  0.264 ( 0.264)	Data  0.209 ( 0.209)	Loss 1.3616e-01 (1.3616e-01)	Acc@1  95.31 ( 95.31)	Acc@5 100.00 (100.00)
Epoch: [118][ 10/115]	Time  0.128 ( 0.141)	Data  0.000 ( 0.026)	Loss 1.8312e-02 (1.0769e-01)	Acc@1 100.00 ( 96.59)	Acc@5 100.00 (100.00)
Epoch: [118][ 20/115]	Time  0.127 ( 0.135)	Data  0.000 ( 0.017)	Loss 2.9411e-02 (8.3602e-02)	Acc@1  98.44 ( 97.25)	Acc@5 100.00 (100.00)
Epoch: [118][ 30/115]	Time  0.125 ( 0.134)	Data  0.000 ( 0.014)	Loss 1.6216e-01 (8.1974e-02)	Acc@1  92.19 ( 97.03)	Acc@5 100.00 (100.00)
Epoch: [118][ 40/115]	Time  0.126 ( 0.133)	Data  0.000 ( 0.012)	Loss 6.2455e-02 (8.3272e-02)	Acc@1  96.88 ( 96.84)	Acc@5 100.00 (100.00)
Epoch: [118][ 50/115]	Time  0.130 ( 0.132)	Data  0.000 ( 0.011)	Loss 3.0332e-02 (7.9682e-02)	Acc@1 100.00 ( 97.06)	Acc@5 100.00 (100.00)
Epoch: [118][ 60/115]	Time  0.127 ( 0.131)	Data  0.000 ( 0.011)	Loss 6.5963e-02 (8.0369e-02)	Acc@1  98.44 ( 97.00)	Acc@5 100.00 (100.00)
Epoch: [118][ 70/115]	Time  0.129 ( 0.131)	Data  0.000 ( 0.010)	Loss 8.5863e-02 (7.9830e-02)	Acc@1  95.31 ( 97.05)	Acc@5 100.00 (100.00)
Epoch: [118][ 80/115]	Time  0.127 ( 0.131)	Data  0.000 ( 0.010)	Loss 9.0542e-02 (7.7917e-02)	Acc@1  96.88 ( 97.13)	Acc@5 100.00 (100.00)
Epoch: [118][ 90/115]	Time  0.133 ( 0.131)	Data  0.000 ( 0.009)	Loss 8.1456e-02 (7.7376e-02)	Acc@1  96.88 ( 97.20)	Acc@5 100.00 (100.00)
Epoch: [118][100/115]	Time  0.128 ( 0.131)	Data  0.000 ( 0.009)	Loss 1.3250e-01 (7.8217e-02)	Acc@1  95.31 ( 97.17)	Acc@5 100.00 (100.00)
Epoch: [118][110/115]	Time  0.131 ( 0.130)	Data  0.000 ( 0.009)	Loss 8.1531e-02 (7.7018e-02)	Acc@1  95.31 ( 97.20)	Acc@5 100.00 (100.00)
Test: [ 0/50]	Time  0.270 ( 0.270)	Loss 7.8861e-02 (7.8861e-02)	Acc@1  98.44 ( 98.44)	Acc@5 100.00 (100.00)
Test: [10/50]	Time  0.038 ( 0.058)	Loss 2.6985e-02 (4.8481e-02)	Acc@1  98.44 ( 98.44)	Acc@5 100.00 (100.00)
Test: [20/50]	Time  0.038 ( 0.049)	Loss 6.2295e-03 (3.1932e-02)	Acc@1 100.00 ( 98.88)	Acc@5 100.00 (100.00)
Test: [30/50]	Time  0.038 ( 0.045)	Loss 1.0539e-02 (3.0166e-02)	Acc@1 100.00 ( 98.94)	Acc@5 100.00 (100.00)
Test: [40/50]	Time  0.038 ( 0.043)	Loss 3.4600e-02 (2.7270e-02)	Acc@1  98.44 ( 99.09)	Acc@5 100.00 (100.00)
 * Acc@1 99.207 Acc@5 100.000
Epoch: [119][  0/115]	Time  0.256 ( 0.256)	Data  0.203 ( 0.203)	Loss 5.4646e-02 (5.4646e-02)	Acc@1  98.44 ( 98.44)	Acc@5 100.00 (100.00)
Epoch: [119][ 10/115]	Time  0.131 ( 0.140)	Data  0.000 ( 0.025)	Loss 3.2426e-02 (7.0300e-02)	Acc@1 100.00 ( 97.16)	Acc@5 100.00 (100.00)
Epoch: [119][ 20/115]	Time  0.130 ( 0.135)	Data  0.000 ( 0.016)	Loss 1.4801e-02 (7.1598e-02)	Acc@1 100.00 ( 97.32)	Acc@5 100.00 (100.00)
Epoch: [119][ 30/115]	Time  0.125 ( 0.133)	Data  0.000 ( 0.013)	Loss 3.6405e-02 (7.1978e-02)	Acc@1  96.88 ( 97.18)	Acc@5 100.00 (100.00)
Epoch: [119][ 40/115]	Time  0.132 ( 0.132)	Data  0.000 ( 0.012)	Loss 6.3299e-02 (7.6800e-02)	Acc@1  96.88 ( 97.14)	Acc@5 100.00 (100.00)
Epoch: [119][ 50/115]	Time  0.127 ( 0.132)	Data  0.000 ( 0.011)	Loss 1.7121e-01 (7.4166e-02)	Acc@1  95.31 ( 97.27)	Acc@5 100.00 (100.00)
Epoch: [119][ 60/115]	Time  0.131 ( 0.131)	Data  0.000 ( 0.010)	Loss 8.9878e-02 (7.3497e-02)	Acc@1  98.44 ( 97.36)	Acc@5 100.00 (100.00)
Epoch: [119][ 70/115]	Time  0.126 ( 0.131)	Data  0.000 ( 0.010)	Loss 8.0241e-02 (7.2914e-02)	Acc@1  96.88 ( 97.40)	Acc@5 100.00 (100.00)
Epoch: [119][ 80/115]	Time  0.133 ( 0.131)	Data  0.000 ( 0.010)	Loss 9.5457e-02 (7.3788e-02)	Acc@1  95.31 ( 97.40)	Acc@5 100.00 (100.00)
Epoch: [119][ 90/115]	Time  0.129 ( 0.131)	Data  0.000 ( 0.009)	Loss 1.5781e-01 (7.4949e-02)	Acc@1  92.19 ( 97.34)	Acc@5 100.00 (100.00)
Epoch: [119][100/115]	Time  0.129 ( 0.130)	Data  0.000 ( 0.009)	Loss 5.2675e-02 (7.2537e-02)	Acc@1  96.88 ( 97.37)	Acc@5 100.00 (100.00)
Epoch: [119][110/115]	Time  0.127 ( 0.130)	Data  0.000 ( 0.009)	Loss 1.5909e-01 (7.2683e-02)	Acc@1  98.44 ( 97.44)	Acc@5 100.00 (100.00)
Test: [ 0/50]	Time  0.257 ( 0.257)	Loss 7.3509e-02 (7.3509e-02)	Acc@1  98.44 ( 98.44)	Acc@5 100.00 (100.00)
Test: [10/50]	Time  0.037 ( 0.056)	Loss 2.3586e-02 (4.6830e-02)	Acc@1  98.44 ( 98.72)	Acc@5 100.00 (100.00)
Test: [20/50]	Time  0.038 ( 0.048)	Loss 5.8939e-03 (3.0713e-02)	Acc@1 100.00 ( 99.03)	Acc@5 100.00 (100.00)
Test: [30/50]	Time  0.037 ( 0.045)	Loss 1.0362e-02 (2.9024e-02)	Acc@1 100.00 ( 99.04)	Acc@5 100.00 (100.00)
Test: [40/50]	Time  0.038 ( 0.043)	Loss 3.6345e-02 (2.6493e-02)	Acc@1  98.44 ( 99.16)	Acc@5 100.00 (100.00)
 * Acc@1 99.271 Acc@5 100.000
Epoch: [120][  0/115]	Time  0.254 ( 0.254)	Data  0.199 ( 0.199)	Loss 4.2728e-02 (4.2728e-02)	Acc@1  96.88 ( 96.88)	Acc@5 100.00 (100.00)
Epoch: [120][ 10/115]	Time  0.130 ( 0.141)	Data  0.000 ( 0.025)	Loss 5.1363e-02 (5.9537e-02)	Acc@1  98.44 ( 97.73)	Acc@5 100.00 (100.00)
Epoch: [120][ 20/115]	Time  0.129 ( 0.136)	Data  0.000 ( 0.016)	Loss 1.3866e-01 (6.3190e-02)	Acc@1  96.88 ( 97.99)	Acc@5 100.00 (100.00)
Epoch: [120][ 30/115]	Time  0.129 ( 0.134)	Data  0.000 ( 0.013)	Loss 3.7297e-02 (6.3888e-02)	Acc@1  98.44 ( 97.98)	Acc@5 100.00 (100.00)
Epoch: [120][ 40/115]	Time  0.125 ( 0.133)	Data  0.000 ( 0.012)	Loss 3.7877e-02 (6.7996e-02)	Acc@1  96.88 ( 97.68)	Acc@5 100.00 (100.00)
Epoch: [120][ 50/115]	Time  0.132 ( 0.132)	Data  0.000 ( 0.011)	Loss 4.0865e-02 (6.5831e-02)	Acc@1  98.44 ( 97.61)	Acc@5 100.00 (100.00)
Epoch: [120][ 60/115]	Time  0.131 ( 0.132)	Data  0.000 ( 0.010)	Loss 1.3416e-01 (6.5155e-02)	Acc@1  96.88 ( 97.64)	Acc@5 100.00 (100.00)
Epoch: [120][ 70/115]	Time  0.130 ( 0.131)	Data  0.000 ( 0.010)	Loss 3.4111e-02 (6.3408e-02)	Acc@1  98.44 ( 97.76)	Acc@5 100.00 (100.00)
Epoch: [120][ 80/115]	Time  0.126 ( 0.131)	Data  0.000 ( 0.010)	Loss 1.4465e-01 (6.4990e-02)	Acc@1  93.75 ( 97.65)	Acc@5 100.00 (100.00)
Epoch: [120][ 90/115]	Time  0.133 ( 0.131)	Data  0.000 ( 0.009)	Loss 1.1809e-01 (6.6489e-02)	Acc@1  96.88 ( 97.68)	Acc@5 100.00 (100.00)
Epoch: [120][100/115]	Time  0.129 ( 0.131)	Data  0.000 ( 0.009)	Loss 1.1595e-01 (6.7673e-02)	Acc@1  92.19 ( 97.69)	Acc@5 100.00 (100.00)
Epoch: [120][110/115]	Time  0.130 ( 0.131)	Data  0.000 ( 0.009)	Loss 2.2913e-02 (6.7667e-02)	Acc@1  98.44 ( 97.66)	Acc@5 100.00 (100.00)
Test: [ 0/50]	Time  0.256 ( 0.256)	Loss 7.6175e-02 (7.6175e-02)	Acc@1  98.44 ( 98.44)	Acc@5 100.00 (100.00)
Test: [10/50]	Time  0.037 ( 0.057)	Loss 2.5823e-02 (5.0457e-02)	Acc@1  96.88 ( 98.44)	Acc@5 100.00 (100.00)
Test: [20/50]	Time  0.038 ( 0.048)	Loss 5.9161e-03 (3.3297e-02)	Acc@1 100.00 ( 98.88)	Acc@5 100.00 (100.00)
Test: [30/50]	Time  0.038 ( 0.045)	Loss 8.9742e-03 (3.1034e-02)	Acc@1 100.00 ( 98.94)	Acc@5 100.00 (100.00)
Test: [40/50]	Time  0.038 ( 0.043)	Loss 3.1313e-02 (2.7443e-02)	Acc@1  98.44 ( 99.09)	Acc@5 100.00 (100.00)
 * Acc@1 99.207 Acc@5 100.000
Epoch: [121][  0/115]	Time  0.304 ( 0.304)	Data  0.246 ( 0.246)	Loss 4.6514e-02 (4.6514e-02)	Acc@1  98.44 ( 98.44)	Acc@5 100.00 (100.00)
Epoch: [121][ 10/115]	Time  0.133 ( 0.145)	Data  0.000 ( 0.029)	Loss 3.7146e-02 (5.2387e-02)	Acc@1  98.44 ( 98.01)	Acc@5 100.00 (100.00)
Epoch: [121][ 20/115]	Time  0.138 ( 0.138)	Data  0.000 ( 0.018)	Loss 4.7735e-02 (6.5237e-02)	Acc@1 100.00 ( 97.77)	Acc@5 100.00 (100.00)
Epoch: [121][ 30/115]	Time  0.133 ( 0.135)	Data  0.000 ( 0.014)	Loss 1.0800e-01 (7.5082e-02)	Acc@1  95.31 ( 97.18)	Acc@5 100.00 (100.00)
Epoch: [121][ 40/115]	Time  0.130 ( 0.133)	Data  0.000 ( 0.013)	Loss 4.9439e-02 (7.0922e-02)	Acc@1  96.88 ( 97.22)	Acc@5 100.00 (100.00)
Epoch: [121][ 50/115]	Time  0.128 ( 0.133)	Data  0.000 ( 0.012)	Loss 1.3522e-02 (6.7480e-02)	Acc@1 100.00 ( 97.40)	Acc@5 100.00 (100.00)
Epoch: [121][ 60/115]	Time  0.124 ( 0.132)	Data  0.000 ( 0.011)	Loss 8.5184e-02 (6.7641e-02)	Acc@1  93.75 ( 97.36)	Acc@5 100.00 (100.00)
Epoch: [121][ 70/115]	Time  0.128 ( 0.131)	Data  0.000 ( 0.010)	Loss 9.5322e-02 (6.6253e-02)	Acc@1  95.31 ( 97.45)	Acc@5 100.00 (100.00)
Epoch: [121][ 80/115]	Time  0.126 ( 0.131)	Data  0.000 ( 0.010)	Loss 4.7272e-02 (6.5704e-02)	Acc@1  98.44 ( 97.49)	Acc@5 100.00 (100.00)
Epoch: [121][ 90/115]	Time  0.127 ( 0.131)	Data  0.000 ( 0.010)	Loss 5.1798e-02 (6.7011e-02)	Acc@1  96.88 ( 97.46)	Acc@5 100.00 (100.00)
Epoch: [121][100/115]	Time  0.128 ( 0.130)	Data  0.000 ( 0.009)	Loss 7.8733e-02 (6.7088e-02)	Acc@1  96.88 ( 97.49)	Acc@5 100.00 (100.00)
Epoch: [121][110/115]	Time  0.129 ( 0.130)	Data  0.000 ( 0.009)	Loss 2.4546e-01 (6.8462e-02)	Acc@1  89.06 ( 97.44)	Acc@5 100.00 (100.00)
Test: [ 0/50]	Time  0.282 ( 0.282)	Loss 6.7191e-02 (6.7191e-02)	Acc@1  98.44 ( 98.44)	Acc@5 100.00 (100.00)
Test: [10/50]	Time  0.037 ( 0.059)	Loss 2.2699e-02 (4.5280e-02)	Acc@1  98.44 ( 98.72)	Acc@5 100.00 (100.00)
Test: [20/50]	Time  0.042 ( 0.050)	Loss 5.1444e-03 (2.9461e-02)	Acc@1 100.00 ( 99.03)	Acc@5 100.00 (100.00)
Test: [30/50]	Time  0.038 ( 0.046)	Loss 1.0633e-02 (2.8064e-02)	Acc@1 100.00 ( 99.04)	Acc@5 100.00 (100.00)
Test: [40/50]	Time  0.038 ( 0.044)	Loss 3.6782e-02 (2.6116e-02)	Acc@1  98.44 ( 99.16)	Acc@5 100.00 (100.00)
 * Acc@1 99.271 Acc@5 100.000
Epoch: [122][  0/115]	Time  0.273 ( 0.273)	Data  0.217 ( 0.217)	Loss 5.6341e-02 (5.6341e-02)	Acc@1  96.88 ( 96.88)	Acc@5 100.00 (100.00)
Epoch: [122][ 10/115]	Time  0.130 ( 0.141)	Data  0.000 ( 0.026)	Loss 1.1274e-01 (6.8690e-02)	Acc@1  93.75 ( 97.30)	Acc@5 100.00 (100.00)
Epoch: [122][ 20/115]	Time  0.129 ( 0.136)	Data  0.000 ( 0.017)	Loss 1.4034e-02 (6.0183e-02)	Acc@1 100.00 ( 97.62)	Acc@5 100.00 (100.00)
Epoch: [122][ 30/115]	Time  0.131 ( 0.133)	Data  0.000 ( 0.014)	Loss 6.5085e-02 (5.8922e-02)	Acc@1  98.44 ( 97.63)	Acc@5 100.00 (100.00)
Epoch: [122][ 40/115]	Time  0.129 ( 0.133)	Data  0.000 ( 0.012)	Loss 6.1443e-02 (5.8567e-02)	Acc@1  96.88 ( 97.75)	Acc@5 100.00 (100.00)
Epoch: [122][ 50/115]	Time  0.129 ( 0.132)	Data  0.000 ( 0.011)	Loss 5.8817e-02 (6.2937e-02)	Acc@1  96.88 ( 97.55)	Acc@5 100.00 (100.00)
Epoch: [122][ 60/115]	Time  0.127 ( 0.132)	Data  0.000 ( 0.011)	Loss 1.0172e-01 (6.3214e-02)	Acc@1  93.75 ( 97.44)	Acc@5 100.00 (100.00)
Epoch: [122][ 70/115]	Time  0.129 ( 0.131)	Data  0.000 ( 0.010)	Loss 1.4088e-01 (6.3323e-02)	Acc@1  93.75 ( 97.49)	Acc@5 100.00 (100.00)
Epoch: [122][ 80/115]	Time  0.131 ( 0.131)	Data  0.000 ( 0.010)	Loss 5.7112e-02 (6.3747e-02)	Acc@1  98.44 ( 97.59)	Acc@5 100.00 (100.00)
Epoch: [122][ 90/115]	Time  0.127 ( 0.131)	Data  0.000 ( 0.009)	Loss 8.6759e-02 (6.3987e-02)	Acc@1  95.31 ( 97.58)	Acc@5 100.00 (100.00)
Epoch: [122][100/115]	Time  0.117 ( 0.131)	Data  0.000 ( 0.009)	Loss 1.6426e-01 (6.5166e-02)	Acc@1  95.31 ( 97.54)	Acc@5 100.00 (100.00)
Epoch: [122][110/115]	Time  0.132 ( 0.131)	Data  0.000 ( 0.009)	Loss 1.2735e-01 (6.6106e-02)	Acc@1  95.31 ( 97.51)	Acc@5 100.00 (100.00)
Test: [ 0/50]	Time  0.262 ( 0.262)	Loss 6.9146e-02 (6.9146e-02)	Acc@1  98.44 ( 98.44)	Acc@5 100.00 (100.00)
Test: [10/50]	Time  0.036 ( 0.057)	Loss 2.3023e-02 (4.6329e-02)	Acc@1  96.88 ( 98.58)	Acc@5 100.00 (100.00)
Test: [20/50]	Time  0.038 ( 0.048)	Loss 6.5562e-03 (3.0393e-02)	Acc@1 100.00 ( 98.96)	Acc@5 100.00 (100.00)
Test: [30/50]	Time  0.038 ( 0.045)	Loss 1.0103e-02 (2.8878e-02)	Acc@1 100.00 ( 98.99)	Acc@5 100.00 (100.00)
Test: [40/50]	Time  0.038 ( 0.043)	Loss 3.4622e-02 (2.6416e-02)	Acc@1  98.44 ( 99.12)	Acc@5 100.00 (100.00)
 * Acc@1 99.239 Acc@5 100.000
Epoch: [123][  0/115]	Time  0.278 ( 0.278)	Data  0.223 ( 0.223)	Loss 2.6952e-02 (2.6952e-02)	Acc@1  98.44 ( 98.44)	Acc@5 100.00 (100.00)
Epoch: [123][ 10/115]	Time  0.130 ( 0.143)	Data  0.000 ( 0.027)	Loss 3.9396e-02 (8.3507e-02)	Acc@1 100.00 ( 97.30)	Acc@5 100.00 (100.00)
Epoch: [123][ 20/115]	Time  0.130 ( 0.136)	Data  0.000 ( 0.018)	Loss 6.4558e-02 (7.7334e-02)	Acc@1  98.44 ( 96.95)	Acc@5 100.00 (100.00)
Epoch: [123][ 30/115]	Time  0.130 ( 0.134)	Data  0.000 ( 0.014)	Loss 5.9490e-02 (7.0698e-02)	Acc@1  96.88 ( 97.23)	Acc@5 100.00 (100.00)
Epoch: [123][ 40/115]	Time  0.130 ( 0.133)	Data  0.000 ( 0.012)	Loss 1.8961e-01 (7.9637e-02)	Acc@1  95.31 ( 97.07)	Acc@5 100.00 (100.00)
Epoch: [123][ 50/115]	Time  0.134 ( 0.132)	Data  0.000 ( 0.011)	Loss 1.6547e-01 (8.1037e-02)	Acc@1  92.19 ( 97.06)	Acc@5 100.00 (100.00)
Epoch: [123][ 60/115]	Time  0.126 ( 0.132)	Data  0.000 ( 0.011)	Loss 5.9484e-02 (7.8144e-02)	Acc@1  96.88 ( 97.13)	Acc@5 100.00 (100.00)
Epoch: [123][ 70/115]	Time  0.130 ( 0.132)	Data  0.000 ( 0.010)	Loss 1.7712e-02 (7.5627e-02)	Acc@1 100.00 ( 97.23)	Acc@5 100.00 (100.00)
Epoch: [123][ 80/115]	Time  0.131 ( 0.131)	Data  0.000 ( 0.010)	Loss 1.1739e-01 (7.6651e-02)	Acc@1  95.31 ( 97.20)	Acc@5 100.00 (100.00)
Epoch: [123][ 90/115]	Time  0.130 ( 0.131)	Data  0.000 ( 0.010)	Loss 1.7165e-02 (7.6258e-02)	Acc@1 100.00 ( 97.22)	Acc@5 100.00 (100.00)
Epoch: [123][100/115]	Time  0.133 ( 0.131)	Data  0.000 ( 0.009)	Loss 1.0886e-01 (7.4756e-02)	Acc@1  96.88 ( 97.31)	Acc@5 100.00 (100.00)
Epoch: [123][110/115]	Time  0.128 ( 0.131)	Data  0.000 ( 0.009)	Loss 3.9825e-02 (7.3241e-02)	Acc@1  96.88 ( 97.31)	Acc@5 100.00 (100.00)
Test: [ 0/50]	Time  0.262 ( 0.262)	Loss 6.6081e-02 (6.6081e-02)	Acc@1  98.44 ( 98.44)	Acc@5 100.00 (100.00)
Test: [10/50]	Time  0.037 ( 0.057)	Loss 1.9903e-02 (4.2219e-02)	Acc@1 100.00 ( 98.86)	Acc@5 100.00 (100.00)
Test: [20/50]	Time  0.038 ( 0.048)	Loss 5.7770e-03 (2.7231e-02)	Acc@1 100.00 ( 99.18)	Acc@5 100.00 (100.00)
Test: [30/50]	Time  0.038 ( 0.045)	Loss 1.2092e-02 (2.6482e-02)	Acc@1 100.00 ( 99.14)	Acc@5 100.00 (100.00)
Test: [40/50]	Time  0.038 ( 0.043)	Loss 4.0004e-02 (2.5418e-02)	Acc@1  98.44 ( 99.20)	Acc@5 100.00 (100.00)
 * Acc@1 99.302 Acc@5 100.000
Epoch: [124][  0/115]	Time  0.253 ( 0.253)	Data  0.198 ( 0.198)	Loss 2.0796e-02 (2.0796e-02)	Acc@1 100.00 (100.00)	Acc@5 100.00 (100.00)
Epoch: [124][ 10/115]	Time  0.132 ( 0.140)	Data  0.000 ( 0.025)	Loss 4.6025e-02 (6.5075e-02)	Acc@1  98.44 ( 97.73)	Acc@5 100.00 (100.00)
Epoch: [124][ 20/115]	Time  0.124 ( 0.135)	Data  0.000 ( 0.016)	Loss 1.5766e-02 (6.5374e-02)	Acc@1 100.00 ( 97.32)	Acc@5 100.00 (100.00)
Epoch: [124][ 30/115]	Time  0.128 ( 0.133)	Data  0.000 ( 0.013)	Loss 9.5820e-02 (6.6155e-02)	Acc@1  95.31 ( 97.53)	Acc@5 100.00 (100.00)
Epoch: [124][ 40/115]	Time  0.128 ( 0.132)	Data  0.000 ( 0.012)	Loss 2.9964e-02 (6.1840e-02)	Acc@1  98.44 ( 97.83)	Acc@5 100.00 (100.00)
Epoch: [124][ 50/115]	Time  0.127 ( 0.132)	Data  0.000 ( 0.011)	Loss 5.7143e-02 (6.1580e-02)	Acc@1  96.88 ( 97.76)	Acc@5 100.00 (100.00)
Epoch: [124][ 60/115]	Time  0.127 ( 0.131)	Data  0.000 ( 0.010)	Loss 6.8990e-02 (6.3431e-02)	Acc@1  95.31 ( 97.67)	Acc@5 100.00 (100.00)
Epoch: [124][ 70/115]	Time  0.129 ( 0.131)	Data  0.000 ( 0.010)	Loss 4.7088e-02 (7.0083e-02)	Acc@1  96.88 ( 97.36)	Acc@5 100.00 (100.00)
Epoch: [124][ 80/115]	Time  0.128 ( 0.131)	Data  0.000 ( 0.010)	Loss 5.3280e-02 (6.8300e-02)	Acc@1  98.44 ( 97.45)	Acc@5 100.00 (100.00)
Epoch: [124][ 90/115]	Time  0.130 ( 0.131)	Data  0.000 ( 0.009)	Loss 4.0643e-02 (6.8881e-02)	Acc@1  98.44 ( 97.41)	Acc@5 100.00 (100.00)
Epoch: [124][100/115]	Time  0.127 ( 0.131)	Data  0.000 ( 0.009)	Loss 4.2191e-02 (6.7181e-02)	Acc@1  98.44 ( 97.51)	Acc@5 100.00 (100.00)
Epoch: [124][110/115]	Time  0.123 ( 0.130)	Data  0.000 ( 0.009)	Loss 6.4194e-02 (6.8066e-02)	Acc@1  96.88 ( 97.49)	Acc@5 100.00 (100.00)
Test: [ 0/50]	Time  0.265 ( 0.265)	Loss 7.0705e-02 (7.0705e-02)	Acc@1  98.44 ( 98.44)	Acc@5 100.00 (100.00)
Test: [10/50]	Time  0.038 ( 0.057)	Loss 2.4128e-02 (4.5754e-02)	Acc@1  96.88 ( 98.58)	Acc@5 100.00 (100.00)
Test: [20/50]	Time  0.038 ( 0.048)	Loss 5.9131e-03 (2.9897e-02)	Acc@1 100.00 ( 98.96)	Acc@5 100.00 (100.00)
Test: [30/50]	Time  0.038 ( 0.045)	Loss 1.0479e-02 (2.8432e-02)	Acc@1 100.00 ( 98.99)	Acc@5 100.00 (100.00)
Test: [40/50]	Time  0.038 ( 0.043)	Loss 3.4576e-02 (2.6293e-02)	Acc@1  98.44 ( 99.12)	Acc@5 100.00 (100.00)
 * Acc@1 99.239 Acc@5 100.000
Epoch: [125][  0/115]	Time  0.283 ( 0.283)	Data  0.221 ( 0.221)	Loss 7.1751e-02 (7.1751e-02)	Acc@1  96.88 ( 96.88)	Acc@5 100.00 (100.00)
Epoch: [125][ 10/115]	Time  0.133 ( 0.142)	Data  0.000 ( 0.026)	Loss 4.8783e-02 (6.9450e-02)	Acc@1  98.44 ( 97.59)	Acc@5 100.00 (100.00)
Epoch: [125][ 20/115]	Time  0.130 ( 0.136)	Data  0.000 ( 0.017)	Loss 5.9108e-02 (6.6656e-02)	Acc@1  96.88 ( 97.62)	Acc@5 100.00 (100.00)
Epoch: [125][ 30/115]	Time  0.129 ( 0.134)	Data  0.000 ( 0.014)	Loss 1.7248e-01 (7.4180e-02)	Acc@1  96.88 ( 97.43)	Acc@5 100.00 (100.00)
Epoch: [125][ 40/115]	Time  0.131 ( 0.133)	Data  0.000 ( 0.012)	Loss 9.9647e-02 (7.5047e-02)	Acc@1  96.88 ( 97.52)	Acc@5 100.00 (100.00)
Epoch: [125][ 50/115]	Time  0.125 ( 0.132)	Data  0.000 ( 0.011)	Loss 1.2968e-01 (7.8916e-02)	Acc@1  96.88 ( 97.40)	Acc@5 100.00 (100.00)
Epoch: [125][ 60/115]	Time  0.135 ( 0.132)	Data  0.000 ( 0.010)	Loss 5.4576e-02 (7.9430e-02)	Acc@1  98.44 ( 97.26)	Acc@5 100.00 (100.00)
Epoch: [125][ 70/115]	Time  0.129 ( 0.131)	Data  0.000 ( 0.010)	Loss 5.6436e-02 (7.7899e-02)	Acc@1  96.88 ( 97.27)	Acc@5 100.00 (100.00)
Epoch: [125][ 80/115]	Time  0.131 ( 0.131)	Data  0.000 ( 0.010)	Loss 7.9776e-02 (7.6776e-02)	Acc@1  96.88 ( 97.30)	Acc@5 100.00 (100.00)
Epoch: [125][ 90/115]	Time  0.128 ( 0.131)	Data  0.000 ( 0.009)	Loss 2.2596e-01 (7.5861e-02)	Acc@1  89.06 ( 97.29)	Acc@5 100.00 (100.00)
Epoch: [125][100/115]	Time  0.129 ( 0.130)	Data  0.000 ( 0.009)	Loss 9.7542e-03 (7.2825e-02)	Acc@1 100.00 ( 97.42)	Acc@5 100.00 (100.00)
Epoch: [125][110/115]	Time  0.129 ( 0.130)	Data  0.000 ( 0.009)	Loss 8.6442e-02 (7.2806e-02)	Acc@1  96.88 ( 97.44)	Acc@5 100.00 (100.00)
Test: [ 0/50]	Time  0.257 ( 0.257)	Loss 5.9776e-02 (5.9776e-02)	Acc@1  98.44 ( 98.44)	Acc@5 100.00 (100.00)
Test: [10/50]	Time  0.037 ( 0.057)	Loss 1.4057e-02 (3.7418e-02)	Acc@1 100.00 ( 98.86)	Acc@5 100.00 (100.00)
Test: [20/50]	Time  0.038 ( 0.048)	Loss 3.6226e-03 (2.3771e-02)	Acc@1 100.00 ( 99.26)	Acc@5 100.00 (100.00)
Test: [30/50]	Time  0.038 ( 0.045)	Loss 1.5027e-02 (2.3717e-02)	Acc@1 100.00 ( 99.19)	Acc@5 100.00 (100.00)
Test: [40/50]	Time  0.038 ( 0.043)	Loss 4.2983e-02 (2.4574e-02)	Acc@1  98.44 ( 99.20)	Acc@5 100.00 (100.00)
 * Acc@1 99.271 Acc@5 100.000
Epoch: [126][  0/115]	Time  0.283 ( 0.283)	Data  0.229 ( 0.229)	Loss 1.6637e-01 (1.6637e-01)	Acc@1  96.88 ( 96.88)	Acc@5 100.00 (100.00)
Epoch: [126][ 10/115]	Time  0.127 ( 0.143)	Data  0.000 ( 0.027)	Loss 1.5079e-01 (7.0375e-02)	Acc@1  93.75 ( 97.87)	Acc@5 100.00 (100.00)
Epoch: [126][ 20/115]	Time  0.130 ( 0.137)	Data  0.000 ( 0.018)	Loss 5.6442e-02 (6.8468e-02)	Acc@1  98.44 ( 97.69)	Acc@5 100.00 (100.00)
Epoch: [126][ 30/115]	Time  0.132 ( 0.134)	Data  0.000 ( 0.014)	Loss 4.1356e-02 (7.8761e-02)	Acc@1  96.88 ( 97.18)	Acc@5 100.00 (100.00)
Epoch: [126][ 40/115]	Time  0.128 ( 0.133)	Data  0.000 ( 0.013)	Loss 4.4401e-02 (7.8019e-02)	Acc@1  98.44 ( 97.22)	Acc@5 100.00 (100.00)
Epoch: [126][ 50/115]	Time  0.130 ( 0.132)	Data  0.000 ( 0.011)	Loss 9.4301e-02 (7.8921e-02)	Acc@1  96.88 ( 97.06)	Acc@5 100.00 (100.00)
Epoch: [126][ 60/115]	Time  0.127 ( 0.132)	Data  0.000 ( 0.011)	Loss 6.1722e-02 (7.4515e-02)	Acc@1  98.44 ( 97.31)	Acc@5 100.00 (100.00)
Epoch: [126][ 70/115]	Time  0.131 ( 0.132)	Data  0.000 ( 0.010)	Loss 1.5901e-01 (7.3343e-02)	Acc@1  92.19 ( 97.40)	Acc@5 100.00 (100.00)
Epoch: [126][ 80/115]	Time  0.137 ( 0.131)	Data  0.000 ( 0.010)	Loss 3.2271e-02 (7.4701e-02)	Acc@1  98.44 ( 97.28)	Acc@5 100.00 (100.00)
Epoch: [126][ 90/115]	Time  0.124 ( 0.131)	Data  0.000 ( 0.009)	Loss 5.9071e-02 (7.3556e-02)	Acc@1  98.44 ( 97.25)	Acc@5 100.00 (100.00)
Epoch: [126][100/115]	Time  0.128 ( 0.131)	Data  0.000 ( 0.009)	Loss 7.8306e-03 (7.3573e-02)	Acc@1 100.00 ( 97.31)	Acc@5 100.00 (100.00)
Epoch: [126][110/115]	Time  0.132 ( 0.131)	Data  0.000 ( 0.009)	Loss 1.2998e-01 (7.5054e-02)	Acc@1  96.88 ( 97.30)	Acc@5 100.00 (100.00)
Test: [ 0/50]	Time  0.259 ( 0.259)	Loss 8.0674e-02 (8.0674e-02)	Acc@1  98.44 ( 98.44)	Acc@5 100.00 (100.00)
Test: [10/50]	Time  0.038 ( 0.057)	Loss 3.0902e-02 (5.3201e-02)	Acc@1  96.88 ( 98.30)	Acc@5 100.00 (100.00)
Test: [20/50]	Time  0.042 ( 0.048)	Loss 8.7587e-03 (3.5529e-02)	Acc@1 100.00 ( 98.81)	Acc@5 100.00 (100.00)
Test: [30/50]	Time  0.037 ( 0.045)	Loss 7.9508e-03 (3.3002e-02)	Acc@1 100.00 ( 98.89)	Acc@5 100.00 (100.00)
Test: [40/50]	Time  0.038 ( 0.043)	Loss 2.8671e-02 (2.8688e-02)	Acc@1  98.44 ( 99.09)	Acc@5 100.00 (100.00)
 * Acc@1 99.207 Acc@5 100.000
Epoch: [127][  0/115]	Time  0.292 ( 0.292)	Data  0.237 ( 0.237)	Loss 2.5437e-02 (2.5437e-02)	Acc@1 100.00 (100.00)	Acc@5 100.00 (100.00)
Epoch: [127][ 10/115]	Time  0.125 ( 0.143)	Data  0.000 ( 0.028)	Loss 1.0942e-01 (7.6906e-02)	Acc@1  96.88 ( 97.16)	Acc@5 100.00 (100.00)
Epoch: [127][ 20/115]	Time  0.128 ( 0.136)	Data  0.000 ( 0.018)	Loss 7.7615e-02 (6.3157e-02)	Acc@1  96.88 ( 97.77)	Acc@5 100.00 (100.00)
Epoch: [127][ 30/115]	Time  0.126 ( 0.134)	Data  0.000 ( 0.015)	Loss 3.6798e-02 (6.7875e-02)	Acc@1  98.44 ( 97.68)	Acc@5 100.00 (100.00)
Epoch: [127][ 40/115]	Time  0.133 ( 0.133)	Data  0.000 ( 0.013)	Loss 1.4811e-01 (7.3780e-02)	Acc@1  90.62 ( 97.22)	Acc@5 100.00 (100.00)
Epoch: [127][ 50/115]	Time  0.130 ( 0.132)	Data  0.000 ( 0.012)	Loss 5.5917e-02 (7.6683e-02)	Acc@1  98.44 ( 97.18)	Acc@5 100.00 (100.00)
Epoch: [127][ 60/115]	Time  0.129 ( 0.132)	Data  0.000 ( 0.011)	Loss 4.3451e-02 (7.5407e-02)	Acc@1  96.88 ( 97.13)	Acc@5 100.00 (100.00)
Epoch: [127][ 70/115]	Time  0.126 ( 0.131)	Data  0.000 ( 0.010)	Loss 1.3310e-01 (7.6197e-02)	Acc@1  93.75 ( 97.12)	Acc@5 100.00 (100.00)
Epoch: [127][ 80/115]	Time  0.131 ( 0.131)	Data  0.000 ( 0.010)	Loss 3.3183e-02 (7.4240e-02)	Acc@1 100.00 ( 97.24)	Acc@5 100.00 (100.00)
Epoch: [127][ 90/115]	Time  0.130 ( 0.131)	Data  0.000 ( 0.010)	Loss 6.1252e-02 (7.6872e-02)	Acc@1  98.44 ( 97.18)	Acc@5 100.00 (100.00)
Epoch: [127][100/115]	Time  0.128 ( 0.131)	Data  0.000 ( 0.009)	Loss 8.3055e-02 (7.5875e-02)	Acc@1  95.31 ( 97.18)	Acc@5 100.00 (100.00)
Epoch: [127][110/115]	Time  0.127 ( 0.131)	Data  0.000 ( 0.009)	Loss 4.6504e-02 (7.4339e-02)	Acc@1  96.88 ( 97.23)	Acc@5 100.00 (100.00)
Test: [ 0/50]	Time  0.265 ( 0.265)	Loss 7.7364e-02 (7.7364e-02)	Acc@1  98.44 ( 98.44)	Acc@5 100.00 (100.00)
Test: [10/50]	Time  0.037 ( 0.058)	Loss 2.6468e-02 (5.0809e-02)	Acc@1  96.88 ( 98.30)	Acc@5 100.00 (100.00)
Test: [20/50]	Time  0.038 ( 0.048)	Loss 7.4674e-03 (3.3678e-02)	Acc@1 100.00 ( 98.81)	Acc@5 100.00 (100.00)
Test: [30/50]	Time  0.038 ( 0.045)	Loss 8.6892e-03 (3.1323e-02)	Acc@1 100.00 ( 98.89)	Acc@5 100.00 (100.00)
Test: [40/50]	Time  0.038 ( 0.043)	Loss 3.0270e-02 (2.7650e-02)	Acc@1  98.44 ( 99.05)	Acc@5 100.00 (100.00)
 * Acc@1 99.175 Acc@5 100.000
Epoch: [128][  0/115]	Time  0.280 ( 0.280)	Data  0.225 ( 0.225)	Loss 1.6629e-01 (1.6629e-01)	Acc@1  95.31 ( 95.31)	Acc@5 100.00 (100.00)
Epoch: [128][ 10/115]	Time  0.138 ( 0.143)	Data  0.000 ( 0.027)	Loss 1.1661e-01 (8.9716e-02)	Acc@1  96.88 ( 96.88)	Acc@5 100.00 (100.00)
Epoch: [128][ 20/115]	Time  0.127 ( 0.136)	Data  0.000 ( 0.017)	Loss 9.1541e-02 (8.0004e-02)	Acc@1  96.88 ( 96.88)	Acc@5 100.00 (100.00)
Epoch: [128][ 30/115]	Time  0.126 ( 0.134)	Data  0.000 ( 0.014)	Loss 3.7343e-02 (8.2399e-02)	Acc@1  98.44 ( 96.77)	Acc@5 100.00 (100.00)
Epoch: [128][ 40/115]	Time  0.127 ( 0.133)	Data  0.000 ( 0.012)	Loss 2.4782e-02 (8.0465e-02)	Acc@1 100.00 ( 96.72)	Acc@5 100.00 (100.00)
Epoch: [128][ 50/115]	Time  0.131 ( 0.132)	Data  0.000 ( 0.011)	Loss 8.8520e-02 (8.2920e-02)	Acc@1  95.31 ( 96.63)	Acc@5 100.00 (100.00)
Epoch: [128][ 60/115]	Time  0.129 ( 0.132)	Data  0.000 ( 0.011)	Loss 2.3750e-02 (8.1364e-02)	Acc@1 100.00 ( 96.82)	Acc@5 100.00 (100.00)
Epoch: [128][ 70/115]	Time  0.127 ( 0.132)	Data  0.000 ( 0.010)	Loss 4.8861e-02 (7.9598e-02)	Acc@1  96.88 ( 96.85)	Acc@5 100.00 (100.00)
Epoch: [128][ 80/115]	Time  0.126 ( 0.131)	Data  0.000 ( 0.010)	Loss 4.7914e-02 (7.8126e-02)	Acc@1 100.00 ( 96.88)	Acc@5 100.00 (100.00)
Epoch: [128][ 90/115]	Time  0.131 ( 0.131)	Data  0.000 ( 0.009)	Loss 4.2328e-02 (7.7219e-02)	Acc@1  98.44 ( 96.94)	Acc@5 100.00 (100.00)
Epoch: [128][100/115]	Time  0.131 ( 0.131)	Data  0.000 ( 0.009)	Loss 4.7072e-02 (7.5908e-02)	Acc@1  98.44 ( 97.00)	Acc@5 100.00 (100.00)
Epoch: [128][110/115]	Time  0.129 ( 0.131)	Data  0.000 ( 0.009)	Loss 7.5366e-02 (7.6402e-02)	Acc@1  96.88 ( 97.02)	Acc@5 100.00 (100.00)
Test: [ 0/50]	Time  0.260 ( 0.260)	Loss 6.1008e-02 (6.1008e-02)	Acc@1  98.44 ( 98.44)	Acc@5 100.00 (100.00)
Test: [10/50]	Time  0.037 ( 0.057)	Loss 1.6668e-02 (3.8767e-02)	Acc@1 100.00 ( 99.01)	Acc@5 100.00 (100.00)
Test: [20/50]	Time  0.042 ( 0.048)	Loss 4.1879e-03 (2.4626e-02)	Acc@1 100.00 ( 99.40)	Acc@5 100.00 (100.00)
Test: [30/50]	Time  0.037 ( 0.045)	Loss 1.4922e-02 (2.4436e-02)	Acc@1 100.00 ( 99.24)	Acc@5 100.00 (100.00)
Test: [40/50]	Time  0.038 ( 0.043)	Loss 4.4143e-02 (2.4606e-02)	Acc@1  98.44 ( 99.28)	Acc@5 100.00 (100.00)
 * Acc@1 99.334 Acc@5 100.000
Epoch: [129][  0/115]	Time  0.265 ( 0.265)	Data  0.210 ( 0.210)	Loss 6.7661e-02 (6.7661e-02)	Acc@1  96.88 ( 96.88)	Acc@5 100.00 (100.00)
Epoch: [129][ 10/115]	Time  0.127 ( 0.142)	Data  0.000 ( 0.026)	Loss 1.2365e-01 (6.8085e-02)	Acc@1  95.31 ( 96.88)	Acc@5 100.00 (100.00)
Epoch: [129][ 20/115]	Time  0.133 ( 0.136)	Data  0.000 ( 0.017)	Loss 7.8324e-02 (7.1747e-02)	Acc@1  96.88 ( 96.95)	Acc@5 100.00 (100.00)
Epoch: [129][ 30/115]	Time  0.130 ( 0.134)	Data  0.000 ( 0.014)	Loss 2.9443e-02 (6.7770e-02)	Acc@1  98.44 ( 97.18)	Acc@5 100.00 (100.00)
Epoch: [129][ 40/115]	Time  0.128 ( 0.133)	Data  0.000 ( 0.012)	Loss 1.1409e-01 (7.0523e-02)	Acc@1  95.31 ( 97.29)	Acc@5 100.00 (100.00)
Epoch: [129][ 50/115]	Time  0.126 ( 0.132)	Data  0.000 ( 0.011)	Loss 4.7987e-02 (6.9075e-02)	Acc@1  98.44 ( 97.30)	Acc@5 100.00 (100.00)
Epoch: [129][ 60/115]	Time  0.129 ( 0.132)	Data  0.000 ( 0.011)	Loss 1.4427e-02 (6.7721e-02)	Acc@1 100.00 ( 97.52)	Acc@5 100.00 (100.00)
Epoch: [129][ 70/115]	Time  0.129 ( 0.131)	Data  0.000 ( 0.010)	Loss 8.6435e-02 (7.1243e-02)	Acc@1  96.88 ( 97.36)	Acc@5 100.00 (100.00)
Epoch: [129][ 80/115]	Time  0.128 ( 0.131)	Data  0.000 ( 0.010)	Loss 4.1348e-02 (6.7694e-02)	Acc@1  98.44 ( 97.53)	Acc@5 100.00 (100.00)
Epoch: [129][ 90/115]	Time  0.128 ( 0.131)	Data  0.000 ( 0.009)	Loss 2.2612e-02 (6.9664e-02)	Acc@1 100.00 ( 97.49)	Acc@5 100.00 (100.00)
Epoch: [129][100/115]	Time  0.134 ( 0.131)	Data  0.000 ( 0.009)	Loss 4.1526e-02 (6.8695e-02)	Acc@1 100.00 ( 97.51)	Acc@5 100.00 (100.00)
Epoch: [129][110/115]	Time  0.130 ( 0.131)	Data  0.000 ( 0.009)	Loss 1.4823e-02 (6.9290e-02)	Acc@1 100.00 ( 97.47)	Acc@5 100.00 (100.00)
Test: [ 0/50]	Time  0.269 ( 0.269)	Loss 6.5918e-02 (6.5918e-02)	Acc@1  98.44 ( 98.44)	Acc@5 100.00 (100.00)
Test: [10/50]	Time  0.038 ( 0.058)	Loss 1.9327e-02 (4.2955e-02)	Acc@1 100.00 ( 98.86)	Acc@5 100.00 (100.00)
Test: [20/50]	Time  0.042 ( 0.049)	Loss 6.2216e-03 (2.8046e-02)	Acc@1 100.00 ( 99.11)	Acc@5 100.00 (100.00)
Test: [30/50]	Time  0.038 ( 0.046)	Loss 1.1649e-02 (2.7012e-02)	Acc@1 100.00 ( 99.09)	Acc@5 100.00 (100.00)
Test: [40/50]	Time  0.038 ( 0.044)	Loss 3.8806e-02 (2.5764e-02)	Acc@1  98.44 ( 99.16)	Acc@5 100.00 (100.00)
 * Acc@1 99.271 Acc@5 100.000
Epoch: [130][  0/115]	Time  0.260 ( 0.260)	Data  0.201 ( 0.201)	Loss 7.3419e-02 (7.3419e-02)	Acc@1  96.88 ( 96.88)	Acc@5 100.00 (100.00)
Epoch: [130][ 10/115]	Time  0.129 ( 0.140)	Data  0.000 ( 0.025)	Loss 3.5888e-02 (1.0568e-01)	Acc@1  98.44 ( 96.02)	Acc@5 100.00 (100.00)
Epoch: [130][ 20/115]	Time  0.124 ( 0.134)	Data  0.000 ( 0.016)	Loss 2.0995e-02 (8.0387e-02)	Acc@1  98.44 ( 96.95)	Acc@5 100.00 (100.00)
Epoch: [130][ 30/115]	Time  0.127 ( 0.132)	Data  0.000 ( 0.013)	Loss 9.6195e-02 (7.8118e-02)	Acc@1  95.31 ( 97.13)	Acc@5 100.00 (100.00)
Epoch: [130][ 40/115]	Time  0.127 ( 0.131)	Data  0.000 ( 0.012)	Loss 4.4469e-02 (7.5010e-02)	Acc@1  98.44 ( 97.26)	Acc@5 100.00 (100.00)
Epoch: [130][ 50/115]	Time  0.128 ( 0.131)	Data  0.000 ( 0.011)	Loss 3.7759e-02 (7.5757e-02)	Acc@1  98.44 ( 97.12)	Acc@5 100.00 (100.00)
Epoch: [130][ 60/115]	Time  0.124 ( 0.130)	Data  0.000 ( 0.010)	Loss 8.1172e-02 (7.3023e-02)	Acc@1  96.88 ( 97.28)	Acc@5 100.00 (100.00)
Epoch: [130][ 70/115]	Time  0.133 ( 0.130)	Data  0.000 ( 0.010)	Loss 1.6607e-01 (7.7788e-02)	Acc@1  95.31 ( 97.14)	Acc@5 100.00 (100.00)
Epoch: [130][ 80/115]	Time  0.130 ( 0.130)	Data  0.000 ( 0.009)	Loss 5.5966e-02 (7.7269e-02)	Acc@1  98.44 ( 97.15)	Acc@5 100.00 (100.00)
Epoch: [130][ 90/115]	Time  0.129 ( 0.130)	Data  0.000 ( 0.009)	Loss 8.2026e-02 (7.4434e-02)	Acc@1  96.88 ( 97.32)	Acc@5 100.00 (100.00)
Epoch: [130][100/115]	Time  0.128 ( 0.130)	Data  0.000 ( 0.009)	Loss 3.9737e-02 (7.4360e-02)	Acc@1  98.44 ( 97.34)	Acc@5 100.00 (100.00)
Epoch: [130][110/115]	Time  0.131 ( 0.130)	Data  0.000 ( 0.009)	Loss 4.6333e-02 (7.4678e-02)	Acc@1  96.88 ( 97.28)	Acc@5 100.00 (100.00)
Test: [ 0/50]	Time  0.255 ( 0.255)	Loss 6.8022e-02 (6.8022e-02)	Acc@1  98.44 ( 98.44)	Acc@5 100.00 (100.00)
Test: [10/50]	Time  0.037 ( 0.057)	Loss 2.1519e-02 (4.4370e-02)	Acc@1  98.44 ( 98.72)	Acc@5 100.00 (100.00)
Test: [20/50]	Time  0.038 ( 0.048)	Loss 5.5917e-03 (2.8909e-02)	Acc@1 100.00 ( 99.11)	Acc@5 100.00 (100.00)
Test: [30/50]	Time  0.038 ( 0.045)	Loss 1.1155e-02 (2.7623e-02)	Acc@1 100.00 ( 99.09)	Acc@5 100.00 (100.00)
Test: [40/50]	Time  0.038 ( 0.043)	Loss 3.8509e-02 (2.6026e-02)	Acc@1  98.44 ( 99.20)	Acc@5 100.00 (100.00)
 * Acc@1 99.302 Acc@5 100.000
Epoch: [131][  0/115]	Time  0.278 ( 0.278)	Data  0.217 ( 0.217)	Loss 8.1644e-02 (8.1644e-02)	Acc@1  96.88 ( 96.88)	Acc@5 100.00 (100.00)
Epoch: [131][ 10/115]	Time  0.129 ( 0.142)	Data  0.000 ( 0.026)	Loss 1.9905e-02 (8.2730e-02)	Acc@1 100.00 ( 96.88)	Acc@5 100.00 (100.00)
Epoch: [131][ 20/115]	Time  0.129 ( 0.136)	Data  0.000 ( 0.017)	Loss 9.0372e-02 (6.5567e-02)	Acc@1  96.88 ( 97.77)	Acc@5 100.00 (100.00)
Epoch: [131][ 30/115]	Time  0.124 ( 0.134)	Data  0.000 ( 0.014)	Loss 2.0518e-02 (6.4004e-02)	Acc@1 100.00 ( 97.78)	Acc@5 100.00 (100.00)
Epoch: [131][ 40/115]	Time  0.133 ( 0.133)	Data  0.000 ( 0.012)	Loss 8.6219e-03 (6.4935e-02)	Acc@1 100.00 ( 97.75)	Acc@5 100.00 (100.00)
Epoch: [131][ 50/115]	Time  0.128 ( 0.132)	Data  0.000 ( 0.011)	Loss 5.5716e-02 (6.4655e-02)	Acc@1  96.88 ( 97.70)	Acc@5 100.00 (100.00)
Epoch: [131][ 60/115]	Time  0.137 ( 0.132)	Data  0.000 ( 0.011)	Loss 7.3132e-02 (6.7304e-02)	Acc@1  96.88 ( 97.49)	Acc@5 100.00 (100.00)
Epoch: [131][ 70/115]	Time  0.127 ( 0.131)	Data  0.000 ( 0.010)	Loss 1.8991e-01 (6.9923e-02)	Acc@1  93.75 ( 97.40)	Acc@5 100.00 (100.00)
Epoch: [131][ 80/115]	Time  0.135 ( 0.131)	Data  0.000 ( 0.010)	Loss 4.5377e-02 (7.2926e-02)	Acc@1  98.44 ( 97.22)	Acc@5 100.00 (100.00)
Epoch: [131][ 90/115]	Time  0.130 ( 0.131)	Data  0.000 ( 0.009)	Loss 2.2061e-02 (7.1965e-02)	Acc@1 100.00 ( 97.24)	Acc@5 100.00 (100.00)
Epoch: [131][100/115]	Time  0.129 ( 0.131)	Data  0.000 ( 0.009)	Loss 9.2955e-02 (7.3378e-02)	Acc@1  98.44 ( 97.22)	Acc@5 100.00 (100.00)
Epoch: [131][110/115]	Time  0.128 ( 0.130)	Data  0.000 ( 0.009)	Loss 4.5757e-02 (7.1018e-02)	Acc@1  98.44 ( 97.31)	Acc@5 100.00 (100.00)
Test: [ 0/50]	Time  0.258 ( 0.258)	Loss 7.5825e-02 (7.5825e-02)	Acc@1  98.44 ( 98.44)	Acc@5 100.00 (100.00)
Test: [10/50]	Time  0.036 ( 0.056)	Loss 2.8030e-02 (5.0998e-02)	Acc@1  96.88 ( 98.44)	Acc@5 100.00 (100.00)
Test: [20/50]	Time  0.038 ( 0.048)	Loss 7.5012e-03 (3.4001e-02)	Acc@1 100.00 ( 98.88)	Acc@5 100.00 (100.00)
Test: [30/50]	Time  0.038 ( 0.045)	Loss 8.8767e-03 (3.1683e-02)	Acc@1 100.00 ( 98.94)	Acc@5 100.00 (100.00)
Test: [40/50]	Time  0.038 ( 0.043)	Loss 3.2349e-02 (2.7889e-02)	Acc@1  98.44 ( 99.09)	Acc@5 100.00 (100.00)
 * Acc@1 99.207 Acc@5 100.000
Epoch: [132][  0/115]	Time  0.257 ( 0.257)	Data  0.202 ( 0.202)	Loss 1.0511e-01 (1.0511e-01)	Acc@1  95.31 ( 95.31)	Acc@5 100.00 (100.00)
Epoch: [132][ 10/115]	Time  0.130 ( 0.140)	Data  0.000 ( 0.025)	Loss 5.2428e-02 (8.7059e-02)	Acc@1  98.44 ( 96.31)	Acc@5 100.00 (100.00)
Epoch: [132][ 20/115]	Time  0.130 ( 0.135)	Data  0.000 ( 0.016)	Loss 1.2131e-02 (9.0795e-02)	Acc@1 100.00 ( 96.13)	Acc@5 100.00 (100.00)
Epoch: [132][ 30/115]	Time  0.131 ( 0.133)	Data  0.000 ( 0.013)	Loss 3.6244e-02 (7.5752e-02)	Acc@1  98.44 ( 96.82)	Acc@5 100.00 (100.00)
Epoch: [132][ 40/115]	Time  0.134 ( 0.132)	Data  0.000 ( 0.012)	Loss 6.7197e-02 (7.1807e-02)	Acc@1  98.44 ( 97.03)	Acc@5 100.00 (100.00)
Epoch: [132][ 50/115]	Time  0.130 ( 0.131)	Data  0.000 ( 0.011)	Loss 3.4024e-02 (6.7307e-02)	Acc@1 100.00 ( 97.37)	Acc@5 100.00 (100.00)
Epoch: [132][ 60/115]	Time  0.129 ( 0.131)	Data  0.000 ( 0.010)	Loss 5.8991e-02 (6.5133e-02)	Acc@1  96.88 ( 97.46)	Acc@5 100.00 (100.00)
Epoch: [132][ 70/115]	Time  0.128 ( 0.130)	Data  0.000 ( 0.010)	Loss 8.2175e-02 (6.5649e-02)	Acc@1  96.88 ( 97.40)	Acc@5 100.00 (100.00)
Epoch: [132][ 80/115]	Time  0.126 ( 0.130)	Data  0.000 ( 0.009)	Loss 3.5817e-02 (6.4535e-02)	Acc@1  98.44 ( 97.47)	Acc@5 100.00 (100.00)
Epoch: [132][ 90/115]	Time  0.134 ( 0.130)	Data  0.000 ( 0.009)	Loss 9.2898e-02 (6.5109e-02)	Acc@1  96.88 ( 97.42)	Acc@5 100.00 (100.00)
Epoch: [132][100/115]	Time  0.129 ( 0.130)	Data  0.000 ( 0.009)	Loss 1.1634e-01 (6.5623e-02)	Acc@1  93.75 ( 97.42)	Acc@5 100.00 (100.00)
Epoch: [132][110/115]	Time  0.129 ( 0.130)	Data  0.000 ( 0.009)	Loss 6.2061e-02 (6.6241e-02)	Acc@1  95.31 ( 97.40)	Acc@5 100.00 (100.00)
Test: [ 0/50]	Time  0.256 ( 0.256)	Loss 7.2522e-02 (7.2522e-02)	Acc@1  98.44 ( 98.44)	Acc@5 100.00 (100.00)
Test: [10/50]	Time  0.038 ( 0.056)	Loss 2.5321e-02 (4.8414e-02)	Acc@1  96.88 ( 98.44)	Acc@5 100.00 (100.00)
Test: [20/50]	Time  0.047 ( 0.048)	Loss 7.4742e-03 (3.2005e-02)	Acc@1 100.00 ( 98.88)	Acc@5 100.00 (100.00)
Test: [30/50]	Time  0.038 ( 0.045)	Loss 9.4039e-03 (3.0040e-02)	Acc@1 100.00 ( 98.94)	Acc@5 100.00 (100.00)
Test: [40/50]	Time  0.038 ( 0.043)	Loss 3.2317e-02 (2.7033e-02)	Acc@1  98.44 ( 99.09)	Acc@5 100.00 (100.00)
 * Acc@1 99.207 Acc@5 100.000
Epoch: [133][  0/115]	Time  0.265 ( 0.265)	Data  0.210 ( 0.210)	Loss 6.0325e-02 (6.0325e-02)	Acc@1  96.88 ( 96.88)	Acc@5 100.00 (100.00)
Epoch: [133][ 10/115]	Time  0.126 ( 0.141)	Data  0.000 ( 0.026)	Loss 4.4231e-02 (6.4146e-02)	Acc@1  98.44 ( 97.59)	Acc@5 100.00 (100.00)
Epoch: [133][ 20/115]	Time  0.132 ( 0.136)	Data  0.000 ( 0.017)	Loss 6.7940e-02 (6.9746e-02)	Acc@1  96.88 ( 97.17)	Acc@5 100.00 (100.00)
Epoch: [133][ 30/115]	Time  0.129 ( 0.134)	Data  0.000 ( 0.014)	Loss 9.2599e-02 (6.9419e-02)	Acc@1  98.44 ( 97.48)	Acc@5 100.00 (100.00)
Epoch: [133][ 40/115]	Time  0.122 ( 0.133)	Data  0.000 ( 0.012)	Loss 5.1727e-02 (6.3361e-02)	Acc@1  98.44 ( 97.79)	Acc@5 100.00 (100.00)
Epoch: [133][ 50/115]	Time  0.128 ( 0.132)	Data  0.000 ( 0.011)	Loss 5.6835e-02 (6.5415e-02)	Acc@1  98.44 ( 97.67)	Acc@5 100.00 (100.00)
Epoch: [133][ 60/115]	Time  0.125 ( 0.132)	Data  0.000 ( 0.011)	Loss 1.1419e-01 (6.9096e-02)	Acc@1  93.75 ( 97.41)	Acc@5 100.00 (100.00)
Epoch: [133][ 70/115]	Time  0.126 ( 0.131)	Data  0.000 ( 0.010)	Loss 1.5387e-02 (6.7530e-02)	Acc@1 100.00 ( 97.56)	Acc@5 100.00 (100.00)
Epoch: [133][ 80/115]	Time  0.128 ( 0.131)	Data  0.000 ( 0.010)	Loss 2.5499e-02 (6.9317e-02)	Acc@1 100.00 ( 97.43)	Acc@5 100.00 (100.00)
Epoch: [133][ 90/115]	Time  0.130 ( 0.131)	Data  0.000 ( 0.009)	Loss 7.0303e-02 (6.8465e-02)	Acc@1  96.88 ( 97.41)	Acc@5 100.00 (100.00)
Epoch: [133][100/115]	Time  0.129 ( 0.131)	Data  0.000 ( 0.009)	Loss 6.7695e-02 (6.8505e-02)	Acc@1  96.88 ( 97.43)	Acc@5 100.00 (100.00)
Epoch: [133][110/115]	Time  0.130 ( 0.131)	Data  0.000 ( 0.009)	Loss 8.9496e-02 (6.7954e-02)	Acc@1  96.88 ( 97.49)	Acc@5 100.00 (100.00)
Test: [ 0/50]	Time  0.259 ( 0.259)	Loss 7.4237e-02 (7.4237e-02)	Acc@1  98.44 ( 98.44)	Acc@5 100.00 (100.00)
Test: [10/50]	Time  0.037 ( 0.057)	Loss 2.5838e-02 (5.1285e-02)	Acc@1  96.88 ( 98.44)	Acc@5 100.00 (100.00)
Test: [20/50]	Time  0.038 ( 0.048)	Loss 7.3200e-03 (3.4076e-02)	Acc@1 100.00 ( 98.88)	Acc@5 100.00 (100.00)
Test: [30/50]	Time  0.038 ( 0.045)	Loss 8.9952e-03 (3.1762e-02)	Acc@1 100.00 ( 98.94)	Acc@5 100.00 (100.00)
Test: [40/50]	Time  0.050 ( 0.044)	Loss 3.1003e-02 (2.7853e-02)	Acc@1  98.44 ( 99.12)	Acc@5 100.00 (100.00)
 * Acc@1 99.239 Acc@5 100.000
Epoch: [134][  0/115]	Time  0.304 ( 0.304)	Data  0.248 ( 0.248)	Loss 1.1355e-01 (1.1355e-01)	Acc@1  96.88 ( 96.88)	Acc@5 100.00 (100.00)
Epoch: [134][ 10/115]	Time  0.129 ( 0.145)	Data  0.000 ( 0.029)	Loss 1.0646e-01 (7.7801e-02)	Acc@1  95.31 ( 97.16)	Acc@5 100.00 (100.00)
Epoch: [134][ 20/115]	Time  0.126 ( 0.137)	Data  0.000 ( 0.019)	Loss 4.7686e-02 (7.9739e-02)	Acc@1  98.44 ( 97.17)	Acc@5 100.00 (100.00)
Epoch: [134][ 30/115]	Time  0.131 ( 0.135)	Data  0.000 ( 0.015)	Loss 1.4680e-01 (7.5641e-02)	Acc@1  96.88 ( 97.23)	Acc@5 100.00 (100.00)
Epoch: [134][ 40/115]	Time  0.128 ( 0.133)	Data  0.000 ( 0.013)	Loss 1.4407e-02 (7.3906e-02)	Acc@1 100.00 ( 97.26)	Acc@5 100.00 (100.00)
Epoch: [134][ 50/115]	Time  0.132 ( 0.133)	Data  0.000 ( 0.012)	Loss 1.7747e-01 (7.4022e-02)	Acc@1  93.75 ( 97.15)	Acc@5 100.00 (100.00)
Epoch: [134][ 60/115]	Time  0.136 ( 0.132)	Data  0.000 ( 0.011)	Loss 4.1180e-02 (7.0752e-02)	Acc@1  98.44 ( 97.23)	Acc@5 100.00 (100.00)
Epoch: [134][ 70/115]	Time  0.131 ( 0.132)	Data  0.000 ( 0.010)	Loss 1.9228e-01 (7.2913e-02)	Acc@1  93.75 ( 97.18)	Acc@5 100.00 (100.00)
Epoch: [134][ 80/115]	Time  0.130 ( 0.131)	Data  0.000 ( 0.010)	Loss 6.2557e-02 (7.5781e-02)	Acc@1  98.44 ( 97.09)	Acc@5 100.00 (100.00)
Epoch: [134][ 90/115]	Time  0.129 ( 0.131)	Data  0.000 ( 0.010)	Loss 5.8013e-02 (7.4029e-02)	Acc@1  98.44 ( 97.18)	Acc@5 100.00 (100.00)
Epoch: [134][100/115]	Time  0.133 ( 0.131)	Data  0.000 ( 0.009)	Loss 2.5360e-02 (7.3195e-02)	Acc@1 100.00 ( 97.23)	Acc@5 100.00 (100.00)
Epoch: [134][110/115]	Time  0.130 ( 0.130)	Data  0.000 ( 0.009)	Loss 6.2647e-02 (7.2496e-02)	Acc@1  98.44 ( 97.24)	Acc@5 100.00 (100.00)
Test: [ 0/50]	Time  0.258 ( 0.258)	Loss 6.0363e-02 (6.0363e-02)	Acc@1  98.44 ( 98.44)	Acc@5 100.00 (100.00)
Test: [10/50]	Time  0.037 ( 0.057)	Loss 1.8129e-02 (4.0939e-02)	Acc@1 100.00 ( 98.86)	Acc@5 100.00 (100.00)
Test: [20/50]	Time  0.038 ( 0.048)	Loss 4.8613e-03 (2.6312e-02)	Acc@1 100.00 ( 99.18)	Acc@5 100.00 (100.00)
Test: [30/50]	Time  0.038 ( 0.045)	Loss 1.3197e-02 (2.5738e-02)	Acc@1 100.00 ( 99.09)	Acc@5 100.00 (100.00)
Test: [40/50]	Time  0.038 ( 0.043)	Loss 3.9208e-02 (2.5295e-02)	Acc@1  98.44 ( 99.16)	Acc@5 100.00 (100.00)
 * Acc@1 99.239 Acc@5 100.000
Epoch: [135][  0/115]	Time  0.294 ( 0.294)	Data  0.239 ( 0.239)	Loss 2.8151e-02 (2.8151e-02)	Acc@1  98.44 ( 98.44)	Acc@5 100.00 (100.00)
Epoch: [135][ 10/115]	Time  0.131 ( 0.144)	Data  0.000 ( 0.029)	Loss 5.8875e-02 (6.9837e-02)	Acc@1  96.88 ( 97.16)	Acc@5 100.00 (100.00)
Epoch: [135][ 20/115]	Time  0.131 ( 0.137)	Data  0.000 ( 0.018)	Loss 7.7902e-02 (7.0372e-02)	Acc@1  96.88 ( 97.47)	Acc@5 100.00 (100.00)
Epoch: [135][ 30/115]	Time  0.129 ( 0.135)	Data  0.000 ( 0.015)	Loss 1.0877e-01 (7.1304e-02)	Acc@1  98.44 ( 97.53)	Acc@5 100.00 (100.00)
Epoch: [135][ 40/115]	Time  0.132 ( 0.134)	Data  0.000 ( 0.013)	Loss 3.1824e-02 (6.8582e-02)	Acc@1 100.00 ( 97.64)	Acc@5 100.00 (100.00)
Epoch: [135][ 50/115]	Time  0.130 ( 0.133)	Data  0.000 ( 0.012)	Loss 3.4986e-02 (6.9871e-02)	Acc@1 100.00 ( 97.67)	Acc@5 100.00 (100.00)
Epoch: [135][ 60/115]	Time  0.130 ( 0.132)	Data  0.000 ( 0.011)	Loss 5.3919e-02 (7.0745e-02)	Acc@1  98.44 ( 97.62)	Acc@5 100.00 (100.00)
Epoch: [135][ 70/115]	Time  0.125 ( 0.132)	Data  0.000 ( 0.010)	Loss 1.8007e-02 (7.0242e-02)	Acc@1 100.00 ( 97.49)	Acc@5 100.00 (100.00)
Epoch: [135][ 80/115]	Time  0.131 ( 0.132)	Data  0.000 ( 0.010)	Loss 9.2854e-02 (6.9007e-02)	Acc@1  95.31 ( 97.57)	Acc@5 100.00 (100.00)
Epoch: [135][ 90/115]	Time  0.130 ( 0.131)	Data  0.000 ( 0.010)	Loss 1.4062e-01 (7.0590e-02)	Acc@1  93.75 ( 97.42)	Acc@5 100.00 (100.00)
Epoch: [135][100/115]	Time  0.130 ( 0.131)	Data  0.000 ( 0.009)	Loss 8.4011e-02 (7.1025e-02)	Acc@1  98.44 ( 97.42)	Acc@5 100.00 (100.00)
Epoch: [135][110/115]	Time  0.127 ( 0.131)	Data  0.000 ( 0.009)	Loss 4.5590e-02 (7.0249e-02)	Acc@1  96.88 ( 97.41)	Acc@5 100.00 (100.00)
Test: [ 0/50]	Time  0.266 ( 0.266)	Loss 7.5237e-02 (7.5237e-02)	Acc@1  98.44 ( 98.44)	Acc@5 100.00 (100.00)
Test: [10/50]	Time  0.037 ( 0.058)	Loss 2.7559e-02 (4.9647e-02)	Acc@1  96.88 ( 98.30)	Acc@5 100.00 (100.00)
Test: [20/50]	Time  0.038 ( 0.048)	Loss 6.8516e-03 (3.2735e-02)	Acc@1 100.00 ( 98.81)	Acc@5 100.00 (100.00)
Test: [30/50]	Time  0.038 ( 0.045)	Loss 9.4525e-03 (3.0822e-02)	Acc@1 100.00 ( 98.89)	Acc@5 100.00 (100.00)
Test: [40/50]	Time  0.038 ( 0.043)	Loss 3.3135e-02 (2.7436e-02)	Acc@1  98.44 ( 99.05)	Acc@5 100.00 (100.00)
 * Acc@1 99.175 Acc@5 100.000
Epoch: [136][  0/115]	Time  0.265 ( 0.265)	Data  0.210 ( 0.210)	Loss 1.1676e-01 (1.1676e-01)	Acc@1  95.31 ( 95.31)	Acc@5 100.00 (100.00)
Epoch: [136][ 10/115]	Time  0.134 ( 0.142)	Data  0.000 ( 0.026)	Loss 8.9474e-02 (7.4054e-02)	Acc@1  96.88 ( 98.01)	Acc@5 100.00 (100.00)
Epoch: [136][ 20/115]	Time  0.130 ( 0.136)	Data  0.000 ( 0.017)	Loss 3.3894e-02 (6.5528e-02)	Acc@1  98.44 ( 97.99)	Acc@5 100.00 (100.00)
Epoch: [136][ 30/115]	Time  0.129 ( 0.134)	Data  0.000 ( 0.014)	Loss 1.2178e-01 (7.3243e-02)	Acc@1  95.31 ( 97.53)	Acc@5 100.00 (100.00)
Epoch: [136][ 40/115]	Time  0.131 ( 0.133)	Data  0.000 ( 0.012)	Loss 5.8784e-02 (6.8661e-02)	Acc@1  98.44 ( 97.64)	Acc@5 100.00 (100.00)
Epoch: [136][ 50/115]	Time  0.134 ( 0.132)	Data  0.000 ( 0.011)	Loss 1.4193e-01 (7.2438e-02)	Acc@1  95.31 ( 97.46)	Acc@5 100.00 (100.00)
Epoch: [136][ 60/115]	Time  0.130 ( 0.132)	Data  0.000 ( 0.010)	Loss 1.1384e-01 (7.5258e-02)	Acc@1  96.88 ( 97.39)	Acc@5 100.00 (100.00)
Epoch: [136][ 70/115]	Time  0.130 ( 0.131)	Data  0.000 ( 0.010)	Loss 1.9040e-02 (7.2443e-02)	Acc@1 100.00 ( 97.49)	Acc@5 100.00 (100.00)
Epoch: [136][ 80/115]	Time  0.134 ( 0.131)	Data  0.000 ( 0.010)	Loss 7.4601e-02 (7.2199e-02)	Acc@1  96.88 ( 97.53)	Acc@5 100.00 (100.00)
Epoch: [136][ 90/115]	Time  0.129 ( 0.131)	Data  0.000 ( 0.009)	Loss 5.1012e-02 (6.9569e-02)	Acc@1  96.88 ( 97.53)	Acc@5 100.00 (100.00)
Epoch: [136][100/115]	Time  0.124 ( 0.131)	Data  0.000 ( 0.009)	Loss 4.2199e-02 (6.9546e-02)	Acc@1  98.44 ( 97.54)	Acc@5 100.00 (100.00)
Epoch: [136][110/115]	Time  0.131 ( 0.131)	Data  0.000 ( 0.009)	Loss 8.8836e-03 (7.1062e-02)	Acc@1 100.00 ( 97.52)	Acc@5 100.00 (100.00)
Test: [ 0/50]	Time  0.294 ( 0.294)	Loss 6.7428e-02 (6.7428e-02)	Acc@1  98.44 ( 98.44)	Acc@5 100.00 (100.00)
Test: [10/50]	Time  0.037 ( 0.061)	Loss 2.1791e-02 (4.3167e-02)	Acc@1  98.44 ( 98.72)	Acc@5 100.00 (100.00)
Test: [20/50]	Time  0.038 ( 0.050)	Loss 5.5072e-03 (2.7970e-02)	Acc@1 100.00 ( 99.11)	Acc@5 100.00 (100.00)
Test: [30/50]	Time  0.037 ( 0.046)	Loss 1.1627e-02 (2.7052e-02)	Acc@1 100.00 ( 99.09)	Acc@5 100.00 (100.00)
Test: [40/50]	Time  0.041 ( 0.044)	Loss 3.6947e-02 (2.5671e-02)	Acc@1  98.44 ( 99.16)	Acc@5 100.00 (100.00)
 * Acc@1 99.271 Acc@5 100.000
Epoch: [137][  0/115]	Time  0.264 ( 0.264)	Data  0.211 ( 0.211)	Loss 4.7202e-02 (4.7202e-02)	Acc@1  98.44 ( 98.44)	Acc@5 100.00 (100.00)
Epoch: [137][ 10/115]	Time  0.129 ( 0.141)	Data  0.000 ( 0.026)	Loss 9.5667e-02 (7.1936e-02)	Acc@1  96.88 ( 97.02)	Acc@5 100.00 (100.00)
Epoch: [137][ 20/115]	Time  0.129 ( 0.135)	Data  0.000 ( 0.017)	Loss 1.8154e-02 (6.7934e-02)	Acc@1 100.00 ( 97.40)	Acc@5 100.00 (100.00)
Epoch: [137][ 30/115]	Time  0.129 ( 0.133)	Data  0.000 ( 0.014)	Loss 5.3012e-02 (7.3048e-02)	Acc@1  98.44 ( 97.33)	Acc@5 100.00 (100.00)
Epoch: [137][ 40/115]	Time  0.132 ( 0.132)	Data  0.000 ( 0.012)	Loss 5.0872e-02 (6.9892e-02)	Acc@1  98.44 ( 97.52)	Acc@5 100.00 (100.00)
Epoch: [137][ 50/115]	Time  0.127 ( 0.132)	Data  0.000 ( 0.011)	Loss 2.5926e-02 (7.2616e-02)	Acc@1 100.00 ( 97.40)	Acc@5 100.00 (100.00)
Epoch: [137][ 60/115]	Time  0.130 ( 0.131)	Data  0.000 ( 0.010)	Loss 6.7101e-02 (7.2849e-02)	Acc@1  96.88 ( 97.34)	Acc@5 100.00 (100.00)
Epoch: [137][ 70/115]	Time  0.128 ( 0.131)	Data  0.000 ( 0.010)	Loss 5.7991e-02 (7.5881e-02)	Acc@1  96.88 ( 97.25)	Acc@5 100.00 (100.00)
Epoch: [137][ 80/115]	Time  0.124 ( 0.131)	Data  0.000 ( 0.010)	Loss 1.1437e-01 (7.5689e-02)	Acc@1  95.31 ( 97.26)	Acc@5 100.00 (100.00)
Epoch: [137][ 90/115]	Time  0.122 ( 0.130)	Data  0.000 ( 0.009)	Loss 4.3366e-02 (7.6891e-02)	Acc@1 100.00 ( 97.22)	Acc@5 100.00 (100.00)
Epoch: [137][100/115]	Time  0.130 ( 0.130)	Data  0.000 ( 0.009)	Loss 2.5041e-02 (7.4329e-02)	Acc@1 100.00 ( 97.31)	Acc@5 100.00 (100.00)
Epoch: [137][110/115]	Time  0.130 ( 0.130)	Data  0.000 ( 0.009)	Loss 3.7615e-02 (7.2631e-02)	Acc@1 100.00 ( 97.37)	Acc@5 100.00 (100.00)
Test: [ 0/50]	Time  0.262 ( 0.262)	Loss 7.1129e-02 (7.1129e-02)	Acc@1  98.44 ( 98.44)	Acc@5 100.00 (100.00)
Test: [10/50]	Time  0.037 ( 0.057)	Loss 2.6305e-02 (4.9707e-02)	Acc@1  96.88 ( 98.44)	Acc@5 100.00 (100.00)
Test: [20/50]	Time  0.042 ( 0.048)	Loss 8.4872e-03 (3.3240e-02)	Acc@1 100.00 ( 98.88)	Acc@5 100.00 (100.00)
Test: [30/50]	Time  0.038 ( 0.045)	Loss 9.3993e-03 (3.1223e-02)	Acc@1 100.00 ( 98.94)	Acc@5 100.00 (100.00)
Test: [40/50]	Time  0.038 ( 0.043)	Loss 3.1557e-02 (2.7857e-02)	Acc@1  98.44 ( 99.09)	Acc@5 100.00 (100.00)
 * Acc@1 99.207 Acc@5 100.000
Epoch: [138][  0/115]	Time  0.282 ( 0.282)	Data  0.220 ( 0.220)	Loss 1.6567e-01 (1.6567e-01)	Acc@1  95.31 ( 95.31)	Acc@5 100.00 (100.00)
Epoch: [138][ 10/115]	Time  0.132 ( 0.142)	Data  0.000 ( 0.026)	Loss 5.1929e-02 (7.4424e-02)	Acc@1  98.44 ( 97.73)	Acc@5 100.00 (100.00)
Epoch: [138][ 20/115]	Time  0.122 ( 0.136)	Data  0.000 ( 0.017)	Loss 7.0905e-02 (7.1444e-02)	Acc@1  96.88 ( 97.77)	Acc@5 100.00 (100.00)
Epoch: [138][ 30/115]	Time  0.131 ( 0.134)	Data  0.000 ( 0.014)	Loss 8.7042e-02 (7.3078e-02)	Acc@1  96.88 ( 97.53)	Acc@5 100.00 (100.00)
Epoch: [138][ 40/115]	Time  0.117 ( 0.133)	Data  0.000 ( 0.012)	Loss 6.9834e-02 (6.9701e-02)	Acc@1  98.44 ( 97.68)	Acc@5 100.00 (100.00)
Epoch: [138][ 50/115]	Time  0.129 ( 0.132)	Data  0.000 ( 0.011)	Loss 6.1848e-02 (6.7684e-02)	Acc@1  98.44 ( 97.70)	Acc@5 100.00 (100.00)
Epoch: [138][ 60/115]	Time  0.130 ( 0.132)	Data  0.000 ( 0.011)	Loss 2.5350e-02 (6.7392e-02)	Acc@1 100.00 ( 97.62)	Acc@5 100.00 (100.00)
Epoch: [138][ 70/115]	Time  0.128 ( 0.131)	Data  0.000 ( 0.010)	Loss 3.3929e-02 (6.6852e-02)	Acc@1  98.44 ( 97.67)	Acc@5 100.00 (100.00)
Epoch: [138][ 80/115]	Time  0.131 ( 0.131)	Data  0.000 ( 0.010)	Loss 1.6799e-02 (6.7765e-02)	Acc@1 100.00 ( 97.67)	Acc@5 100.00 (100.00)
Epoch: [138][ 90/115]	Time  0.126 ( 0.131)	Data  0.000 ( 0.009)	Loss 4.4210e-02 (6.6961e-02)	Acc@1  98.44 ( 97.68)	Acc@5 100.00 (100.00)
Epoch: [138][100/115]	Time  0.127 ( 0.131)	Data  0.000 ( 0.009)	Loss 3.2269e-02 (6.5728e-02)	Acc@1  96.88 ( 97.76)	Acc@5 100.00 (100.00)
Epoch: [138][110/115]	Time  0.137 ( 0.131)	Data  0.000 ( 0.009)	Loss 5.6099e-02 (6.6567e-02)	Acc@1  98.44 ( 97.71)	Acc@5 100.00 (100.00)
Test: [ 0/50]	Time  0.257 ( 0.257)	Loss 6.6422e-02 (6.6422e-02)	Acc@1  98.44 ( 98.44)	Acc@5 100.00 (100.00)
Test: [10/50]	Time  0.037 ( 0.057)	Loss 2.2001e-02 (4.3639e-02)	Acc@1  98.44 ( 98.72)	Acc@5 100.00 (100.00)
Test: [20/50]	Time  0.038 ( 0.048)	Loss 4.5312e-03 (2.8074e-02)	Acc@1 100.00 ( 99.11)	Acc@5 100.00 (100.00)
Test: [30/50]	Time  0.038 ( 0.045)	Loss 1.2022e-02 (2.7112e-02)	Acc@1 100.00 ( 99.09)	Acc@5 100.00 (100.00)
Test: [40/50]	Time  0.038 ( 0.043)	Loss 3.7601e-02 (2.5712e-02)	Acc@1  98.44 ( 99.20)	Acc@5 100.00 (100.00)
 * Acc@1 99.302 Acc@5 100.000
Epoch: [139][  0/115]	Time  0.274 ( 0.274)	Data  0.219 ( 0.219)	Loss 1.7596e-02 (1.7596e-02)	Acc@1 100.00 (100.00)	Acc@5 100.00 (100.00)
Epoch: [139][ 10/115]	Time  0.129 ( 0.141)	Data  0.000 ( 0.027)	Loss 5.7687e-02 (7.5584e-02)	Acc@1  96.88 ( 97.73)	Acc@5 100.00 (100.00)
Epoch: [139][ 20/115]	Time  0.131 ( 0.135)	Data  0.000 ( 0.017)	Loss 5.2404e-02 (7.0374e-02)	Acc@1  98.44 ( 97.54)	Acc@5 100.00 (100.00)
Epoch: [139][ 30/115]	Time  0.128 ( 0.133)	Data  0.000 ( 0.014)	Loss 1.1491e-01 (7.3378e-02)	Acc@1  96.88 ( 97.58)	Acc@5 100.00 (100.00)
Epoch: [139][ 40/115]	Time  0.128 ( 0.132)	Data  0.000 ( 0.012)	Loss 8.2662e-02 (6.9761e-02)	Acc@1  98.44 ( 97.64)	Acc@5 100.00 (100.00)
Epoch: [139][ 50/115]	Time  0.130 ( 0.131)	Data  0.000 ( 0.011)	Loss 1.7577e-01 (7.3772e-02)	Acc@1  95.31 ( 97.55)	Acc@5 100.00 (100.00)
Epoch: [139][ 60/115]	Time  0.129 ( 0.131)	Data  0.000 ( 0.011)	Loss 1.1665e-01 (7.9628e-02)	Acc@1  93.75 ( 97.39)	Acc@5 100.00 (100.00)
Epoch: [139][ 70/115]	Time  0.123 ( 0.130)	Data  0.000 ( 0.010)	Loss 3.0202e-02 (7.7765e-02)	Acc@1 100.00 ( 97.45)	Acc@5 100.00 (100.00)
Epoch: [139][ 80/115]	Time  0.133 ( 0.130)	Data  0.000 ( 0.010)	Loss 1.2473e-01 (7.6646e-02)	Acc@1  95.31 ( 97.42)	Acc@5 100.00 (100.00)
Epoch: [139][ 90/115]	Time  0.132 ( 0.130)	Data  0.000 ( 0.009)	Loss 1.0853e-01 (7.5144e-02)	Acc@1  98.44 ( 97.39)	Acc@5 100.00 (100.00)
Epoch: [139][100/115]	Time  0.127 ( 0.130)	Data  0.000 ( 0.009)	Loss 9.9743e-02 (7.5564e-02)	Acc@1  96.88 ( 97.37)	Acc@5 100.00 (100.00)
Epoch: [139][110/115]	Time  0.126 ( 0.130)	Data  0.000 ( 0.009)	Loss 2.6761e-02 (7.4595e-02)	Acc@1 100.00 ( 97.37)	Acc@5 100.00 (100.00)
Test: [ 0/50]	Time  0.257 ( 0.257)	Loss 7.0339e-02 (7.0339e-02)	Acc@1  98.44 ( 98.44)	Acc@5 100.00 (100.00)
Test: [10/50]	Time  0.037 ( 0.056)	Loss 2.3057e-02 (4.9817e-02)	Acc@1  96.88 ( 98.44)	Acc@5 100.00 (100.00)
Test: [20/50]	Time  0.041 ( 0.048)	Loss 7.3565e-03 (3.3150e-02)	Acc@1 100.00 ( 98.88)	Acc@5 100.00 (100.00)
Test: [30/50]	Time  0.038 ( 0.045)	Loss 9.3989e-03 (3.0909e-02)	Acc@1 100.00 ( 98.94)	Acc@5 100.00 (100.00)
Test: [40/50]	Time  0.038 ( 0.043)	Loss 3.1594e-02 (2.7266e-02)	Acc@1  98.44 ( 99.12)	Acc@5 100.00 (100.00)
 * Acc@1 99.239 Acc@5 100.000
Epoch: [140][  0/115]	Time  0.277 ( 0.277)	Data  0.221 ( 0.221)	Loss 1.3403e-01 (1.3403e-01)	Acc@1  95.31 ( 95.31)	Acc@5 100.00 (100.00)
Epoch: [140][ 10/115]	Time  0.130 ( 0.143)	Data  0.000 ( 0.027)	Loss 7.8269e-02 (8.2163e-02)	Acc@1  96.88 ( 97.30)	Acc@5 100.00 (100.00)
Epoch: [140][ 20/115]	Time  0.129 ( 0.136)	Data  0.000 ( 0.017)	Loss 1.8977e-01 (8.1492e-02)	Acc@1  92.19 ( 97.25)	Acc@5 100.00 (100.00)
Epoch: [140][ 30/115]	Time  0.132 ( 0.134)	Data  0.000 ( 0.014)	Loss 1.4169e-01 (7.5584e-02)	Acc@1  95.31 ( 97.43)	Acc@5 100.00 (100.00)
Epoch: [140][ 40/115]	Time  0.128 ( 0.133)	Data  0.000 ( 0.012)	Loss 2.7263e-02 (7.3507e-02)	Acc@1 100.00 ( 97.48)	Acc@5 100.00 (100.00)
Epoch: [140][ 50/115]	Time  0.130 ( 0.132)	Data  0.000 ( 0.011)	Loss 7.9385e-02 (7.7251e-02)	Acc@1  98.44 ( 97.33)	Acc@5 100.00 (100.00)
Epoch: [140][ 60/115]	Time  0.126 ( 0.132)	Data  0.000 ( 0.011)	Loss 1.5611e-02 (7.4455e-02)	Acc@1 100.00 ( 97.39)	Acc@5 100.00 (100.00)
Epoch: [140][ 70/115]	Time  0.130 ( 0.132)	Data  0.000 ( 0.010)	Loss 3.9423e-02 (7.3256e-02)	Acc@1  98.44 ( 97.40)	Acc@5 100.00 (100.00)
Epoch: [140][ 80/115]	Time  0.134 ( 0.131)	Data  0.000 ( 0.010)	Loss 2.4771e-01 (7.6163e-02)	Acc@1  90.62 ( 97.36)	Acc@5 100.00 (100.00)
Epoch: [140][ 90/115]	Time  0.126 ( 0.131)	Data  0.000 ( 0.009)	Loss 7.5574e-02 (7.4459e-02)	Acc@1  96.88 ( 97.44)	Acc@5 100.00 (100.00)
Epoch: [140][100/115]	Time  0.129 ( 0.131)	Data  0.000 ( 0.009)	Loss 5.7752e-02 (7.3020e-02)	Acc@1  98.44 ( 97.45)	Acc@5 100.00 (100.00)
Epoch: [140][110/115]	Time  0.128 ( 0.131)	Data  0.000 ( 0.009)	Loss 4.5793e-02 (7.1085e-02)	Acc@1  98.44 ( 97.51)	Acc@5 100.00 (100.00)
Test: [ 0/50]	Time  0.266 ( 0.266)	Loss 8.0325e-02 (8.0325e-02)	Acc@1  98.44 ( 98.44)	Acc@5 100.00 (100.00)
Test: [10/50]	Time  0.038 ( 0.057)	Loss 3.1022e-02 (5.3831e-02)	Acc@1  96.88 ( 98.30)	Acc@5 100.00 (100.00)
Test: [20/50]	Time  0.038 ( 0.048)	Loss 7.2046e-03 (3.6035e-02)	Acc@1 100.00 ( 98.81)	Acc@5 100.00 (100.00)
Test: [30/50]	Time  0.038 ( 0.045)	Loss 8.4869e-03 (3.3458e-02)	Acc@1 100.00 ( 98.89)	Acc@5 100.00 (100.00)
Test: [40/50]	Time  0.038 ( 0.043)	Loss 2.7726e-02 (2.8849e-02)	Acc@1  98.44 ( 99.12)	Acc@5 100.00 (100.00)
 * Acc@1 99.239 Acc@5 100.000
Epoch: [141][  0/115]	Time  0.267 ( 0.267)	Data  0.212 ( 0.212)	Loss 1.0160e-01 (1.0160e-01)	Acc@1  98.44 ( 98.44)	Acc@5 100.00 (100.00)
Epoch: [141][ 10/115]	Time  0.128 ( 0.141)	Data  0.000 ( 0.026)	Loss 7.1776e-02 (7.4245e-02)	Acc@1  95.31 ( 96.88)	Acc@5 100.00 (100.00)
Epoch: [141][ 20/115]	Time  0.130 ( 0.136)	Data  0.000 ( 0.017)	Loss 1.0694e-02 (7.0787e-02)	Acc@1 100.00 ( 97.02)	Acc@5 100.00 (100.00)
Epoch: [141][ 30/115]	Time  0.131 ( 0.134)	Data  0.000 ( 0.014)	Loss 7.4367e-02 (7.5803e-02)	Acc@1  96.88 ( 96.98)	Acc@5 100.00 (100.00)
Epoch: [141][ 40/115]	Time  0.131 ( 0.133)	Data  0.000 ( 0.012)	Loss 7.2423e-02 (8.2596e-02)	Acc@1  96.88 ( 96.72)	Acc@5 100.00 (100.00)
Epoch: [141][ 50/115]	Time  0.131 ( 0.132)	Data  0.000 ( 0.011)	Loss 8.5832e-02 (8.2236e-02)	Acc@1  95.31 ( 96.69)	Acc@5 100.00 (100.00)
Epoch: [141][ 60/115]	Time  0.129 ( 0.131)	Data  0.000 ( 0.011)	Loss 4.4427e-02 (7.9147e-02)	Acc@1 100.00 ( 96.82)	Acc@5 100.00 (100.00)
Epoch: [141][ 70/115]	Time  0.128 ( 0.131)	Data  0.000 ( 0.010)	Loss 7.2811e-02 (7.7172e-02)	Acc@1  96.88 ( 96.94)	Acc@5 100.00 (100.00)
Epoch: [141][ 80/115]	Time  0.128 ( 0.131)	Data  0.000 ( 0.010)	Loss 6.7845e-02 (7.5845e-02)	Acc@1  98.44 ( 97.01)	Acc@5 100.00 (100.00)
Epoch: [141][ 90/115]	Time  0.131 ( 0.131)	Data  0.000 ( 0.009)	Loss 9.1382e-02 (7.4159e-02)	Acc@1  95.31 ( 97.08)	Acc@5 100.00 (100.00)
Epoch: [141][100/115]	Time  0.131 ( 0.131)	Data  0.000 ( 0.009)	Loss 7.6873e-02 (7.4827e-02)	Acc@1  96.88 ( 97.06)	Acc@5 100.00 (100.00)
Epoch: [141][110/115]	Time  0.130 ( 0.130)	Data  0.000 ( 0.009)	Loss 4.1698e-02 (7.4326e-02)	Acc@1 100.00 ( 97.06)	Acc@5 100.00 (100.00)
Test: [ 0/50]	Time  0.265 ( 0.265)	Loss 6.3307e-02 (6.3307e-02)	Acc@1  98.44 ( 98.44)	Acc@5 100.00 (100.00)
Test: [10/50]	Time  0.038 ( 0.057)	Loss 1.6942e-02 (4.0334e-02)	Acc@1 100.00 ( 98.86)	Acc@5 100.00 (100.00)
Test: [20/50]	Time  0.047 ( 0.049)	Loss 4.4639e-03 (2.5776e-02)	Acc@1 100.00 ( 99.26)	Acc@5 100.00 (100.00)
Test: [30/50]	Time  0.037 ( 0.045)	Loss 1.3204e-02 (2.5177e-02)	Acc@1 100.00 ( 99.14)	Acc@5 100.00 (100.00)
Test: [40/50]	Time  0.038 ( 0.044)	Loss 4.3692e-02 (2.4976e-02)	Acc@1  98.44 ( 99.20)	Acc@5 100.00 (100.00)
 * Acc@1 99.302 Acc@5 100.000
Epoch: [142][  0/115]	Time  0.270 ( 0.270)	Data  0.215 ( 0.215)	Loss 1.8497e-02 (1.8497e-02)	Acc@1 100.00 (100.00)	Acc@5 100.00 (100.00)
Epoch: [142][ 10/115]	Time  0.132 ( 0.142)	Data  0.000 ( 0.026)	Loss 5.3218e-02 (5.8845e-02)	Acc@1  98.44 ( 98.01)	Acc@5 100.00 (100.00)
Epoch: [142][ 20/115]	Time  0.129 ( 0.136)	Data  0.000 ( 0.017)	Loss 1.4818e-01 (7.9644e-02)	Acc@1  95.31 ( 97.25)	Acc@5 100.00 (100.00)
Epoch: [142][ 30/115]	Time  0.131 ( 0.134)	Data  0.000 ( 0.014)	Loss 4.6759e-02 (7.5413e-02)	Acc@1  98.44 ( 97.28)	Acc@5 100.00 (100.00)
Epoch: [142][ 40/115]	Time  0.129 ( 0.133)	Data  0.000 ( 0.012)	Loss 1.2437e-01 (7.8739e-02)	Acc@1  96.88 ( 97.10)	Acc@5 100.00 (100.00)
Epoch: [142][ 50/115]	Time  0.131 ( 0.132)	Data  0.000 ( 0.011)	Loss 6.4730e-02 (7.5480e-02)	Acc@1  98.44 ( 97.24)	Acc@5 100.00 (100.00)
Epoch: [142][ 60/115]	Time  0.126 ( 0.131)	Data  0.000 ( 0.011)	Loss 3.3132e-02 (7.3450e-02)	Acc@1  98.44 ( 97.26)	Acc@5 100.00 (100.00)
Epoch: [142][ 70/115]	Time  0.130 ( 0.131)	Data  0.000 ( 0.010)	Loss 7.1629e-02 (7.6168e-02)	Acc@1  96.88 ( 97.03)	Acc@5 100.00 (100.00)
Epoch: [142][ 80/115]	Time  0.127 ( 0.131)	Data  0.000 ( 0.010)	Loss 7.6304e-02 (7.4922e-02)	Acc@1  95.31 ( 96.99)	Acc@5 100.00 (100.00)
Epoch: [142][ 90/115]	Time  0.129 ( 0.131)	Data  0.000 ( 0.009)	Loss 1.4161e-01 (7.3765e-02)	Acc@1  93.75 ( 97.06)	Acc@5 100.00 (100.00)
Epoch: [142][100/115]	Time  0.128 ( 0.131)	Data  0.000 ( 0.009)	Loss 1.2233e-01 (7.5048e-02)	Acc@1  93.75 ( 97.03)	Acc@5 100.00 (100.00)
Epoch: [142][110/115]	Time  0.133 ( 0.130)	Data  0.000 ( 0.009)	Loss 6.9805e-02 (7.4417e-02)	Acc@1  96.88 ( 97.11)	Acc@5 100.00 (100.00)
Test: [ 0/50]	Time  0.260 ( 0.260)	Loss 6.4353e-02 (6.4353e-02)	Acc@1  98.44 ( 98.44)	Acc@5 100.00 (100.00)
Test: [10/50]	Time  0.037 ( 0.057)	Loss 1.7437e-02 (4.0567e-02)	Acc@1 100.00 ( 98.86)	Acc@5 100.00 (100.00)
Test: [20/50]	Time  0.038 ( 0.048)	Loss 5.1880e-03 (2.6166e-02)	Acc@1 100.00 ( 99.26)	Acc@5 100.00 (100.00)
Test: [30/50]	Time  0.038 ( 0.045)	Loss 1.3165e-02 (2.5728e-02)	Acc@1 100.00 ( 99.19)	Acc@5 100.00 (100.00)
Test: [40/50]	Time  0.038 ( 0.043)	Loss 4.1080e-02 (2.5331e-02)	Acc@1  98.44 ( 99.24)	Acc@5 100.00 (100.00)
 * Acc@1 99.302 Acc@5 100.000
Epoch: [143][  0/115]	Time  0.289 ( 0.289)	Data  0.234 ( 0.234)	Loss 4.4197e-02 (4.4197e-02)	Acc@1  98.44 ( 98.44)	Acc@5 100.00 (100.00)
Epoch: [143][ 10/115]	Time  0.130 ( 0.143)	Data  0.000 ( 0.028)	Loss 5.6069e-02 (8.6217e-02)	Acc@1  98.44 ( 97.02)	Acc@5 100.00 (100.00)
Epoch: [143][ 20/115]	Time  0.127 ( 0.137)	Data  0.000 ( 0.018)	Loss 2.4728e-01 (9.1919e-02)	Acc@1  90.62 ( 96.88)	Acc@5 100.00 (100.00)
Epoch: [143][ 30/115]	Time  0.127 ( 0.135)	Data  0.000 ( 0.015)	Loss 5.0518e-02 (7.8978e-02)	Acc@1  98.44 ( 97.33)	Acc@5 100.00 (100.00)
Epoch: [143][ 40/115]	Time  0.130 ( 0.133)	Data  0.000 ( 0.013)	Loss 4.1689e-02 (8.1641e-02)	Acc@1 100.00 ( 97.22)	Acc@5 100.00 (100.00)
Epoch: [143][ 50/115]	Time  0.127 ( 0.133)	Data  0.000 ( 0.012)	Loss 4.0955e-02 (7.8686e-02)	Acc@1  98.44 ( 97.30)	Acc@5 100.00 (100.00)
Epoch: [143][ 60/115]	Time  0.127 ( 0.132)	Data  0.000 ( 0.011)	Loss 1.3106e-01 (7.8546e-02)	Acc@1  93.75 ( 97.28)	Acc@5 100.00 (100.00)
Epoch: [143][ 70/115]	Time  0.127 ( 0.132)	Data  0.000 ( 0.010)	Loss 5.5270e-02 (7.9457e-02)	Acc@1  96.88 ( 97.21)	Acc@5 100.00 (100.00)
Epoch: [143][ 80/115]	Time  0.131 ( 0.131)	Data  0.000 ( 0.010)	Loss 9.3393e-02 (7.8573e-02)	Acc@1  98.44 ( 97.24)	Acc@5 100.00 (100.00)
Epoch: [143][ 90/115]	Time  0.126 ( 0.131)	Data  0.000 ( 0.010)	Loss 2.3924e-01 (8.2902e-02)	Acc@1  92.19 ( 97.10)	Acc@5 100.00 (100.00)
Epoch: [143][100/115]	Time  0.128 ( 0.131)	Data  0.000 ( 0.009)	Loss 1.3951e-01 (8.1456e-02)	Acc@1  93.75 ( 97.15)	Acc@5 100.00 (100.00)
Epoch: [143][110/115]	Time  0.130 ( 0.131)	Data  0.000 ( 0.009)	Loss 1.2127e-01 (7.9229e-02)	Acc@1  93.75 ( 97.27)	Acc@5 100.00 (100.00)
Test: [ 0/50]	Time  0.262 ( 0.262)	Loss 5.8747e-02 (5.8747e-02)	Acc@1  98.44 ( 98.44)	Acc@5 100.00 (100.00)
Test: [10/50]	Time  0.037 ( 0.057)	Loss 1.3653e-02 (3.6760e-02)	Acc@1 100.00 ( 99.01)	Acc@5 100.00 (100.00)
Test: [20/50]	Time  0.047 ( 0.049)	Loss 4.5256e-03 (2.3364e-02)	Acc@1 100.00 ( 99.40)	Acc@5 100.00 (100.00)
Test: [30/50]	Time  0.038 ( 0.045)	Loss 1.5326e-02 (2.3553e-02)	Acc@1 100.00 ( 99.29)	Acc@5 100.00 (100.00)
Test: [40/50]	Time  0.038 ( 0.043)	Loss 4.8340e-02 (2.4721e-02)	Acc@1  98.44 ( 99.28)	Acc@5 100.00 (100.00)
 * Acc@1 99.302 Acc@5 100.000
Epoch: [144][  0/115]	Time  0.273 ( 0.273)	Data  0.218 ( 0.218)	Loss 5.3991e-02 (5.3991e-02)	Acc@1  98.44 ( 98.44)	Acc@5 100.00 (100.00)
Epoch: [144][ 10/115]	Time  0.129 ( 0.142)	Data  0.000 ( 0.026)	Loss 6.9812e-02 (5.9888e-02)	Acc@1  96.88 ( 97.73)	Acc@5 100.00 (100.00)
Epoch: [144][ 20/115]	Time  0.129 ( 0.136)	Data  0.000 ( 0.017)	Loss 3.1396e-02 (6.3094e-02)	Acc@1 100.00 ( 97.77)	Acc@5 100.00 (100.00)
Epoch: [144][ 30/115]	Time  0.128 ( 0.134)	Data  0.000 ( 0.014)	Loss 2.7485e-02 (6.3757e-02)	Acc@1  98.44 ( 97.68)	Acc@5 100.00 (100.00)
Epoch: [144][ 40/115]	Time  0.127 ( 0.133)	Data  0.000 ( 0.012)	Loss 1.0218e-01 (7.0547e-02)	Acc@1  98.44 ( 97.33)	Acc@5 100.00 (100.00)
Epoch: [144][ 50/115]	Time  0.130 ( 0.132)	Data  0.000 ( 0.011)	Loss 5.5919e-02 (7.0271e-02)	Acc@1  98.44 ( 97.43)	Acc@5 100.00 (100.00)
Epoch: [144][ 60/115]	Time  0.129 ( 0.132)	Data  0.000 ( 0.011)	Loss 4.5446e-02 (7.1815e-02)	Acc@1  98.44 ( 97.31)	Acc@5 100.00 (100.00)
Epoch: [144][ 70/115]	Time  0.130 ( 0.131)	Data  0.000 ( 0.010)	Loss 4.1649e-02 (7.1472e-02)	Acc@1 100.00 ( 97.38)	Acc@5 100.00 (100.00)
Epoch: [144][ 80/115]	Time  0.127 ( 0.131)	Data  0.000 ( 0.010)	Loss 9.2444e-02 (6.9241e-02)	Acc@1  96.88 ( 97.43)	Acc@5 100.00 (100.00)
Epoch: [144][ 90/115]	Time  0.131 ( 0.131)	Data  0.000 ( 0.009)	Loss 8.8079e-02 (6.9091e-02)	Acc@1  98.44 ( 97.46)	Acc@5 100.00 (100.00)
Epoch: [144][100/115]	Time  0.128 ( 0.131)	Data  0.000 ( 0.009)	Loss 9.0282e-02 (6.8400e-02)	Acc@1  95.31 ( 97.49)	Acc@5 100.00 (100.00)
Epoch: [144][110/115]	Time  0.130 ( 0.131)	Data  0.000 ( 0.009)	Loss 1.1237e-01 (7.0410e-02)	Acc@1  96.88 ( 97.38)	Acc@5 100.00 (100.00)
Test: [ 0/50]	Time  0.265 ( 0.265)	Loss 8.0712e-02 (8.0712e-02)	Acc@1  98.44 ( 98.44)	Acc@5 100.00 (100.00)
Test: [10/50]	Time  0.037 ( 0.058)	Loss 3.0124e-02 (5.5232e-02)	Acc@1  96.88 ( 98.30)	Acc@5 100.00 (100.00)
Test: [20/50]	Time  0.038 ( 0.048)	Loss 7.6751e-03 (3.7062e-02)	Acc@1 100.00 ( 98.74)	Acc@5 100.00 (100.00)
Test: [30/50]	Time  0.038 ( 0.045)	Loss 8.6169e-03 (3.4172e-02)	Acc@1 100.00 ( 98.84)	Acc@5 100.00 (100.00)
Test: [40/50]	Time  0.038 ( 0.043)	Loss 2.8863e-02 (2.9314e-02)	Acc@1  98.44 ( 99.05)	Acc@5 100.00 (100.00)
 * Acc@1 99.175 Acc@5 100.000
Epoch: [145][  0/115]	Time  0.276 ( 0.276)	Data  0.223 ( 0.223)	Loss 1.2023e-01 (1.2023e-01)	Acc@1  95.31 ( 95.31)	Acc@5 100.00 (100.00)
Epoch: [145][ 10/115]	Time  0.128 ( 0.142)	Data  0.000 ( 0.027)	Loss 5.9255e-02 (9.0740e-02)	Acc@1  96.88 ( 96.88)	Acc@5 100.00 (100.00)
Epoch: [145][ 20/115]	Time  0.132 ( 0.136)	Data  0.000 ( 0.017)	Loss 6.0629e-02 (8.7156e-02)	Acc@1  98.44 ( 96.73)	Acc@5 100.00 (100.00)
Epoch: [145][ 30/115]	Time  0.129 ( 0.134)	Data  0.000 ( 0.014)	Loss 1.2972e-02 (8.2480e-02)	Acc@1 100.00 ( 96.72)	Acc@5 100.00 (100.00)
Epoch: [145][ 40/115]	Time  0.128 ( 0.133)	Data  0.000 ( 0.012)	Loss 2.8241e-02 (7.6939e-02)	Acc@1 100.00 ( 97.07)	Acc@5 100.00 (100.00)
Epoch: [145][ 50/115]	Time  0.127 ( 0.132)	Data  0.000 ( 0.011)	Loss 7.3682e-02 (7.2333e-02)	Acc@1  98.44 ( 97.30)	Acc@5 100.00 (100.00)
Epoch: [145][ 60/115]	Time  0.132 ( 0.132)	Data  0.000 ( 0.011)	Loss 2.5566e-02 (7.1433e-02)	Acc@1 100.00 ( 97.41)	Acc@5 100.00 (100.00)
Epoch: [145][ 70/115]	Time  0.123 ( 0.131)	Data  0.000 ( 0.010)	Loss 4.4253e-02 (6.9106e-02)	Acc@1  96.88 ( 97.40)	Acc@5 100.00 (100.00)
Epoch: [145][ 80/115]	Time  0.130 ( 0.131)	Data  0.000 ( 0.010)	Loss 1.1415e-01 (7.1076e-02)	Acc@1  96.88 ( 97.36)	Acc@5 100.00 (100.00)
Epoch: [145][ 90/115]	Time  0.125 ( 0.131)	Data  0.000 ( 0.010)	Loss 9.3576e-02 (7.1962e-02)	Acc@1  95.31 ( 97.30)	Acc@5 100.00 (100.00)
Epoch: [145][100/115]	Time  0.138 ( 0.131)	Data  0.000 ( 0.009)	Loss 3.8494e-02 (7.0651e-02)	Acc@1  98.44 ( 97.42)	Acc@5 100.00 (100.00)
Epoch: [145][110/115]	Time  0.130 ( 0.131)	Data  0.000 ( 0.009)	Loss 1.4082e-02 (6.9423e-02)	Acc@1 100.00 ( 97.49)	Acc@5 100.00 (100.00)
Test: [ 0/50]	Time  0.262 ( 0.262)	Loss 7.1435e-02 (7.1435e-02)	Acc@1  98.44 ( 98.44)	Acc@5 100.00 (100.00)
Test: [10/50]	Time  0.038 ( 0.057)	Loss 2.2044e-02 (4.9571e-02)	Acc@1  96.88 ( 98.58)	Acc@5 100.00 (100.00)
Test: [20/50]	Time  0.038 ( 0.048)	Loss 7.6740e-03 (3.2840e-02)	Acc@1 100.00 ( 99.03)	Acc@5 100.00 (100.00)
Test: [30/50]	Time  0.038 ( 0.045)	Loss 9.5549e-03 (3.0578e-02)	Acc@1 100.00 ( 99.04)	Acc@5 100.00 (100.00)
Test: [40/50]	Time  0.038 ( 0.043)	Loss 3.5945e-02 (2.7218e-02)	Acc@1  98.44 ( 99.24)	Acc@5 100.00 (100.00)
 * Acc@1 99.334 Acc@5 100.000
Epoch: [146][  0/115]	Time  0.284 ( 0.284)	Data  0.228 ( 0.228)	Loss 8.9190e-02 (8.9190e-02)	Acc@1  96.88 ( 96.88)	Acc@5 100.00 (100.00)
Epoch: [146][ 10/115]	Time  0.131 ( 0.143)	Data  0.000 ( 0.027)	Loss 2.2817e-02 (7.6338e-02)	Acc@1 100.00 ( 97.44)	Acc@5 100.00 (100.00)
Epoch: [146][ 20/115]	Time  0.128 ( 0.137)	Data  0.000 ( 0.018)	Loss 9.4232e-02 (7.3054e-02)	Acc@1  95.31 ( 97.25)	Acc@5 100.00 (100.00)
Epoch: [146][ 30/115]	Time  0.135 ( 0.134)	Data  0.000 ( 0.014)	Loss 2.7721e-02 (7.4419e-02)	Acc@1  98.44 ( 97.18)	Acc@5 100.00 (100.00)
Epoch: [146][ 40/115]	Time  0.128 ( 0.133)	Data  0.000 ( 0.013)	Loss 6.3938e-02 (7.3942e-02)	Acc@1  96.88 ( 97.33)	Acc@5 100.00 (100.00)
Epoch: [146][ 50/115]	Time  0.127 ( 0.132)	Data  0.000 ( 0.011)	Loss 3.6368e-02 (7.0958e-02)	Acc@1  98.44 ( 97.49)	Acc@5 100.00 (100.00)
Epoch: [146][ 60/115]	Time  0.126 ( 0.132)	Data  0.000 ( 0.011)	Loss 8.9430e-02 (7.3067e-02)	Acc@1  96.88 ( 97.39)	Acc@5 100.00 (100.00)
Epoch: [146][ 70/115]	Time  0.131 ( 0.132)	Data  0.000 ( 0.010)	Loss 1.8741e-02 (7.1099e-02)	Acc@1 100.00 ( 97.47)	Acc@5 100.00 (100.00)
Epoch: [146][ 80/115]	Time  0.128 ( 0.131)	Data  0.000 ( 0.010)	Loss 9.4507e-02 (7.1798e-02)	Acc@1  96.88 ( 97.49)	Acc@5 100.00 (100.00)
Epoch: [146][ 90/115]	Time  0.130 ( 0.131)	Data  0.000 ( 0.010)	Loss 4.2996e-02 (7.2814e-02)	Acc@1  98.44 ( 97.41)	Acc@5 100.00 (100.00)
Epoch: [146][100/115]	Time  0.127 ( 0.131)	Data  0.000 ( 0.009)	Loss 1.2970e-01 (7.2720e-02)	Acc@1  93.75 ( 97.37)	Acc@5 100.00 (100.00)
Epoch: [146][110/115]	Time  0.131 ( 0.131)	Data  0.000 ( 0.009)	Loss 5.4705e-02 (7.8937e-02)	Acc@1  96.88 ( 97.16)	Acc@5 100.00 (100.00)
Test: [ 0/50]	Time  0.263 ( 0.263)	Loss 8.1194e-02 (8.1194e-02)	Acc@1  98.44 ( 98.44)	Acc@5 100.00 (100.00)
Test: [10/50]	Time  0.037 ( 0.058)	Loss 3.1049e-02 (5.5220e-02)	Acc@1  96.88 ( 98.15)	Acc@5 100.00 (100.00)
Test: [20/50]	Time  0.048 ( 0.049)	Loss 8.7851e-03 (3.7106e-02)	Acc@1 100.00 ( 98.74)	Acc@5 100.00 (100.00)
Test: [30/50]	Time  0.037 ( 0.046)	Loss 7.7744e-03 (3.4500e-02)	Acc@1 100.00 ( 98.84)	Acc@5 100.00 (100.00)
Test: [40/50]	Time  0.039 ( 0.044)	Loss 2.7252e-02 (2.9613e-02)	Acc@1  98.44 ( 99.09)	Acc@5 100.00 (100.00)
 * Acc@1 99.207 Acc@5 100.000
Epoch: [147][  0/115]	Time  0.274 ( 0.274)	Data  0.212 ( 0.212)	Loss 2.8095e-02 (2.8095e-02)	Acc@1  98.44 ( 98.44)	Acc@5 100.00 (100.00)
Epoch: [147][ 10/115]	Time  0.129 ( 0.141)	Data  0.000 ( 0.025)	Loss 5.9268e-02 (5.9399e-02)	Acc@1  96.88 ( 97.59)	Acc@5 100.00 (100.00)
Epoch: [147][ 20/115]	Time  0.129 ( 0.135)	Data  0.000 ( 0.017)	Loss 1.3654e-01 (6.6604e-02)	Acc@1  95.31 ( 97.25)	Acc@5 100.00 (100.00)
Epoch: [147][ 30/115]	Time  0.123 ( 0.133)	Data  0.000 ( 0.014)	Loss 2.9045e-02 (6.3121e-02)	Acc@1  98.44 ( 97.43)	Acc@5 100.00 (100.00)
Epoch: [147][ 40/115]	Time  0.124 ( 0.132)	Data  0.000 ( 0.012)	Loss 1.4139e-01 (7.1188e-02)	Acc@1  93.75 ( 97.22)	Acc@5 100.00 (100.00)
Epoch: [147][ 50/115]	Time  0.128 ( 0.132)	Data  0.000 ( 0.011)	Loss 6.7974e-02 (6.9359e-02)	Acc@1  95.31 ( 97.21)	Acc@5 100.00 (100.00)
Epoch: [147][ 60/115]	Time  0.127 ( 0.131)	Data  0.000 ( 0.010)	Loss 2.2735e-02 (6.5625e-02)	Acc@1 100.00 ( 97.31)	Acc@5 100.00 (100.00)
Epoch: [147][ 70/115]	Time  0.127 ( 0.131)	Data  0.000 ( 0.010)	Loss 3.8343e-02 (6.8070e-02)	Acc@1 100.00 ( 97.38)	Acc@5 100.00 (100.00)
Epoch: [147][ 80/115]	Time  0.130 ( 0.130)	Data  0.000 ( 0.010)	Loss 7.5463e-02 (7.0889e-02)	Acc@1  98.44 ( 97.38)	Acc@5 100.00 (100.00)
Epoch: [147][ 90/115]	Time  0.137 ( 0.130)	Data  0.000 ( 0.009)	Loss 6.3311e-02 (6.9754e-02)	Acc@1  96.88 ( 97.39)	Acc@5 100.00 (100.00)
Epoch: [147][100/115]	Time  0.129 ( 0.130)	Data  0.000 ( 0.009)	Loss 1.1106e-01 (7.0286e-02)	Acc@1  93.75 ( 97.37)	Acc@5 100.00 (100.00)
Epoch: [147][110/115]	Time  0.125 ( 0.130)	Data  0.000 ( 0.009)	Loss 6.9973e-02 (7.0254e-02)	Acc@1  96.88 ( 97.31)	Acc@5 100.00 (100.00)
Test: [ 0/50]	Time  0.262 ( 0.262)	Loss 7.1420e-02 (7.1420e-02)	Acc@1  98.44 ( 98.44)	Acc@5 100.00 (100.00)
Test: [10/50]	Time  0.038 ( 0.057)	Loss 2.5420e-02 (4.6691e-02)	Acc@1  96.88 ( 98.58)	Acc@5 100.00 (100.00)
Test: [20/50]	Time  0.042 ( 0.048)	Loss 6.2905e-03 (3.0591e-02)	Acc@1 100.00 ( 98.96)	Acc@5 100.00 (100.00)
Test: [30/50]	Time  0.038 ( 0.045)	Loss 1.0169e-02 (2.8958e-02)	Acc@1 100.00 ( 98.99)	Acc@5 100.00 (100.00)
Test: [40/50]	Time  0.038 ( 0.043)	Loss 3.4686e-02 (2.6418e-02)	Acc@1  98.44 ( 99.12)	Acc@5 100.00 (100.00)
 * Acc@1 99.239 Acc@5 100.000
Epoch: [148][  0/115]	Time  0.290 ( 0.290)	Data  0.227 ( 0.227)	Loss 1.4208e-01 (1.4208e-01)	Acc@1  93.75 ( 93.75)	Acc@5 100.00 (100.00)
Epoch: [148][ 10/115]	Time  0.130 ( 0.142)	Data  0.000 ( 0.026)	Loss 3.7493e-02 (7.4095e-02)	Acc@1  98.44 ( 97.30)	Acc@5 100.00 (100.00)
Epoch: [148][ 20/115]	Time  0.129 ( 0.135)	Data  0.000 ( 0.017)	Loss 7.9731e-02 (8.5462e-02)	Acc@1  96.88 ( 97.10)	Acc@5 100.00 (100.00)
Epoch: [148][ 30/115]	Time  0.130 ( 0.133)	Data  0.000 ( 0.014)	Loss 3.5308e-02 (7.4117e-02)	Acc@1  98.44 ( 97.53)	Acc@5 100.00 (100.00)
Epoch: [148][ 40/115]	Time  0.131 ( 0.132)	Data  0.000 ( 0.012)	Loss 8.1889e-02 (7.3849e-02)	Acc@1  95.31 ( 97.45)	Acc@5 100.00 (100.00)
Epoch: [148][ 50/115]	Time  0.134 ( 0.131)	Data  0.000 ( 0.011)	Loss 7.0357e-02 (7.6065e-02)	Acc@1  98.44 ( 97.33)	Acc@5 100.00 (100.00)
Epoch: [148][ 60/115]	Time  0.131 ( 0.131)	Data  0.000 ( 0.010)	Loss 3.4899e-02 (7.5929e-02)	Acc@1 100.00 ( 97.34)	Acc@5 100.00 (100.00)
Epoch: [148][ 70/115]	Time  0.127 ( 0.131)	Data  0.000 ( 0.010)	Loss 1.0477e-01 (7.4036e-02)	Acc@1  93.75 ( 97.38)	Acc@5 100.00 (100.00)
Epoch: [148][ 80/115]	Time  0.133 ( 0.131)	Data  0.000 ( 0.010)	Loss 5.4042e-02 (7.6228e-02)	Acc@1  96.88 ( 97.34)	Acc@5 100.00 (100.00)
Epoch: [148][ 90/115]	Time  0.126 ( 0.130)	Data  0.000 ( 0.009)	Loss 1.4884e-01 (7.5778e-02)	Acc@1  95.31 ( 97.32)	Acc@5 100.00 (100.00)
Epoch: [148][100/115]	Time  0.140 ( 0.130)	Data  0.000 ( 0.009)	Loss 4.8996e-02 (7.3466e-02)	Acc@1  96.88 ( 97.39)	Acc@5 100.00 (100.00)
Epoch: [148][110/115]	Time  0.124 ( 0.130)	Data  0.000 ( 0.009)	Loss 1.7332e-01 (7.5050e-02)	Acc@1  96.88 ( 97.37)	Acc@5 100.00 (100.00)
Test: [ 0/50]	Time  0.262 ( 0.262)	Loss 6.3759e-02 (6.3759e-02)	Acc@1  98.44 ( 98.44)	Acc@5 100.00 (100.00)
Test: [10/50]	Time  0.038 ( 0.057)	Loss 1.9170e-02 (3.9371e-02)	Acc@1 100.00 ( 98.86)	Acc@5 100.00 (100.00)
Test: [20/50]	Time  0.057 ( 0.049)	Loss 4.4261e-03 (2.5029e-02)	Acc@1 100.00 ( 99.33)	Acc@5 100.00 (100.00)
Test: [30/50]	Time  0.038 ( 0.046)	Loss 1.3052e-02 (2.4559e-02)	Acc@1 100.00 ( 99.19)	Acc@5 100.00 (100.00)
Test: [40/50]	Time  0.038 ( 0.044)	Loss 4.2870e-02 (2.4804e-02)	Acc@1  98.44 ( 99.28)	Acc@5 100.00 (100.00)
 * Acc@1 99.334 Acc@5 100.000
Epoch: [149][  0/115]	Time  0.307 ( 0.307)	Data  0.252 ( 0.252)	Loss 1.2838e-01 (1.2838e-01)	Acc@1  93.75 ( 93.75)	Acc@5 100.00 (100.00)
Epoch: [149][ 10/115]	Time  0.127 ( 0.146)	Data  0.000 ( 0.030)	Loss 1.5043e-02 (5.6472e-02)	Acc@1 100.00 ( 98.01)	Acc@5 100.00 (100.00)
Epoch: [149][ 20/115]	Time  0.126 ( 0.138)	Data  0.000 ( 0.019)	Loss 6.3313e-02 (5.8916e-02)	Acc@1  96.88 ( 98.21)	Acc@5 100.00 (100.00)
Epoch: [149][ 30/115]	Time  0.131 ( 0.135)	Data  0.000 ( 0.015)	Loss 7.9954e-02 (5.7519e-02)	Acc@1  96.88 ( 98.08)	Acc@5 100.00 (100.00)
Epoch: [149][ 40/115]	Time  0.128 ( 0.134)	Data  0.000 ( 0.013)	Loss 4.6311e-02 (5.8278e-02)	Acc@1  96.88 ( 97.87)	Acc@5 100.00 (100.00)
Epoch: [149][ 50/115]	Time  0.127 ( 0.133)	Data  0.000 ( 0.012)	Loss 6.5128e-02 (6.5654e-02)	Acc@1  98.44 ( 97.49)	Acc@5 100.00 (100.00)
Epoch: [149][ 60/115]	Time  0.129 ( 0.132)	Data  0.000 ( 0.011)	Loss 1.2656e-01 (6.7242e-02)	Acc@1  93.75 ( 97.46)	Acc@5 100.00 (100.00)
Epoch: [149][ 70/115]	Time  0.129 ( 0.132)	Data  0.000 ( 0.011)	Loss 2.1779e-02 (6.7538e-02)	Acc@1  98.44 ( 97.38)	Acc@5 100.00 (100.00)
Epoch: [149][ 80/115]	Time  0.131 ( 0.132)	Data  0.000 ( 0.010)	Loss 8.2980e-02 (6.9398e-02)	Acc@1  98.44 ( 97.30)	Acc@5 100.00 (100.00)
Epoch: [149][ 90/115]	Time  0.126 ( 0.131)	Data  0.000 ( 0.010)	Loss 3.1523e-02 (6.7749e-02)	Acc@1  98.44 ( 97.36)	Acc@5 100.00 (100.00)
Epoch: [149][100/115]	Time  0.130 ( 0.131)	Data  0.000 ( 0.010)	Loss 4.1075e-02 (6.7753e-02)	Acc@1  98.44 ( 97.35)	Acc@5 100.00 (100.00)
Epoch: [149][110/115]	Time  0.129 ( 0.131)	Data  0.000 ( 0.009)	Loss 2.4680e-02 (6.7225e-02)	Acc@1 100.00 ( 97.37)	Acc@5 100.00 (100.00)
Test: [ 0/50]	Time  0.259 ( 0.259)	Loss 6.6112e-02 (6.6112e-02)	Acc@1  98.44 ( 98.44)	Acc@5 100.00 (100.00)
Test: [10/50]	Time  0.038 ( 0.057)	Loss 2.0368e-02 (4.4161e-02)	Acc@1 100.00 ( 98.86)	Acc@5 100.00 (100.00)
Test: [20/50]	Time  0.038 ( 0.048)	Loss 5.3339e-03 (2.8697e-02)	Acc@1 100.00 ( 99.18)	Acc@5 100.00 (100.00)
Test: [30/50]	Time  0.038 ( 0.045)	Loss 1.0770e-02 (2.7498e-02)	Acc@1 100.00 ( 99.14)	Acc@5 100.00 (100.00)
Test: [40/50]	Time  0.038 ( 0.043)	Loss 3.5530e-02 (2.5903e-02)	Acc@1  98.44 ( 99.24)	Acc@5 100.00 (100.00)
 * Acc@1 99.334 Acc@5 100.000
Epoch: [150][  0/115]	Time  0.263 ( 0.263)	Data  0.198 ( 0.198)	Loss 3.8657e-02 (3.8657e-02)	Acc@1 100.00 (100.00)	Acc@5 100.00 (100.00)
Epoch: [150][ 10/115]	Time  0.132 ( 0.140)	Data  0.000 ( 0.024)	Loss 1.1183e-01 (9.6775e-02)	Acc@1  95.31 ( 96.59)	Acc@5 100.00 (100.00)
Epoch: [150][ 20/115]	Time  0.127 ( 0.135)	Data  0.000 ( 0.016)	Loss 5.7479e-02 (8.3735e-02)	Acc@1  96.88 ( 96.88)	Acc@5 100.00 (100.00)
Epoch: [150][ 30/115]	Time  0.128 ( 0.133)	Data  0.000 ( 0.013)	Loss 6.3706e-02 (8.1480e-02)	Acc@1  98.44 ( 96.93)	Acc@5 100.00 (100.00)
Epoch: [150][ 40/115]	Time  0.129 ( 0.132)	Data  0.000 ( 0.012)	Loss 5.0955e-02 (7.8835e-02)	Acc@1  98.44 ( 96.88)	Acc@5 100.00 (100.00)
Epoch: [150][ 50/115]	Time  0.131 ( 0.132)	Data  0.000 ( 0.011)	Loss 3.5141e-02 (7.2317e-02)	Acc@1  98.44 ( 97.24)	Acc@5 100.00 (100.00)
Epoch: [150][ 60/115]	Time  0.128 ( 0.131)	Data  0.000 ( 0.010)	Loss 7.4942e-02 (7.5417e-02)	Acc@1  96.88 ( 97.18)	Acc@5 100.00 (100.00)
Epoch: [150][ 70/115]	Time  0.135 ( 0.131)	Data  0.000 ( 0.010)	Loss 2.7843e-02 (7.4115e-02)	Acc@1 100.00 ( 97.23)	Acc@5 100.00 (100.00)
Epoch: [150][ 80/115]	Time  0.129 ( 0.131)	Data  0.000 ( 0.009)	Loss 6.5201e-02 (7.3754e-02)	Acc@1 100.00 ( 97.28)	Acc@5 100.00 (100.00)
Epoch: [150][ 90/115]	Time  0.132 ( 0.131)	Data  0.000 ( 0.009)	Loss 1.5917e-02 (7.5533e-02)	Acc@1 100.00 ( 97.20)	Acc@5 100.00 (100.00)
Epoch: [150][100/115]	Time  0.129 ( 0.131)	Data  0.000 ( 0.009)	Loss 9.1765e-02 (7.4397e-02)	Acc@1  93.75 ( 97.17)	Acc@5 100.00 (100.00)
Epoch: [150][110/115]	Time  0.130 ( 0.130)	Data  0.000 ( 0.009)	Loss 8.3969e-02 (7.4084e-02)	Acc@1  98.44 ( 97.18)	Acc@5 100.00 (100.00)
Test: [ 0/50]	Time  0.267 ( 0.267)	Loss 7.2853e-02 (7.2853e-02)	Acc@1  98.44 ( 98.44)	Acc@5 100.00 (100.00)
Test: [10/50]	Time  0.038 ( 0.058)	Loss 2.4099e-02 (4.8414e-02)	Acc@1  98.44 ( 98.72)	Acc@5 100.00 (100.00)
Test: [20/50]	Time  0.040 ( 0.048)	Loss 7.0488e-03 (3.2063e-02)	Acc@1 100.00 ( 99.03)	Acc@5 100.00 (100.00)
Test: [30/50]	Time  0.038 ( 0.045)	Loss 1.0248e-02 (3.0212e-02)	Acc@1 100.00 ( 99.04)	Acc@5 100.00 (100.00)
Test: [40/50]	Time  0.038 ( 0.043)	Loss 3.5138e-02 (2.7201e-02)	Acc@1  98.44 ( 99.16)	Acc@5 100.00 (100.00)
 * Acc@1 99.271 Acc@5 100.000
Epoch: [151][  0/115]	Time  0.318 ( 0.318)	Data  0.263 ( 0.263)	Loss 1.8580e-01 (1.8580e-01)	Acc@1  93.75 ( 93.75)	Acc@5 100.00 (100.00)
Epoch: [151][ 10/115]	Time  0.130 ( 0.146)	Data  0.000 ( 0.031)	Loss 5.2576e-02 (7.7009e-02)	Acc@1  98.44 ( 97.16)	Acc@5 100.00 (100.00)
Epoch: [151][ 20/115]	Time  0.127 ( 0.138)	Data  0.000 ( 0.019)	Loss 8.3124e-02 (6.9860e-02)	Acc@1  98.44 ( 97.47)	Acc@5 100.00 (100.00)
Epoch: [151][ 30/115]	Time  0.127 ( 0.135)	Data  0.000 ( 0.016)	Loss 6.1626e-02 (7.5811e-02)	Acc@1  96.88 ( 97.33)	Acc@5 100.00 (100.00)
Epoch: [151][ 40/115]	Time  0.130 ( 0.134)	Data  0.000 ( 0.013)	Loss 1.9590e-02 (7.6607e-02)	Acc@1 100.00 ( 97.33)	Acc@5 100.00 (100.00)
Epoch: [151][ 50/115]	Time  0.120 ( 0.133)	Data  0.000 ( 0.012)	Loss 1.4883e-01 (7.5731e-02)	Acc@1  93.75 ( 97.33)	Acc@5 100.00 (100.00)
Epoch: [151][ 60/115]	Time  0.129 ( 0.133)	Data  0.000 ( 0.011)	Loss 3.7224e-02 (7.4289e-02)	Acc@1  98.44 ( 97.34)	Acc@5 100.00 (100.00)
Epoch: [151][ 70/115]	Time  0.126 ( 0.132)	Data  0.000 ( 0.011)	Loss 3.9199e-02 (7.5149e-02)	Acc@1 100.00 ( 97.32)	Acc@5 100.00 (100.00)
Epoch: [151][ 80/115]	Time  0.133 ( 0.132)	Data  0.000 ( 0.010)	Loss 1.2089e-01 (7.3466e-02)	Acc@1  95.31 ( 97.40)	Acc@5 100.00 (100.00)
Epoch: [151][ 90/115]	Time  0.128 ( 0.131)	Data  0.000 ( 0.010)	Loss 1.2634e-01 (7.1669e-02)	Acc@1  96.88 ( 97.51)	Acc@5 100.00 (100.00)
Epoch: [151][100/115]	Time  0.130 ( 0.131)	Data  0.000 ( 0.010)	Loss 1.2088e-01 (7.0712e-02)	Acc@1  96.88 ( 97.49)	Acc@5 100.00 (100.00)
Epoch: [151][110/115]	Time  0.128 ( 0.131)	Data  0.000 ( 0.010)	Loss 1.5072e-01 (7.1016e-02)	Acc@1  93.75 ( 97.44)	Acc@5 100.00 (100.00)
Test: [ 0/50]	Time  0.272 ( 0.272)	Loss 6.9955e-02 (6.9955e-02)	Acc@1  98.44 ( 98.44)	Acc@5 100.00 (100.00)
Test: [10/50]	Time  0.038 ( 0.058)	Loss 2.4757e-02 (4.7644e-02)	Acc@1  96.88 ( 98.44)	Acc@5 100.00 (100.00)
Test: [20/50]	Time  0.038 ( 0.048)	Loss 7.1943e-03 (3.1414e-02)	Acc@1 100.00 ( 98.88)	Acc@5 100.00 (100.00)
Test: [30/50]	Time  0.038 ( 0.045)	Loss 9.6903e-03 (2.9678e-02)	Acc@1 100.00 ( 98.94)	Acc@5 100.00 (100.00)
Test: [40/50]	Time  0.038 ( 0.043)	Loss 3.4305e-02 (2.6932e-02)	Acc@1  98.44 ( 99.12)	Acc@5 100.00 (100.00)
 * Acc@1 99.239 Acc@5 100.000
Epoch: [152][  0/115]	Time  0.288 ( 0.288)	Data  0.227 ( 0.227)	Loss 5.8642e-02 (5.8642e-02)	Acc@1  98.44 ( 98.44)	Acc@5 100.00 (100.00)
Epoch: [152][ 10/115]	Time  0.132 ( 0.143)	Data  0.000 ( 0.027)	Loss 1.1253e-01 (6.2070e-02)	Acc@1  93.75 ( 98.30)	Acc@5 100.00 (100.00)
Epoch: [152][ 20/115]	Time  0.131 ( 0.136)	Data  0.000 ( 0.017)	Loss 1.2457e-01 (8.0332e-02)	Acc@1  93.75 ( 97.32)	Acc@5 100.00 (100.00)
Epoch: [152][ 30/115]	Time  0.129 ( 0.134)	Data  0.000 ( 0.014)	Loss 2.9136e-02 (8.2881e-02)	Acc@1  98.44 ( 97.28)	Acc@5 100.00 (100.00)
Epoch: [152][ 40/115]	Time  0.129 ( 0.133)	Data  0.000 ( 0.012)	Loss 4.2096e-02 (7.7165e-02)	Acc@1  98.44 ( 97.41)	Acc@5 100.00 (100.00)
Epoch: [152][ 50/115]	Time  0.128 ( 0.132)	Data  0.000 ( 0.011)	Loss 4.6020e-02 (7.6833e-02)	Acc@1  98.44 ( 97.37)	Acc@5 100.00 (100.00)
Epoch: [152][ 60/115]	Time  0.127 ( 0.131)	Data  0.000 ( 0.011)	Loss 1.0227e-01 (7.4499e-02)	Acc@1  96.88 ( 97.39)	Acc@5 100.00 (100.00)
Epoch: [152][ 70/115]	Time  0.120 ( 0.131)	Data  0.000 ( 0.010)	Loss 2.6225e-02 (7.0898e-02)	Acc@1 100.00 ( 97.54)	Acc@5 100.00 (100.00)
Epoch: [152][ 80/115]	Time  0.130 ( 0.131)	Data  0.000 ( 0.010)	Loss 1.5346e-02 (7.1408e-02)	Acc@1 100.00 ( 97.49)	Acc@5 100.00 (100.00)
Epoch: [152][ 90/115]	Time  0.134 ( 0.130)	Data  0.000 ( 0.009)	Loss 5.8299e-02 (7.2631e-02)	Acc@1  95.31 ( 97.42)	Acc@5 100.00 (100.00)
Epoch: [152][100/115]	Time  0.128 ( 0.130)	Data  0.000 ( 0.009)	Loss 5.3261e-02 (7.1493e-02)	Acc@1  98.44 ( 97.43)	Acc@5 100.00 (100.00)
Epoch: [152][110/115]	Time  0.130 ( 0.130)	Data  0.000 ( 0.009)	Loss 1.1312e-01 (7.1844e-02)	Acc@1  95.31 ( 97.41)	Acc@5 100.00 (100.00)
Test: [ 0/50]	Time  0.259 ( 0.259)	Loss 7.3087e-02 (7.3087e-02)	Acc@1  98.44 ( 98.44)	Acc@5 100.00 (100.00)
Test: [10/50]	Time  0.037 ( 0.057)	Loss 2.3376e-02 (4.6150e-02)	Acc@1  96.88 ( 98.44)	Acc@5 100.00 (100.00)
Test: [20/50]	Time  0.038 ( 0.048)	Loss 4.8757e-03 (3.0156e-02)	Acc@1 100.00 ( 98.96)	Acc@5 100.00 (100.00)
Test: [30/50]	Time  0.038 ( 0.045)	Loss 1.0524e-02 (2.8546e-02)	Acc@1 100.00 ( 98.99)	Acc@5 100.00 (100.00)
Test: [40/50]	Time  0.038 ( 0.043)	Loss 3.4115e-02 (2.6368e-02)	Acc@1  98.44 ( 99.12)	Acc@5 100.00 (100.00)
 * Acc@1 99.239 Acc@5 100.000
Epoch: [153][  0/115]	Time  0.274 ( 0.274)	Data  0.212 ( 0.212)	Loss 2.0601e-02 (2.0601e-02)	Acc@1 100.00 (100.00)	Acc@5 100.00 (100.00)
Epoch: [153][ 10/115]	Time  0.126 ( 0.140)	Data  0.000 ( 0.025)	Loss 1.5545e-01 (6.9669e-02)	Acc@1  93.75 ( 98.01)	Acc@5 100.00 (100.00)
Epoch: [153][ 20/115]	Time  0.132 ( 0.135)	Data  0.000 ( 0.017)	Loss 6.5830e-02 (7.1044e-02)	Acc@1  96.88 ( 97.77)	Acc@5 100.00 (100.00)
Epoch: [153][ 30/115]	Time  0.133 ( 0.133)	Data  0.000 ( 0.014)	Loss 1.2810e-01 (7.5976e-02)	Acc@1  95.31 ( 97.53)	Acc@5 100.00 (100.00)
Epoch: [153][ 40/115]	Time  0.129 ( 0.132)	Data  0.000 ( 0.012)	Loss 7.4722e-02 (7.5474e-02)	Acc@1  96.88 ( 97.45)	Acc@5 100.00 (100.00)
Epoch: [153][ 50/115]	Time  0.128 ( 0.132)	Data  0.000 ( 0.011)	Loss 5.6225e-02 (7.4458e-02)	Acc@1  98.44 ( 97.43)	Acc@5 100.00 (100.00)
Epoch: [153][ 60/115]	Time  0.132 ( 0.131)	Data  0.000 ( 0.010)	Loss 5.6348e-03 (7.3712e-02)	Acc@1 100.00 ( 97.39)	Acc@5 100.00 (100.00)
Epoch: [153][ 70/115]	Time  0.131 ( 0.131)	Data  0.000 ( 0.010)	Loss 8.2089e-02 (7.5151e-02)	Acc@1  96.88 ( 97.32)	Acc@5 100.00 (100.00)
Epoch: [153][ 80/115]	Time  0.132 ( 0.131)	Data  0.000 ( 0.009)	Loss 5.8305e-02 (7.8265e-02)	Acc@1  98.44 ( 97.22)	Acc@5 100.00 (100.00)
Epoch: [153][ 90/115]	Time  0.128 ( 0.131)	Data  0.000 ( 0.009)	Loss 4.2796e-02 (7.7256e-02)	Acc@1  98.44 ( 97.20)	Acc@5 100.00 (100.00)
Epoch: [153][100/115]	Time  0.131 ( 0.130)	Data  0.000 ( 0.009)	Loss 6.1707e-03 (7.5679e-02)	Acc@1 100.00 ( 97.22)	Acc@5 100.00 (100.00)
Epoch: [153][110/115]	Time  0.130 ( 0.130)	Data  0.000 ( 0.009)	Loss 8.1321e-02 (7.7276e-02)	Acc@1  98.44 ( 97.13)	Acc@5 100.00 (100.00)
Test: [ 0/50]	Time  0.262 ( 0.262)	Loss 7.5452e-02 (7.5452e-02)	Acc@1  98.44 ( 98.44)	Acc@5 100.00 (100.00)
Test: [10/50]	Time  0.037 ( 0.057)	Loss 2.1328e-02 (4.7119e-02)	Acc@1  98.44 ( 98.58)	Acc@5 100.00 (100.00)
Test: [20/50]	Time  0.038 ( 0.048)	Loss 5.6968e-03 (3.0803e-02)	Acc@1 100.00 ( 98.96)	Acc@5 100.00 (100.00)
Test: [30/50]	Time  0.038 ( 0.045)	Loss 1.0566e-02 (2.9119e-02)	Acc@1 100.00 ( 98.99)	Acc@5 100.00 (100.00)
Test: [40/50]	Time  0.038 ( 0.043)	Loss 3.6801e-02 (2.6479e-02)	Acc@1  98.44 ( 99.16)	Acc@5 100.00 (100.00)
 * Acc@1 99.271 Acc@5 100.000
Epoch: [154][  0/115]	Time  0.261 ( 0.261)	Data  0.206 ( 0.206)	Loss 5.3654e-02 (5.3654e-02)	Acc@1  96.88 ( 96.88)	Acc@5 100.00 (100.00)
Epoch: [154][ 10/115]	Time  0.129 ( 0.141)	Data  0.000 ( 0.025)	Loss 3.7663e-02 (4.5647e-02)	Acc@1  98.44 ( 98.58)	Acc@5 100.00 (100.00)
Epoch: [154][ 20/115]	Time  0.127 ( 0.136)	Data  0.000 ( 0.017)	Loss 4.9276e-02 (6.8371e-02)	Acc@1  98.44 ( 97.40)	Acc@5 100.00 (100.00)
Epoch: [154][ 30/115]	Time  0.130 ( 0.134)	Data  0.000 ( 0.014)	Loss 9.1144e-02 (7.3057e-02)	Acc@1  98.44 ( 97.38)	Acc@5 100.00 (100.00)
Epoch: [154][ 40/115]	Time  0.131 ( 0.133)	Data  0.000 ( 0.012)	Loss 7.9319e-02 (7.2884e-02)	Acc@1  96.88 ( 97.26)	Acc@5 100.00 (100.00)
Epoch: [154][ 50/115]	Time  0.130 ( 0.132)	Data  0.000 ( 0.011)	Loss 6.8891e-02 (7.7255e-02)	Acc@1  96.88 ( 97.03)	Acc@5 100.00 (100.00)
Epoch: [154][ 60/115]	Time  0.131 ( 0.132)	Data  0.000 ( 0.010)	Loss 6.0914e-02 (7.6693e-02)	Acc@1  96.88 ( 97.00)	Acc@5 100.00 (100.00)
Epoch: [154][ 70/115]	Time  0.128 ( 0.131)	Data  0.000 ( 0.010)	Loss 5.0999e-02 (7.5494e-02)	Acc@1  98.44 ( 97.03)	Acc@5 100.00 (100.00)
Epoch: [154][ 80/115]	Time  0.128 ( 0.131)	Data  0.000 ( 0.009)	Loss 3.9297e-02 (7.4153e-02)	Acc@1  98.44 ( 97.01)	Acc@5 100.00 (100.00)
Epoch: [154][ 90/115]	Time  0.129 ( 0.131)	Data  0.000 ( 0.009)	Loss 4.7378e-02 (7.4498e-02)	Acc@1  98.44 ( 97.00)	Acc@5 100.00 (100.00)
Epoch: [154][100/115]	Time  0.127 ( 0.131)	Data  0.000 ( 0.009)	Loss 4.1771e-02 (7.3082e-02)	Acc@1  96.88 ( 97.05)	Acc@5 100.00 (100.00)
Epoch: [154][110/115]	Time  0.132 ( 0.131)	Data  0.000 ( 0.009)	Loss 1.1308e-01 (7.1889e-02)	Acc@1  95.31 ( 97.07)	Acc@5 100.00 (100.00)
Test: [ 0/50]	Time  0.260 ( 0.260)	Loss 6.4472e-02 (6.4472e-02)	Acc@1  98.44 ( 98.44)	Acc@5 100.00 (100.00)
Test: [10/50]	Time  0.037 ( 0.057)	Loss 1.9176e-02 (4.2234e-02)	Acc@1  98.44 ( 98.72)	Acc@5 100.00 (100.00)
Test: [20/50]	Time  0.038 ( 0.048)	Loss 5.7167e-03 (2.7339e-02)	Acc@1 100.00 ( 99.11)	Acc@5 100.00 (100.00)
Test: [30/50]	Time  0.038 ( 0.045)	Loss 1.2917e-02 (2.6502e-02)	Acc@1 100.00 ( 99.09)	Acc@5 100.00 (100.00)
Test: [40/50]	Time  0.038 ( 0.043)	Loss 4.0439e-02 (2.5526e-02)	Acc@1  98.44 ( 99.20)	Acc@5 100.00 (100.00)
 * Acc@1 99.302 Acc@5 100.000
Epoch: [155][  0/115]	Time  0.271 ( 0.271)	Data  0.216 ( 0.216)	Loss 1.2826e-01 (1.2826e-01)	Acc@1  96.88 ( 96.88)	Acc@5 100.00 (100.00)
Epoch: [155][ 10/115]	Time  0.127 ( 0.142)	Data  0.000 ( 0.026)	Loss 8.1719e-02 (1.0093e-01)	Acc@1  96.88 ( 96.59)	Acc@5 100.00 (100.00)
Epoch: [155][ 20/115]	Time  0.130 ( 0.136)	Data  0.000 ( 0.017)	Loss 4.0439e-02 (8.3618e-02)	Acc@1  96.88 ( 96.88)	Acc@5 100.00 (100.00)
Epoch: [155][ 30/115]	Time  0.125 ( 0.134)	Data  0.000 ( 0.014)	Loss 2.1505e-02 (8.2672e-02)	Acc@1 100.00 ( 96.82)	Acc@5 100.00 (100.00)
Epoch: [155][ 40/115]	Time  0.132 ( 0.133)	Data  0.000 ( 0.012)	Loss 3.9779e-02 (7.6169e-02)	Acc@1 100.00 ( 97.22)	Acc@5 100.00 (100.00)
Epoch: [155][ 50/115]	Time  0.132 ( 0.132)	Data  0.000 ( 0.011)	Loss 5.8994e-02 (7.6869e-02)	Acc@1  96.88 ( 97.24)	Acc@5 100.00 (100.00)
Epoch: [155][ 60/115]	Time  0.128 ( 0.132)	Data  0.000 ( 0.011)	Loss 2.8243e-02 (7.4684e-02)	Acc@1 100.00 ( 97.34)	Acc@5 100.00 (100.00)
Epoch: [155][ 70/115]	Time  0.127 ( 0.131)	Data  0.000 ( 0.010)	Loss 4.5004e-02 (7.5133e-02)	Acc@1  98.44 ( 97.32)	Acc@5 100.00 (100.00)
Epoch: [155][ 80/115]	Time  0.128 ( 0.131)	Data  0.000 ( 0.010)	Loss 1.4521e-01 (7.2987e-02)	Acc@1  92.19 ( 97.42)	Acc@5 100.00 (100.00)
Epoch: [155][ 90/115]	Time  0.129 ( 0.131)	Data  0.000 ( 0.009)	Loss 9.8077e-02 (7.2574e-02)	Acc@1  96.88 ( 97.42)	Acc@5 100.00 (100.00)
Epoch: [155][100/115]	Time  0.124 ( 0.131)	Data  0.000 ( 0.009)	Loss 6.3764e-02 (7.0913e-02)	Acc@1  98.44 ( 97.45)	Acc@5 100.00 (100.00)
Epoch: [155][110/115]	Time  0.127 ( 0.130)	Data  0.000 ( 0.009)	Loss 7.4240e-02 (7.3596e-02)	Acc@1  98.44 ( 97.38)	Acc@5 100.00 (100.00)
Test: [ 0/50]	Time  0.262 ( 0.262)	Loss 6.4860e-02 (6.4860e-02)	Acc@1  98.44 ( 98.44)	Acc@5 100.00 (100.00)
Test: [10/50]	Time  0.037 ( 0.057)	Loss 1.9133e-02 (3.9960e-02)	Acc@1  98.44 ( 98.72)	Acc@5 100.00 (100.00)
Test: [20/50]	Time  0.038 ( 0.048)	Loss 4.0062e-03 (2.5481e-02)	Acc@1 100.00 ( 99.18)	Acc@5 100.00 (100.00)
Test: [30/50]	Time  0.038 ( 0.045)	Loss 1.4161e-02 (2.5104e-02)	Acc@1 100.00 ( 99.09)	Acc@5 100.00 (100.00)
Test: [40/50]	Time  0.038 ( 0.043)	Loss 4.3432e-02 (2.5035e-02)	Acc@1  98.44 ( 99.20)	Acc@5 100.00 (100.00)
 * Acc@1 99.271 Acc@5 100.000
Epoch: [156][  0/115]	Time  0.278 ( 0.278)	Data  0.215 ( 0.215)	Loss 6.6668e-02 (6.6668e-02)	Acc@1  96.88 ( 96.88)	Acc@5 100.00 (100.00)
Epoch: [156][ 10/115]	Time  0.136 ( 0.143)	Data  0.000 ( 0.026)	Loss 7.4542e-02 (7.2376e-02)	Acc@1  96.88 ( 97.16)	Acc@5 100.00 (100.00)
Epoch: [156][ 20/115]	Time  0.130 ( 0.136)	Data  0.000 ( 0.017)	Loss 1.3155e-01 (7.6327e-02)	Acc@1  96.88 ( 97.17)	Acc@5 100.00 (100.00)
Epoch: [156][ 30/115]	Time  0.130 ( 0.134)	Data  0.000 ( 0.013)	Loss 1.1063e-01 (7.7470e-02)	Acc@1  96.88 ( 97.38)	Acc@5 100.00 (100.00)
Epoch: [156][ 40/115]	Time  0.128 ( 0.133)	Data  0.000 ( 0.012)	Loss 1.4881e-01 (7.5694e-02)	Acc@1  95.31 ( 97.45)	Acc@5 100.00 (100.00)
Epoch: [156][ 50/115]	Time  0.129 ( 0.132)	Data  0.000 ( 0.011)	Loss 4.9361e-02 (7.3055e-02)	Acc@1  98.44 ( 97.49)	Acc@5 100.00 (100.00)
Epoch: [156][ 60/115]	Time  0.130 ( 0.132)	Data  0.000 ( 0.010)	Loss 5.8774e-02 (7.0095e-02)	Acc@1  98.44 ( 97.62)	Acc@5 100.00 (100.00)
Epoch: [156][ 70/115]	Time  0.129 ( 0.131)	Data  0.000 ( 0.010)	Loss 2.0537e-02 (7.0986e-02)	Acc@1 100.00 ( 97.58)	Acc@5 100.00 (100.00)
Epoch: [156][ 80/115]	Time  0.124 ( 0.131)	Data  0.000 ( 0.010)	Loss 4.7539e-02 (6.8651e-02)	Acc@1  98.44 ( 97.65)	Acc@5 100.00 (100.00)
Epoch: [156][ 90/115]	Time  0.128 ( 0.131)	Data  0.000 ( 0.009)	Loss 7.0471e-02 (6.8135e-02)	Acc@1  98.44 ( 97.66)	Acc@5 100.00 (100.00)
Epoch: [156][100/115]	Time  0.132 ( 0.130)	Data  0.000 ( 0.009)	Loss 1.7767e-02 (6.8250e-02)	Acc@1 100.00 ( 97.63)	Acc@5 100.00 (100.00)
Epoch: [156][110/115]	Time  0.130 ( 0.130)	Data  0.000 ( 0.009)	Loss 7.5391e-02 (6.8819e-02)	Acc@1  98.44 ( 97.62)	Acc@5 100.00 (100.00)
Test: [ 0/50]	Time  0.262 ( 0.262)	Loss 7.2983e-02 (7.2983e-02)	Acc@1  98.44 ( 98.44)	Acc@5 100.00 (100.00)
Test: [10/50]	Time  0.037 ( 0.057)	Loss 2.4652e-02 (4.8614e-02)	Acc@1  96.88 ( 98.44)	Acc@5 100.00 (100.00)
Test: [20/50]	Time  0.038 ( 0.048)	Loss 7.0006e-03 (3.2093e-02)	Acc@1 100.00 ( 98.88)	Acc@5 100.00 (100.00)
Test: [30/50]	Time  0.038 ( 0.045)	Loss 9.4500e-03 (3.0276e-02)	Acc@1 100.00 ( 98.94)	Acc@5 100.00 (100.00)
Test: [40/50]	Time  0.038 ( 0.043)	Loss 3.3917e-02 (2.7244e-02)	Acc@1  98.44 ( 99.09)	Acc@5 100.00 (100.00)
 * Acc@1 99.207 Acc@5 100.000
Epoch: [157][  0/115]	Time  0.289 ( 0.289)	Data  0.225 ( 0.225)	Loss 7.8563e-02 (7.8563e-02)	Acc@1  95.31 ( 95.31)	Acc@5 100.00 (100.00)
Epoch: [157][ 10/115]	Time  0.121 ( 0.143)	Data  0.000 ( 0.027)	Loss 1.0535e-01 (9.4067e-02)	Acc@1  95.31 ( 95.88)	Acc@5 100.00 (100.00)
Epoch: [157][ 20/115]	Time  0.135 ( 0.137)	Data  0.000 ( 0.017)	Loss 1.1159e-01 (8.4135e-02)	Acc@1  95.31 ( 96.13)	Acc@5 100.00 (100.00)
Epoch: [157][ 30/115]	Time  0.129 ( 0.134)	Data  0.000 ( 0.014)	Loss 7.6430e-02 (7.8423e-02)	Acc@1  96.88 ( 96.67)	Acc@5 100.00 (100.00)
Epoch: [157][ 40/115]	Time  0.129 ( 0.133)	Data  0.000 ( 0.012)	Loss 7.9199e-02 (7.6300e-02)	Acc@1  95.31 ( 96.99)	Acc@5 100.00 (100.00)
Epoch: [157][ 50/115]	Time  0.127 ( 0.133)	Data  0.000 ( 0.011)	Loss 6.3283e-02 (7.6659e-02)	Acc@1  96.88 ( 96.97)	Acc@5 100.00 (100.00)
Epoch: [157][ 60/115]	Time  0.135 ( 0.132)	Data  0.000 ( 0.011)	Loss 3.1217e-02 (7.3811e-02)	Acc@1 100.00 ( 97.08)	Acc@5 100.00 (100.00)
Epoch: [157][ 70/115]	Time  0.130 ( 0.132)	Data  0.000 ( 0.010)	Loss 8.8802e-02 (7.3028e-02)	Acc@1  96.88 ( 97.23)	Acc@5 100.00 (100.00)
Epoch: [157][ 80/115]	Time  0.132 ( 0.131)	Data  0.000 ( 0.010)	Loss 2.6511e-02 (7.1352e-02)	Acc@1  98.44 ( 97.28)	Acc@5 100.00 (100.00)
Epoch: [157][ 90/115]	Time  0.123 ( 0.131)	Data  0.000 ( 0.009)	Loss 3.6694e-02 (7.2606e-02)	Acc@1 100.00 ( 97.25)	Acc@5 100.00 (100.00)
Epoch: [157][100/115]	Time  0.128 ( 0.131)	Data  0.000 ( 0.009)	Loss 7.1013e-02 (7.2400e-02)	Acc@1  96.88 ( 97.25)	Acc@5 100.00 (100.00)
Epoch: [157][110/115]	Time  0.130 ( 0.131)	Data  0.000 ( 0.009)	Loss 1.5962e-02 (7.0604e-02)	Acc@1 100.00 ( 97.33)	Acc@5 100.00 (100.00)
Test: [ 0/50]	Time  0.259 ( 0.259)	Loss 6.9320e-02 (6.9320e-02)	Acc@1  98.44 ( 98.44)	Acc@5 100.00 (100.00)
Test: [10/50]	Time  0.037 ( 0.057)	Loss 2.3566e-02 (4.2981e-02)	Acc@1  98.44 ( 98.72)	Acc@5 100.00 (100.00)
Test: [20/50]	Time  0.042 ( 0.048)	Loss 4.4806e-03 (2.7691e-02)	Acc@1 100.00 ( 99.18)	Acc@5 100.00 (100.00)
Test: [30/50]	Time  0.038 ( 0.045)	Loss 1.1827e-02 (2.6669e-02)	Acc@1 100.00 ( 99.14)	Acc@5 100.00 (100.00)
Test: [40/50]	Time  0.038 ( 0.043)	Loss 3.8566e-02 (2.5573e-02)	Acc@1  98.44 ( 99.24)	Acc@5 100.00 (100.00)
 * Acc@1 99.334 Acc@5 100.000
Epoch: [158][  0/115]	Time  0.284 ( 0.284)	Data  0.229 ( 0.229)	Loss 7.2508e-02 (7.2508e-02)	Acc@1  98.44 ( 98.44)	Acc@5 100.00 (100.00)
Epoch: [158][ 10/115]	Time  0.129 ( 0.142)	Data  0.000 ( 0.027)	Loss 2.6254e-02 (8.1286e-02)	Acc@1 100.00 ( 97.02)	Acc@5 100.00 (100.00)
Epoch: [158][ 20/115]	Time  0.121 ( 0.136)	Data  0.000 ( 0.018)	Loss 3.0703e-02 (7.8207e-02)	Acc@1 100.00 ( 97.47)	Acc@5 100.00 (100.00)
Epoch: [158][ 30/115]	Time  0.130 ( 0.134)	Data  0.000 ( 0.014)	Loss 1.1366e-01 (7.7266e-02)	Acc@1  95.31 ( 97.38)	Acc@5 100.00 (100.00)
Epoch: [158][ 40/115]	Time  0.131 ( 0.133)	Data  0.000 ( 0.013)	Loss 2.8904e-02 (7.9351e-02)	Acc@1  98.44 ( 97.22)	Acc@5 100.00 (100.00)
Epoch: [158][ 50/115]	Time  0.126 ( 0.132)	Data  0.000 ( 0.011)	Loss 8.2274e-02 (8.2634e-02)	Acc@1  96.88 ( 97.12)	Acc@5 100.00 (100.00)
Epoch: [158][ 60/115]	Time  0.127 ( 0.131)	Data  0.000 ( 0.011)	Loss 2.3102e-02 (7.9697e-02)	Acc@1 100.00 ( 97.13)	Acc@5 100.00 (100.00)
Epoch: [158][ 70/115]	Time  0.131 ( 0.131)	Data  0.000 ( 0.010)	Loss 2.0942e-01 (7.8338e-02)	Acc@1  92.19 ( 97.21)	Acc@5 100.00 (100.00)
Epoch: [158][ 80/115]	Time  0.124 ( 0.131)	Data  0.000 ( 0.010)	Loss 6.6489e-02 (7.4665e-02)	Acc@1  96.88 ( 97.22)	Acc@5 100.00 (100.00)
Epoch: [158][ 90/115]	Time  0.130 ( 0.131)	Data  0.000 ( 0.009)	Loss 5.6084e-02 (7.2671e-02)	Acc@1  96.88 ( 97.32)	Acc@5 100.00 (100.00)
Epoch: [158][100/115]	Time  0.134 ( 0.131)	Data  0.000 ( 0.009)	Loss 5.9443e-02 (7.2684e-02)	Acc@1  98.44 ( 97.34)	Acc@5 100.00 (100.00)
Epoch: [158][110/115]	Time  0.130 ( 0.130)	Data  0.000 ( 0.009)	Loss 1.5142e-01 (7.4320e-02)	Acc@1  95.31 ( 97.23)	Acc@5 100.00 (100.00)
Test: [ 0/50]	Time  0.262 ( 0.262)	Loss 7.3597e-02 (7.3597e-02)	Acc@1  98.44 ( 98.44)	Acc@5 100.00 (100.00)
Test: [10/50]	Time  0.037 ( 0.058)	Loss 2.4478e-02 (4.6805e-02)	Acc@1  98.44 ( 98.72)	Acc@5 100.00 (100.00)
Test: [20/50]	Time  0.039 ( 0.048)	Loss 7.1319e-03 (3.0786e-02)	Acc@1 100.00 ( 99.03)	Acc@5 100.00 (100.00)
Test: [30/50]	Time  0.038 ( 0.045)	Loss 1.0646e-02 (2.9244e-02)	Acc@1 100.00 ( 99.04)	Acc@5 100.00 (100.00)
Test: [40/50]	Time  0.038 ( 0.043)	Loss 3.6491e-02 (2.6642e-02)	Acc@1  98.44 ( 99.16)	Acc@5 100.00 (100.00)
 * Acc@1 99.271 Acc@5 100.000
Epoch: [159][  0/115]	Time  0.282 ( 0.282)	Data  0.220 ( 0.220)	Loss 7.4849e-02 (7.4849e-02)	Acc@1  98.44 ( 98.44)	Acc@5 100.00 (100.00)
Epoch: [159][ 10/115]	Time  0.130 ( 0.142)	Data  0.000 ( 0.026)	Loss 1.0269e-01 (8.4744e-02)	Acc@1  93.75 ( 96.73)	Acc@5 100.00 (100.00)
Epoch: [159][ 20/115]	Time  0.131 ( 0.136)	Data  0.000 ( 0.017)	Loss 4.4828e-02 (8.7104e-02)	Acc@1  98.44 ( 96.43)	Acc@5 100.00 (100.00)
Epoch: [159][ 30/115]	Time  0.127 ( 0.134)	Data  0.000 ( 0.014)	Loss 4.6109e-02 (7.5524e-02)	Acc@1  96.88 ( 97.03)	Acc@5 100.00 (100.00)
Epoch: [159][ 40/115]	Time  0.133 ( 0.133)	Data  0.000 ( 0.012)	Loss 1.4319e-02 (7.8981e-02)	Acc@1 100.00 ( 96.99)	Acc@5 100.00 (100.00)
Epoch: [159][ 50/115]	Time  0.132 ( 0.132)	Data  0.000 ( 0.011)	Loss 1.0833e-01 (7.8885e-02)	Acc@1  95.31 ( 97.00)	Acc@5 100.00 (100.00)
Epoch: [159][ 60/115]	Time  0.128 ( 0.132)	Data  0.000 ( 0.011)	Loss 8.6782e-02 (8.0389e-02)	Acc@1  96.88 ( 97.03)	Acc@5 100.00 (100.00)
Epoch: [159][ 70/115]	Time  0.126 ( 0.132)	Data  0.000 ( 0.010)	Loss 6.9271e-02 (7.8798e-02)	Acc@1  95.31 ( 97.05)	Acc@5 100.00 (100.00)
Epoch: [159][ 80/115]	Time  0.133 ( 0.131)	Data  0.000 ( 0.010)	Loss 4.4440e-02 (7.9191e-02)	Acc@1  98.44 ( 97.13)	Acc@5 100.00 (100.00)
Epoch: [159][ 90/115]	Time  0.130 ( 0.131)	Data  0.000 ( 0.009)	Loss 3.7529e-02 (7.8791e-02)	Acc@1 100.00 ( 97.17)	Acc@5 100.00 (100.00)
Epoch: [159][100/115]	Time  0.136 ( 0.131)	Data  0.000 ( 0.009)	Loss 1.2524e-01 (7.7960e-02)	Acc@1  95.31 ( 97.18)	Acc@5 100.00 (100.00)
Epoch: [159][110/115]	Time  0.127 ( 0.131)	Data  0.000 ( 0.009)	Loss 3.8379e-02 (7.6111e-02)	Acc@1  98.44 ( 97.28)	Acc@5 100.00 (100.00)
Test: [ 0/50]	Time  0.257 ( 0.257)	Loss 6.7910e-02 (6.7910e-02)	Acc@1  98.44 ( 98.44)	Acc@5 100.00 (100.00)
Test: [10/50]	Time  0.037 ( 0.056)	Loss 1.8998e-02 (4.1525e-02)	Acc@1 100.00 ( 98.72)	Acc@5 100.00 (100.00)
Test: [20/50]	Time  0.048 ( 0.048)	Loss 5.2933e-03 (2.6811e-02)	Acc@1 100.00 ( 99.18)	Acc@5 100.00 (100.00)
Test: [30/50]	Time  0.038 ( 0.045)	Loss 1.2788e-02 (2.6167e-02)	Acc@1 100.00 ( 99.14)	Acc@5 100.00 (100.00)
Test: [40/50]	Time  0.038 ( 0.043)	Loss 4.3408e-02 (2.5677e-02)	Acc@1  98.44 ( 99.20)	Acc@5 100.00 (100.00)
 * Acc@1 99.271 Acc@5 100.000
Epoch: [160][  0/115]	Time  0.270 ( 0.270)	Data  0.208 ( 0.208)	Loss 3.5652e-02 (3.5652e-02)	Acc@1 100.00 (100.00)	Acc@5 100.00 (100.00)
Epoch: [160][ 10/115]	Time  0.133 ( 0.141)	Data  0.000 ( 0.025)	Loss 7.0993e-02 (5.3522e-02)	Acc@1  95.31 ( 98.30)	Acc@5 100.00 (100.00)
Epoch: [160][ 20/115]	Time  0.129 ( 0.136)	Data  0.000 ( 0.016)	Loss 5.9124e-02 (5.8578e-02)	Acc@1  96.88 ( 98.07)	Acc@5 100.00 (100.00)
Epoch: [160][ 30/115]	Time  0.129 ( 0.134)	Data  0.000 ( 0.013)	Loss 1.2771e-01 (6.9919e-02)	Acc@1  90.62 ( 97.48)	Acc@5 100.00 (100.00)
Epoch: [160][ 40/115]	Time  0.128 ( 0.133)	Data  0.000 ( 0.012)	Loss 5.8653e-02 (6.5890e-02)	Acc@1  96.88 ( 97.68)	Acc@5 100.00 (100.00)
Epoch: [160][ 50/115]	Time  0.134 ( 0.132)	Data  0.000 ( 0.011)	Loss 3.9041e-02 (6.8449e-02)	Acc@1  98.44 ( 97.58)	Acc@5 100.00 (100.00)
Epoch: [160][ 60/115]	Time  0.129 ( 0.132)	Data  0.000 ( 0.010)	Loss 2.2653e-02 (6.8422e-02)	Acc@1 100.00 ( 97.49)	Acc@5 100.00 (100.00)
Epoch: [160][ 70/115]	Time  0.132 ( 0.131)	Data  0.000 ( 0.010)	Loss 1.8361e-01 (7.2929e-02)	Acc@1  92.19 ( 97.27)	Acc@5 100.00 (100.00)
Epoch: [160][ 80/115]	Time  0.123 ( 0.131)	Data  0.000 ( 0.009)	Loss 1.1325e-01 (7.1448e-02)	Acc@1  98.44 ( 97.28)	Acc@5 100.00 (100.00)
Epoch: [160][ 90/115]	Time  0.132 ( 0.131)	Data  0.000 ( 0.009)	Loss 5.3154e-02 (7.2067e-02)	Acc@1  96.88 ( 97.24)	Acc@5 100.00 (100.00)
Epoch: [160][100/115]	Time  0.121 ( 0.131)	Data  0.000 ( 0.009)	Loss 1.7682e-01 (7.4613e-02)	Acc@1  93.75 ( 97.18)	Acc@5 100.00 (100.00)
Epoch: [160][110/115]	Time  0.128 ( 0.130)	Data  0.000 ( 0.009)	Loss 1.1626e-01 (7.5074e-02)	Acc@1  95.31 ( 97.20)	Acc@5 100.00 (100.00)
Test: [ 0/50]	Time  0.258 ( 0.258)	Loss 7.1675e-02 (7.1675e-02)	Acc@1  98.44 ( 98.44)	Acc@5 100.00 (100.00)
Test: [10/50]	Time  0.038 ( 0.057)	Loss 2.3271e-02 (4.7217e-02)	Acc@1  98.44 ( 98.58)	Acc@5 100.00 (100.00)
Test: [20/50]	Time  0.038 ( 0.048)	Loss 7.7854e-03 (3.1150e-02)	Acc@1 100.00 ( 98.96)	Acc@5 100.00 (100.00)
Test: [30/50]	Time  0.038 ( 0.045)	Loss 9.7104e-03 (2.9458e-02)	Acc@1 100.00 ( 98.99)	Acc@5 100.00 (100.00)
Test: [40/50]	Time  0.038 ( 0.043)	Loss 3.5129e-02 (2.6732e-02)	Acc@1  98.44 ( 99.16)	Acc@5 100.00 (100.00)
 * Acc@1 99.271 Acc@5 100.000
Epoch: [161][  0/115]	Time  0.289 ( 0.289)	Data  0.234 ( 0.234)	Loss 5.6335e-02 (5.6335e-02)	Acc@1  95.31 ( 95.31)	Acc@5 100.00 (100.00)
Epoch: [161][ 10/115]	Time  0.127 ( 0.143)	Data  0.000 ( 0.028)	Loss 8.4603e-02 (6.0023e-02)	Acc@1  98.44 ( 97.73)	Acc@5 100.00 (100.00)
Epoch: [161][ 20/115]	Time  0.127 ( 0.136)	Data  0.000 ( 0.018)	Loss 2.3046e-02 (6.5049e-02)	Acc@1 100.00 ( 97.25)	Acc@5 100.00 (100.00)
Epoch: [161][ 30/115]	Time  0.128 ( 0.134)	Data  0.000 ( 0.014)	Loss 4.3667e-02 (7.3681e-02)	Acc@1 100.00 ( 97.03)	Acc@5 100.00 (100.00)
Epoch: [161][ 40/115]	Time  0.129 ( 0.132)	Data  0.000 ( 0.013)	Loss 5.3383e-02 (7.1716e-02)	Acc@1  96.88 ( 97.14)	Acc@5 100.00 (100.00)
Epoch: [161][ 50/115]	Time  0.125 ( 0.132)	Data  0.000 ( 0.012)	Loss 5.9883e-02 (6.9359e-02)	Acc@1 100.00 ( 97.27)	Acc@5 100.00 (100.00)
Epoch: [161][ 60/115]	Time  0.131 ( 0.131)	Data  0.000 ( 0.011)	Loss 1.1748e-01 (6.8236e-02)	Acc@1  96.88 ( 97.39)	Acc@5 100.00 (100.00)
Epoch: [161][ 70/115]	Time  0.126 ( 0.131)	Data  0.000 ( 0.010)	Loss 1.0839e-01 (6.8850e-02)	Acc@1  95.31 ( 97.34)	Acc@5 100.00 (100.00)
Epoch: [161][ 80/115]	Time  0.129 ( 0.131)	Data  0.000 ( 0.010)	Loss 6.9849e-02 (6.7445e-02)	Acc@1  96.88 ( 97.42)	Acc@5 100.00 (100.00)
Epoch: [161][ 90/115]	Time  0.127 ( 0.131)	Data  0.000 ( 0.010)	Loss 9.8163e-02 (6.9483e-02)	Acc@1  95.31 ( 97.30)	Acc@5 100.00 (100.00)
Epoch: [161][100/115]	Time  0.135 ( 0.131)	Data  0.000 ( 0.009)	Loss 5.2235e-02 (6.9162e-02)	Acc@1  98.44 ( 97.31)	Acc@5 100.00 (100.00)
Epoch: [161][110/115]	Time  0.128 ( 0.131)	Data  0.000 ( 0.009)	Loss 1.8207e-02 (6.9470e-02)	Acc@1 100.00 ( 97.33)	Acc@5 100.00 (100.00)
Test: [ 0/50]	Time  0.273 ( 0.273)	Loss 7.0697e-02 (7.0697e-02)	Acc@1  98.44 ( 98.44)	Acc@5 100.00 (100.00)
Test: [10/50]	Time  0.038 ( 0.058)	Loss 2.4277e-02 (4.8696e-02)	Acc@1  98.44 ( 98.72)	Acc@5 100.00 (100.00)
Test: [20/50]	Time  0.038 ( 0.049)	Loss 5.6978e-03 (3.1946e-02)	Acc@1 100.00 ( 99.03)	Acc@5 100.00 (100.00)
Test: [30/50]	Time  0.038 ( 0.045)	Loss 9.3354e-03 (2.9850e-02)	Acc@1 100.00 ( 99.04)	Acc@5 100.00 (100.00)
Test: [40/50]	Time  0.038 ( 0.044)	Loss 3.3928e-02 (2.6906e-02)	Acc@1  98.44 ( 99.16)	Acc@5 100.00 (100.00)
 * Acc@1 99.271 Acc@5 100.000
Epoch: [162][  0/115]	Time  0.278 ( 0.278)	Data  0.217 ( 0.217)	Loss 3.3868e-02 (3.3868e-02)	Acc@1 100.00 (100.00)	Acc@5 100.00 (100.00)
Epoch: [162][ 10/115]	Time  0.128 ( 0.142)	Data  0.000 ( 0.026)	Loss 3.1626e-02 (6.8239e-02)	Acc@1  98.44 ( 97.44)	Acc@5 100.00 (100.00)
Epoch: [162][ 20/115]	Time  0.125 ( 0.136)	Data  0.000 ( 0.017)	Loss 9.7656e-02 (6.5689e-02)	Acc@1  96.88 ( 97.77)	Acc@5 100.00 (100.00)
Epoch: [162][ 30/115]	Time  0.131 ( 0.134)	Data  0.000 ( 0.014)	Loss 4.5852e-02 (6.6320e-02)	Acc@1  96.88 ( 97.78)	Acc@5 100.00 (100.00)
Epoch: [162][ 40/115]	Time  0.127 ( 0.133)	Data  0.000 ( 0.012)	Loss 6.6793e-02 (7.2474e-02)	Acc@1  95.31 ( 97.52)	Acc@5 100.00 (100.00)
Epoch: [162][ 50/115]	Time  0.122 ( 0.132)	Data  0.000 ( 0.011)	Loss 5.8190e-02 (7.5290e-02)	Acc@1  96.88 ( 97.40)	Acc@5 100.00 (100.00)
Epoch: [162][ 60/115]	Time  0.119 ( 0.132)	Data  0.000 ( 0.011)	Loss 3.7049e-02 (7.7157e-02)	Acc@1 100.00 ( 97.28)	Acc@5 100.00 (100.00)
Epoch: [162][ 70/115]	Time  0.125 ( 0.131)	Data  0.000 ( 0.010)	Loss 1.0794e-01 (7.5806e-02)	Acc@1  93.75 ( 97.27)	Acc@5 100.00 (100.00)
Epoch: [162][ 80/115]	Time  0.130 ( 0.131)	Data  0.000 ( 0.010)	Loss 5.7301e-02 (7.4255e-02)	Acc@1  98.44 ( 97.28)	Acc@5 100.00 (100.00)
Epoch: [162][ 90/115]	Time  0.130 ( 0.131)	Data  0.000 ( 0.009)	Loss 7.4986e-02 (7.6094e-02)	Acc@1  95.31 ( 97.12)	Acc@5 100.00 (100.00)
Epoch: [162][100/115]	Time  0.127 ( 0.131)	Data  0.000 ( 0.009)	Loss 1.3850e-01 (7.7172e-02)	Acc@1  93.75 ( 97.06)	Acc@5 100.00 (100.00)
Epoch: [162][110/115]	Time  0.130 ( 0.131)	Data  0.000 ( 0.009)	Loss 6.5784e-02 (7.4442e-02)	Acc@1  96.88 ( 97.17)	Acc@5 100.00 (100.00)
Test: [ 0/50]	Time  0.259 ( 0.259)	Loss 7.5801e-02 (7.5801e-02)	Acc@1  98.44 ( 98.44)	Acc@5 100.00 (100.00)
Test: [10/50]	Time  0.037 ( 0.057)	Loss 2.6843e-02 (4.9168e-02)	Acc@1  96.88 ( 98.44)	Acc@5 100.00 (100.00)
Test: [20/50]	Time  0.038 ( 0.048)	Loss 7.0053e-03 (3.2399e-02)	Acc@1 100.00 ( 98.88)	Acc@5 100.00 (100.00)
Test: [30/50]	Time  0.038 ( 0.045)	Loss 9.0482e-03 (3.0452e-02)	Acc@1 100.00 ( 98.94)	Acc@5 100.00 (100.00)
Test: [40/50]	Time  0.038 ( 0.043)	Loss 3.4066e-02 (2.7211e-02)	Acc@1  98.44 ( 99.09)	Acc@5 100.00 (100.00)
 * Acc@1 99.207 Acc@5 100.000
Epoch: [163][  0/115]	Time  0.279 ( 0.279)	Data  0.218 ( 0.218)	Loss 7.9254e-02 (7.9254e-02)	Acc@1  95.31 ( 95.31)	Acc@5 100.00 (100.00)
Epoch: [163][ 10/115]	Time  0.128 ( 0.142)	Data  0.000 ( 0.026)	Loss 3.0906e-01 (9.3192e-02)	Acc@1  87.50 ( 96.02)	Acc@5 100.00 (100.00)
Epoch: [163][ 20/115]	Time  0.132 ( 0.136)	Data  0.000 ( 0.017)	Loss 1.1129e-01 (8.4509e-02)	Acc@1  95.31 ( 96.28)	Acc@5 100.00 (100.00)
Epoch: [163][ 30/115]	Time  0.128 ( 0.134)	Data  0.000 ( 0.014)	Loss 4.8641e-02 (7.2372e-02)	Acc@1  96.88 ( 96.93)	Acc@5 100.00 (100.00)
Epoch: [163][ 40/115]	Time  0.129 ( 0.132)	Data  0.000 ( 0.012)	Loss 3.0063e-02 (7.6722e-02)	Acc@1 100.00 ( 96.84)	Acc@5 100.00 (100.00)
Epoch: [163][ 50/115]	Time  0.130 ( 0.132)	Data  0.000 ( 0.011)	Loss 5.1576e-02 (7.2103e-02)	Acc@1  96.88 ( 97.03)	Acc@5 100.00 (100.00)
Epoch: [163][ 60/115]	Time  0.129 ( 0.131)	Data  0.000 ( 0.011)	Loss 1.0586e-01 (7.2289e-02)	Acc@1  96.88 ( 97.16)	Acc@5 100.00 (100.00)
Epoch: [163][ 70/115]	Time  0.128 ( 0.131)	Data  0.000 ( 0.010)	Loss 8.3791e-02 (7.0182e-02)	Acc@1  96.88 ( 97.23)	Acc@5 100.00 (100.00)
Epoch: [163][ 80/115]	Time  0.126 ( 0.131)	Data  0.000 ( 0.010)	Loss 2.7427e-02 (7.0179e-02)	Acc@1 100.00 ( 97.30)	Acc@5 100.00 (100.00)
Epoch: [163][ 90/115]	Time  0.132 ( 0.131)	Data  0.000 ( 0.009)	Loss 1.0330e-01 (6.7848e-02)	Acc@1  95.31 ( 97.39)	Acc@5 100.00 (100.00)
Epoch: [163][100/115]	Time  0.125 ( 0.130)	Data  0.000 ( 0.009)	Loss 1.8437e-01 (7.0056e-02)	Acc@1  90.62 ( 97.28)	Acc@5 100.00 (100.00)
Epoch: [163][110/115]	Time  0.127 ( 0.130)	Data  0.000 ( 0.009)	Loss 8.0277e-02 (7.0084e-02)	Acc@1  98.44 ( 97.31)	Acc@5 100.00 (100.00)
Test: [ 0/50]	Time  0.260 ( 0.260)	Loss 6.6665e-02 (6.6665e-02)	Acc@1  98.44 ( 98.44)	Acc@5 100.00 (100.00)
Test: [10/50]	Time  0.037 ( 0.057)	Loss 2.1627e-02 (4.3254e-02)	Acc@1  98.44 ( 98.72)	Acc@5 100.00 (100.00)
Test: [20/50]	Time  0.038 ( 0.048)	Loss 5.4543e-03 (2.8076e-02)	Acc@1 100.00 ( 99.03)	Acc@5 100.00 (100.00)
Test: [30/50]	Time  0.038 ( 0.045)	Loss 1.1976e-02 (2.7083e-02)	Acc@1 100.00 ( 99.04)	Acc@5 100.00 (100.00)
Test: [40/50]	Time  0.038 ( 0.043)	Loss 3.9170e-02 (2.5884e-02)	Acc@1  98.44 ( 99.12)	Acc@5 100.00 (100.00)
 * Acc@1 99.239 Acc@5 100.000
Epoch: [164][  0/115]	Time  0.263 ( 0.263)	Data  0.209 ( 0.209)	Loss 6.4945e-02 (6.4945e-02)	Acc@1  96.88 ( 96.88)	Acc@5 100.00 (100.00)
Epoch: [164][ 10/115]	Time  0.131 ( 0.141)	Data  0.000 ( 0.025)	Loss 8.2944e-02 (6.3686e-02)	Acc@1  95.31 ( 97.59)	Acc@5 100.00 (100.00)
Epoch: [164][ 20/115]	Time  0.132 ( 0.135)	Data  0.000 ( 0.017)	Loss 2.4024e-02 (7.7797e-02)	Acc@1 100.00 ( 97.25)	Acc@5 100.00 (100.00)
Epoch: [164][ 30/115]	Time  0.134 ( 0.134)	Data  0.000 ( 0.014)	Loss 2.2384e-01 (7.8595e-02)	Acc@1  93.75 ( 97.23)	Acc@5 100.00 (100.00)
Epoch: [164][ 40/115]	Time  0.125 ( 0.133)	Data  0.000 ( 0.012)	Loss 5.5370e-02 (7.8267e-02)	Acc@1  98.44 ( 97.26)	Acc@5 100.00 (100.00)
Epoch: [164][ 50/115]	Time  0.132 ( 0.132)	Data  0.000 ( 0.011)	Loss 9.6661e-02 (7.6016e-02)	Acc@1  93.75 ( 97.21)	Acc@5 100.00 (100.00)
Epoch: [164][ 60/115]	Time  0.130 ( 0.132)	Data  0.000 ( 0.010)	Loss 3.9960e-02 (7.1047e-02)	Acc@1  98.44 ( 97.39)	Acc@5 100.00 (100.00)
Epoch: [164][ 70/115]	Time  0.130 ( 0.131)	Data  0.000 ( 0.010)	Loss 8.6446e-02 (7.2566e-02)	Acc@1  98.44 ( 97.34)	Acc@5 100.00 (100.00)
Epoch: [164][ 80/115]	Time  0.126 ( 0.131)	Data  0.000 ( 0.009)	Loss 6.1421e-02 (7.3105e-02)	Acc@1  96.88 ( 97.26)	Acc@5 100.00 (100.00)
Epoch: [164][ 90/115]	Time  0.133 ( 0.131)	Data  0.000 ( 0.009)	Loss 1.1652e-01 (7.4265e-02)	Acc@1  93.75 ( 97.22)	Acc@5 100.00 (100.00)
Epoch: [164][100/115]	Time  0.129 ( 0.131)	Data  0.000 ( 0.009)	Loss 1.4253e-02 (7.1388e-02)	Acc@1 100.00 ( 97.31)	Acc@5 100.00 (100.00)
Epoch: [164][110/115]	Time  0.129 ( 0.131)	Data  0.000 ( 0.009)	Loss 9.5751e-02 (7.3325e-02)	Acc@1  95.31 ( 97.23)	Acc@5 100.00 (100.00)
Test: [ 0/50]	Time  0.258 ( 0.258)	Loss 7.3028e-02 (7.3028e-02)	Acc@1  98.44 ( 98.44)	Acc@5 100.00 (100.00)
Test: [10/50]	Time  0.038 ( 0.057)	Loss 2.7489e-02 (5.0864e-02)	Acc@1  96.88 ( 98.44)	Acc@5 100.00 (100.00)
Test: [20/50]	Time  0.040 ( 0.049)	Loss 6.7957e-03 (3.3774e-02)	Acc@1 100.00 ( 98.88)	Acc@5 100.00 (100.00)
Test: [30/50]	Time  0.038 ( 0.046)	Loss 9.1425e-03 (3.1588e-02)	Acc@1 100.00 ( 98.94)	Acc@5 100.00 (100.00)
Test: [40/50]	Time  0.038 ( 0.044)	Loss 3.0280e-02 (2.7822e-02)	Acc@1  98.44 ( 99.09)	Acc@5 100.00 (100.00)
 * Acc@1 99.207 Acc@5 100.000
Epoch: [165][  0/115]	Time  0.274 ( 0.274)	Data  0.218 ( 0.218)	Loss 8.2031e-02 (8.2031e-02)	Acc@1  98.44 ( 98.44)	Acc@5 100.00 (100.00)
Epoch: [165][ 10/115]	Time  0.131 ( 0.143)	Data  0.000 ( 0.027)	Loss 1.3399e-01 (5.8724e-02)	Acc@1  95.31 ( 97.59)	Acc@5 100.00 (100.00)
Epoch: [165][ 20/115]	Time  0.132 ( 0.137)	Data  0.000 ( 0.017)	Loss 1.3554e-01 (7.6244e-02)	Acc@1  95.31 ( 97.02)	Acc@5 100.00 (100.00)
Epoch: [165][ 30/115]	Time  0.129 ( 0.134)	Data  0.000 ( 0.014)	Loss 1.3975e-01 (7.7544e-02)	Acc@1  96.88 ( 97.13)	Acc@5 100.00 (100.00)
Epoch: [165][ 40/115]	Time  0.129 ( 0.133)	Data  0.000 ( 0.012)	Loss 1.0891e-01 (7.7800e-02)	Acc@1  95.31 ( 97.07)	Acc@5 100.00 (100.00)
Epoch: [165][ 50/115]	Time  0.127 ( 0.132)	Data  0.000 ( 0.011)	Loss 4.5154e-02 (7.6519e-02)	Acc@1  96.88 ( 97.12)	Acc@5 100.00 (100.00)
Epoch: [165][ 60/115]	Time  0.130 ( 0.131)	Data  0.000 ( 0.010)	Loss 1.1749e-01 (7.4985e-02)	Acc@1  96.88 ( 97.21)	Acc@5 100.00 (100.00)
Epoch: [165][ 70/115]	Time  0.130 ( 0.131)	Data  0.000 ( 0.010)	Loss 5.2758e-02 (7.4891e-02)	Acc@1  98.44 ( 97.21)	Acc@5 100.00 (100.00)
Epoch: [165][ 80/115]	Time  0.129 ( 0.131)	Data  0.000 ( 0.010)	Loss 1.0665e-01 (7.7349e-02)	Acc@1  96.88 ( 97.09)	Acc@5 100.00 (100.00)
Epoch: [165][ 90/115]	Time  0.128 ( 0.131)	Data  0.000 ( 0.009)	Loss 7.1591e-02 (7.9822e-02)	Acc@1  96.88 ( 97.01)	Acc@5 100.00 (100.00)
Epoch: [165][100/115]	Time  0.131 ( 0.131)	Data  0.000 ( 0.009)	Loss 1.2877e-01 (7.6959e-02)	Acc@1  98.44 ( 97.15)	Acc@5 100.00 (100.00)
Epoch: [165][110/115]	Time  0.123 ( 0.130)	Data  0.000 ( 0.009)	Loss 1.1391e-01 (7.7934e-02)	Acc@1  95.31 ( 97.17)	Acc@5 100.00 (100.00)
Test: [ 0/50]	Time  0.264 ( 0.264)	Loss 7.0591e-02 (7.0591e-02)	Acc@1  98.44 ( 98.44)	Acc@5 100.00 (100.00)
Test: [10/50]	Time  0.037 ( 0.057)	Loss 2.1010e-02 (4.4262e-02)	Acc@1 100.00 ( 98.86)	Acc@5 100.00 (100.00)
Test: [20/50]	Time  0.042 ( 0.048)	Loss 5.8349e-03 (2.8806e-02)	Acc@1 100.00 ( 99.11)	Acc@5 100.00 (100.00)
Test: [30/50]	Time  0.038 ( 0.045)	Loss 1.1031e-02 (2.7626e-02)	Acc@1 100.00 ( 99.09)	Acc@5 100.00 (100.00)
Test: [40/50]	Time  0.038 ( 0.043)	Loss 3.9117e-02 (2.5911e-02)	Acc@1  98.44 ( 99.20)	Acc@5 100.00 (100.00)
 * Acc@1 99.302 Acc@5 100.000
Epoch: [166][  0/115]	Time  0.261 ( 0.261)	Data  0.199 ( 0.199)	Loss 1.0381e-01 (1.0381e-01)	Acc@1  95.31 ( 95.31)	Acc@5 100.00 (100.00)
Epoch: [166][ 10/115]	Time  0.137 ( 0.141)	Data  0.000 ( 0.024)	Loss 4.3529e-02 (6.5322e-02)	Acc@1  98.44 ( 97.59)	Acc@5 100.00 (100.00)
Epoch: [166][ 20/115]	Time  0.127 ( 0.135)	Data  0.000 ( 0.016)	Loss 5.7348e-02 (8.8330e-02)	Acc@1  96.88 ( 97.02)	Acc@5 100.00 (100.00)
Epoch: [166][ 30/115]	Time  0.124 ( 0.133)	Data  0.000 ( 0.013)	Loss 5.8979e-02 (8.6002e-02)	Acc@1  98.44 ( 97.03)	Acc@5 100.00 (100.00)
Epoch: [166][ 40/115]	Time  0.128 ( 0.132)	Data  0.000 ( 0.012)	Loss 9.8327e-02 (8.5171e-02)	Acc@1  95.31 ( 96.91)	Acc@5 100.00 (100.00)
Epoch: [166][ 50/115]	Time  0.129 ( 0.132)	Data  0.000 ( 0.011)	Loss 1.2742e-01 (8.1895e-02)	Acc@1  93.75 ( 97.00)	Acc@5 100.00 (100.00)
Epoch: [166][ 60/115]	Time  0.126 ( 0.131)	Data  0.000 ( 0.010)	Loss 8.1474e-02 (8.0414e-02)	Acc@1  93.75 ( 97.00)	Acc@5 100.00 (100.00)
Epoch: [166][ 70/115]	Time  0.124 ( 0.131)	Data  0.000 ( 0.010)	Loss 4.9620e-02 (7.7305e-02)	Acc@1  96.88 ( 97.14)	Acc@5 100.00 (100.00)
Epoch: [166][ 80/115]	Time  0.131 ( 0.131)	Data  0.000 ( 0.009)	Loss 2.1495e-02 (7.3967e-02)	Acc@1 100.00 ( 97.32)	Acc@5 100.00 (100.00)
Epoch: [166][ 90/115]	Time  0.130 ( 0.131)	Data  0.000 ( 0.009)	Loss 1.2102e-01 (7.2850e-02)	Acc@1  93.75 ( 97.37)	Acc@5 100.00 (100.00)
Epoch: [166][100/115]	Time  0.127 ( 0.131)	Data  0.000 ( 0.009)	Loss 5.1609e-02 (7.2407e-02)	Acc@1  98.44 ( 97.42)	Acc@5 100.00 (100.00)
Epoch: [166][110/115]	Time  0.132 ( 0.130)	Data  0.000 ( 0.009)	Loss 8.7663e-02 (7.1880e-02)	Acc@1  96.88 ( 97.47)	Acc@5 100.00 (100.00)
Test: [ 0/50]	Time  0.286 ( 0.286)	Loss 7.5110e-02 (7.5110e-02)	Acc@1  98.44 ( 98.44)	Acc@5 100.00 (100.00)
Test: [10/50]	Time  0.036 ( 0.059)	Loss 2.5841e-02 (5.0231e-02)	Acc@1  98.44 ( 98.72)	Acc@5 100.00 (100.00)
Test: [20/50]	Time  0.047 ( 0.050)	Loss 6.4909e-03 (3.3282e-02)	Acc@1 100.00 ( 99.03)	Acc@5 100.00 (100.00)
Test: [30/50]	Time  0.037 ( 0.046)	Loss 9.7426e-03 (3.1136e-02)	Acc@1 100.00 ( 99.04)	Acc@5 100.00 (100.00)
Test: [40/50]	Time  0.038 ( 0.044)	Loss 3.2167e-02 (2.7480e-02)	Acc@1  98.44 ( 99.16)	Acc@5 100.00 (100.00)
 * Acc@1 99.271 Acc@5 100.000
Epoch: [167][  0/115]	Time  0.259 ( 0.259)	Data  0.201 ( 0.201)	Loss 3.9132e-02 (3.9132e-02)	Acc@1 100.00 (100.00)	Acc@5 100.00 (100.00)
Epoch: [167][ 10/115]	Time  0.129 ( 0.140)	Data  0.000 ( 0.025)	Loss 1.2537e-01 (7.7154e-02)	Acc@1  95.31 ( 97.16)	Acc@5 100.00 (100.00)
Epoch: [167][ 20/115]	Time  0.128 ( 0.135)	Data  0.000 ( 0.016)	Loss 1.4036e-01 (8.5199e-02)	Acc@1  93.75 ( 96.88)	Acc@5 100.00 (100.00)
Epoch: [167][ 30/115]	Time  0.126 ( 0.133)	Data  0.000 ( 0.014)	Loss 7.5849e-02 (7.7776e-02)	Acc@1  98.44 ( 97.18)	Acc@5 100.00 (100.00)
Epoch: [167][ 40/115]	Time  0.132 ( 0.132)	Data  0.000 ( 0.012)	Loss 7.1949e-02 (7.3285e-02)	Acc@1  98.44 ( 97.33)	Acc@5 100.00 (100.00)
Epoch: [167][ 50/115]	Time  0.131 ( 0.132)	Data  0.000 ( 0.011)	Loss 7.3330e-02 (7.1846e-02)	Acc@1  96.88 ( 97.33)	Acc@5 100.00 (100.00)
Epoch: [167][ 60/115]	Time  0.127 ( 0.131)	Data  0.000 ( 0.010)	Loss 6.4750e-02 (6.9807e-02)	Acc@1  93.75 ( 97.39)	Acc@5 100.00 (100.00)
Epoch: [167][ 70/115]	Time  0.128 ( 0.131)	Data  0.000 ( 0.010)	Loss 6.8411e-02 (6.8965e-02)	Acc@1  98.44 ( 97.40)	Acc@5 100.00 (100.00)
Epoch: [167][ 80/115]	Time  0.131 ( 0.131)	Data  0.000 ( 0.010)	Loss 5.2416e-02 (6.7360e-02)	Acc@1  98.44 ( 97.51)	Acc@5 100.00 (100.00)
Epoch: [167][ 90/115]	Time  0.130 ( 0.131)	Data  0.000 ( 0.009)	Loss 5.1190e-02 (6.7323e-02)	Acc@1  98.44 ( 97.53)	Acc@5 100.00 (100.00)
Epoch: [167][100/115]	Time  0.131 ( 0.131)	Data  0.000 ( 0.009)	Loss 6.8977e-02 (7.1858e-02)	Acc@1  96.88 ( 97.31)	Acc@5 100.00 (100.00)
Epoch: [167][110/115]	Time  0.128 ( 0.130)	Data  0.000 ( 0.009)	Loss 6.4424e-02 (7.2977e-02)	Acc@1  96.88 ( 97.26)	Acc@5 100.00 (100.00)
Test: [ 0/50]	Time  0.269 ( 0.269)	Loss 6.3437e-02 (6.3437e-02)	Acc@1  98.44 ( 98.44)	Acc@5 100.00 (100.00)
Test: [10/50]	Time  0.038 ( 0.058)	Loss 1.7976e-02 (4.2511e-02)	Acc@1 100.00 ( 98.86)	Acc@5 100.00 (100.00)
Test: [20/50]	Time  0.042 ( 0.049)	Loss 5.7783e-03 (2.7603e-02)	Acc@1 100.00 ( 99.18)	Acc@5 100.00 (100.00)
Test: [30/50]	Time  0.038 ( 0.045)	Loss 1.1911e-02 (2.6539e-02)	Acc@1 100.00 ( 99.14)	Acc@5 100.00 (100.00)
Test: [40/50]	Time  0.037 ( 0.044)	Loss 3.9955e-02 (2.5345e-02)	Acc@1  98.44 ( 99.20)	Acc@5 100.00 (100.00)
 * Acc@1 99.302 Acc@5 100.000
Epoch: [168][  0/115]	Time  0.281 ( 0.281)	Data  0.219 ( 0.219)	Loss 1.0492e-01 (1.0492e-01)	Acc@1  95.31 ( 95.31)	Acc@5 100.00 (100.00)
Epoch: [168][ 10/115]	Time  0.134 ( 0.142)	Data  0.000 ( 0.026)	Loss 4.4660e-02 (8.0454e-02)	Acc@1  98.44 ( 96.59)	Acc@5 100.00 (100.00)
Epoch: [168][ 20/115]	Time  0.130 ( 0.136)	Data  0.000 ( 0.017)	Loss 1.6821e-01 (7.7321e-02)	Acc@1  92.19 ( 96.58)	Acc@5 100.00 (100.00)
Epoch: [168][ 30/115]	Time  0.129 ( 0.134)	Data  0.000 ( 0.014)	Loss 1.3302e-01 (7.5749e-02)	Acc@1  93.75 ( 96.67)	Acc@5 100.00 (100.00)
Epoch: [168][ 40/115]	Time  0.120 ( 0.132)	Data  0.000 ( 0.012)	Loss 7.8530e-02 (7.1336e-02)	Acc@1  95.31 ( 96.99)	Acc@5 100.00 (100.00)
Epoch: [168][ 50/115]	Time  0.130 ( 0.132)	Data  0.000 ( 0.011)	Loss 2.1650e-01 (7.7529e-02)	Acc@1  96.88 ( 96.97)	Acc@5 100.00 (100.00)
Epoch: [168][ 60/115]	Time  0.131 ( 0.131)	Data  0.000 ( 0.011)	Loss 7.8620e-02 (7.6291e-02)	Acc@1  96.88 ( 97.08)	Acc@5 100.00 (100.00)
Epoch: [168][ 70/115]	Time  0.128 ( 0.131)	Data  0.000 ( 0.010)	Loss 5.3288e-02 (7.1509e-02)	Acc@1  98.44 ( 97.29)	Acc@5 100.00 (100.00)
Epoch: [168][ 80/115]	Time  0.117 ( 0.130)	Data  0.000 ( 0.010)	Loss 1.1481e-01 (7.0959e-02)	Acc@1  95.31 ( 97.34)	Acc@5 100.00 (100.00)
Epoch: [168][ 90/115]	Time  0.130 ( 0.130)	Data  0.000 ( 0.009)	Loss 6.3394e-02 (6.9872e-02)	Acc@1  96.88 ( 97.36)	Acc@5 100.00 (100.00)
Epoch: [168][100/115]	Time  0.130 ( 0.130)	Data  0.000 ( 0.009)	Loss 2.7128e-02 (6.9969e-02)	Acc@1 100.00 ( 97.34)	Acc@5 100.00 (100.00)
Epoch: [168][110/115]	Time  0.130 ( 0.130)	Data  0.000 ( 0.009)	Loss 3.3723e-02 (6.9042e-02)	Acc@1 100.00 ( 97.41)	Acc@5 100.00 (100.00)
Test: [ 0/50]	Time  0.261 ( 0.261)	Loss 6.6839e-02 (6.6839e-02)	Acc@1  98.44 ( 98.44)	Acc@5 100.00 (100.00)
Test: [10/50]	Time  0.037 ( 0.058)	Loss 1.8966e-02 (4.2989e-02)	Acc@1 100.00 ( 98.86)	Acc@5 100.00 (100.00)
Test: [20/50]	Time  0.038 ( 0.048)	Loss 4.4932e-03 (2.7693e-02)	Acc@1 100.00 ( 99.18)	Acc@5 100.00 (100.00)
Test: [30/50]	Time  0.038 ( 0.045)	Loss 1.1960e-02 (2.6557e-02)	Acc@1 100.00 ( 99.14)	Acc@5 100.00 (100.00)
Test: [40/50]	Time  0.038 ( 0.043)	Loss 3.8995e-02 (2.5398e-02)	Acc@1  98.44 ( 99.24)	Acc@5 100.00 (100.00)
 * Acc@1 99.334 Acc@5 100.000
Epoch: [169][  0/115]	Time  0.260 ( 0.260)	Data  0.197 ( 0.197)	Loss 4.9778e-02 (4.9778e-02)	Acc@1  96.88 ( 96.88)	Acc@5 100.00 (100.00)
Epoch: [169][ 10/115]	Time  0.128 ( 0.140)	Data  0.000 ( 0.024)	Loss 4.4832e-02 (8.0650e-02)	Acc@1  96.88 ( 97.02)	Acc@5 100.00 (100.00)
Epoch: [169][ 20/115]	Time  0.130 ( 0.135)	Data  0.000 ( 0.016)	Loss 4.6829e-02 (6.5344e-02)	Acc@1  96.88 ( 97.47)	Acc@5 100.00 (100.00)
Epoch: [169][ 30/115]	Time  0.129 ( 0.133)	Data  0.000 ( 0.013)	Loss 2.7472e-02 (6.4279e-02)	Acc@1 100.00 ( 97.63)	Acc@5 100.00 (100.00)
Epoch: [169][ 40/115]	Time  0.119 ( 0.132)	Data  0.000 ( 0.012)	Loss 9.9953e-02 (6.2125e-02)	Acc@1  98.44 ( 97.71)	Acc@5 100.00 (100.00)
Epoch: [169][ 50/115]	Time  0.126 ( 0.132)	Data  0.000 ( 0.011)	Loss 6.1048e-02 (6.5326e-02)	Acc@1  95.31 ( 97.52)	Acc@5 100.00 (100.00)
Epoch: [169][ 60/115]	Time  0.131 ( 0.131)	Data  0.000 ( 0.010)	Loss 1.1020e-01 (6.6760e-02)	Acc@1  95.31 ( 97.57)	Acc@5 100.00 (100.00)
Epoch: [169][ 70/115]	Time  0.129 ( 0.131)	Data  0.000 ( 0.010)	Loss 1.4676e-02 (6.7119e-02)	Acc@1 100.00 ( 97.49)	Acc@5 100.00 (100.00)
Epoch: [169][ 80/115]	Time  0.128 ( 0.131)	Data  0.000 ( 0.009)	Loss 3.5985e-02 (6.6118e-02)	Acc@1  98.44 ( 97.59)	Acc@5 100.00 (100.00)
Epoch: [169][ 90/115]	Time  0.128 ( 0.130)	Data  0.000 ( 0.009)	Loss 2.3914e-02 (6.8714e-02)	Acc@1 100.00 ( 97.49)	Acc@5 100.00 (100.00)
Epoch: [169][100/115]	Time  0.128 ( 0.130)	Data  0.000 ( 0.009)	Loss 8.8023e-02 (7.0280e-02)	Acc@1  96.88 ( 97.43)	Acc@5 100.00 (100.00)
Epoch: [169][110/115]	Time  0.128 ( 0.130)	Data  0.000 ( 0.009)	Loss 8.5621e-02 (7.0184e-02)	Acc@1  96.88 ( 97.42)	Acc@5 100.00 (100.00)
Test: [ 0/50]	Time  0.261 ( 0.261)	Loss 6.6268e-02 (6.6268e-02)	Acc@1  98.44 ( 98.44)	Acc@5 100.00 (100.00)
Test: [10/50]	Time  0.037 ( 0.057)	Loss 2.3077e-02 (4.6435e-02)	Acc@1  96.88 ( 98.58)	Acc@5 100.00 (100.00)
Test: [20/50]	Time  0.047 ( 0.048)	Loss 6.0127e-03 (3.0327e-02)	Acc@1 100.00 ( 99.03)	Acc@5 100.00 (100.00)
Test: [30/50]	Time  0.038 ( 0.045)	Loss 1.0986e-02 (2.8750e-02)	Acc@1 100.00 ( 99.04)	Acc@5 100.00 (100.00)
Test: [40/50]	Time  0.038 ( 0.043)	Loss 3.3879e-02 (2.6388e-02)	Acc@1  98.44 ( 99.16)	Acc@5 100.00 (100.00)
 * Acc@1 99.271 Acc@5 100.000
Epoch: [170][  0/115]	Time  0.279 ( 0.279)	Data  0.224 ( 0.224)	Loss 1.8821e-02 (1.8821e-02)	Acc@1 100.00 (100.00)	Acc@5 100.00 (100.00)
Epoch: [170][ 10/115]	Time  0.130 ( 0.143)	Data  0.000 ( 0.027)	Loss 3.5525e-02 (7.2515e-02)	Acc@1 100.00 ( 97.87)	Acc@5 100.00 (100.00)
Epoch: [170][ 20/115]	Time  0.129 ( 0.136)	Data  0.000 ( 0.018)	Loss 5.8169e-02 (6.1922e-02)	Acc@1  96.88 ( 98.07)	Acc@5 100.00 (100.00)
Epoch: [170][ 30/115]	Time  0.131 ( 0.134)	Data  0.000 ( 0.014)	Loss 3.3862e-02 (5.8580e-02)	Acc@1 100.00 ( 98.24)	Acc@5 100.00 (100.00)
Epoch: [170][ 40/115]	Time  0.127 ( 0.133)	Data  0.000 ( 0.013)	Loss 1.6648e-02 (5.7434e-02)	Acc@1 100.00 ( 98.13)	Acc@5 100.00 (100.00)
Epoch: [170][ 50/115]	Time  0.130 ( 0.132)	Data  0.000 ( 0.011)	Loss 1.5895e-01 (5.8934e-02)	Acc@1  95.31 ( 98.07)	Acc@5 100.00 (100.00)
Epoch: [170][ 60/115]	Time  0.126 ( 0.132)	Data  0.000 ( 0.011)	Loss 3.6988e-02 (6.0211e-02)	Acc@1  98.44 ( 97.98)	Acc@5 100.00 (100.00)
Epoch: [170][ 70/115]	Time  0.133 ( 0.131)	Data  0.000 ( 0.010)	Loss 4.1747e-02 (5.9572e-02)	Acc@1  98.44 ( 98.00)	Acc@5 100.00 (100.00)
Epoch: [170][ 80/115]	Time  0.131 ( 0.131)	Data  0.000 ( 0.010)	Loss 3.1990e-02 (6.2062e-02)	Acc@1  98.44 ( 97.82)	Acc@5 100.00 (100.00)
Epoch: [170][ 90/115]	Time  0.132 ( 0.131)	Data  0.000 ( 0.010)	Loss 1.1706e-01 (6.2321e-02)	Acc@1  95.31 ( 97.82)	Acc@5 100.00 (100.00)
Epoch: [170][100/115]	Time  0.127 ( 0.131)	Data  0.000 ( 0.009)	Loss 9.4906e-02 (6.4990e-02)	Acc@1  96.88 ( 97.73)	Acc@5 100.00 (100.00)
Epoch: [170][110/115]	Time  0.130 ( 0.131)	Data  0.000 ( 0.009)	Loss 9.8175e-02 (6.5943e-02)	Acc@1  93.75 ( 97.66)	Acc@5 100.00 (100.00)
Test: [ 0/50]	Time  0.269 ( 0.269)	Loss 8.0401e-02 (8.0401e-02)	Acc@1  98.44 ( 98.44)	Acc@5 100.00 (100.00)
Test: [10/50]	Time  0.038 ( 0.057)	Loss 2.8827e-02 (5.3489e-02)	Acc@1  96.88 ( 98.30)	Acc@5 100.00 (100.00)
Test: [20/50]	Time  0.041 ( 0.048)	Loss 7.0462e-03 (3.5871e-02)	Acc@1 100.00 ( 98.81)	Acc@5 100.00 (100.00)
Test: [30/50]	Time  0.038 ( 0.045)	Loss 8.6751e-03 (3.3181e-02)	Acc@1 100.00 ( 98.89)	Acc@5 100.00 (100.00)
Test: [40/50]	Time  0.038 ( 0.043)	Loss 2.8769e-02 (2.8737e-02)	Acc@1  98.44 ( 99.09)	Acc@5 100.00 (100.00)
 * Acc@1 99.207 Acc@5 100.000
Epoch: [171][  0/115]	Time  0.256 ( 0.256)	Data  0.200 ( 0.200)	Loss 4.1582e-02 (4.1582e-02)	Acc@1 100.00 (100.00)	Acc@5 100.00 (100.00)
Epoch: [171][ 10/115]	Time  0.128 ( 0.140)	Data  0.000 ( 0.025)	Loss 7.7198e-02 (7.4990e-02)	Acc@1  96.88 ( 97.73)	Acc@5 100.00 (100.00)
Epoch: [171][ 20/115]	Time  0.130 ( 0.135)	Data  0.000 ( 0.016)	Loss 4.4411e-02 (7.0748e-02)	Acc@1 100.00 ( 97.47)	Acc@5 100.00 (100.00)
Epoch: [171][ 30/115]	Time  0.129 ( 0.133)	Data  0.000 ( 0.014)	Loss 2.2900e-02 (7.3613e-02)	Acc@1 100.00 ( 97.48)	Acc@5 100.00 (100.00)
Epoch: [171][ 40/115]	Time  0.132 ( 0.132)	Data  0.000 ( 0.012)	Loss 1.2253e-02 (6.7101e-02)	Acc@1 100.00 ( 97.71)	Acc@5 100.00 (100.00)
Epoch: [171][ 50/115]	Time  0.128 ( 0.132)	Data  0.000 ( 0.011)	Loss 1.4355e-01 (6.8990e-02)	Acc@1  93.75 ( 97.49)	Acc@5 100.00 (100.00)
Epoch: [171][ 60/115]	Time  0.130 ( 0.131)	Data  0.000 ( 0.010)	Loss 4.3189e-02 (6.9319e-02)	Acc@1  98.44 ( 97.46)	Acc@5 100.00 (100.00)
Epoch: [171][ 70/115]	Time  0.128 ( 0.131)	Data  0.000 ( 0.010)	Loss 4.0987e-02 (6.7240e-02)	Acc@1  98.44 ( 97.45)	Acc@5 100.00 (100.00)
Epoch: [171][ 80/115]	Time  0.133 ( 0.131)	Data  0.000 ( 0.010)	Loss 1.1982e-01 (6.9166e-02)	Acc@1  95.31 ( 97.38)	Acc@5 100.00 (100.00)
Epoch: [171][ 90/115]	Time  0.132 ( 0.131)	Data  0.000 ( 0.009)	Loss 3.6263e-02 (6.8511e-02)	Acc@1 100.00 ( 97.46)	Acc@5 100.00 (100.00)
Epoch: [171][100/115]	Time  0.130 ( 0.131)	Data  0.000 ( 0.009)	Loss 7.0179e-02 (6.8178e-02)	Acc@1  96.88 ( 97.42)	Acc@5 100.00 (100.00)
Epoch: [171][110/115]	Time  0.128 ( 0.131)	Data  0.000 ( 0.009)	Loss 5.3275e-02 (6.8928e-02)	Acc@1  98.44 ( 97.40)	Acc@5 100.00 (100.00)
Test: [ 0/50]	Time  0.276 ( 0.276)	Loss 6.5354e-02 (6.5354e-02)	Acc@1  98.44 ( 98.44)	Acc@5 100.00 (100.00)
Test: [10/50]	Time  0.036 ( 0.059)	Loss 1.8781e-02 (4.0982e-02)	Acc@1 100.00 ( 98.86)	Acc@5 100.00 (100.00)
Test: [20/50]	Time  0.038 ( 0.049)	Loss 5.2878e-03 (2.6262e-02)	Acc@1 100.00 ( 99.33)	Acc@5 100.00 (100.00)
Test: [30/50]	Time  0.038 ( 0.045)	Loss 1.2657e-02 (2.5632e-02)	Acc@1 100.00 ( 99.24)	Acc@5 100.00 (100.00)
Test: [40/50]	Time  0.038 ( 0.044)	Loss 4.2066e-02 (2.5006e-02)	Acc@1  98.44 ( 99.31)	Acc@5 100.00 (100.00)
 * Acc@1 99.397 Acc@5 100.000
Epoch: [172][  0/115]	Time  0.262 ( 0.262)	Data  0.208 ( 0.208)	Loss 4.1871e-02 (4.1871e-02)	Acc@1  98.44 ( 98.44)	Acc@5 100.00 (100.00)
Epoch: [172][ 10/115]	Time  0.130 ( 0.142)	Data  0.000 ( 0.025)	Loss 3.0797e-02 (6.1476e-02)	Acc@1 100.00 ( 98.15)	Acc@5 100.00 (100.00)
Epoch: [172][ 20/115]	Time  0.123 ( 0.136)	Data  0.000 ( 0.017)	Loss 3.6412e-02 (6.7044e-02)	Acc@1  98.44 ( 97.69)	Acc@5 100.00 (100.00)
Epoch: [172][ 30/115]	Time  0.125 ( 0.134)	Data  0.000 ( 0.014)	Loss 2.0708e-02 (6.6238e-02)	Acc@1 100.00 ( 97.63)	Acc@5 100.00 (100.00)
Epoch: [172][ 40/115]	Time  0.129 ( 0.133)	Data  0.000 ( 0.012)	Loss 4.1960e-02 (6.4225e-02)	Acc@1  98.44 ( 97.56)	Acc@5 100.00 (100.00)
Epoch: [172][ 50/115]	Time  0.132 ( 0.132)	Data  0.000 ( 0.011)	Loss 6.5653e-02 (6.3887e-02)	Acc@1  96.88 ( 97.64)	Acc@5 100.00 (100.00)
Epoch: [172][ 60/115]	Time  0.130 ( 0.132)	Data  0.000 ( 0.010)	Loss 8.2899e-02 (6.4534e-02)	Acc@1  98.44 ( 97.52)	Acc@5 100.00 (100.00)
Epoch: [172][ 70/115]	Time  0.130 ( 0.132)	Data  0.000 ( 0.010)	Loss 5.4651e-02 (6.7405e-02)	Acc@1  96.88 ( 97.32)	Acc@5 100.00 (100.00)
Epoch: [172][ 80/115]	Time  0.128 ( 0.131)	Data  0.000 ( 0.010)	Loss 6.8790e-02 (6.5774e-02)	Acc@1  98.44 ( 97.42)	Acc@5 100.00 (100.00)
Epoch: [172][ 90/115]	Time  0.131 ( 0.131)	Data  0.000 ( 0.009)	Loss 9.8844e-02 (6.6410e-02)	Acc@1  98.44 ( 97.53)	Acc@5 100.00 (100.00)
Epoch: [172][100/115]	Time  0.132 ( 0.131)	Data  0.000 ( 0.009)	Loss 6.6199e-02 (6.7561e-02)	Acc@1  96.88 ( 97.46)	Acc@5 100.00 (100.00)
Epoch: [172][110/115]	Time  0.130 ( 0.131)	Data  0.000 ( 0.009)	Loss 5.7111e-02 (6.7262e-02)	Acc@1  96.88 ( 97.47)	Acc@5 100.00 (100.00)
Test: [ 0/50]	Time  0.282 ( 0.282)	Loss 7.2815e-02 (7.2815e-02)	Acc@1  98.44 ( 98.44)	Acc@5 100.00 (100.00)
Test: [10/50]	Time  0.037 ( 0.059)	Loss 2.5940e-02 (4.6433e-02)	Acc@1  96.88 ( 98.58)	Acc@5 100.00 (100.00)
Test: [20/50]	Time  0.042 ( 0.049)	Loss 6.1591e-03 (3.0236e-02)	Acc@1 100.00 ( 98.96)	Acc@5 100.00 (100.00)
Test: [30/50]	Time  0.038 ( 0.046)	Loss 1.0434e-02 (2.8712e-02)	Acc@1 100.00 ( 98.99)	Acc@5 100.00 (100.00)
Test: [40/50]	Time  0.038 ( 0.044)	Loss 3.5625e-02 (2.6401e-02)	Acc@1  98.44 ( 99.12)	Acc@5 100.00 (100.00)
 * Acc@1 99.239 Acc@5 100.000
Epoch: [173][  0/115]	Time  0.269 ( 0.269)	Data  0.215 ( 0.215)	Loss 7.0012e-02 (7.0012e-02)	Acc@1  96.88 ( 96.88)	Acc@5 100.00 (100.00)
Epoch: [173][ 10/115]	Time  0.128 ( 0.142)	Data  0.000 ( 0.026)	Loss 5.0479e-02 (6.7002e-02)	Acc@1  96.88 ( 97.16)	Acc@5 100.00 (100.00)
Epoch: [173][ 20/115]	Time  0.132 ( 0.136)	Data  0.000 ( 0.017)	Loss 4.6799e-02 (6.6163e-02)	Acc@1  96.88 ( 97.69)	Acc@5 100.00 (100.00)
Epoch: [173][ 30/115]	Time  0.130 ( 0.134)	Data  0.000 ( 0.014)	Loss 1.0746e-01 (6.8457e-02)	Acc@1  95.31 ( 97.58)	Acc@5 100.00 (100.00)
Epoch: [173][ 40/115]	Time  0.131 ( 0.133)	Data  0.000 ( 0.012)	Loss 8.4173e-02 (6.9583e-02)	Acc@1  96.88 ( 97.48)	Acc@5 100.00 (100.00)
Epoch: [173][ 50/115]	Time  0.128 ( 0.132)	Data  0.000 ( 0.011)	Loss 8.5704e-02 (7.2086e-02)	Acc@1  96.88 ( 97.40)	Acc@5 100.00 (100.00)
Epoch: [173][ 60/115]	Time  0.131 ( 0.131)	Data  0.000 ( 0.011)	Loss 5.1983e-02 (7.1167e-02)	Acc@1  96.88 ( 97.36)	Acc@5 100.00 (100.00)
Epoch: [173][ 70/115]	Time  0.127 ( 0.131)	Data  0.000 ( 0.010)	Loss 4.5943e-02 (7.2410e-02)	Acc@1 100.00 ( 97.29)	Acc@5 100.00 (100.00)
Epoch: [173][ 80/115]	Time  0.130 ( 0.131)	Data  0.000 ( 0.010)	Loss 3.8681e-02 (7.1827e-02)	Acc@1  98.44 ( 97.34)	Acc@5 100.00 (100.00)
Epoch: [173][ 90/115]	Time  0.127 ( 0.130)	Data  0.000 ( 0.009)	Loss 6.9612e-02 (6.9473e-02)	Acc@1  96.88 ( 97.48)	Acc@5 100.00 (100.00)
Epoch: [173][100/115]	Time  0.129 ( 0.130)	Data  0.000 ( 0.009)	Loss 1.1454e-01 (7.0083e-02)	Acc@1  95.31 ( 97.45)	Acc@5 100.00 (100.00)
Epoch: [173][110/115]	Time  0.129 ( 0.130)	Data  0.000 ( 0.009)	Loss 1.1046e-01 (7.1163e-02)	Acc@1  96.88 ( 97.41)	Acc@5 100.00 (100.00)
Test: [ 0/50]	Time  0.265 ( 0.265)	Loss 7.3892e-02 (7.3892e-02)	Acc@1  98.44 ( 98.44)	Acc@5 100.00 (100.00)
Test: [10/50]	Time  0.037 ( 0.057)	Loss 2.3249e-02 (4.7790e-02)	Acc@1  98.44 ( 98.44)	Acc@5 100.00 (100.00)
Test: [20/50]	Time  0.038 ( 0.048)	Loss 6.2162e-03 (3.1370e-02)	Acc@1 100.00 ( 98.88)	Acc@5 100.00 (100.00)
Test: [30/50]	Time  0.038 ( 0.045)	Loss 1.0381e-02 (2.9511e-02)	Acc@1 100.00 ( 98.94)	Acc@5 100.00 (100.00)
Test: [40/50]	Time  0.038 ( 0.043)	Loss 3.6369e-02 (2.6761e-02)	Acc@1  98.44 ( 99.09)	Acc@5 100.00 (100.00)
 * Acc@1 99.207 Acc@5 100.000
Epoch: [174][  0/115]	Time  0.269 ( 0.269)	Data  0.214 ( 0.214)	Loss 1.1273e-01 (1.1273e-01)	Acc@1  93.75 ( 93.75)	Acc@5 100.00 (100.00)
Epoch: [174][ 10/115]	Time  0.129 ( 0.141)	Data  0.000 ( 0.026)	Loss 8.4064e-02 (1.1604e-01)	Acc@1  95.31 ( 95.74)	Acc@5 100.00 (100.00)
Epoch: [174][ 20/115]	Time  0.127 ( 0.135)	Data  0.000 ( 0.017)	Loss 7.6274e-02 (9.0796e-02)	Acc@1  98.44 ( 96.73)	Acc@5 100.00 (100.00)
Epoch: [174][ 30/115]	Time  0.131 ( 0.133)	Data  0.000 ( 0.014)	Loss 4.6240e-02 (7.9717e-02)	Acc@1  98.44 ( 97.13)	Acc@5 100.00 (100.00)
Epoch: [174][ 40/115]	Time  0.130 ( 0.132)	Data  0.000 ( 0.012)	Loss 1.3368e-01 (7.7687e-02)	Acc@1  96.88 ( 97.18)	Acc@5 100.00 (100.00)
Epoch: [174][ 50/115]	Time  0.127 ( 0.132)	Data  0.000 ( 0.011)	Loss 9.6195e-02 (8.2364e-02)	Acc@1  96.88 ( 97.09)	Acc@5 100.00 (100.00)
Epoch: [174][ 60/115]	Time  0.127 ( 0.131)	Data  0.000 ( 0.011)	Loss 6.6932e-02 (8.0264e-02)	Acc@1  95.31 ( 97.08)	Acc@5 100.00 (100.00)
Epoch: [174][ 70/115]	Time  0.130 ( 0.131)	Data  0.000 ( 0.010)	Loss 6.6207e-02 (7.7979e-02)	Acc@1  98.44 ( 97.14)	Acc@5 100.00 (100.00)
Epoch: [174][ 80/115]	Time  0.131 ( 0.131)	Data  0.000 ( 0.010)	Loss 5.5951e-02 (7.5804e-02)	Acc@1  98.44 ( 97.30)	Acc@5 100.00 (100.00)
Epoch: [174][ 90/115]	Time  0.129 ( 0.131)	Data  0.000 ( 0.009)	Loss 2.0732e-02 (7.5018e-02)	Acc@1 100.00 ( 97.36)	Acc@5 100.00 (100.00)
Epoch: [174][100/115]	Time  0.119 ( 0.131)	Data  0.000 ( 0.009)	Loss 9.8905e-02 (7.3310e-02)	Acc@1  96.88 ( 97.45)	Acc@5 100.00 (100.00)
Epoch: [174][110/115]	Time  0.133 ( 0.130)	Data  0.000 ( 0.009)	Loss 4.1461e-02 (7.2298e-02)	Acc@1  98.44 ( 97.42)	Acc@5 100.00 (100.00)
Test: [ 0/50]	Time  0.262 ( 0.262)	Loss 6.9644e-02 (6.9644e-02)	Acc@1  98.44 ( 98.44)	Acc@5 100.00 (100.00)
Test: [10/50]	Time  0.037 ( 0.057)	Loss 2.1034e-02 (4.5530e-02)	Acc@1  98.44 ( 98.58)	Acc@5 100.00 (100.00)
Test: [20/50]	Time  0.042 ( 0.048)	Loss 5.8566e-03 (2.9658e-02)	Acc@1 100.00 ( 98.96)	Acc@5 100.00 (100.00)
Test: [30/50]	Time  0.037 ( 0.045)	Loss 1.0069e-02 (2.8168e-02)	Acc@1 100.00 ( 98.99)	Acc@5 100.00 (100.00)
Test: [40/50]	Time  0.038 ( 0.043)	Loss 3.7839e-02 (2.6124e-02)	Acc@1  98.44 ( 99.16)	Acc@5 100.00 (100.00)
 * Acc@1 99.271 Acc@5 100.000
Epoch: [175][  0/115]	Time  0.282 ( 0.282)	Data  0.219 ( 0.219)	Loss 4.5309e-02 (4.5309e-02)	Acc@1  98.44 ( 98.44)	Acc@5 100.00 (100.00)
Epoch: [175][ 10/115]	Time  0.131 ( 0.143)	Data  0.000 ( 0.026)	Loss 3.2651e-02 (6.5234e-02)	Acc@1 100.00 ( 97.30)	Acc@5 100.00 (100.00)
Epoch: [175][ 20/115]	Time  0.129 ( 0.136)	Data  0.000 ( 0.017)	Loss 4.3186e-02 (7.6027e-02)	Acc@1  98.44 ( 97.02)	Acc@5 100.00 (100.00)
Epoch: [175][ 30/115]	Time  0.131 ( 0.134)	Data  0.000 ( 0.014)	Loss 2.4034e-02 (7.4371e-02)	Acc@1 100.00 ( 97.13)	Acc@5 100.00 (100.00)
Epoch: [175][ 40/115]	Time  0.131 ( 0.133)	Data  0.000 ( 0.012)	Loss 6.4038e-02 (7.5021e-02)	Acc@1  98.44 ( 97.07)	Acc@5 100.00 (100.00)
Epoch: [175][ 50/115]	Time  0.129 ( 0.132)	Data  0.000 ( 0.011)	Loss 1.9118e-02 (7.3003e-02)	Acc@1 100.00 ( 97.21)	Acc@5 100.00 (100.00)
Epoch: [175][ 60/115]	Time  0.130 ( 0.132)	Data  0.000 ( 0.010)	Loss 1.5144e-02 (7.3848e-02)	Acc@1 100.00 ( 97.13)	Acc@5 100.00 (100.00)
Epoch: [175][ 70/115]	Time  0.128 ( 0.131)	Data  0.000 ( 0.010)	Loss 1.3194e-01 (7.4086e-02)	Acc@1  95.31 ( 97.16)	Acc@5 100.00 (100.00)
Epoch: [175][ 80/115]	Time  0.132 ( 0.131)	Data  0.000 ( 0.010)	Loss 1.6884e-01 (7.5237e-02)	Acc@1  93.75 ( 97.09)	Acc@5 100.00 (100.00)
Epoch: [175][ 90/115]	Time  0.130 ( 0.131)	Data  0.000 ( 0.009)	Loss 3.3712e-02 (7.2185e-02)	Acc@1  98.44 ( 97.18)	Acc@5 100.00 (100.00)
Epoch: [175][100/115]	Time  0.127 ( 0.131)	Data  0.000 ( 0.009)	Loss 4.0998e-02 (7.2034e-02)	Acc@1  96.88 ( 97.17)	Acc@5 100.00 (100.00)
Epoch: [175][110/115]	Time  0.128 ( 0.131)	Data  0.000 ( 0.009)	Loss 4.5763e-02 (7.0379e-02)	Acc@1  98.44 ( 97.26)	Acc@5 100.00 (100.00)
Test: [ 0/50]	Time  0.258 ( 0.258)	Loss 6.4504e-02 (6.4504e-02)	Acc@1  98.44 ( 98.44)	Acc@5 100.00 (100.00)
Test: [10/50]	Time  0.037 ( 0.056)	Loss 1.9768e-02 (4.2380e-02)	Acc@1 100.00 ( 98.86)	Acc@5 100.00 (100.00)
Test: [20/50]	Time  0.038 ( 0.048)	Loss 5.8632e-03 (2.7384e-02)	Acc@1 100.00 ( 99.18)	Acc@5 100.00 (100.00)
Test: [30/50]	Time  0.038 ( 0.045)	Loss 1.1327e-02 (2.6442e-02)	Acc@1 100.00 ( 99.14)	Acc@5 100.00 (100.00)
Test: [40/50]	Time  0.038 ( 0.043)	Loss 3.9012e-02 (2.5402e-02)	Acc@1  98.44 ( 99.24)	Acc@5 100.00 (100.00)
 * Acc@1 99.334 Acc@5 100.000
Epoch: [176][  0/115]	Time  0.266 ( 0.266)	Data  0.210 ( 0.210)	Loss 6.5436e-02 (6.5436e-02)	Acc@1  96.88 ( 96.88)	Acc@5 100.00 (100.00)
Epoch: [176][ 10/115]	Time  0.131 ( 0.141)	Data  0.000 ( 0.026)	Loss 7.5044e-02 (7.6368e-02)	Acc@1  96.88 ( 97.44)	Acc@5 100.00 (100.00)
Epoch: [176][ 20/115]	Time  0.131 ( 0.136)	Data  0.000 ( 0.017)	Loss 8.9128e-02 (7.3061e-02)	Acc@1  95.31 ( 97.32)	Acc@5 100.00 (100.00)
Epoch: [176][ 30/115]	Time  0.130 ( 0.134)	Data  0.000 ( 0.014)	Loss 3.0572e-02 (7.5450e-02)	Acc@1  98.44 ( 97.28)	Acc@5 100.00 (100.00)
Epoch: [176][ 40/115]	Time  0.127 ( 0.132)	Data  0.000 ( 0.012)	Loss 3.8287e-02 (7.4080e-02)	Acc@1  98.44 ( 97.22)	Acc@5 100.00 (100.00)
Epoch: [176][ 50/115]	Time  0.138 ( 0.132)	Data  0.000 ( 0.011)	Loss 2.3312e-02 (7.3631e-02)	Acc@1 100.00 ( 97.18)	Acc@5 100.00 (100.00)
Epoch: [176][ 60/115]	Time  0.129 ( 0.131)	Data  0.000 ( 0.010)	Loss 1.5724e-02 (7.1252e-02)	Acc@1 100.00 ( 97.34)	Acc@5 100.00 (100.00)
Epoch: [176][ 70/115]	Time  0.123 ( 0.131)	Data  0.000 ( 0.010)	Loss 4.4272e-02 (7.1111e-02)	Acc@1  96.88 ( 97.36)	Acc@5 100.00 (100.00)
Epoch: [176][ 80/115]	Time  0.129 ( 0.131)	Data  0.000 ( 0.010)	Loss 8.4187e-02 (7.2901e-02)	Acc@1  92.19 ( 97.24)	Acc@5 100.00 (100.00)
Epoch: [176][ 90/115]	Time  0.133 ( 0.131)	Data  0.000 ( 0.009)	Loss 8.4782e-02 (7.3525e-02)	Acc@1  93.75 ( 97.15)	Acc@5 100.00 (100.00)
Epoch: [176][100/115]	Time  0.129 ( 0.131)	Data  0.000 ( 0.009)	Loss 3.1094e-02 (7.2887e-02)	Acc@1 100.00 ( 97.17)	Acc@5 100.00 (100.00)
Epoch: [176][110/115]	Time  0.131 ( 0.130)	Data  0.000 ( 0.009)	Loss 1.0701e-01 (7.1648e-02)	Acc@1  96.88 ( 97.27)	Acc@5 100.00 (100.00)
Test: [ 0/50]	Time  0.260 ( 0.260)	Loss 7.2786e-02 (7.2786e-02)	Acc@1  98.44 ( 98.44)	Acc@5 100.00 (100.00)
Test: [10/50]	Time  0.037 ( 0.057)	Loss 2.2506e-02 (4.6941e-02)	Acc@1  98.44 ( 98.72)	Acc@5 100.00 (100.00)
Test: [20/50]	Time  0.042 ( 0.048)	Loss 5.8445e-03 (3.0793e-02)	Acc@1 100.00 ( 99.11)	Acc@5 100.00 (100.00)
Test: [30/50]	Time  0.038 ( 0.045)	Loss 1.1319e-02 (2.9071e-02)	Acc@1 100.00 ( 99.09)	Acc@5 100.00 (100.00)
Test: [40/50]	Time  0.038 ( 0.043)	Loss 3.6699e-02 (2.6519e-02)	Acc@1  98.44 ( 99.20)	Acc@5 100.00 (100.00)
 * Acc@1 99.302 Acc@5 100.000
Epoch: [177][  0/115]	Time  0.279 ( 0.279)	Data  0.225 ( 0.225)	Loss 3.8425e-02 (3.8425e-02)	Acc@1  98.44 ( 98.44)	Acc@5 100.00 (100.00)
Epoch: [177][ 10/115]	Time  0.127 ( 0.143)	Data  0.000 ( 0.027)	Loss 6.9549e-02 (6.0871e-02)	Acc@1  98.44 ( 97.59)	Acc@5 100.00 (100.00)
Epoch: [177][ 20/115]	Time  0.133 ( 0.136)	Data  0.000 ( 0.018)	Loss 2.5680e-02 (6.9639e-02)	Acc@1 100.00 ( 97.40)	Acc@5 100.00 (100.00)
Epoch: [177][ 30/115]	Time  0.128 ( 0.134)	Data  0.000 ( 0.014)	Loss 7.3524e-02 (6.9202e-02)	Acc@1  95.31 ( 97.33)	Acc@5 100.00 (100.00)
Epoch: [177][ 40/115]	Time  0.131 ( 0.133)	Data  0.000 ( 0.012)	Loss 8.5244e-02 (7.2272e-02)	Acc@1  96.88 ( 97.33)	Acc@5 100.00 (100.00)
Epoch: [177][ 50/115]	Time  0.126 ( 0.132)	Data  0.000 ( 0.011)	Loss 7.5813e-02 (7.1708e-02)	Acc@1  93.75 ( 97.27)	Acc@5 100.00 (100.00)
Epoch: [177][ 60/115]	Time  0.130 ( 0.132)	Data  0.000 ( 0.011)	Loss 6.3504e-02 (7.3502e-02)	Acc@1  96.88 ( 97.23)	Acc@5 100.00 (100.00)
Epoch: [177][ 70/115]	Time  0.132 ( 0.132)	Data  0.000 ( 0.010)	Loss 4.8080e-02 (7.2541e-02)	Acc@1  96.88 ( 97.25)	Acc@5 100.00 (100.00)
Epoch: [177][ 80/115]	Time  0.130 ( 0.131)	Data  0.000 ( 0.010)	Loss 1.3420e-01 (7.1576e-02)	Acc@1  96.88 ( 97.38)	Acc@5 100.00 (100.00)
Epoch: [177][ 90/115]	Time  0.120 ( 0.131)	Data  0.000 ( 0.010)	Loss 1.5376e-01 (7.5637e-02)	Acc@1  95.31 ( 97.18)	Acc@5 100.00 (100.00)
Epoch: [177][100/115]	Time  0.134 ( 0.131)	Data  0.000 ( 0.009)	Loss 3.1197e-02 (7.6449e-02)	Acc@1  98.44 ( 97.12)	Acc@5 100.00 (100.00)
Epoch: [177][110/115]	Time  0.131 ( 0.131)	Data  0.000 ( 0.009)	Loss 6.6682e-02 (7.4389e-02)	Acc@1  98.44 ( 97.20)	Acc@5 100.00 (100.00)
Test: [ 0/50]	Time  0.275 ( 0.275)	Loss 6.9542e-02 (6.9542e-02)	Acc@1  98.44 ( 98.44)	Acc@5 100.00 (100.00)
Test: [10/50]	Time  0.037 ( 0.059)	Loss 2.0847e-02 (4.3739e-02)	Acc@1  98.44 ( 98.72)	Acc@5 100.00 (100.00)
Test: [20/50]	Time  0.038 ( 0.049)	Loss 5.0222e-03 (2.8375e-02)	Acc@1 100.00 ( 99.11)	Acc@5 100.00 (100.00)
Test: [30/50]	Time  0.038 ( 0.045)	Loss 1.1591e-02 (2.7223e-02)	Acc@1 100.00 ( 99.09)	Acc@5 100.00 (100.00)
Test: [40/50]	Time  0.038 ( 0.044)	Loss 3.9815e-02 (2.5740e-02)	Acc@1  98.44 ( 99.20)	Acc@5 100.00 (100.00)
 * Acc@1 99.302 Acc@5 100.000
Epoch: [178][  0/115]	Time  0.293 ( 0.293)	Data  0.234 ( 0.234)	Loss 1.0579e-01 (1.0579e-01)	Acc@1  96.88 ( 96.88)	Acc@5 100.00 (100.00)
Epoch: [178][ 10/115]	Time  0.127 ( 0.143)	Data  0.000 ( 0.027)	Loss 5.2186e-02 (6.0853e-02)	Acc@1  98.44 ( 98.30)	Acc@5 100.00 (100.00)
Epoch: [178][ 20/115]	Time  0.124 ( 0.136)	Data  0.000 ( 0.018)	Loss 4.3910e-02 (7.3434e-02)	Acc@1  96.88 ( 97.62)	Acc@5 100.00 (100.00)
Epoch: [178][ 30/115]	Time  0.131 ( 0.133)	Data  0.000 ( 0.014)	Loss 7.1931e-02 (7.1764e-02)	Acc@1  96.88 ( 97.38)	Acc@5 100.00 (100.00)
Epoch: [178][ 40/115]	Time  0.126 ( 0.132)	Data  0.000 ( 0.013)	Loss 2.0551e-02 (6.5546e-02)	Acc@1 100.00 ( 97.75)	Acc@5 100.00 (100.00)
Epoch: [178][ 50/115]	Time  0.131 ( 0.131)	Data  0.000 ( 0.012)	Loss 7.1653e-02 (6.9703e-02)	Acc@1  98.44 ( 97.70)	Acc@5 100.00 (100.00)
Epoch: [178][ 60/115]	Time  0.124 ( 0.131)	Data  0.000 ( 0.011)	Loss 1.1721e-01 (7.4385e-02)	Acc@1  95.31 ( 97.49)	Acc@5 100.00 (100.00)
Epoch: [178][ 70/115]	Time  0.127 ( 0.130)	Data  0.000 ( 0.010)	Loss 6.5872e-02 (7.3722e-02)	Acc@1  96.88 ( 97.47)	Acc@5 100.00 (100.00)
Epoch: [178][ 80/115]	Time  0.126 ( 0.130)	Data  0.000 ( 0.010)	Loss 7.6161e-02 (7.3335e-02)	Acc@1  96.88 ( 97.38)	Acc@5 100.00 (100.00)
Epoch: [178][ 90/115]	Time  0.129 ( 0.130)	Data  0.000 ( 0.009)	Loss 3.5291e-02 (7.2559e-02)	Acc@1  98.44 ( 97.42)	Acc@5 100.00 (100.00)
Epoch: [178][100/115]	Time  0.126 ( 0.130)	Data  0.000 ( 0.009)	Loss 5.3498e-02 (7.3000e-02)	Acc@1  98.44 ( 97.40)	Acc@5 100.00 (100.00)
Epoch: [178][110/115]	Time  0.131 ( 0.129)	Data  0.000 ( 0.009)	Loss 6.2523e-02 (7.4076e-02)	Acc@1  96.88 ( 97.31)	Acc@5 100.00 (100.00)
Test: [ 0/50]	Time  0.255 ( 0.255)	Loss 7.8164e-02 (7.8164e-02)	Acc@1  98.44 ( 98.44)	Acc@5 100.00 (100.00)
Test: [10/50]	Time  0.038 ( 0.057)	Loss 2.7724e-02 (5.1026e-02)	Acc@1  96.88 ( 98.44)	Acc@5 100.00 (100.00)
Test: [20/50]	Time  0.038 ( 0.048)	Loss 6.1648e-03 (3.3780e-02)	Acc@1 100.00 ( 98.88)	Acc@5 100.00 (100.00)
Test: [30/50]	Time  0.037 ( 0.044)	Loss 9.3129e-03 (3.1470e-02)	Acc@1 100.00 ( 98.94)	Acc@5 100.00 (100.00)
Test: [40/50]	Time  0.037 ( 0.043)	Loss 3.1184e-02 (2.7797e-02)	Acc@1  98.44 ( 99.09)	Acc@5 100.00 (100.00)
 * Acc@1 99.207 Acc@5 100.000
Epoch: [179][  0/115]	Time  0.281 ( 0.281)	Data  0.222 ( 0.222)	Loss 1.6240e-01 (1.6240e-01)	Acc@1  92.19 ( 92.19)	Acc@5 100.00 (100.00)
Epoch: [179][ 10/115]	Time  0.129 ( 0.142)	Data  0.000 ( 0.027)	Loss 1.2043e-01 (7.3350e-02)	Acc@1  95.31 ( 97.30)	Acc@5 100.00 (100.00)
Epoch: [179][ 20/115]	Time  0.126 ( 0.136)	Data  0.000 ( 0.017)	Loss 5.5555e-02 (6.9641e-02)	Acc@1  98.44 ( 97.62)	Acc@5 100.00 (100.00)
Epoch: [179][ 30/115]	Time  0.129 ( 0.134)	Data  0.000 ( 0.014)	Loss 4.2741e-02 (6.5860e-02)	Acc@1  98.44 ( 97.63)	Acc@5 100.00 (100.00)
Epoch: [179][ 40/115]	Time  0.132 ( 0.133)	Data  0.000 ( 0.012)	Loss 6.6679e-02 (6.6130e-02)	Acc@1  96.88 ( 97.52)	Acc@5 100.00 (100.00)
Epoch: [179][ 50/115]	Time  0.128 ( 0.132)	Data  0.000 ( 0.011)	Loss 3.0959e-02 (6.2251e-02)	Acc@1  98.44 ( 97.73)	Acc@5 100.00 (100.00)
Epoch: [179][ 60/115]	Time  0.131 ( 0.132)	Data  0.000 ( 0.011)	Loss 2.8100e-02 (6.4957e-02)	Acc@1 100.00 ( 97.54)	Acc@5 100.00 (100.00)
Epoch: [179][ 70/115]	Time  0.127 ( 0.132)	Data  0.000 ( 0.010)	Loss 2.1547e-02 (6.4290e-02)	Acc@1 100.00 ( 97.67)	Acc@5 100.00 (100.00)
Epoch: [179][ 80/115]	Time  0.132 ( 0.131)	Data  0.000 ( 0.010)	Loss 1.0738e-01 (6.3376e-02)	Acc@1  96.88 ( 97.78)	Acc@5 100.00 (100.00)
Epoch: [179][ 90/115]	Time  0.128 ( 0.131)	Data  0.000 ( 0.010)	Loss 5.2382e-02 (6.4223e-02)	Acc@1  96.88 ( 97.72)	Acc@5 100.00 (100.00)
Epoch: [179][100/115]	Time  0.127 ( 0.131)	Data  0.000 ( 0.009)	Loss 2.5612e-02 (6.3774e-02)	Acc@1  98.44 ( 97.79)	Acc@5 100.00 (100.00)
Epoch: [179][110/115]	Time  0.127 ( 0.131)	Data  0.000 ( 0.009)	Loss 1.7563e-02 (6.2634e-02)	Acc@1 100.00 ( 97.87)	Acc@5 100.00 (100.00)
Test: [ 0/50]	Time  0.308 ( 0.308)	Loss 5.7659e-02 (5.7659e-02)	Acc@1  98.44 ( 98.44)	Acc@5 100.00 (100.00)
Test: [10/50]	Time  0.037 ( 0.061)	Loss 1.4309e-02 (3.7342e-02)	Acc@1 100.00 ( 98.86)	Acc@5 100.00 (100.00)
Test: [20/50]	Time  0.042 ( 0.051)	Loss 3.6739e-03 (2.3733e-02)	Acc@1 100.00 ( 99.33)	Acc@5 100.00 (100.00)
Test: [30/50]	Time  0.038 ( 0.047)	Loss 1.4668e-02 (2.3644e-02)	Acc@1 100.00 ( 99.24)	Acc@5 100.00 (100.00)
Test: [40/50]	Time  0.038 ( 0.044)	Loss 4.6804e-02 (2.4778e-02)	Acc@1  98.44 ( 99.24)	Acc@5 100.00 (100.00)
 * Acc@1 99.271 Acc@5 100.000
Epoch: [180][  0/115]	Time  0.274 ( 0.274)	Data  0.219 ( 0.219)	Loss 8.6090e-02 (8.6090e-02)	Acc@1  96.88 ( 96.88)	Acc@5 100.00 (100.00)
Epoch: [180][ 10/115]	Time  0.131 ( 0.143)	Data  0.000 ( 0.026)	Loss 3.2694e-02 (5.2918e-02)	Acc@1  98.44 ( 98.15)	Acc@5 100.00 (100.00)
Epoch: [180][ 20/115]	Time  0.128 ( 0.136)	Data  0.000 ( 0.017)	Loss 3.8703e-02 (5.8452e-02)	Acc@1 100.00 ( 97.77)	Acc@5 100.00 (100.00)
Epoch: [180][ 30/115]	Time  0.128 ( 0.134)	Data  0.000 ( 0.014)	Loss 1.1804e-01 (6.4076e-02)	Acc@1  93.75 ( 97.43)	Acc@5 100.00 (100.00)
Epoch: [180][ 40/115]	Time  0.127 ( 0.133)	Data  0.000 ( 0.012)	Loss 2.0669e-02 (6.3585e-02)	Acc@1 100.00 ( 97.56)	Acc@5 100.00 (100.00)
Epoch: [180][ 50/115]	Time  0.131 ( 0.132)	Data  0.000 ( 0.011)	Loss 3.6009e-02 (6.0796e-02)	Acc@1 100.00 ( 97.76)	Acc@5 100.00 (100.00)
Epoch: [180][ 60/115]	Time  0.130 ( 0.132)	Data  0.000 ( 0.011)	Loss 4.5675e-02 (6.2148e-02)	Acc@1  98.44 ( 97.77)	Acc@5 100.00 (100.00)
Epoch: [180][ 70/115]	Time  0.130 ( 0.131)	Data  0.000 ( 0.010)	Loss 6.3466e-02 (6.2162e-02)	Acc@1  95.31 ( 97.69)	Acc@5 100.00 (100.00)
Epoch: [180][ 80/115]	Time  0.128 ( 0.131)	Data  0.000 ( 0.010)	Loss 9.1408e-03 (6.1453e-02)	Acc@1 100.00 ( 97.65)	Acc@5 100.00 (100.00)
Epoch: [180][ 90/115]	Time  0.132 ( 0.131)	Data  0.000 ( 0.009)	Loss 6.6595e-02 (6.1931e-02)	Acc@1  98.44 ( 97.65)	Acc@5 100.00 (100.00)
Epoch: [180][100/115]	Time  0.130 ( 0.131)	Data  0.000 ( 0.009)	Loss 2.0008e-01 (6.4850e-02)	Acc@1  95.31 ( 97.62)	Acc@5 100.00 (100.00)
Epoch: [180][110/115]	Time  0.128 ( 0.131)	Data  0.000 ( 0.009)	Loss 2.6922e-02 (6.3696e-02)	Acc@1  98.44 ( 97.66)	Acc@5 100.00 (100.00)
Test: [ 0/50]	Time  0.255 ( 0.255)	Loss 7.1424e-02 (7.1424e-02)	Acc@1  98.44 ( 98.44)	Acc@5 100.00 (100.00)
Test: [10/50]	Time  0.038 ( 0.057)	Loss 2.3786e-02 (4.6767e-02)	Acc@1  98.44 ( 98.58)	Acc@5 100.00 (100.00)
Test: [20/50]	Time  0.038 ( 0.048)	Loss 7.0030e-03 (3.0700e-02)	Acc@1 100.00 ( 99.03)	Acc@5 100.00 (100.00)
Test: [30/50]	Time  0.038 ( 0.045)	Loss 9.6740e-03 (2.8918e-02)	Acc@1 100.00 ( 99.04)	Acc@5 100.00 (100.00)
Test: [40/50]	Time  0.038 ( 0.043)	Loss 3.6700e-02 (2.6429e-02)	Acc@1  98.44 ( 99.16)	Acc@5 100.00 (100.00)
 * Acc@1 99.271 Acc@5 100.000
Epoch: [181][  0/115]	Time  0.255 ( 0.255)	Data  0.201 ( 0.201)	Loss 5.3651e-02 (5.3651e-02)	Acc@1  98.44 ( 98.44)	Acc@5 100.00 (100.00)
Epoch: [181][ 10/115]	Time  0.130 ( 0.141)	Data  0.000 ( 0.025)	Loss 4.4031e-02 (5.8107e-02)	Acc@1  98.44 ( 97.73)	Acc@5 100.00 (100.00)
Epoch: [181][ 20/115]	Time  0.131 ( 0.135)	Data  0.000 ( 0.016)	Loss 9.7612e-02 (7.1090e-02)	Acc@1  95.31 ( 97.40)	Acc@5 100.00 (100.00)
Epoch: [181][ 30/115]	Time  0.130 ( 0.133)	Data  0.000 ( 0.013)	Loss 1.8464e-02 (6.8606e-02)	Acc@1 100.00 ( 97.53)	Acc@5 100.00 (100.00)
Epoch: [181][ 40/115]	Time  0.129 ( 0.133)	Data  0.000 ( 0.012)	Loss 2.6291e-02 (6.7474e-02)	Acc@1  98.44 ( 97.48)	Acc@5 100.00 (100.00)
Epoch: [181][ 50/115]	Time  0.127 ( 0.132)	Data  0.000 ( 0.011)	Loss 6.1717e-02 (7.3120e-02)	Acc@1  98.44 ( 97.30)	Acc@5 100.00 (100.00)
Epoch: [181][ 60/115]	Time  0.130 ( 0.132)	Data  0.000 ( 0.010)	Loss 3.3056e-02 (7.4691e-02)	Acc@1  98.44 ( 97.26)	Acc@5 100.00 (100.00)
Epoch: [181][ 70/115]	Time  0.130 ( 0.131)	Data  0.000 ( 0.010)	Loss 7.6346e-02 (7.6465e-02)	Acc@1  95.31 ( 97.14)	Acc@5 100.00 (100.00)
Epoch: [181][ 80/115]	Time  0.130 ( 0.131)	Data  0.000 ( 0.010)	Loss 6.3398e-02 (7.5636e-02)	Acc@1  98.44 ( 97.15)	Acc@5 100.00 (100.00)
Epoch: [181][ 90/115]	Time  0.127 ( 0.131)	Data  0.000 ( 0.009)	Loss 3.5536e-02 (7.4620e-02)	Acc@1 100.00 ( 97.17)	Acc@5 100.00 (100.00)
Epoch: [181][100/115]	Time  0.130 ( 0.131)	Data  0.000 ( 0.009)	Loss 8.0530e-02 (7.6386e-02)	Acc@1  96.88 ( 97.01)	Acc@5 100.00 (100.00)
Epoch: [181][110/115]	Time  0.130 ( 0.131)	Data  0.000 ( 0.009)	Loss 1.1260e-01 (7.6113e-02)	Acc@1  95.31 ( 97.00)	Acc@5 100.00 (100.00)
Test: [ 0/50]	Time  0.252 ( 0.252)	Loss 6.3431e-02 (6.3431e-02)	Acc@1  98.44 ( 98.44)	Acc@5 100.00 (100.00)
Test: [10/50]	Time  0.038 ( 0.057)	Loss 1.9695e-02 (4.0703e-02)	Acc@1 100.00 ( 99.01)	Acc@5 100.00 (100.00)
Test: [20/50]	Time  0.038 ( 0.048)	Loss 6.1976e-03 (2.6399e-02)	Acc@1 100.00 ( 99.33)	Acc@5 100.00 (100.00)
Test: [30/50]	Time  0.037 ( 0.045)	Loss 1.2387e-02 (2.5765e-02)	Acc@1 100.00 ( 99.24)	Acc@5 100.00 (100.00)
Test: [40/50]	Time  0.038 ( 0.043)	Loss 4.1045e-02 (2.5446e-02)	Acc@1  98.44 ( 99.31)	Acc@5 100.00 (100.00)
 * Acc@1 99.366 Acc@5 100.000
Epoch: [182][  0/115]	Time  0.253 ( 0.253)	Data  0.197 ( 0.197)	Loss 3.5288e-02 (3.5288e-02)	Acc@1  98.44 ( 98.44)	Acc@5 100.00 (100.00)
Epoch: [182][ 10/115]	Time  0.133 ( 0.140)	Data  0.000 ( 0.025)	Loss 4.4521e-02 (6.5917e-02)	Acc@1  98.44 ( 97.30)	Acc@5 100.00 (100.00)
Epoch: [182][ 20/115]	Time  0.128 ( 0.135)	Data  0.000 ( 0.016)	Loss 1.3226e-01 (6.8679e-02)	Acc@1  96.88 ( 97.32)	Acc@5 100.00 (100.00)
Epoch: [182][ 30/115]	Time  0.130 ( 0.133)	Data  0.000 ( 0.013)	Loss 1.8604e-02 (7.1666e-02)	Acc@1 100.00 ( 97.48)	Acc@5 100.00 (100.00)
Epoch: [182][ 40/115]	Time  0.128 ( 0.132)	Data  0.000 ( 0.012)	Loss 8.3487e-02 (7.5820e-02)	Acc@1  96.88 ( 97.22)	Acc@5 100.00 (100.00)
Epoch: [182][ 50/115]	Time  0.130 ( 0.132)	Data  0.000 ( 0.011)	Loss 2.9506e-02 (7.0294e-02)	Acc@1 100.00 ( 97.49)	Acc@5 100.00 (100.00)
Epoch: [182][ 60/115]	Time  0.127 ( 0.131)	Data  0.000 ( 0.010)	Loss 1.1774e-01 (6.8122e-02)	Acc@1  93.75 ( 97.54)	Acc@5 100.00 (100.00)
Epoch: [182][ 70/115]	Time  0.133 ( 0.131)	Data  0.000 ( 0.010)	Loss 1.1119e-01 (6.6884e-02)	Acc@1  93.75 ( 97.51)	Acc@5 100.00 (100.00)
Epoch: [182][ 80/115]	Time  0.130 ( 0.131)	Data  0.000 ( 0.009)	Loss 9.6814e-02 (6.4265e-02)	Acc@1  96.88 ( 97.65)	Acc@5 100.00 (100.00)
Epoch: [182][ 90/115]	Time  0.130 ( 0.131)	Data  0.000 ( 0.009)	Loss 2.9836e-01 (6.6804e-02)	Acc@1  92.19 ( 97.51)	Acc@5 100.00 (100.00)
Epoch: [182][100/115]	Time  0.127 ( 0.130)	Data  0.000 ( 0.009)	Loss 8.2404e-02 (7.1028e-02)	Acc@1  96.88 ( 97.32)	Acc@5 100.00 (100.00)
Epoch: [182][110/115]	Time  0.129 ( 0.130)	Data  0.000 ( 0.009)	Loss 5.3485e-02 (7.1314e-02)	Acc@1  98.44 ( 97.34)	Acc@5 100.00 (100.00)
Test: [ 0/50]	Time  0.268 ( 0.268)	Loss 7.4697e-02 (7.4697e-02)	Acc@1  98.44 ( 98.44)	Acc@5 100.00 (100.00)
Test: [10/50]	Time  0.037 ( 0.058)	Loss 2.5500e-02 (4.7692e-02)	Acc@1  96.88 ( 98.44)	Acc@5 100.00 (100.00)
Test: [20/50]	Time  0.038 ( 0.048)	Loss 6.6876e-03 (3.1438e-02)	Acc@1 100.00 ( 98.88)	Acc@5 100.00 (100.00)
Test: [30/50]	Time  0.038 ( 0.045)	Loss 1.0191e-02 (2.9653e-02)	Acc@1 100.00 ( 98.94)	Acc@5 100.00 (100.00)
Test: [40/50]	Time  0.038 ( 0.043)	Loss 3.5045e-02 (2.6980e-02)	Acc@1  98.44 ( 99.09)	Acc@5 100.00 (100.00)
 * Acc@1 99.207 Acc@5 100.000
Epoch: [183][  0/115]	Time  0.278 ( 0.278)	Data  0.223 ( 0.223)	Loss 1.9706e-02 (1.9706e-02)	Acc@1 100.00 (100.00)	Acc@5 100.00 (100.00)
Epoch: [183][ 10/115]	Time  0.129 ( 0.142)	Data  0.000 ( 0.027)	Loss 5.3626e-02 (6.5661e-02)	Acc@1  98.44 ( 97.73)	Acc@5 100.00 (100.00)
Epoch: [183][ 20/115]	Time  0.131 ( 0.136)	Data  0.000 ( 0.017)	Loss 4.4654e-02 (6.0066e-02)	Acc@1  98.44 ( 97.84)	Acc@5 100.00 (100.00)
Epoch: [183][ 30/115]	Time  0.130 ( 0.134)	Data  0.000 ( 0.014)	Loss 7.2468e-02 (6.5022e-02)	Acc@1  96.88 ( 97.68)	Acc@5 100.00 (100.00)
Epoch: [183][ 40/115]	Time  0.131 ( 0.133)	Data  0.000 ( 0.012)	Loss 4.6953e-02 (6.1420e-02)	Acc@1  96.88 ( 97.83)	Acc@5 100.00 (100.00)
Epoch: [183][ 50/115]	Time  0.130 ( 0.132)	Data  0.000 ( 0.011)	Loss 3.6464e-02 (6.4441e-02)	Acc@1 100.00 ( 97.70)	Acc@5 100.00 (100.00)
Epoch: [183][ 60/115]	Time  0.132 ( 0.131)	Data  0.000 ( 0.011)	Loss 9.5310e-02 (6.1573e-02)	Acc@1  96.88 ( 97.80)	Acc@5 100.00 (100.00)
Epoch: [183][ 70/115]	Time  0.122 ( 0.131)	Data  0.000 ( 0.010)	Loss 4.4197e-02 (6.3134e-02)	Acc@1  98.44 ( 97.67)	Acc@5 100.00 (100.00)
Epoch: [183][ 80/115]	Time  0.132 ( 0.131)	Data  0.000 ( 0.010)	Loss 2.9476e-02 (6.5892e-02)	Acc@1  98.44 ( 97.67)	Acc@5 100.00 (100.00)
Epoch: [183][ 90/115]	Time  0.132 ( 0.131)	Data  0.000 ( 0.009)	Loss 1.1237e-01 (6.6699e-02)	Acc@1  93.75 ( 97.61)	Acc@5 100.00 (100.00)
Epoch: [183][100/115]	Time  0.119 ( 0.130)	Data  0.000 ( 0.009)	Loss 6.5395e-02 (6.6171e-02)	Acc@1  96.88 ( 97.56)	Acc@5 100.00 (100.00)
Epoch: [183][110/115]	Time  0.126 ( 0.130)	Data  0.000 ( 0.009)	Loss 1.3850e-01 (6.5792e-02)	Acc@1  93.75 ( 97.55)	Acc@5 100.00 (100.00)
Test: [ 0/50]	Time  0.270 ( 0.270)	Loss 6.5864e-02 (6.5864e-02)	Acc@1  98.44 ( 98.44)	Acc@5 100.00 (100.00)
Test: [10/50]	Time  0.038 ( 0.057)	Loss 1.8816e-02 (4.2841e-02)	Acc@1 100.00 ( 98.86)	Acc@5 100.00 (100.00)
Test: [20/50]	Time  0.038 ( 0.048)	Loss 5.4245e-03 (2.7807e-02)	Acc@1 100.00 ( 99.18)	Acc@5 100.00 (100.00)
Test: [30/50]	Time  0.037 ( 0.045)	Loss 1.2162e-02 (2.6764e-02)	Acc@1 100.00 ( 99.14)	Acc@5 100.00 (100.00)
Test: [40/50]	Time  0.042 ( 0.044)	Loss 3.8300e-02 (2.5541e-02)	Acc@1  98.44 ( 99.24)	Acc@5 100.00 (100.00)
 * Acc@1 99.334 Acc@5 100.000
Epoch: [184][  0/115]	Time  0.271 ( 0.271)	Data  0.209 ( 0.209)	Loss 1.5948e-01 (1.5948e-01)	Acc@1  95.31 ( 95.31)	Acc@5 100.00 (100.00)
Epoch: [184][ 10/115]	Time  0.132 ( 0.141)	Data  0.000 ( 0.025)	Loss 3.9826e-02 (8.6467e-02)	Acc@1  98.44 ( 97.02)	Acc@5 100.00 (100.00)
Epoch: [184][ 20/115]	Time  0.132 ( 0.136)	Data  0.000 ( 0.016)	Loss 1.5018e-02 (7.8479e-02)	Acc@1 100.00 ( 97.10)	Acc@5 100.00 (100.00)
Epoch: [184][ 30/115]	Time  0.128 ( 0.134)	Data  0.000 ( 0.013)	Loss 9.0521e-02 (7.5186e-02)	Acc@1  95.31 ( 97.33)	Acc@5 100.00 (100.00)
Epoch: [184][ 40/115]	Time  0.128 ( 0.133)	Data  0.000 ( 0.012)	Loss 1.2316e-01 (7.3069e-02)	Acc@1  95.31 ( 97.52)	Acc@5 100.00 (100.00)
Epoch: [184][ 50/115]	Time  0.133 ( 0.132)	Data  0.000 ( 0.011)	Loss 1.4746e-01 (7.3342e-02)	Acc@1  93.75 ( 97.37)	Acc@5 100.00 (100.00)
Epoch: [184][ 60/115]	Time  0.129 ( 0.131)	Data  0.000 ( 0.010)	Loss 1.4915e-01 (7.5240e-02)	Acc@1  93.75 ( 97.31)	Acc@5 100.00 (100.00)
Epoch: [184][ 70/115]	Time  0.127 ( 0.131)	Data  0.000 ( 0.010)	Loss 3.7099e-02 (7.3010e-02)	Acc@1  98.44 ( 97.43)	Acc@5 100.00 (100.00)
Epoch: [184][ 80/115]	Time  0.125 ( 0.131)	Data  0.000 ( 0.010)	Loss 1.0200e-01 (7.3305e-02)	Acc@1  96.88 ( 97.38)	Acc@5 100.00 (100.00)
Epoch: [184][ 90/115]	Time  0.134 ( 0.131)	Data  0.000 ( 0.009)	Loss 7.9313e-02 (7.4895e-02)	Acc@1  95.31 ( 97.32)	Acc@5 100.00 (100.00)
Epoch: [184][100/115]	Time  0.136 ( 0.131)	Data  0.000 ( 0.009)	Loss 5.9506e-02 (7.4421e-02)	Acc@1  98.44 ( 97.35)	Acc@5 100.00 (100.00)
Epoch: [184][110/115]	Time  0.130 ( 0.131)	Data  0.000 ( 0.009)	Loss 3.9683e-02 (7.6004e-02)	Acc@1  98.44 ( 97.24)	Acc@5 100.00 (100.00)
Test: [ 0/50]	Time  0.263 ( 0.263)	Loss 6.6145e-02 (6.6145e-02)	Acc@1  98.44 ( 98.44)	Acc@5 100.00 (100.00)
Test: [10/50]	Time  0.038 ( 0.057)	Loss 2.0650e-02 (4.3472e-02)	Acc@1 100.00 ( 98.86)	Acc@5 100.00 (100.00)
Test: [20/50]	Time  0.049 ( 0.049)	Loss 5.8171e-03 (2.8315e-02)	Acc@1 100.00 ( 99.11)	Acc@5 100.00 (100.00)
Test: [30/50]	Time  0.038 ( 0.045)	Loss 1.0934e-02 (2.7152e-02)	Acc@1 100.00 ( 99.09)	Acc@5 100.00 (100.00)
Test: [40/50]	Time  0.037 ( 0.044)	Loss 3.7239e-02 (2.5708e-02)	Acc@1  98.44 ( 99.20)	Acc@5 100.00 (100.00)
 * Acc@1 99.302 Acc@5 100.000
Epoch: [185][  0/115]	Time  0.274 ( 0.274)	Data  0.219 ( 0.219)	Loss 1.3529e-01 (1.3529e-01)	Acc@1  92.19 ( 92.19)	Acc@5 100.00 (100.00)
Epoch: [185][ 10/115]	Time  0.124 ( 0.142)	Data  0.000 ( 0.027)	Loss 5.7815e-02 (8.8091e-02)	Acc@1  98.44 ( 96.59)	Acc@5 100.00 (100.00)
Epoch: [185][ 20/115]	Time  0.124 ( 0.136)	Data  0.000 ( 0.017)	Loss 6.6985e-02 (8.1536e-02)	Acc@1  96.88 ( 97.10)	Acc@5 100.00 (100.00)
Epoch: [185][ 30/115]	Time  0.131 ( 0.134)	Data  0.000 ( 0.014)	Loss 1.5462e-01 (9.4645e-02)	Acc@1  92.19 ( 96.42)	Acc@5 100.00 (100.00)
Epoch: [185][ 40/115]	Time  0.132 ( 0.133)	Data  0.000 ( 0.012)	Loss 7.5630e-02 (8.6628e-02)	Acc@1  96.88 ( 96.76)	Acc@5 100.00 (100.00)
Epoch: [185][ 50/115]	Time  0.133 ( 0.132)	Data  0.000 ( 0.011)	Loss 4.8550e-02 (7.9336e-02)	Acc@1  98.44 ( 97.15)	Acc@5 100.00 (100.00)
Epoch: [185][ 60/115]	Time  0.132 ( 0.132)	Data  0.000 ( 0.011)	Loss 3.9027e-02 (7.6768e-02)	Acc@1  98.44 ( 97.36)	Acc@5 100.00 (100.00)
Epoch: [185][ 70/115]	Time  0.132 ( 0.132)	Data  0.000 ( 0.010)	Loss 1.4083e-01 (7.5756e-02)	Acc@1  95.31 ( 97.43)	Acc@5 100.00 (100.00)
Epoch: [185][ 80/115]	Time  0.128 ( 0.131)	Data  0.000 ( 0.010)	Loss 5.0758e-02 (7.5250e-02)	Acc@1  98.44 ( 97.45)	Acc@5 100.00 (100.00)
Epoch: [185][ 90/115]	Time  0.127 ( 0.131)	Data  0.000 ( 0.009)	Loss 1.4256e-01 (7.7404e-02)	Acc@1  95.31 ( 97.29)	Acc@5 100.00 (100.00)
Epoch: [185][100/115]	Time  0.131 ( 0.131)	Data  0.000 ( 0.009)	Loss 3.7446e-02 (7.5932e-02)	Acc@1  98.44 ( 97.31)	Acc@5 100.00 (100.00)
Epoch: [185][110/115]	Time  0.129 ( 0.131)	Data  0.000 ( 0.009)	Loss 9.8447e-02 (7.5946e-02)	Acc@1  96.88 ( 97.30)	Acc@5 100.00 (100.00)
Test: [ 0/50]	Time  0.260 ( 0.260)	Loss 6.7755e-02 (6.7755e-02)	Acc@1  98.44 ( 98.44)	Acc@5 100.00 (100.00)
Test: [10/50]	Time  0.038 ( 0.057)	Loss 2.0081e-02 (4.2010e-02)	Acc@1  98.44 ( 98.72)	Acc@5 100.00 (100.00)
Test: [20/50]	Time  0.041 ( 0.048)	Loss 4.8406e-03 (2.6985e-02)	Acc@1 100.00 ( 99.18)	Acc@5 100.00 (100.00)
Test: [30/50]	Time  0.038 ( 0.045)	Loss 1.2350e-02 (2.6209e-02)	Acc@1 100.00 ( 99.14)	Acc@5 100.00 (100.00)
Test: [40/50]	Time  0.038 ( 0.043)	Loss 4.1359e-02 (2.5350e-02)	Acc@1  98.44 ( 99.20)	Acc@5 100.00 (100.00)
 * Acc@1 99.302 Acc@5 100.000
Epoch: [186][  0/115]	Time  0.287 ( 0.287)	Data  0.224 ( 0.224)	Loss 1.1891e-01 (1.1891e-01)	Acc@1  95.31 ( 95.31)	Acc@5 100.00 (100.00)
Epoch: [186][ 10/115]	Time  0.130 ( 0.143)	Data  0.000 ( 0.026)	Loss 1.7493e-01 (7.4834e-02)	Acc@1  96.88 ( 97.44)	Acc@5 100.00 (100.00)
Epoch: [186][ 20/115]	Time  0.130 ( 0.136)	Data  0.000 ( 0.017)	Loss 4.7816e-02 (7.4333e-02)	Acc@1  96.88 ( 97.02)	Acc@5 100.00 (100.00)
Epoch: [186][ 30/115]	Time  0.132 ( 0.134)	Data  0.000 ( 0.014)	Loss 7.1094e-02 (7.4269e-02)	Acc@1  95.31 ( 97.03)	Acc@5 100.00 (100.00)
Epoch: [186][ 40/115]	Time  0.130 ( 0.133)	Data  0.000 ( 0.012)	Loss 6.4662e-02 (7.2869e-02)	Acc@1  96.88 ( 97.07)	Acc@5 100.00 (100.00)
Epoch: [186][ 50/115]	Time  0.132 ( 0.132)	Data  0.000 ( 0.011)	Loss 1.5747e-01 (7.6856e-02)	Acc@1  93.75 ( 96.97)	Acc@5 100.00 (100.00)
Epoch: [186][ 60/115]	Time  0.128 ( 0.132)	Data  0.000 ( 0.011)	Loss 5.0211e-02 (7.2972e-02)	Acc@1  98.44 ( 97.11)	Acc@5 100.00 (100.00)
Epoch: [186][ 70/115]	Time  0.133 ( 0.131)	Data  0.000 ( 0.010)	Loss 4.0258e-02 (7.1015e-02)	Acc@1 100.00 ( 97.21)	Acc@5 100.00 (100.00)
Epoch: [186][ 80/115]	Time  0.128 ( 0.131)	Data  0.000 ( 0.010)	Loss 6.8642e-02 (7.2345e-02)	Acc@1  98.44 ( 97.16)	Acc@5 100.00 (100.00)
Epoch: [186][ 90/115]	Time  0.130 ( 0.131)	Data  0.000 ( 0.009)	Loss 4.0575e-02 (7.2171e-02)	Acc@1  98.44 ( 97.18)	Acc@5 100.00 (100.00)
Epoch: [186][100/115]	Time  0.128 ( 0.131)	Data  0.000 ( 0.009)	Loss 2.1961e-02 (7.2309e-02)	Acc@1 100.00 ( 97.15)	Acc@5 100.00 (100.00)
Epoch: [186][110/115]	Time  0.131 ( 0.131)	Data  0.000 ( 0.009)	Loss 1.5238e-01 (7.2180e-02)	Acc@1  95.31 ( 97.14)	Acc@5 100.00 (100.00)
Test: [ 0/50]	Time  0.272 ( 0.272)	Loss 7.1455e-02 (7.1455e-02)	Acc@1  98.44 ( 98.44)	Acc@5 100.00 (100.00)
Test: [10/50]	Time  0.037 ( 0.058)	Loss 2.2884e-02 (4.8843e-02)	Acc@1  96.88 ( 98.58)	Acc@5 100.00 (100.00)
Test: [20/50]	Time  0.038 ( 0.048)	Loss 8.5812e-03 (3.2541e-02)	Acc@1 100.00 ( 99.03)	Acc@5 100.00 (100.00)
Test: [30/50]	Time  0.038 ( 0.045)	Loss 9.0965e-03 (3.0379e-02)	Acc@1 100.00 ( 99.04)	Acc@5 100.00 (100.00)
Test: [40/50]	Time  0.038 ( 0.043)	Loss 3.4076e-02 (2.7084e-02)	Acc@1  98.44 ( 99.20)	Acc@5 100.00 (100.00)
 * Acc@1 99.302 Acc@5 100.000
Epoch: [187][  0/115]	Time  0.275 ( 0.275)	Data  0.219 ( 0.219)	Loss 2.9175e-02 (2.9175e-02)	Acc@1  98.44 ( 98.44)	Acc@5 100.00 (100.00)
Epoch: [187][ 10/115]	Time  0.130 ( 0.141)	Data  0.000 ( 0.027)	Loss 5.3016e-02 (5.2021e-02)	Acc@1  96.88 ( 98.15)	Acc@5 100.00 (100.00)
Epoch: [187][ 20/115]	Time  0.127 ( 0.135)	Data  0.000 ( 0.017)	Loss 6.7139e-02 (6.1620e-02)	Acc@1  96.88 ( 97.62)	Acc@5 100.00 (100.00)
Epoch: [187][ 30/115]	Time  0.126 ( 0.133)	Data  0.000 ( 0.014)	Loss 5.6268e-02 (6.0653e-02)	Acc@1  96.88 ( 97.68)	Acc@5 100.00 (100.00)
Epoch: [187][ 40/115]	Time  0.133 ( 0.132)	Data  0.000 ( 0.012)	Loss 3.0720e-02 (5.7549e-02)	Acc@1 100.00 ( 97.90)	Acc@5 100.00 (100.00)
Epoch: [187][ 50/115]	Time  0.135 ( 0.131)	Data  0.000 ( 0.011)	Loss 1.1634e-01 (6.0289e-02)	Acc@1  95.31 ( 97.73)	Acc@5 100.00 (100.00)
Epoch: [187][ 60/115]	Time  0.129 ( 0.131)	Data  0.000 ( 0.010)	Loss 1.4097e-01 (6.5432e-02)	Acc@1  96.88 ( 97.54)	Acc@5 100.00 (100.00)
Epoch: [187][ 70/115]	Time  0.130 ( 0.131)	Data  0.000 ( 0.010)	Loss 7.0936e-02 (6.9175e-02)	Acc@1  98.44 ( 97.40)	Acc@5 100.00 (100.00)
Epoch: [187][ 80/115]	Time  0.131 ( 0.131)	Data  0.000 ( 0.010)	Loss 2.0228e-01 (6.9834e-02)	Acc@1  92.19 ( 97.42)	Acc@5 100.00 (100.00)
Epoch: [187][ 90/115]	Time  0.130 ( 0.131)	Data  0.000 ( 0.009)	Loss 1.0633e-01 (6.9822e-02)	Acc@1  95.31 ( 97.30)	Acc@5 100.00 (100.00)
Epoch: [187][100/115]	Time  0.131 ( 0.130)	Data  0.000 ( 0.009)	Loss 5.4006e-02 (6.8409e-02)	Acc@1  98.44 ( 97.40)	Acc@5 100.00 (100.00)
Epoch: [187][110/115]	Time  0.127 ( 0.130)	Data  0.000 ( 0.009)	Loss 2.3707e-02 (6.9281e-02)	Acc@1 100.00 ( 97.42)	Acc@5 100.00 (100.00)
Test: [ 0/50]	Time  0.263 ( 0.263)	Loss 6.0142e-02 (6.0142e-02)	Acc@1  98.44 ( 98.44)	Acc@5 100.00 (100.00)
Test: [10/50]	Time  0.037 ( 0.057)	Loss 1.7122e-02 (4.0055e-02)	Acc@1 100.00 ( 99.01)	Acc@5 100.00 (100.00)
Test: [20/50]	Time  0.038 ( 0.048)	Loss 6.2992e-03 (2.5811e-02)	Acc@1 100.00 ( 99.33)	Acc@5 100.00 (100.00)
Test: [30/50]	Time  0.038 ( 0.045)	Loss 1.1645e-02 (2.5049e-02)	Acc@1 100.00 ( 99.29)	Acc@5 100.00 (100.00)
Test: [40/50]	Time  0.038 ( 0.043)	Loss 4.3135e-02 (2.5011e-02)	Acc@1  98.44 ( 99.35)	Acc@5 100.00 (100.00)
 * Acc@1 99.397 Acc@5 100.000
Epoch: [188][  0/115]	Time  0.271 ( 0.271)	Data  0.215 ( 0.215)	Loss 1.5481e-01 (1.5481e-01)	Acc@1  95.31 ( 95.31)	Acc@5 100.00 (100.00)
Epoch: [188][ 10/115]	Time  0.132 ( 0.142)	Data  0.000 ( 0.026)	Loss 1.6377e-01 (8.8923e-02)	Acc@1  90.62 ( 95.74)	Acc@5 100.00 (100.00)
Epoch: [188][ 20/115]	Time  0.131 ( 0.137)	Data  0.000 ( 0.017)	Loss 1.6600e-01 (9.5707e-02)	Acc@1  96.88 ( 96.35)	Acc@5 100.00 (100.00)
Epoch: [188][ 30/115]	Time  0.131 ( 0.134)	Data  0.000 ( 0.014)	Loss 7.4077e-02 (8.3637e-02)	Acc@1  95.31 ( 96.88)	Acc@5 100.00 (100.00)
Epoch: [188][ 40/115]	Time  0.129 ( 0.133)	Data  0.000 ( 0.012)	Loss 1.3580e-02 (7.5741e-02)	Acc@1 100.00 ( 97.22)	Acc@5 100.00 (100.00)
Epoch: [188][ 50/115]	Time  0.130 ( 0.132)	Data  0.000 ( 0.011)	Loss 2.8115e-02 (7.3721e-02)	Acc@1 100.00 ( 97.21)	Acc@5 100.00 (100.00)
Epoch: [188][ 60/115]	Time  0.125 ( 0.132)	Data  0.000 ( 0.010)	Loss 3.3591e-02 (7.1862e-02)	Acc@1 100.00 ( 97.39)	Acc@5 100.00 (100.00)
Epoch: [188][ 70/115]	Time  0.128 ( 0.131)	Data  0.000 ( 0.010)	Loss 3.7849e-02 (7.1749e-02)	Acc@1  96.88 ( 97.38)	Acc@5 100.00 (100.00)
Epoch: [188][ 80/115]	Time  0.128 ( 0.131)	Data  0.000 ( 0.010)	Loss 2.7074e-02 (7.1733e-02)	Acc@1 100.00 ( 97.34)	Acc@5 100.00 (100.00)
Epoch: [188][ 90/115]	Time  0.130 ( 0.131)	Data  0.000 ( 0.009)	Loss 6.0153e-02 (7.2042e-02)	Acc@1  98.44 ( 97.34)	Acc@5 100.00 (100.00)
Epoch: [188][100/115]	Time  0.128 ( 0.131)	Data  0.000 ( 0.009)	Loss 2.1798e-02 (7.0295e-02)	Acc@1 100.00 ( 97.48)	Acc@5 100.00 (100.00)
Epoch: [188][110/115]	Time  0.129 ( 0.130)	Data  0.000 ( 0.009)	Loss 8.2227e-02 (7.0707e-02)	Acc@1  96.88 ( 97.38)	Acc@5 100.00 (100.00)
Test: [ 0/50]	Time  0.262 ( 0.262)	Loss 7.7331e-02 (7.7331e-02)	Acc@1  98.44 ( 98.44)	Acc@5 100.00 (100.00)
Test: [10/50]	Time  0.037 ( 0.057)	Loss 2.5753e-02 (4.9222e-02)	Acc@1  96.88 ( 98.30)	Acc@5 100.00 (100.00)
Test: [20/50]	Time  0.038 ( 0.048)	Loss 5.9856e-03 (3.2449e-02)	Acc@1 100.00 ( 98.81)	Acc@5 100.00 (100.00)
Test: [30/50]	Time  0.038 ( 0.045)	Loss 9.8528e-03 (3.0406e-02)	Acc@1 100.00 ( 98.89)	Acc@5 100.00 (100.00)
Test: [40/50]	Time  0.038 ( 0.043)	Loss 3.4208e-02 (2.7267e-02)	Acc@1  98.44 ( 99.05)	Acc@5 100.00 (100.00)
 * Acc@1 99.175 Acc@5 100.000
Epoch: [189][  0/115]	Time  0.279 ( 0.279)	Data  0.224 ( 0.224)	Loss 4.1757e-02 (4.1757e-02)	Acc@1  98.44 ( 98.44)	Acc@5 100.00 (100.00)
Epoch: [189][ 10/115]	Time  0.129 ( 0.142)	Data  0.000 ( 0.027)	Loss 1.9935e-02 (6.0072e-02)	Acc@1 100.00 ( 97.73)	Acc@5 100.00 (100.00)
Epoch: [189][ 20/115]	Time  0.132 ( 0.136)	Data  0.000 ( 0.017)	Loss 3.5854e-02 (6.0395e-02)	Acc@1 100.00 ( 97.77)	Acc@5 100.00 (100.00)
Epoch: [189][ 30/115]	Time  0.128 ( 0.134)	Data  0.000 ( 0.014)	Loss 7.0213e-02 (6.3059e-02)	Acc@1  93.75 ( 97.68)	Acc@5 100.00 (100.00)
Epoch: [189][ 40/115]	Time  0.130 ( 0.132)	Data  0.000 ( 0.012)	Loss 3.5334e-02 (6.2579e-02)	Acc@1 100.00 ( 97.94)	Acc@5 100.00 (100.00)
Epoch: [189][ 50/115]	Time  0.131 ( 0.132)	Data  0.000 ( 0.011)	Loss 2.3205e-02 (6.2691e-02)	Acc@1 100.00 ( 97.89)	Acc@5 100.00 (100.00)
Epoch: [189][ 60/115]	Time  0.128 ( 0.131)	Data  0.000 ( 0.011)	Loss 5.7381e-02 (6.2244e-02)	Acc@1  98.44 ( 97.90)	Acc@5 100.00 (100.00)
Epoch: [189][ 70/115]	Time  0.123 ( 0.131)	Data  0.000 ( 0.010)	Loss 7.4366e-02 (6.5248e-02)	Acc@1  96.88 ( 97.71)	Acc@5 100.00 (100.00)
Epoch: [189][ 80/115]	Time  0.129 ( 0.131)	Data  0.000 ( 0.010)	Loss 5.7032e-02 (6.5854e-02)	Acc@1  98.44 ( 97.67)	Acc@5 100.00 (100.00)
Epoch: [189][ 90/115]	Time  0.127 ( 0.131)	Data  0.000 ( 0.010)	Loss 1.4429e-01 (6.9481e-02)	Acc@1  96.88 ( 97.54)	Acc@5 100.00 (100.00)
Epoch: [189][100/115]	Time  0.132 ( 0.131)	Data  0.000 ( 0.009)	Loss 1.2802e-01 (6.8543e-02)	Acc@1  93.75 ( 97.57)	Acc@5 100.00 (100.00)
Epoch: [189][110/115]	Time  0.129 ( 0.131)	Data  0.000 ( 0.009)	Loss 1.5310e-01 (6.9690e-02)	Acc@1  95.31 ( 97.47)	Acc@5 100.00 (100.00)
Test: [ 0/50]	Time  0.256 ( 0.256)	Loss 7.6537e-02 (7.6537e-02)	Acc@1  98.44 ( 98.44)	Acc@5 100.00 (100.00)
Test: [10/50]	Time  0.037 ( 0.057)	Loss 2.7415e-02 (5.0247e-02)	Acc@1  96.88 ( 98.30)	Acc@5 100.00 (100.00)
Test: [20/50]	Time  0.047 ( 0.048)	Loss 6.1220e-03 (3.3157e-02)	Acc@1 100.00 ( 98.81)	Acc@5 100.00 (100.00)
Test: [30/50]	Time  0.037 ( 0.045)	Loss 9.6270e-03 (3.1184e-02)	Acc@1 100.00 ( 98.89)	Acc@5 100.00 (100.00)
Test: [40/50]	Time  0.038 ( 0.044)	Loss 3.1710e-02 (2.7690e-02)	Acc@1  98.44 ( 99.05)	Acc@5 100.00 (100.00)
 * Acc@1 99.175 Acc@5 100.000
Epoch: [190][  0/115]	Time  0.288 ( 0.288)	Data  0.225 ( 0.225)	Loss 7.3869e-02 (7.3869e-02)	Acc@1  96.88 ( 96.88)	Acc@5 100.00 (100.00)
Epoch: [190][ 10/115]	Time  0.130 ( 0.143)	Data  0.000 ( 0.026)	Loss 1.8261e-02 (6.7898e-02)	Acc@1 100.00 ( 97.30)	Acc@5 100.00 (100.00)
Epoch: [190][ 20/115]	Time  0.128 ( 0.137)	Data  0.000 ( 0.017)	Loss 6.7599e-02 (7.0537e-02)	Acc@1  96.88 ( 97.40)	Acc@5 100.00 (100.00)
Epoch: [190][ 30/115]	Time  0.132 ( 0.134)	Data  0.000 ( 0.014)	Loss 4.3799e-02 (7.3013e-02)	Acc@1 100.00 ( 97.43)	Acc@5 100.00 (100.00)
Epoch: [190][ 40/115]	Time  0.127 ( 0.133)	Data  0.000 ( 0.012)	Loss 5.1699e-02 (7.6624e-02)	Acc@1  96.88 ( 96.88)	Acc@5 100.00 (100.00)
Epoch: [190][ 50/115]	Time  0.127 ( 0.132)	Data  0.000 ( 0.011)	Loss 3.0214e-02 (7.7742e-02)	Acc@1  98.44 ( 96.84)	Acc@5 100.00 (100.00)
Epoch: [190][ 60/115]	Time  0.131 ( 0.132)	Data  0.000 ( 0.011)	Loss 7.8432e-02 (7.6813e-02)	Acc@1  96.88 ( 96.90)	Acc@5 100.00 (100.00)
Epoch: [190][ 70/115]	Time  0.127 ( 0.132)	Data  0.000 ( 0.010)	Loss 7.2819e-02 (7.5957e-02)	Acc@1  96.88 ( 96.96)	Acc@5 100.00 (100.00)
Epoch: [190][ 80/115]	Time  0.134 ( 0.131)	Data  0.000 ( 0.010)	Loss 7.7972e-02 (7.5387e-02)	Acc@1  98.44 ( 97.01)	Acc@5 100.00 (100.00)
Epoch: [190][ 90/115]	Time  0.130 ( 0.131)	Data  0.000 ( 0.009)	Loss 4.5041e-02 (7.4296e-02)	Acc@1  98.44 ( 97.05)	Acc@5 100.00 (100.00)
Epoch: [190][100/115]	Time  0.122 ( 0.131)	Data  0.000 ( 0.009)	Loss 3.4360e-02 (7.4194e-02)	Acc@1  98.44 ( 97.08)	Acc@5 100.00 (100.00)
Epoch: [190][110/115]	Time  0.130 ( 0.131)	Data  0.000 ( 0.009)	Loss 1.3108e-01 (7.2718e-02)	Acc@1  93.75 ( 97.13)	Acc@5 100.00 (100.00)
Test: [ 0/50]	Time  0.271 ( 0.271)	Loss 7.0330e-02 (7.0330e-02)	Acc@1  98.44 ( 98.44)	Acc@5 100.00 (100.00)
Test: [10/50]	Time  0.037 ( 0.058)	Loss 2.2736e-02 (4.4251e-02)	Acc@1  98.44 ( 98.72)	Acc@5 100.00 (100.00)
Test: [20/50]	Time  0.038 ( 0.049)	Loss 5.9437e-03 (2.8702e-02)	Acc@1 100.00 ( 99.11)	Acc@5 100.00 (100.00)
Test: [30/50]	Time  0.037 ( 0.046)	Loss 1.1640e-02 (2.7632e-02)	Acc@1 100.00 ( 99.09)	Acc@5 100.00 (100.00)
Test: [40/50]	Time  0.038 ( 0.044)	Loss 3.7273e-02 (2.5919e-02)	Acc@1  98.44 ( 99.20)	Acc@5 100.00 (100.00)
 * Acc@1 99.302 Acc@5 100.000
Epoch: [191][  0/115]	Time  0.288 ( 0.288)	Data  0.225 ( 0.225)	Loss 3.7001e-02 (3.7001e-02)	Acc@1 100.00 (100.00)	Acc@5 100.00 (100.00)
Epoch: [191][ 10/115]	Time  0.128 ( 0.143)	Data  0.000 ( 0.027)	Loss 1.9376e-01 (7.6804e-02)	Acc@1  90.62 ( 97.59)	Acc@5 100.00 (100.00)
Epoch: [191][ 20/115]	Time  0.130 ( 0.136)	Data  0.000 ( 0.017)	Loss 7.8123e-02 (7.4568e-02)	Acc@1  96.88 ( 97.10)	Acc@5 100.00 (100.00)
Epoch: [191][ 30/115]	Time  0.120 ( 0.134)	Data  0.000 ( 0.014)	Loss 2.5238e-02 (7.1734e-02)	Acc@1 100.00 ( 97.28)	Acc@5 100.00 (100.00)
Epoch: [191][ 40/115]	Time  0.134 ( 0.133)	Data  0.000 ( 0.012)	Loss 2.3508e-02 (7.4381e-02)	Acc@1 100.00 ( 97.18)	Acc@5 100.00 (100.00)
Epoch: [191][ 50/115]	Time  0.130 ( 0.132)	Data  0.000 ( 0.011)	Loss 2.8029e-02 (7.6061e-02)	Acc@1  98.44 ( 97.09)	Acc@5 100.00 (100.00)
Epoch: [191][ 60/115]	Time  0.128 ( 0.131)	Data  0.000 ( 0.011)	Loss 3.1932e-02 (7.2632e-02)	Acc@1  98.44 ( 97.21)	Acc@5 100.00 (100.00)
Epoch: [191][ 70/115]	Time  0.125 ( 0.131)	Data  0.000 ( 0.010)	Loss 2.0011e-02 (7.1505e-02)	Acc@1 100.00 ( 97.27)	Acc@5 100.00 (100.00)
Epoch: [191][ 80/115]	Time  0.129 ( 0.131)	Data  0.000 ( 0.010)	Loss 9.2657e-02 (7.1833e-02)	Acc@1  93.75 ( 97.26)	Acc@5 100.00 (100.00)
Epoch: [191][ 90/115]	Time  0.130 ( 0.131)	Data  0.000 ( 0.010)	Loss 1.5719e-01 (7.1007e-02)	Acc@1  90.62 ( 97.30)	Acc@5 100.00 (100.00)
Epoch: [191][100/115]	Time  0.130 ( 0.131)	Data  0.000 ( 0.009)	Loss 7.9311e-02 (7.2524e-02)	Acc@1  96.88 ( 97.31)	Acc@5 100.00 (100.00)
Epoch: [191][110/115]	Time  0.128 ( 0.131)	Data  0.000 ( 0.009)	Loss 3.7302e-02 (7.1232e-02)	Acc@1 100.00 ( 97.38)	Acc@5 100.00 (100.00)
Test: [ 0/50]	Time  0.261 ( 0.261)	Loss 5.7271e-02 (5.7271e-02)	Acc@1  98.44 ( 98.44)	Acc@5 100.00 (100.00)
Test: [10/50]	Time  0.037 ( 0.056)	Loss 1.5661e-02 (3.9308e-02)	Acc@1 100.00 ( 99.01)	Acc@5 100.00 (100.00)
Test: [20/50]	Time  0.038 ( 0.048)	Loss 5.2000e-03 (2.5156e-02)	Acc@1 100.00 ( 99.40)	Acc@5 100.00 (100.00)
Test: [30/50]	Time  0.038 ( 0.045)	Loss 1.3103e-02 (2.4659e-02)	Acc@1 100.00 ( 99.34)	Acc@5 100.00 (100.00)
Test: [40/50]	Time  0.038 ( 0.043)	Loss 4.2214e-02 (2.4917e-02)	Acc@1  98.44 ( 99.31)	Acc@5 100.00 (100.00)
 * Acc@1 99.366 Acc@5 100.000
Epoch: [192][  0/115]	Time  0.271 ( 0.271)	Data  0.217 ( 0.217)	Loss 3.1238e-02 (3.1238e-02)	Acc@1 100.00 (100.00)	Acc@5 100.00 (100.00)
Epoch: [192][ 10/115]	Time  0.130 ( 0.142)	Data  0.000 ( 0.026)	Loss 5.9954e-02 (6.7343e-02)	Acc@1  96.88 ( 97.30)	Acc@5 100.00 (100.00)
Epoch: [192][ 20/115]	Time  0.128 ( 0.136)	Data  0.000 ( 0.017)	Loss 4.0642e-02 (7.0336e-02)	Acc@1  98.44 ( 97.10)	Acc@5 100.00 (100.00)
Epoch: [192][ 30/115]	Time  0.129 ( 0.134)	Data  0.000 ( 0.014)	Loss 1.2459e-01 (6.7473e-02)	Acc@1  95.31 ( 97.18)	Acc@5 100.00 (100.00)
Epoch: [192][ 40/115]	Time  0.128 ( 0.133)	Data  0.000 ( 0.012)	Loss 9.8215e-02 (7.1503e-02)	Acc@1  98.44 ( 97.18)	Acc@5 100.00 (100.00)
Epoch: [192][ 50/115]	Time  0.131 ( 0.132)	Data  0.000 ( 0.011)	Loss 1.4429e-01 (7.7121e-02)	Acc@1  93.75 ( 97.00)	Acc@5 100.00 (100.00)
Epoch: [192][ 60/115]	Time  0.130 ( 0.132)	Data  0.000 ( 0.011)	Loss 8.1046e-02 (7.4271e-02)	Acc@1  96.88 ( 97.21)	Acc@5 100.00 (100.00)
Epoch: [192][ 70/115]	Time  0.130 ( 0.131)	Data  0.000 ( 0.010)	Loss 5.6218e-02 (7.3175e-02)	Acc@1  96.88 ( 97.27)	Acc@5 100.00 (100.00)
Epoch: [192][ 80/115]	Time  0.127 ( 0.131)	Data  0.000 ( 0.010)	Loss 3.9723e-02 (7.0378e-02)	Acc@1  98.44 ( 97.42)	Acc@5 100.00 (100.00)
Epoch: [192][ 90/115]	Time  0.133 ( 0.131)	Data  0.000 ( 0.010)	Loss 1.0893e-01 (7.0756e-02)	Acc@1  95.31 ( 97.39)	Acc@5 100.00 (100.00)
Epoch: [192][100/115]	Time  0.129 ( 0.131)	Data  0.000 ( 0.009)	Loss 9.2397e-02 (7.3435e-02)	Acc@1  96.88 ( 97.37)	Acc@5 100.00 (100.00)
Epoch: [192][110/115]	Time  0.131 ( 0.131)	Data  0.000 ( 0.009)	Loss 9.3204e-02 (7.2914e-02)	Acc@1  95.31 ( 97.38)	Acc@5 100.00 (100.00)
Test: [ 0/50]	Time  0.266 ( 0.266)	Loss 6.9531e-02 (6.9531e-02)	Acc@1  98.44 ( 98.44)	Acc@5 100.00 (100.00)
Test: [10/50]	Time  0.037 ( 0.058)	Loss 2.0986e-02 (4.3255e-02)	Acc@1  98.44 ( 98.72)	Acc@5 100.00 (100.00)
Test: [20/50]	Time  0.042 ( 0.049)	Loss 4.8865e-03 (2.8146e-02)	Acc@1 100.00 ( 99.03)	Acc@5 100.00 (100.00)
Test: [30/50]	Time  0.038 ( 0.045)	Loss 1.1883e-02 (2.7067e-02)	Acc@1 100.00 ( 99.04)	Acc@5 100.00 (100.00)
Test: [40/50]	Time  0.038 ( 0.043)	Loss 3.8291e-02 (2.5872e-02)	Acc@1  98.44 ( 99.16)	Acc@5 100.00 (100.00)
 * Acc@1 99.271 Acc@5 100.000
Epoch: [193][  0/115]	Time  0.276 ( 0.276)	Data  0.221 ( 0.221)	Loss 3.1120e-02 (3.1120e-02)	Acc@1  98.44 ( 98.44)	Acc@5 100.00 (100.00)
Epoch: [193][ 10/115]	Time  0.129 ( 0.143)	Data  0.000 ( 0.027)	Loss 5.7808e-02 (4.7753e-02)	Acc@1  98.44 ( 97.87)	Acc@5 100.00 (100.00)
Epoch: [193][ 20/115]	Time  0.129 ( 0.136)	Data  0.000 ( 0.017)	Loss 6.5101e-02 (6.7941e-02)	Acc@1  98.44 ( 97.54)	Acc@5 100.00 (100.00)
Epoch: [193][ 30/115]	Time  0.129 ( 0.134)	Data  0.000 ( 0.014)	Loss 7.3786e-02 (6.5304e-02)	Acc@1  98.44 ( 97.58)	Acc@5 100.00 (100.00)
Epoch: [193][ 40/115]	Time  0.127 ( 0.133)	Data  0.000 ( 0.012)	Loss 7.8024e-02 (7.2696e-02)	Acc@1  96.88 ( 97.26)	Acc@5 100.00 (100.00)
Epoch: [193][ 50/115]	Time  0.128 ( 0.132)	Data  0.000 ( 0.011)	Loss 1.0927e-01 (7.5037e-02)	Acc@1  98.44 ( 97.24)	Acc@5 100.00 (100.00)
Epoch: [193][ 60/115]	Time  0.132 ( 0.132)	Data  0.000 ( 0.011)	Loss 5.3722e-02 (7.5713e-02)	Acc@1  98.44 ( 97.23)	Acc@5 100.00 (100.00)
Epoch: [193][ 70/115]	Time  0.132 ( 0.132)	Data  0.000 ( 0.010)	Loss 3.8027e-02 (7.6046e-02)	Acc@1 100.00 ( 97.29)	Acc@5 100.00 (100.00)
Epoch: [193][ 80/115]	Time  0.131 ( 0.131)	Data  0.000 ( 0.010)	Loss 7.6200e-02 (7.3158e-02)	Acc@1  98.44 ( 97.43)	Acc@5 100.00 (100.00)
Epoch: [193][ 90/115]	Time  0.128 ( 0.131)	Data  0.000 ( 0.010)	Loss 2.6474e-02 (7.1818e-02)	Acc@1  98.44 ( 97.53)	Acc@5 100.00 (100.00)
Epoch: [193][100/115]	Time  0.133 ( 0.131)	Data  0.000 ( 0.009)	Loss 6.1421e-02 (7.1358e-02)	Acc@1  96.88 ( 97.52)	Acc@5 100.00 (100.00)
Epoch: [193][110/115]	Time  0.130 ( 0.131)	Data  0.000 ( 0.009)	Loss 4.3381e-02 (7.2300e-02)	Acc@1  98.44 ( 97.47)	Acc@5 100.00 (100.00)
Test: [ 0/50]	Time  0.269 ( 0.269)	Loss 7.7543e-02 (7.7543e-02)	Acc@1  98.44 ( 98.44)	Acc@5 100.00 (100.00)
Test: [10/50]	Time  0.038 ( 0.058)	Loss 2.5865e-02 (5.0490e-02)	Acc@1  98.44 ( 98.58)	Acc@5 100.00 (100.00)
Test: [20/50]	Time  0.042 ( 0.049)	Loss 7.3256e-03 (3.3393e-02)	Acc@1 100.00 ( 98.96)	Acc@5 100.00 (100.00)
Test: [30/50]	Time  0.038 ( 0.045)	Loss 9.5715e-03 (3.1300e-02)	Acc@1 100.00 ( 98.99)	Acc@5 100.00 (100.00)
Test: [40/50]	Time  0.039 ( 0.044)	Loss 3.3019e-02 (2.7647e-02)	Acc@1  98.44 ( 99.16)	Acc@5 100.00 (100.00)
 * Acc@1 99.271 Acc@5 100.000
Epoch: [194][  0/115]	Time  0.276 ( 0.276)	Data  0.221 ( 0.221)	Loss 6.6884e-02 (6.6884e-02)	Acc@1  98.44 ( 98.44)	Acc@5 100.00 (100.00)
Epoch: [194][ 10/115]	Time  0.127 ( 0.142)	Data  0.000 ( 0.027)	Loss 9.0491e-02 (7.1610e-02)	Acc@1  96.88 ( 98.01)	Acc@5 100.00 (100.00)
Epoch: [194][ 20/115]	Time  0.127 ( 0.136)	Data  0.000 ( 0.017)	Loss 1.0340e-01 (6.9373e-02)	Acc@1  96.88 ( 97.92)	Acc@5 100.00 (100.00)
Epoch: [194][ 30/115]	Time  0.129 ( 0.133)	Data  0.000 ( 0.014)	Loss 6.9868e-02 (6.5751e-02)	Acc@1  96.88 ( 97.93)	Acc@5 100.00 (100.00)
Epoch: [194][ 40/115]	Time  0.126 ( 0.132)	Data  0.000 ( 0.012)	Loss 1.1895e-01 (6.4044e-02)	Acc@1  96.88 ( 97.90)	Acc@5 100.00 (100.00)
Epoch: [194][ 50/115]	Time  0.128 ( 0.131)	Data  0.000 ( 0.011)	Loss 7.2015e-02 (6.4416e-02)	Acc@1  96.88 ( 97.89)	Acc@5 100.00 (100.00)
Epoch: [194][ 60/115]	Time  0.127 ( 0.131)	Data  0.000 ( 0.011)	Loss 1.4551e-01 (6.7520e-02)	Acc@1  92.19 ( 97.69)	Acc@5 100.00 (100.00)
Epoch: [194][ 70/115]	Time  0.132 ( 0.131)	Data  0.000 ( 0.010)	Loss 5.5452e-02 (6.8396e-02)	Acc@1  96.88 ( 97.69)	Acc@5 100.00 (100.00)
Epoch: [194][ 80/115]	Time  0.127 ( 0.130)	Data  0.000 ( 0.010)	Loss 6.4286e-02 (7.1740e-02)	Acc@1  96.88 ( 97.59)	Acc@5 100.00 (100.00)
Epoch: [194][ 90/115]	Time  0.129 ( 0.130)	Data  0.000 ( 0.009)	Loss 7.5950e-02 (7.2910e-02)	Acc@1  96.88 ( 97.53)	Acc@5 100.00 (100.00)
Epoch: [194][100/115]	Time  0.128 ( 0.130)	Data  0.000 ( 0.009)	Loss 1.1310e-01 (7.4802e-02)	Acc@1  95.31 ( 97.45)	Acc@5 100.00 (100.00)
Epoch: [194][110/115]	Time  0.131 ( 0.130)	Data  0.000 ( 0.009)	Loss 1.1498e-01 (7.4829e-02)	Acc@1  95.31 ( 97.47)	Acc@5 100.00 (100.00)
Test: [ 0/50]	Time  0.255 ( 0.255)	Loss 5.9903e-02 (5.9903e-02)	Acc@1  98.44 ( 98.44)	Acc@5 100.00 (100.00)
Test: [10/50]	Time  0.037 ( 0.057)	Loss 1.2635e-02 (3.7537e-02)	Acc@1 100.00 ( 99.01)	Acc@5 100.00 (100.00)
Test: [20/50]	Time  0.038 ( 0.048)	Loss 4.1369e-03 (2.3782e-02)	Acc@1 100.00 ( 99.40)	Acc@5 100.00 (100.00)
Test: [30/50]	Time  0.037 ( 0.045)	Loss 1.3906e-02 (2.3595e-02)	Acc@1 100.00 ( 99.29)	Acc@5 100.00 (100.00)
Test: [40/50]	Time  0.038 ( 0.043)	Loss 4.8154e-02 (2.4583e-02)	Acc@1  98.44 ( 99.28)	Acc@5 100.00 (100.00)
 * Acc@1 99.334 Acc@5 100.000
Epoch: [195][  0/115]	Time  0.276 ( 0.276)	Data  0.221 ( 0.221)	Loss 1.2337e-01 (1.2337e-01)	Acc@1  95.31 ( 95.31)	Acc@5 100.00 (100.00)
Epoch: [195][ 10/115]	Time  0.130 ( 0.142)	Data  0.000 ( 0.027)	Loss 2.8141e-02 (6.7933e-02)	Acc@1  98.44 ( 97.44)	Acc@5 100.00 (100.00)
Epoch: [195][ 20/115]	Time  0.131 ( 0.136)	Data  0.000 ( 0.017)	Loss 2.2561e-02 (6.8165e-02)	Acc@1 100.00 ( 97.32)	Acc@5 100.00 (100.00)
Epoch: [195][ 30/115]	Time  0.126 ( 0.134)	Data  0.000 ( 0.014)	Loss 2.2997e-02 (6.9248e-02)	Acc@1 100.00 ( 97.38)	Acc@5 100.00 (100.00)
Epoch: [195][ 40/115]	Time  0.132 ( 0.133)	Data  0.000 ( 0.012)	Loss 2.0993e-02 (7.3194e-02)	Acc@1 100.00 ( 97.22)	Acc@5 100.00 (100.00)
Epoch: [195][ 50/115]	Time  0.132 ( 0.132)	Data  0.000 ( 0.011)	Loss 1.1633e-01 (7.3153e-02)	Acc@1  96.88 ( 97.24)	Acc@5 100.00 (100.00)
Epoch: [195][ 60/115]	Time  0.129 ( 0.131)	Data  0.000 ( 0.011)	Loss 6.0782e-02 (7.2498e-02)	Acc@1  98.44 ( 97.28)	Acc@5 100.00 (100.00)
Epoch: [195][ 70/115]	Time  0.125 ( 0.131)	Data  0.000 ( 0.010)	Loss 5.2080e-02 (7.0966e-02)	Acc@1  98.44 ( 97.38)	Acc@5 100.00 (100.00)
Epoch: [195][ 80/115]	Time  0.130 ( 0.131)	Data  0.000 ( 0.010)	Loss 5.4468e-02 (7.0943e-02)	Acc@1  96.88 ( 97.38)	Acc@5 100.00 (100.00)
Epoch: [195][ 90/115]	Time  0.128 ( 0.131)	Data  0.000 ( 0.009)	Loss 4.4739e-02 (6.9731e-02)	Acc@1  98.44 ( 97.39)	Acc@5 100.00 (100.00)
Epoch: [195][100/115]	Time  0.131 ( 0.130)	Data  0.000 ( 0.009)	Loss 1.0471e-01 (7.2015e-02)	Acc@1  93.75 ( 97.26)	Acc@5 100.00 (100.00)
Epoch: [195][110/115]	Time  0.127 ( 0.130)	Data  0.000 ( 0.009)	Loss 1.1461e-02 (7.1658e-02)	Acc@1 100.00 ( 97.30)	Acc@5 100.00 (100.00)
Test: [ 0/50]	Time  0.258 ( 0.258)	Loss 7.0436e-02 (7.0436e-02)	Acc@1  98.44 ( 98.44)	Acc@5 100.00 (100.00)
Test: [10/50]	Time  0.037 ( 0.057)	Loss 2.5992e-02 (4.8873e-02)	Acc@1  96.88 ( 98.44)	Acc@5 100.00 (100.00)
Test: [20/50]	Time  0.038 ( 0.048)	Loss 7.0005e-03 (3.2189e-02)	Acc@1 100.00 ( 98.88)	Acc@5 100.00 (100.00)
Test: [30/50]	Time  0.038 ( 0.045)	Loss 9.8402e-03 (3.0369e-02)	Acc@1 100.00 ( 98.94)	Acc@5 100.00 (100.00)
Test: [40/50]	Time  0.038 ( 0.043)	Loss 3.2283e-02 (2.7098e-02)	Acc@1  98.44 ( 99.09)	Acc@5 100.00 (100.00)
 * Acc@1 99.207 Acc@5 100.000
Epoch: [196][  0/115]	Time  0.260 ( 0.260)	Data  0.205 ( 0.205)	Loss 8.4798e-02 (8.4798e-02)	Acc@1  95.31 ( 95.31)	Acc@5 100.00 (100.00)
Epoch: [196][ 10/115]	Time  0.132 ( 0.141)	Data  0.000 ( 0.025)	Loss 8.8888e-02 (9.2848e-02)	Acc@1  96.88 ( 96.73)	Acc@5 100.00 (100.00)
Epoch: [196][ 20/115]	Time  0.128 ( 0.135)	Data  0.000 ( 0.017)	Loss 5.4986e-02 (8.0582e-02)	Acc@1  98.44 ( 97.17)	Acc@5 100.00 (100.00)
Epoch: [196][ 30/115]	Time  0.126 ( 0.133)	Data  0.000 ( 0.014)	Loss 3.4127e-02 (7.9253e-02)	Acc@1  98.44 ( 97.08)	Acc@5 100.00 (100.00)
Epoch: [196][ 40/115]	Time  0.128 ( 0.133)	Data  0.000 ( 0.012)	Loss 1.6117e-01 (7.6469e-02)	Acc@1  92.19 ( 97.22)	Acc@5 100.00 (100.00)
Epoch: [196][ 50/115]	Time  0.129 ( 0.132)	Data  0.000 ( 0.011)	Loss 3.9113e-01 (8.2198e-02)	Acc@1  87.50 ( 97.03)	Acc@5 100.00 (100.00)
Epoch: [196][ 60/115]	Time  0.126 ( 0.131)	Data  0.000 ( 0.010)	Loss 7.6613e-02 (7.9390e-02)	Acc@1  96.88 ( 97.11)	Acc@5 100.00 (100.00)
Epoch: [196][ 70/115]	Time  0.132 ( 0.131)	Data  0.000 ( 0.010)	Loss 5.4657e-02 (7.6868e-02)	Acc@1  98.44 ( 97.25)	Acc@5 100.00 (100.00)
Epoch: [196][ 80/115]	Time  0.128 ( 0.131)	Data  0.000 ( 0.010)	Loss 7.2943e-02 (7.6751e-02)	Acc@1  98.44 ( 97.18)	Acc@5 100.00 (100.00)
Epoch: [196][ 90/115]	Time  0.130 ( 0.131)	Data  0.000 ( 0.009)	Loss 5.7721e-02 (7.6415e-02)	Acc@1  96.88 ( 97.15)	Acc@5 100.00 (100.00)
Epoch: [196][100/115]	Time  0.129 ( 0.131)	Data  0.000 ( 0.009)	Loss 6.7814e-02 (7.6299e-02)	Acc@1  96.88 ( 97.15)	Acc@5 100.00 (100.00)
Epoch: [196][110/115]	Time  0.129 ( 0.130)	Data  0.000 ( 0.009)	Loss 1.0095e-01 (7.4812e-02)	Acc@1  96.88 ( 97.20)	Acc@5 100.00 (100.00)
Test: [ 0/50]	Time  0.267 ( 0.267)	Loss 7.5430e-02 (7.5430e-02)	Acc@1  98.44 ( 98.44)	Acc@5 100.00 (100.00)
Test: [10/50]	Time  0.038 ( 0.058)	Loss 3.0702e-02 (5.4175e-02)	Acc@1  96.88 ( 98.30)	Acc@5 100.00 (100.00)
Test: [20/50]	Time  0.038 ( 0.048)	Loss 7.5392e-03 (3.6162e-02)	Acc@1 100.00 ( 98.81)	Acc@5 100.00 (100.00)
Test: [30/50]	Time  0.038 ( 0.045)	Loss 8.7455e-03 (3.3481e-02)	Acc@1 100.00 ( 98.89)	Acc@5 100.00 (100.00)
Test: [40/50]	Time  0.038 ( 0.043)	Loss 2.8729e-02 (2.8923e-02)	Acc@1  98.44 ( 99.09)	Acc@5 100.00 (100.00)
 * Acc@1 99.207 Acc@5 100.000
Epoch: [197][  0/115]	Time  0.291 ( 0.291)	Data  0.227 ( 0.227)	Loss 1.8245e-02 (1.8245e-02)	Acc@1 100.00 (100.00)	Acc@5 100.00 (100.00)
Epoch: [197][ 10/115]	Time  0.127 ( 0.143)	Data  0.000 ( 0.027)	Loss 5.1357e-02 (7.7889e-02)	Acc@1  98.44 ( 97.02)	Acc@5 100.00 (100.00)
Epoch: [197][ 20/115]	Time  0.136 ( 0.137)	Data  0.000 ( 0.017)	Loss 9.5507e-02 (7.6226e-02)	Acc@1  95.31 ( 97.10)	Acc@5 100.00 (100.00)
Epoch: [197][ 30/115]	Time  0.129 ( 0.134)	Data  0.000 ( 0.014)	Loss 7.7403e-02 (7.1248e-02)	Acc@1  96.88 ( 97.28)	Acc@5 100.00 (100.00)
Epoch: [197][ 40/115]	Time  0.129 ( 0.133)	Data  0.000 ( 0.012)	Loss 1.3942e-02 (6.9816e-02)	Acc@1 100.00 ( 97.41)	Acc@5 100.00 (100.00)
Epoch: [197][ 50/115]	Time  0.130 ( 0.132)	Data  0.000 ( 0.011)	Loss 7.9952e-02 (6.6085e-02)	Acc@1  96.88 ( 97.52)	Acc@5 100.00 (100.00)
Epoch: [197][ 60/115]	Time  0.131 ( 0.132)	Data  0.000 ( 0.011)	Loss 2.1649e-01 (7.1655e-02)	Acc@1  95.31 ( 97.41)	Acc@5 100.00 (100.00)
Epoch: [197][ 70/115]	Time  0.130 ( 0.131)	Data  0.000 ( 0.010)	Loss 7.9150e-02 (7.1244e-02)	Acc@1  96.88 ( 97.40)	Acc@5 100.00 (100.00)
Epoch: [197][ 80/115]	Time  0.132 ( 0.131)	Data  0.000 ( 0.010)	Loss 5.7792e-02 (7.2617e-02)	Acc@1  96.88 ( 97.28)	Acc@5 100.00 (100.00)
Epoch: [197][ 90/115]	Time  0.128 ( 0.131)	Data  0.000 ( 0.009)	Loss 1.0896e-01 (7.5081e-02)	Acc@1  96.88 ( 97.24)	Acc@5 100.00 (100.00)
Epoch: [197][100/115]	Time  0.132 ( 0.131)	Data  0.000 ( 0.009)	Loss 5.1545e-02 (7.5154e-02)	Acc@1  98.44 ( 97.23)	Acc@5 100.00 (100.00)
Epoch: [197][110/115]	Time  0.129 ( 0.131)	Data  0.000 ( 0.009)	Loss 1.2431e-01 (7.4418e-02)	Acc@1  95.31 ( 97.27)	Acc@5 100.00 (100.00)
Test: [ 0/50]	Time  0.257 ( 0.257)	Loss 7.1274e-02 (7.1274e-02)	Acc@1  98.44 ( 98.44)	Acc@5 100.00 (100.00)
Test: [10/50]	Time  0.037 ( 0.057)	Loss 2.4787e-02 (4.8268e-02)	Acc@1  96.88 ( 98.58)	Acc@5 100.00 (100.00)
Test: [20/50]	Time  0.039 ( 0.048)	Loss 8.2321e-03 (3.1933e-02)	Acc@1 100.00 ( 99.03)	Acc@5 100.00 (100.00)
Test: [30/50]	Time  0.038 ( 0.045)	Loss 9.6856e-03 (3.0056e-02)	Acc@1 100.00 ( 99.04)	Acc@5 100.00 (100.00)
Test: [40/50]	Time  0.038 ( 0.043)	Loss 3.5754e-02 (2.6958e-02)	Acc@1  98.44 ( 99.16)	Acc@5 100.00 (100.00)
 * Acc@1 99.271 Acc@5 100.000
Epoch: [198][  0/115]	Time  0.287 ( 0.287)	Data  0.226 ( 0.226)	Loss 1.2579e-01 (1.2579e-01)	Acc@1  93.75 ( 93.75)	Acc@5 100.00 (100.00)
Epoch: [198][ 10/115]	Time  0.122 ( 0.143)	Data  0.000 ( 0.026)	Loss 5.3149e-02 (9.2178e-02)	Acc@1  98.44 ( 96.45)	Acc@5 100.00 (100.00)
Epoch: [198][ 20/115]	Time  0.127 ( 0.136)	Data  0.000 ( 0.017)	Loss 1.4159e-01 (8.1904e-02)	Acc@1  96.88 ( 96.95)	Acc@5 100.00 (100.00)
Epoch: [198][ 30/115]	Time  0.130 ( 0.134)	Data  0.000 ( 0.014)	Loss 7.2797e-02 (7.3254e-02)	Acc@1  98.44 ( 97.38)	Acc@5 100.00 (100.00)
Epoch: [198][ 40/115]	Time  0.129 ( 0.133)	Data  0.000 ( 0.012)	Loss 2.6203e-02 (7.0322e-02)	Acc@1 100.00 ( 97.48)	Acc@5 100.00 (100.00)
Epoch: [198][ 50/115]	Time  0.128 ( 0.132)	Data  0.000 ( 0.011)	Loss 4.7551e-02 (6.9609e-02)	Acc@1 100.00 ( 97.49)	Acc@5 100.00 (100.00)
Epoch: [198][ 60/115]	Time  0.127 ( 0.132)	Data  0.000 ( 0.011)	Loss 3.3112e-02 (6.3773e-02)	Acc@1 100.00 ( 97.69)	Acc@5 100.00 (100.00)
Epoch: [198][ 70/115]	Time  0.132 ( 0.131)	Data  0.000 ( 0.010)	Loss 1.5997e-01 (6.8056e-02)	Acc@1  93.75 ( 97.58)	Acc@5 100.00 (100.00)
Epoch: [198][ 80/115]	Time  0.130 ( 0.131)	Data  0.000 ( 0.010)	Loss 5.1399e-02 (6.8396e-02)	Acc@1  98.44 ( 97.51)	Acc@5 100.00 (100.00)
Epoch: [198][ 90/115]	Time  0.131 ( 0.131)	Data  0.000 ( 0.009)	Loss 2.6062e-01 (6.9295e-02)	Acc@1  89.06 ( 97.51)	Acc@5 100.00 (100.00)
Epoch: [198][100/115]	Time  0.128 ( 0.131)	Data  0.000 ( 0.009)	Loss 1.2788e-01 (6.8895e-02)	Acc@1  92.19 ( 97.54)	Acc@5 100.00 (100.00)
Epoch: [198][110/115]	Time  0.131 ( 0.131)	Data  0.000 ( 0.009)	Loss 4.9305e-02 (7.0246e-02)	Acc@1  98.44 ( 97.47)	Acc@5 100.00 (100.00)
Test: [ 0/50]	Time  0.272 ( 0.272)	Loss 8.6412e-02 (8.6412e-02)	Acc@1  98.44 ( 98.44)	Acc@5 100.00 (100.00)
Test: [10/50]	Time  0.037 ( 0.058)	Loss 3.4283e-02 (5.7613e-02)	Acc@1  96.88 ( 98.15)	Acc@5 100.00 (100.00)
Test: [20/50]	Time  0.038 ( 0.049)	Loss 8.8980e-03 (3.8915e-02)	Acc@1 100.00 ( 98.59)	Acc@5 100.00 (100.00)
Test: [30/50]	Time  0.038 ( 0.045)	Loss 7.6239e-03 (3.5674e-02)	Acc@1 100.00 ( 98.69)	Acc@5 100.00 (100.00)
Test: [40/50]	Time  0.038 ( 0.043)	Loss 2.7959e-02 (3.0250e-02)	Acc@1  98.44 ( 98.97)	Acc@5 100.00 (100.00)
 * Acc@1 99.112 Acc@5 100.000
Epoch: [199][  0/115]	Time  0.264 ( 0.264)	Data  0.209 ( 0.209)	Loss 3.6332e-02 (3.6332e-02)	Acc@1  98.44 ( 98.44)	Acc@5 100.00 (100.00)
Epoch: [199][ 10/115]	Time  0.131 ( 0.142)	Data  0.000 ( 0.026)	Loss 7.8092e-02 (7.7326e-02)	Acc@1  96.88 ( 97.16)	Acc@5 100.00 (100.00)
Epoch: [199][ 20/115]	Time  0.129 ( 0.136)	Data  0.000 ( 0.017)	Loss 8.3569e-02 (6.7435e-02)	Acc@1  96.88 ( 97.47)	Acc@5 100.00 (100.00)
Epoch: [199][ 30/115]	Time  0.129 ( 0.134)	Data  0.000 ( 0.014)	Loss 5.4542e-02 (6.8684e-02)	Acc@1  98.44 ( 97.33)	Acc@5 100.00 (100.00)
Epoch: [199][ 40/115]	Time  0.132 ( 0.133)	Data  0.000 ( 0.012)	Loss 8.8802e-02 (7.0944e-02)	Acc@1  95.31 ( 97.22)	Acc@5 100.00 (100.00)
Epoch: [199][ 50/115]	Time  0.132 ( 0.132)	Data  0.000 ( 0.011)	Loss 2.5911e-02 (6.9170e-02)	Acc@1 100.00 ( 97.40)	Acc@5 100.00 (100.00)
Epoch: [199][ 60/115]	Time  0.129 ( 0.131)	Data  0.000 ( 0.010)	Loss 4.9922e-02 (7.0685e-02)	Acc@1  98.44 ( 97.31)	Acc@5 100.00 (100.00)
Epoch: [199][ 70/115]	Time  0.126 ( 0.131)	Data  0.000 ( 0.010)	Loss 1.2800e-01 (7.3215e-02)	Acc@1  93.75 ( 97.14)	Acc@5 100.00 (100.00)
Epoch: [199][ 80/115]	Time  0.131 ( 0.131)	Data  0.000 ( 0.010)	Loss 1.3482e-01 (7.1657e-02)	Acc@1  96.88 ( 97.20)	Acc@5 100.00 (100.00)
Epoch: [199][ 90/115]	Time  0.129 ( 0.131)	Data  0.000 ( 0.009)	Loss 5.9359e-02 (7.2294e-02)	Acc@1  98.44 ( 97.27)	Acc@5 100.00 (100.00)
Epoch: [199][100/115]	Time  0.130 ( 0.130)	Data  0.000 ( 0.009)	Loss 1.8267e-02 (7.0141e-02)	Acc@1 100.00 ( 97.43)	Acc@5 100.00 (100.00)
Epoch: [199][110/115]	Time  0.127 ( 0.130)	Data  0.000 ( 0.009)	Loss 8.3515e-02 (7.0179e-02)	Acc@1  96.88 ( 97.38)	Acc@5 100.00 (100.00)
Test: [ 0/50]	Time  0.258 ( 0.258)	Loss 7.2371e-02 (7.2371e-02)	Acc@1  98.44 ( 98.44)	Acc@5 100.00 (100.00)
Test: [10/50]	Time  0.037 ( 0.057)	Loss 2.3216e-02 (4.8100e-02)	Acc@1  98.44 ( 98.58)	Acc@5 100.00 (100.00)
Test: [20/50]	Time  0.038 ( 0.048)	Loss 6.5329e-03 (3.1752e-02)	Acc@1 100.00 ( 98.96)	Acc@5 100.00 (100.00)
Test: [30/50]	Time  0.038 ( 0.045)	Loss 1.0006e-02 (3.0006e-02)	Acc@1 100.00 ( 98.99)	Acc@5 100.00 (100.00)
Test: [40/50]	Time  0.038 ( 0.043)	Loss 3.3787e-02 (2.6990e-02)	Acc@1  98.44 ( 99.12)	Acc@5 100.00 (100.00)
 * Acc@1 99.239 Acc@5 100.000
Epoch: [200][  0/115]	Time  0.275 ( 0.275)	Data  0.220 ( 0.220)	Loss 5.9343e-02 (5.9343e-02)	Acc@1  96.88 ( 96.88)	Acc@5 100.00 (100.00)
Epoch: [200][ 10/115]	Time  0.131 ( 0.142)	Data  0.000 ( 0.027)	Loss 3.7124e-02 (8.0128e-02)	Acc@1  98.44 ( 96.59)	Acc@5 100.00 (100.00)
Epoch: [200][ 20/115]	Time  0.129 ( 0.136)	Data  0.000 ( 0.017)	Loss 1.0747e-01 (8.8305e-02)	Acc@1  93.75 ( 96.43)	Acc@5 100.00 (100.00)
Epoch: [200][ 30/115]	Time  0.130 ( 0.134)	Data  0.000 ( 0.014)	Loss 1.4444e-01 (8.7500e-02)	Acc@1  93.75 ( 96.62)	Acc@5 100.00 (100.00)
Epoch: [200][ 40/115]	Time  0.128 ( 0.133)	Data  0.000 ( 0.012)	Loss 1.1743e-01 (8.3998e-02)	Acc@1  95.31 ( 96.72)	Acc@5 100.00 (100.00)
Epoch: [200][ 50/115]	Time  0.131 ( 0.132)	Data  0.000 ( 0.011)	Loss 4.1155e-02 (7.9659e-02)	Acc@1  98.44 ( 96.97)	Acc@5 100.00 (100.00)
Epoch: [200][ 60/115]	Time  0.121 ( 0.132)	Data  0.000 ( 0.011)	Loss 4.6569e-02 (7.8150e-02)	Acc@1  98.44 ( 97.05)	Acc@5 100.00 (100.00)
Epoch: [200][ 70/115]	Time  0.134 ( 0.132)	Data  0.000 ( 0.010)	Loss 6.6762e-02 (8.0066e-02)	Acc@1  96.88 ( 96.96)	Acc@5 100.00 (100.00)
Epoch: [200][ 80/115]	Time  0.124 ( 0.131)	Data  0.000 ( 0.010)	Loss 9.4588e-02 (7.4945e-02)	Acc@1  95.31 ( 97.18)	Acc@5 100.00 (100.00)
Epoch: [200][ 90/115]	Time  0.132 ( 0.131)	Data  0.000 ( 0.009)	Loss 3.0094e-02 (7.3178e-02)	Acc@1 100.00 ( 97.27)	Acc@5 100.00 (100.00)
Epoch: [200][100/115]	Time  0.132 ( 0.131)	Data  0.000 ( 0.009)	Loss 1.0981e-01 (7.5156e-02)	Acc@1  96.88 ( 97.17)	Acc@5 100.00 (100.00)
Epoch: [200][110/115]	Time  0.130 ( 0.131)	Data  0.000 ( 0.009)	Loss 9.6627e-02 (7.2870e-02)	Acc@1  95.31 ( 97.27)	Acc@5 100.00 (100.00)
Test: [ 0/50]	Time  0.259 ( 0.259)	Loss 7.4074e-02 (7.4074e-02)	Acc@1  98.44 ( 98.44)	Acc@5 100.00 (100.00)
Test: [10/50]	Time  0.037 ( 0.057)	Loss 2.2481e-02 (4.7179e-02)	Acc@1  98.44 ( 98.58)	Acc@5 100.00 (100.00)
Test: [20/50]	Time  0.038 ( 0.048)	Loss 5.4774e-03 (3.0839e-02)	Acc@1 100.00 ( 98.96)	Acc@5 100.00 (100.00)
Test: [30/50]	Time  0.038 ( 0.045)	Loss 1.0290e-02 (2.9078e-02)	Acc@1 100.00 ( 98.99)	Acc@5 100.00 (100.00)
Test: [40/50]	Time  0.038 ( 0.043)	Loss 3.3771e-02 (2.6470e-02)	Acc@1  98.44 ( 99.12)	Acc@5 100.00 (100.00)
 * Acc@1 99.239 Acc@5 100.000
Epoch: [201][  0/115]	Time  0.276 ( 0.276)	Data  0.222 ( 0.222)	Loss 1.8120e-02 (1.8120e-02)	Acc@1 100.00 (100.00)	Acc@5 100.00 (100.00)
Epoch: [201][ 10/115]	Time  0.129 ( 0.143)	Data  0.000 ( 0.027)	Loss 8.3360e-02 (7.5578e-02)	Acc@1  96.88 ( 97.44)	Acc@5 100.00 (100.00)
Epoch: [201][ 20/115]	Time  0.131 ( 0.136)	Data  0.000 ( 0.017)	Loss 6.0360e-02 (8.4020e-02)	Acc@1  98.44 ( 97.32)	Acc@5 100.00 (100.00)
Epoch: [201][ 30/115]	Time  0.128 ( 0.134)	Data  0.000 ( 0.014)	Loss 2.5003e-02 (7.9950e-02)	Acc@1 100.00 ( 97.43)	Acc@5 100.00 (100.00)
Epoch: [201][ 40/115]	Time  0.129 ( 0.133)	Data  0.000 ( 0.012)	Loss 6.1270e-02 (7.9104e-02)	Acc@1  98.44 ( 97.52)	Acc@5 100.00 (100.00)
Epoch: [201][ 50/115]	Time  0.127 ( 0.132)	Data  0.000 ( 0.011)	Loss 4.0536e-02 (7.5175e-02)	Acc@1  98.44 ( 97.64)	Acc@5 100.00 (100.00)
Epoch: [201][ 60/115]	Time  0.133 ( 0.132)	Data  0.000 ( 0.011)	Loss 1.7646e-01 (7.6979e-02)	Acc@1  93.75 ( 97.52)	Acc@5 100.00 (100.00)
Epoch: [201][ 70/115]	Time  0.130 ( 0.132)	Data  0.000 ( 0.010)	Loss 8.6497e-02 (7.3272e-02)	Acc@1  98.44 ( 97.65)	Acc@5 100.00 (100.00)
Epoch: [201][ 80/115]	Time  0.129 ( 0.131)	Data  0.000 ( 0.010)	Loss 1.2107e-01 (7.2817e-02)	Acc@1  95.31 ( 97.57)	Acc@5 100.00 (100.00)
Epoch: [201][ 90/115]	Time  0.128 ( 0.131)	Data  0.000 ( 0.009)	Loss 4.8232e-02 (7.4747e-02)	Acc@1  96.88 ( 97.49)	Acc@5 100.00 (100.00)
Epoch: [201][100/115]	Time  0.127 ( 0.131)	Data  0.000 ( 0.009)	Loss 8.1072e-02 (7.5150e-02)	Acc@1  95.31 ( 97.45)	Acc@5 100.00 (100.00)
Epoch: [201][110/115]	Time  0.130 ( 0.131)	Data  0.000 ( 0.009)	Loss 2.7960e-02 (7.4894e-02)	Acc@1 100.00 ( 97.47)	Acc@5 100.00 (100.00)
Test: [ 0/50]	Time  0.251 ( 0.251)	Loss 6.4882e-02 (6.4882e-02)	Acc@1  98.44 ( 98.44)	Acc@5 100.00 (100.00)
Test: [10/50]	Time  0.037 ( 0.056)	Loss 1.8329e-02 (4.1192e-02)	Acc@1 100.00 ( 98.86)	Acc@5 100.00 (100.00)
Test: [20/50]	Time  0.063 ( 0.049)	Loss 5.0268e-03 (2.6474e-02)	Acc@1 100.00 ( 99.18)	Acc@5 100.00 (100.00)
Test: [30/50]	Time  0.037 ( 0.045)	Loss 1.1730e-02 (2.5732e-02)	Acc@1 100.00 ( 99.14)	Acc@5 100.00 (100.00)
Test: [40/50]	Time  0.042 ( 0.044)	Loss 3.9075e-02 (2.5284e-02)	Acc@1  98.44 ( 99.16)	Acc@5 100.00 (100.00)
 * Acc@1 99.239 Acc@5 100.000
Epoch: [202][  0/115]	Time  0.272 ( 0.272)	Data  0.218 ( 0.218)	Loss 5.7112e-02 (5.7112e-02)	Acc@1  98.44 ( 98.44)	Acc@5 100.00 (100.00)
Epoch: [202][ 10/115]	Time  0.130 ( 0.142)	Data  0.000 ( 0.026)	Loss 1.6375e-01 (5.3147e-02)	Acc@1  95.31 ( 98.15)	Acc@5 100.00 (100.00)
Epoch: [202][ 20/115]	Time  0.127 ( 0.136)	Data  0.000 ( 0.017)	Loss 1.3856e-01 (7.6763e-02)	Acc@1  93.75 ( 96.95)	Acc@5 100.00 (100.00)
Epoch: [202][ 30/115]	Time  0.134 ( 0.134)	Data  0.000 ( 0.014)	Loss 1.2094e-01 (7.7580e-02)	Acc@1  95.31 ( 96.93)	Acc@5 100.00 (100.00)
Epoch: [202][ 40/115]	Time  0.130 ( 0.133)	Data  0.000 ( 0.012)	Loss 3.9072e-02 (7.3900e-02)	Acc@1  98.44 ( 96.91)	Acc@5 100.00 (100.00)
Epoch: [202][ 50/115]	Time  0.130 ( 0.132)	Data  0.000 ( 0.011)	Loss 1.3059e-02 (7.2325e-02)	Acc@1 100.00 ( 97.06)	Acc@5 100.00 (100.00)
Epoch: [202][ 60/115]	Time  0.121 ( 0.132)	Data  0.000 ( 0.011)	Loss 1.6832e-02 (7.4157e-02)	Acc@1 100.00 ( 97.05)	Acc@5 100.00 (100.00)
Epoch: [202][ 70/115]	Time  0.131 ( 0.131)	Data  0.000 ( 0.010)	Loss 8.4024e-02 (7.0652e-02)	Acc@1  96.88 ( 97.25)	Acc@5 100.00 (100.00)
Epoch: [202][ 80/115]	Time  0.130 ( 0.131)	Data  0.000 ( 0.010)	Loss 4.3723e-02 (7.2800e-02)	Acc@1  98.44 ( 97.20)	Acc@5 100.00 (100.00)
Epoch: [202][ 90/115]	Time  0.125 ( 0.131)	Data  0.000 ( 0.009)	Loss 5.5556e-02 (7.5080e-02)	Acc@1  96.88 ( 97.08)	Acc@5 100.00 (100.00)
Epoch: [202][100/115]	Time  0.128 ( 0.131)	Data  0.000 ( 0.009)	Loss 9.9640e-02 (7.5335e-02)	Acc@1  98.44 ( 97.14)	Acc@5 100.00 (100.00)
Epoch: [202][110/115]	Time  0.124 ( 0.131)	Data  0.000 ( 0.009)	Loss 8.3355e-02 (7.5609e-02)	Acc@1  95.31 ( 97.07)	Acc@5 100.00 (100.00)
Test: [ 0/50]	Time  0.256 ( 0.256)	Loss 7.4851e-02 (7.4851e-02)	Acc@1  98.44 ( 98.44)	Acc@5 100.00 (100.00)
Test: [10/50]	Time  0.037 ( 0.056)	Loss 2.3910e-02 (5.0150e-02)	Acc@1  96.88 ( 98.30)	Acc@5 100.00 (100.00)
Test: [20/50]	Time  0.038 ( 0.048)	Loss 7.2058e-03 (3.3341e-02)	Acc@1 100.00 ( 98.81)	Acc@5 100.00 (100.00)
Test: [30/50]	Time  0.038 ( 0.045)	Loss 9.4286e-03 (3.1352e-02)	Acc@1 100.00 ( 98.89)	Acc@5 100.00 (100.00)
Test: [40/50]	Time  0.038 ( 0.043)	Loss 3.3621e-02 (2.7910e-02)	Acc@1  98.44 ( 99.12)	Acc@5 100.00 (100.00)
 * Acc@1 99.239 Acc@5 100.000
Epoch: [203][  0/115]	Time  0.256 ( 0.256)	Data  0.201 ( 0.201)	Loss 7.5345e-02 (7.5345e-02)	Acc@1  96.88 ( 96.88)	Acc@5 100.00 (100.00)
Epoch: [203][ 10/115]	Time  0.130 ( 0.141)	Data  0.000 ( 0.025)	Loss 7.8487e-02 (6.6505e-02)	Acc@1  95.31 ( 97.87)	Acc@5 100.00 (100.00)
Epoch: [203][ 20/115]	Time  0.136 ( 0.136)	Data  0.000 ( 0.016)	Loss 1.7273e-02 (6.1806e-02)	Acc@1 100.00 ( 98.07)	Acc@5 100.00 (100.00)
Epoch: [203][ 30/115]	Time  0.129 ( 0.133)	Data  0.000 ( 0.013)	Loss 3.9170e-02 (6.4478e-02)	Acc@1  98.44 ( 97.93)	Acc@5 100.00 (100.00)
Epoch: [203][ 40/115]	Time  0.136 ( 0.133)	Data  0.000 ( 0.012)	Loss 4.0249e-02 (6.3371e-02)	Acc@1  98.44 ( 97.87)	Acc@5 100.00 (100.00)
Epoch: [203][ 50/115]	Time  0.129 ( 0.132)	Data  0.000 ( 0.011)	Loss 5.1235e-02 (6.7751e-02)	Acc@1  98.44 ( 97.73)	Acc@5 100.00 (100.00)
Epoch: [203][ 60/115]	Time  0.129 ( 0.131)	Data  0.000 ( 0.010)	Loss 3.9089e-02 (6.7832e-02)	Acc@1  98.44 ( 97.69)	Acc@5 100.00 (100.00)
Epoch: [203][ 70/115]	Time  0.129 ( 0.131)	Data  0.000 ( 0.010)	Loss 2.5250e-02 (6.8681e-02)	Acc@1 100.00 ( 97.65)	Acc@5 100.00 (100.00)
Epoch: [203][ 80/115]	Time  0.134 ( 0.131)	Data  0.000 ( 0.009)	Loss 1.2065e-01 (6.7194e-02)	Acc@1  93.75 ( 97.70)	Acc@5 100.00 (100.00)
Epoch: [203][ 90/115]	Time  0.129 ( 0.131)	Data  0.000 ( 0.009)	Loss 5.0672e-02 (6.8887e-02)	Acc@1  98.44 ( 97.58)	Acc@5 100.00 (100.00)
Epoch: [203][100/115]	Time  0.127 ( 0.130)	Data  0.000 ( 0.009)	Loss 8.8745e-02 (6.8036e-02)	Acc@1  96.88 ( 97.57)	Acc@5 100.00 (100.00)
Epoch: [203][110/115]	Time  0.127 ( 0.130)	Data  0.000 ( 0.009)	Loss 5.9694e-02 (6.9979e-02)	Acc@1  95.31 ( 97.48)	Acc@5 100.00 (100.00)
Test: [ 0/50]	Time  0.255 ( 0.255)	Loss 7.7578e-02 (7.7578e-02)	Acc@1  98.44 ( 98.44)	Acc@5 100.00 (100.00)
Test: [10/50]	Time  0.038 ( 0.058)	Loss 2.8709e-02 (5.1476e-02)	Acc@1  96.88 ( 98.30)	Acc@5 100.00 (100.00)
Test: [20/50]	Time  0.047 ( 0.049)	Loss 7.6892e-03 (3.4295e-02)	Acc@1 100.00 ( 98.81)	Acc@5 100.00 (100.00)
Test: [30/50]	Time  0.037 ( 0.046)	Loss 9.3235e-03 (3.2110e-02)	Acc@1 100.00 ( 98.89)	Acc@5 100.00 (100.00)
Test: [40/50]	Time  0.038 ( 0.044)	Loss 3.0879e-02 (2.8193e-02)	Acc@1  98.44 ( 99.09)	Acc@5 100.00 (100.00)
 * Acc@1 99.207 Acc@5 100.000
Epoch: [204][  0/115]	Time  0.272 ( 0.272)	Data  0.217 ( 0.217)	Loss 3.9373e-02 (3.9373e-02)	Acc@1 100.00 (100.00)	Acc@5 100.00 (100.00)
Epoch: [204][ 10/115]	Time  0.123 ( 0.141)	Data  0.000 ( 0.026)	Loss 9.1348e-02 (6.6890e-02)	Acc@1  96.88 ( 97.73)	Acc@5 100.00 (100.00)
Epoch: [204][ 20/115]	Time  0.129 ( 0.135)	Data  0.000 ( 0.017)	Loss 1.4519e-02 (6.2501e-02)	Acc@1 100.00 ( 97.84)	Acc@5 100.00 (100.00)
Epoch: [204][ 30/115]	Time  0.131 ( 0.133)	Data  0.000 ( 0.014)	Loss 4.0219e-02 (7.1745e-02)	Acc@1  98.44 ( 97.58)	Acc@5 100.00 (100.00)
Epoch: [204][ 40/115]	Time  0.128 ( 0.132)	Data  0.000 ( 0.012)	Loss 2.0436e-02 (6.7789e-02)	Acc@1 100.00 ( 97.60)	Acc@5 100.00 (100.00)
Epoch: [204][ 50/115]	Time  0.131 ( 0.131)	Data  0.000 ( 0.011)	Loss 6.4254e-02 (7.0480e-02)	Acc@1  96.88 ( 97.37)	Acc@5 100.00 (100.00)
Epoch: [204][ 60/115]	Time  0.128 ( 0.131)	Data  0.000 ( 0.011)	Loss 1.0639e-01 (7.1050e-02)	Acc@1  93.75 ( 97.34)	Acc@5 100.00 (100.00)
Epoch: [204][ 70/115]	Time  0.136 ( 0.131)	Data  0.000 ( 0.010)	Loss 3.3503e-02 (7.3112e-02)	Acc@1  98.44 ( 97.32)	Acc@5 100.00 (100.00)
Epoch: [204][ 80/115]	Time  0.127 ( 0.130)	Data  0.000 ( 0.010)	Loss 2.2655e-02 (7.2291e-02)	Acc@1 100.00 ( 97.36)	Acc@5 100.00 (100.00)
Epoch: [204][ 90/115]	Time  0.131 ( 0.130)	Data  0.000 ( 0.009)	Loss 8.0115e-02 (7.2987e-02)	Acc@1  98.44 ( 97.30)	Acc@5 100.00 (100.00)
Epoch: [204][100/115]	Time  0.132 ( 0.130)	Data  0.000 ( 0.009)	Loss 3.7486e-02 (7.2134e-02)	Acc@1 100.00 ( 97.34)	Acc@5 100.00 (100.00)
Epoch: [204][110/115]	Time  0.130 ( 0.130)	Data  0.000 ( 0.009)	Loss 8.2355e-02 (7.1174e-02)	Acc@1  96.88 ( 97.40)	Acc@5 100.00 (100.00)
Test: [ 0/50]	Time  0.258 ( 0.258)	Loss 6.9747e-02 (6.9747e-02)	Acc@1  98.44 ( 98.44)	Acc@5 100.00 (100.00)
Test: [10/50]	Time  0.038 ( 0.057)	Loss 2.3854e-02 (4.8008e-02)	Acc@1  96.88 ( 98.58)	Acc@5 100.00 (100.00)
Test: [20/50]	Time  0.038 ( 0.048)	Loss 8.4805e-03 (3.1873e-02)	Acc@1 100.00 ( 99.03)	Acc@5 100.00 (100.00)
Test: [30/50]	Time  0.038 ( 0.045)	Loss 9.7660e-03 (2.9997e-02)	Acc@1 100.00 ( 99.04)	Acc@5 100.00 (100.00)
Test: [40/50]	Time  0.038 ( 0.043)	Loss 3.6586e-02 (2.7049e-02)	Acc@1  98.44 ( 99.20)	Acc@5 100.00 (100.00)
 * Acc@1 99.302 Acc@5 100.000
Epoch: [205][  0/115]	Time  0.278 ( 0.278)	Data  0.216 ( 0.216)	Loss 3.0223e-01 (3.0223e-01)	Acc@1  96.88 ( 96.88)	Acc@5 100.00 (100.00)
Epoch: [205][ 10/115]	Time  0.120 ( 0.142)	Data  0.000 ( 0.026)	Loss 4.8507e-02 (6.5778e-02)	Acc@1  98.44 ( 98.01)	Acc@5 100.00 (100.00)
Epoch: [205][ 20/115]	Time  0.133 ( 0.136)	Data  0.000 ( 0.017)	Loss 6.2505e-02 (6.0071e-02)	Acc@1  98.44 ( 97.92)	Acc@5 100.00 (100.00)
Epoch: [205][ 30/115]	Time  0.130 ( 0.134)	Data  0.000 ( 0.014)	Loss 5.7472e-02 (6.1154e-02)	Acc@1  98.44 ( 97.78)	Acc@5 100.00 (100.00)
Epoch: [205][ 40/115]	Time  0.129 ( 0.133)	Data  0.000 ( 0.012)	Loss 9.6966e-02 (6.4365e-02)	Acc@1  96.88 ( 97.60)	Acc@5 100.00 (100.00)
Epoch: [205][ 50/115]	Time  0.126 ( 0.132)	Data  0.000 ( 0.011)	Loss 3.3403e-02 (6.9025e-02)	Acc@1  98.44 ( 97.37)	Acc@5 100.00 (100.00)
Epoch: [205][ 60/115]	Time  0.130 ( 0.132)	Data  0.000 ( 0.011)	Loss 2.7102e-02 (6.7724e-02)	Acc@1 100.00 ( 97.49)	Acc@5 100.00 (100.00)
Epoch: [205][ 70/115]	Time  0.131 ( 0.132)	Data  0.000 ( 0.010)	Loss 2.8635e-02 (6.9495e-02)	Acc@1  98.44 ( 97.47)	Acc@5 100.00 (100.00)
Epoch: [205][ 80/115]	Time  0.130 ( 0.131)	Data  0.000 ( 0.010)	Loss 1.0032e-01 (6.9199e-02)	Acc@1  95.31 ( 97.51)	Acc@5 100.00 (100.00)
Epoch: [205][ 90/115]	Time  0.128 ( 0.131)	Data  0.000 ( 0.009)	Loss 5.6233e-02 (6.7593e-02)	Acc@1  98.44 ( 97.58)	Acc@5 100.00 (100.00)
Epoch: [205][100/115]	Time  0.132 ( 0.131)	Data  0.000 ( 0.009)	Loss 3.7008e-02 (6.7052e-02)	Acc@1  98.44 ( 97.62)	Acc@5 100.00 (100.00)
Epoch: [205][110/115]	Time  0.129 ( 0.131)	Data  0.000 ( 0.009)	Loss 3.3347e-02 (6.6559e-02)	Acc@1  98.44 ( 97.61)	Acc@5 100.00 (100.00)
Test: [ 0/50]	Time  0.262 ( 0.262)	Loss 7.3803e-02 (7.3803e-02)	Acc@1  98.44 ( 98.44)	Acc@5 100.00 (100.00)
Test: [10/50]	Time  0.038 ( 0.057)	Loss 2.7410e-02 (4.9069e-02)	Acc@1  96.88 ( 98.44)	Acc@5 100.00 (100.00)
Test: [20/50]	Time  0.047 ( 0.048)	Loss 6.6041e-03 (3.2361e-02)	Acc@1 100.00 ( 98.88)	Acc@5 100.00 (100.00)
Test: [30/50]	Time  0.037 ( 0.045)	Loss 9.9460e-03 (3.0469e-02)	Acc@1 100.00 ( 98.94)	Acc@5 100.00 (100.00)
Test: [40/50]	Time  0.038 ( 0.043)	Loss 3.3197e-02 (2.7358e-02)	Acc@1  98.44 ( 99.09)	Acc@5 100.00 (100.00)
 * Acc@1 99.207 Acc@5 100.000
Epoch: [206][  0/115]	Time  0.274 ( 0.274)	Data  0.219 ( 0.219)	Loss 6.4562e-02 (6.4562e-02)	Acc@1  98.44 ( 98.44)	Acc@5 100.00 (100.00)
Epoch: [206][ 10/115]	Time  0.132 ( 0.143)	Data  0.000 ( 0.026)	Loss 9.0422e-02 (7.0159e-02)	Acc@1  98.44 ( 97.59)	Acc@5 100.00 (100.00)
Epoch: [206][ 20/115]	Time  0.130 ( 0.136)	Data  0.000 ( 0.017)	Loss 2.5940e-02 (7.8240e-02)	Acc@1  98.44 ( 96.95)	Acc@5 100.00 (100.00)
Epoch: [206][ 30/115]	Time  0.132 ( 0.134)	Data  0.000 ( 0.014)	Loss 1.1890e-01 (7.5948e-02)	Acc@1  93.75 ( 97.13)	Acc@5 100.00 (100.00)
Epoch: [206][ 40/115]	Time  0.130 ( 0.133)	Data  0.000 ( 0.012)	Loss 2.1058e-02 (7.4160e-02)	Acc@1 100.00 ( 97.10)	Acc@5 100.00 (100.00)
Epoch: [206][ 50/115]	Time  0.126 ( 0.132)	Data  0.000 ( 0.011)	Loss 1.6996e-02 (7.7086e-02)	Acc@1 100.00 ( 97.09)	Acc@5 100.00 (100.00)
Epoch: [206][ 60/115]	Time  0.126 ( 0.132)	Data  0.000 ( 0.011)	Loss 1.7968e-02 (7.5705e-02)	Acc@1 100.00 ( 97.26)	Acc@5 100.00 (100.00)
Epoch: [206][ 70/115]	Time  0.133 ( 0.131)	Data  0.000 ( 0.010)	Loss 9.4835e-02 (7.7177e-02)	Acc@1  95.31 ( 97.16)	Acc@5 100.00 (100.00)
Epoch: [206][ 80/115]	Time  0.129 ( 0.131)	Data  0.000 ( 0.010)	Loss 2.2855e-02 (8.0561e-02)	Acc@1 100.00 ( 97.11)	Acc@5 100.00 (100.00)
Epoch: [206][ 90/115]	Time  0.128 ( 0.131)	Data  0.000 ( 0.009)	Loss 1.4139e-02 (7.9111e-02)	Acc@1 100.00 ( 97.18)	Acc@5 100.00 (100.00)
Epoch: [206][100/115]	Time  0.129 ( 0.131)	Data  0.000 ( 0.009)	Loss 5.6385e-02 (7.8337e-02)	Acc@1  98.44 ( 97.17)	Acc@5 100.00 (100.00)
Epoch: [206][110/115]	Time  0.132 ( 0.131)	Data  0.000 ( 0.009)	Loss 5.7150e-02 (7.7470e-02)	Acc@1  96.88 ( 97.20)	Acc@5 100.00 (100.00)
Test: [ 0/50]	Time  0.278 ( 0.278)	Loss 7.0558e-02 (7.0558e-02)	Acc@1  98.44 ( 98.44)	Acc@5 100.00 (100.00)
Test: [10/50]	Time  0.037 ( 0.058)	Loss 2.3536e-02 (4.7457e-02)	Acc@1  98.44 ( 98.72)	Acc@5 100.00 (100.00)
Test: [20/50]	Time  0.038 ( 0.049)	Loss 7.7061e-03 (3.1200e-02)	Acc@1 100.00 ( 99.03)	Acc@5 100.00 (100.00)
Test: [30/50]	Time  0.038 ( 0.045)	Loss 9.1727e-03 (2.9271e-02)	Acc@1 100.00 ( 99.04)	Acc@5 100.00 (100.00)
Test: [40/50]	Time  0.038 ( 0.043)	Loss 3.4191e-02 (2.6450e-02)	Acc@1  98.44 ( 99.20)	Acc@5 100.00 (100.00)
 * Acc@1 99.302 Acc@5 100.000
Epoch: [207][  0/115]	Time  0.273 ( 0.273)	Data  0.218 ( 0.218)	Loss 5.0014e-02 (5.0014e-02)	Acc@1  98.44 ( 98.44)	Acc@5 100.00 (100.00)
Epoch: [207][ 10/115]	Time  0.131 ( 0.142)	Data  0.000 ( 0.027)	Loss 4.2115e-02 (4.2840e-02)	Acc@1  98.44 ( 98.86)	Acc@5 100.00 (100.00)
Epoch: [207][ 20/115]	Time  0.129 ( 0.136)	Data  0.000 ( 0.017)	Loss 2.7248e-02 (5.4979e-02)	Acc@1 100.00 ( 98.36)	Acc@5 100.00 (100.00)
Epoch: [207][ 30/115]	Time  0.127 ( 0.134)	Data  0.000 ( 0.014)	Loss 4.8998e-02 (5.9394e-02)	Acc@1  96.88 ( 98.08)	Acc@5 100.00 (100.00)
Epoch: [207][ 40/115]	Time  0.130 ( 0.133)	Data  0.000 ( 0.012)	Loss 2.1297e-02 (6.2560e-02)	Acc@1 100.00 ( 97.87)	Acc@5 100.00 (100.00)
Epoch: [207][ 50/115]	Time  0.131 ( 0.132)	Data  0.000 ( 0.011)	Loss 1.5589e-01 (7.1536e-02)	Acc@1  93.75 ( 97.55)	Acc@5 100.00 (100.00)
Epoch: [207][ 60/115]	Time  0.130 ( 0.132)	Data  0.000 ( 0.011)	Loss 6.3446e-02 (7.2101e-02)	Acc@1  98.44 ( 97.49)	Acc@5 100.00 (100.00)
Epoch: [207][ 70/115]	Time  0.126 ( 0.131)	Data  0.000 ( 0.010)	Loss 2.9592e-02 (6.8343e-02)	Acc@1  98.44 ( 97.65)	Acc@5 100.00 (100.00)
Epoch: [207][ 80/115]	Time  0.131 ( 0.131)	Data  0.000 ( 0.010)	Loss 7.8326e-02 (6.8422e-02)	Acc@1  96.88 ( 97.61)	Acc@5 100.00 (100.00)
Epoch: [207][ 90/115]	Time  0.131 ( 0.131)	Data  0.000 ( 0.010)	Loss 2.8942e-02 (7.0200e-02)	Acc@1  98.44 ( 97.54)	Acc@5 100.00 (100.00)
Epoch: [207][100/115]	Time  0.127 ( 0.131)	Data  0.000 ( 0.009)	Loss 7.8379e-02 (6.9949e-02)	Acc@1  95.31 ( 97.48)	Acc@5 100.00 (100.00)
Epoch: [207][110/115]	Time  0.126 ( 0.131)	Data  0.000 ( 0.009)	Loss 6.1758e-02 (6.9134e-02)	Acc@1  96.88 ( 97.49)	Acc@5 100.00 (100.00)
Test: [ 0/50]	Time  0.256 ( 0.256)	Loss 6.8372e-02 (6.8372e-02)	Acc@1  98.44 ( 98.44)	Acc@5 100.00 (100.00)
Test: [10/50]	Time  0.038 ( 0.057)	Loss 2.4026e-02 (4.6705e-02)	Acc@1  96.88 ( 98.58)	Acc@5 100.00 (100.00)
Test: [20/50]	Time  0.042 ( 0.048)	Loss 7.2263e-03 (3.0638e-02)	Acc@1 100.00 ( 98.96)	Acc@5 100.00 (100.00)
Test: [30/50]	Time  0.039 ( 0.045)	Loss 1.0397e-02 (2.9005e-02)	Acc@1 100.00 ( 98.99)	Acc@5 100.00 (100.00)
Test: [40/50]	Time  0.038 ( 0.043)	Loss 3.4207e-02 (2.6434e-02)	Acc@1  98.44 ( 99.12)	Acc@5 100.00 (100.00)
 * Acc@1 99.239 Acc@5 100.000
Epoch: [208][  0/115]	Time  0.262 ( 0.262)	Data  0.206 ( 0.206)	Loss 6.6715e-02 (6.6715e-02)	Acc@1  98.44 ( 98.44)	Acc@5 100.00 (100.00)
Epoch: [208][ 10/115]	Time  0.134 ( 0.141)	Data  0.000 ( 0.025)	Loss 5.9547e-02 (6.3777e-02)	Acc@1  98.44 ( 97.73)	Acc@5 100.00 (100.00)
Epoch: [208][ 20/115]	Time  0.127 ( 0.135)	Data  0.000 ( 0.017)	Loss 7.5310e-02 (7.4832e-02)	Acc@1  96.88 ( 97.47)	Acc@5 100.00 (100.00)
Epoch: [208][ 30/115]	Time  0.129 ( 0.133)	Data  0.000 ( 0.014)	Loss 7.4298e-02 (7.9308e-02)	Acc@1  96.88 ( 97.03)	Acc@5 100.00 (100.00)
Epoch: [208][ 40/115]	Time  0.128 ( 0.132)	Data  0.000 ( 0.012)	Loss 5.5578e-02 (8.1101e-02)	Acc@1  98.44 ( 97.10)	Acc@5 100.00 (100.00)
Epoch: [208][ 50/115]	Time  0.131 ( 0.132)	Data  0.000 ( 0.011)	Loss 1.1210e-01 (7.8827e-02)	Acc@1  98.44 ( 97.27)	Acc@5 100.00 (100.00)
Epoch: [208][ 60/115]	Time  0.128 ( 0.131)	Data  0.000 ( 0.010)	Loss 4.4423e-02 (7.5731e-02)	Acc@1  98.44 ( 97.36)	Acc@5 100.00 (100.00)
Epoch: [208][ 70/115]	Time  0.128 ( 0.131)	Data  0.000 ( 0.010)	Loss 2.1861e-02 (7.1842e-02)	Acc@1 100.00 ( 97.49)	Acc@5 100.00 (100.00)
Epoch: [208][ 80/115]	Time  0.128 ( 0.131)	Data  0.000 ( 0.010)	Loss 1.4453e-01 (7.4549e-02)	Acc@1  96.88 ( 97.42)	Acc@5 100.00 (100.00)
Epoch: [208][ 90/115]	Time  0.136 ( 0.131)	Data  0.000 ( 0.009)	Loss 3.1238e-02 (7.2036e-02)	Acc@1  98.44 ( 97.44)	Acc@5 100.00 (100.00)
Epoch: [208][100/115]	Time  0.127 ( 0.130)	Data  0.000 ( 0.009)	Loss 2.6774e-02 (7.1218e-02)	Acc@1  98.44 ( 97.48)	Acc@5 100.00 (100.00)
Epoch: [208][110/115]	Time  0.129 ( 0.130)	Data  0.000 ( 0.009)	Loss 1.7271e-01 (7.3320e-02)	Acc@1  96.88 ( 97.45)	Acc@5 100.00 (100.00)
Test: [ 0/50]	Time  0.263 ( 0.263)	Loss 7.7691e-02 (7.7691e-02)	Acc@1  98.44 ( 98.44)	Acc@5 100.00 (100.00)
Test: [10/50]	Time  0.037 ( 0.057)	Loss 2.6900e-02 (5.2760e-02)	Acc@1  96.88 ( 98.30)	Acc@5 100.00 (100.00)
Test: [20/50]	Time  0.039 ( 0.048)	Loss 7.0738e-03 (3.4987e-02)	Acc@1 100.00 ( 98.74)	Acc@5 100.00 (100.00)
Test: [30/50]	Time  0.038 ( 0.045)	Loss 8.7416e-03 (3.2502e-02)	Acc@1 100.00 ( 98.84)	Acc@5 100.00 (100.00)
Test: [40/50]	Time  0.038 ( 0.043)	Loss 3.1243e-02 (2.8259e-02)	Acc@1  98.44 ( 99.05)	Acc@5 100.00 (100.00)
 * Acc@1 99.175 Acc@5 100.000
Epoch: [209][  0/115]	Time  0.268 ( 0.268)	Data  0.208 ( 0.208)	Loss 1.0549e-01 (1.0549e-01)	Acc@1  98.44 ( 98.44)	Acc@5 100.00 (100.00)
Epoch: [209][ 10/115]	Time  0.129 ( 0.142)	Data  0.000 ( 0.026)	Loss 1.2804e-01 (6.9151e-02)	Acc@1  96.88 ( 97.59)	Acc@5 100.00 (100.00)
Epoch: [209][ 20/115]	Time  0.128 ( 0.136)	Data  0.000 ( 0.017)	Loss 3.0374e-02 (6.7210e-02)	Acc@1 100.00 ( 97.54)	Acc@5 100.00 (100.00)
Epoch: [209][ 30/115]	Time  0.129 ( 0.134)	Data  0.000 ( 0.014)	Loss 2.3300e-01 (7.2235e-02)	Acc@1  84.38 ( 97.33)	Acc@5 100.00 (100.00)
Epoch: [209][ 40/115]	Time  0.131 ( 0.133)	Data  0.000 ( 0.012)	Loss 8.5028e-02 (7.3069e-02)	Acc@1  95.31 ( 97.14)	Acc@5 100.00 (100.00)
Epoch: [209][ 50/115]	Time  0.135 ( 0.132)	Data  0.000 ( 0.011)	Loss 1.2732e-01 (7.4313e-02)	Acc@1  95.31 ( 97.09)	Acc@5 100.00 (100.00)
Epoch: [209][ 60/115]	Time  0.131 ( 0.132)	Data  0.000 ( 0.010)	Loss 2.2453e-02 (7.1535e-02)	Acc@1 100.00 ( 97.26)	Acc@5 100.00 (100.00)
Epoch: [209][ 70/115]	Time  0.129 ( 0.131)	Data  0.000 ( 0.010)	Loss 1.9273e-02 (6.9511e-02)	Acc@1  98.44 ( 97.38)	Acc@5 100.00 (100.00)
Epoch: [209][ 80/115]	Time  0.128 ( 0.131)	Data  0.000 ( 0.010)	Loss 1.4851e-02 (7.0568e-02)	Acc@1 100.00 ( 97.38)	Acc@5 100.00 (100.00)
Epoch: [209][ 90/115]	Time  0.133 ( 0.131)	Data  0.000 ( 0.009)	Loss 1.2643e-01 (7.0807e-02)	Acc@1  93.75 ( 97.30)	Acc@5 100.00 (100.00)
Epoch: [209][100/115]	Time  0.131 ( 0.131)	Data  0.000 ( 0.009)	Loss 5.9868e-02 (7.3026e-02)	Acc@1  98.44 ( 97.18)	Acc@5 100.00 (100.00)
Epoch: [209][110/115]	Time  0.130 ( 0.130)	Data  0.000 ( 0.009)	Loss 1.9856e-02 (7.0495e-02)	Acc@1 100.00 ( 97.37)	Acc@5 100.00 (100.00)
Test: [ 0/50]	Time  0.267 ( 0.267)	Loss 7.1314e-02 (7.1314e-02)	Acc@1  98.44 ( 98.44)	Acc@5 100.00 (100.00)
Test: [10/50]	Time  0.036 ( 0.057)	Loss 2.3372e-02 (4.3915e-02)	Acc@1  98.44 ( 98.58)	Acc@5 100.00 (100.00)
Test: [20/50]	Time  0.042 ( 0.048)	Loss 4.9433e-03 (2.8477e-02)	Acc@1 100.00 ( 99.11)	Acc@5 100.00 (100.00)
Test: [30/50]	Time  0.038 ( 0.045)	Loss 1.2006e-02 (2.7442e-02)	Acc@1 100.00 ( 99.09)	Acc@5 100.00 (100.00)
Test: [40/50]	Time  0.038 ( 0.043)	Loss 3.5984e-02 (2.6137e-02)	Acc@1  98.44 ( 99.20)	Acc@5 100.00 (100.00)
 * Acc@1 99.271 Acc@5 100.000
Epoch: [210][  0/115]	Time  0.256 ( 0.256)	Data  0.201 ( 0.201)	Loss 7.8737e-02 (7.8737e-02)	Acc@1  96.88 ( 96.88)	Acc@5 100.00 (100.00)
Epoch: [210][ 10/115]	Time  0.126 ( 0.140)	Data  0.000 ( 0.025)	Loss 4.5517e-02 (6.3578e-02)	Acc@1  98.44 ( 97.30)	Acc@5 100.00 (100.00)
Epoch: [210][ 20/115]	Time  0.136 ( 0.135)	Data  0.000 ( 0.016)	Loss 9.4352e-02 (6.8518e-02)	Acc@1  96.88 ( 97.54)	Acc@5 100.00 (100.00)
Epoch: [210][ 30/115]	Time  0.126 ( 0.133)	Data  0.000 ( 0.013)	Loss 3.5433e-02 (6.9469e-02)	Acc@1  98.44 ( 97.38)	Acc@5 100.00 (100.00)
Epoch: [210][ 40/115]	Time  0.132 ( 0.132)	Data  0.000 ( 0.012)	Loss 6.5175e-02 (6.6306e-02)	Acc@1  96.88 ( 97.48)	Acc@5 100.00 (100.00)
Epoch: [210][ 50/115]	Time  0.130 ( 0.132)	Data  0.000 ( 0.011)	Loss 1.0457e-01 (6.9798e-02)	Acc@1  95.31 ( 97.30)	Acc@5 100.00 (100.00)
Epoch: [210][ 60/115]	Time  0.124 ( 0.131)	Data  0.000 ( 0.010)	Loss 5.9826e-02 (6.7782e-02)	Acc@1  98.44 ( 97.44)	Acc@5 100.00 (100.00)
Epoch: [210][ 70/115]	Time  0.130 ( 0.131)	Data  0.000 ( 0.010)	Loss 5.8293e-02 (6.7860e-02)	Acc@1  98.44 ( 97.43)	Acc@5 100.00 (100.00)
Epoch: [210][ 80/115]	Time  0.131 ( 0.131)	Data  0.000 ( 0.009)	Loss 4.1014e-02 (6.7993e-02)	Acc@1  98.44 ( 97.47)	Acc@5 100.00 (100.00)
Epoch: [210][ 90/115]	Time  0.129 ( 0.131)	Data  0.000 ( 0.009)	Loss 3.3668e-02 (6.8255e-02)	Acc@1 100.00 ( 97.42)	Acc@5 100.00 (100.00)
Epoch: [210][100/115]	Time  0.126 ( 0.130)	Data  0.000 ( 0.009)	Loss 1.9655e-01 (6.9723e-02)	Acc@1  93.75 ( 97.37)	Acc@5 100.00 (100.00)
Epoch: [210][110/115]	Time  0.131 ( 0.130)	Data  0.000 ( 0.009)	Loss 4.3828e-02 (6.9998e-02)	Acc@1  98.44 ( 97.35)	Acc@5 100.00 (100.00)
Test: [ 0/50]	Time  0.261 ( 0.261)	Loss 6.5030e-02 (6.5030e-02)	Acc@1  98.44 ( 98.44)	Acc@5 100.00 (100.00)
Test: [10/50]	Time  0.037 ( 0.057)	Loss 1.6626e-02 (4.0893e-02)	Acc@1 100.00 ( 98.86)	Acc@5 100.00 (100.00)
Test: [20/50]	Time  0.042 ( 0.048)	Loss 4.6100e-03 (2.6291e-02)	Acc@1 100.00 ( 99.33)	Acc@5 100.00 (100.00)
Test: [30/50]	Time  0.038 ( 0.045)	Loss 1.2526e-02 (2.5486e-02)	Acc@1 100.00 ( 99.24)	Acc@5 100.00 (100.00)
Test: [40/50]	Time  0.038 ( 0.044)	Loss 4.1743e-02 (2.4935e-02)	Acc@1  98.44 ( 99.28)	Acc@5 100.00 (100.00)
 * Acc@1 99.366 Acc@5 100.000
Epoch: [211][  0/115]	Time  0.264 ( 0.264)	Data  0.209 ( 0.209)	Loss 2.5152e-02 (2.5152e-02)	Acc@1 100.00 (100.00)	Acc@5 100.00 (100.00)
Epoch: [211][ 10/115]	Time  0.135 ( 0.142)	Data  0.000 ( 0.026)	Loss 7.2832e-02 (4.5731e-02)	Acc@1  98.44 ( 99.15)	Acc@5 100.00 (100.00)
Epoch: [211][ 20/115]	Time  0.129 ( 0.136)	Data  0.000 ( 0.017)	Loss 7.1618e-02 (5.3539e-02)	Acc@1  96.88 ( 98.36)	Acc@5 100.00 (100.00)
Epoch: [211][ 30/115]	Time  0.128 ( 0.133)	Data  0.000 ( 0.013)	Loss 5.1712e-02 (6.2139e-02)	Acc@1  96.88 ( 97.98)	Acc@5 100.00 (100.00)
Epoch: [211][ 40/115]	Time  0.131 ( 0.132)	Data  0.000 ( 0.012)	Loss 1.3465e-02 (6.9377e-02)	Acc@1 100.00 ( 97.75)	Acc@5 100.00 (100.00)
Epoch: [211][ 50/115]	Time  0.129 ( 0.132)	Data  0.000 ( 0.011)	Loss 4.6979e-02 (7.1416e-02)	Acc@1  96.88 ( 97.58)	Acc@5 100.00 (100.00)
Epoch: [211][ 60/115]	Time  0.137 ( 0.132)	Data  0.000 ( 0.010)	Loss 7.2073e-02 (6.9824e-02)	Acc@1  96.88 ( 97.59)	Acc@5 100.00 (100.00)
Epoch: [211][ 70/115]	Time  0.126 ( 0.131)	Data  0.000 ( 0.010)	Loss 7.8015e-02 (6.8699e-02)	Acc@1  95.31 ( 97.56)	Acc@5 100.00 (100.00)
Epoch: [211][ 80/115]	Time  0.133 ( 0.131)	Data  0.000 ( 0.009)	Loss 1.4268e-01 (6.8598e-02)	Acc@1  95.31 ( 97.59)	Acc@5 100.00 (100.00)
Epoch: [211][ 90/115]	Time  0.127 ( 0.131)	Data  0.000 ( 0.009)	Loss 4.7496e-02 (7.0618e-02)	Acc@1  96.88 ( 97.42)	Acc@5 100.00 (100.00)
Epoch: [211][100/115]	Time  0.135 ( 0.131)	Data  0.000 ( 0.009)	Loss 9.1699e-02 (7.2110e-02)	Acc@1  98.44 ( 97.35)	Acc@5 100.00 (100.00)
Epoch: [211][110/115]	Time  0.126 ( 0.130)	Data  0.000 ( 0.009)	Loss 1.7147e-01 (7.3014e-02)	Acc@1  95.31 ( 97.33)	Acc@5 100.00 (100.00)
Test: [ 0/50]	Time  0.269 ( 0.269)	Loss 6.5001e-02 (6.5001e-02)	Acc@1  98.44 ( 98.44)	Acc@5 100.00 (100.00)
Test: [10/50]	Time  0.037 ( 0.058)	Loss 1.8968e-02 (4.3006e-02)	Acc@1 100.00 ( 98.86)	Acc@5 100.00 (100.00)
Test: [20/50]	Time  0.038 ( 0.049)	Loss 4.9650e-03 (2.7839e-02)	Acc@1 100.00 ( 99.18)	Acc@5 100.00 (100.00)
Test: [30/50]	Time  0.038 ( 0.045)	Loss 1.1608e-02 (2.6726e-02)	Acc@1 100.00 ( 99.14)	Acc@5 100.00 (100.00)
Test: [40/50]	Time  0.038 ( 0.043)	Loss 3.9428e-02 (2.5470e-02)	Acc@1  98.44 ( 99.20)	Acc@5 100.00 (100.00)
 * Acc@1 99.302 Acc@5 100.000
Epoch: [212][  0/115]	Time  0.257 ( 0.257)	Data  0.201 ( 0.201)	Loss 5.1487e-02 (5.1487e-02)	Acc@1  98.44 ( 98.44)	Acc@5 100.00 (100.00)
Epoch: [212][ 10/115]	Time  0.129 ( 0.141)	Data  0.000 ( 0.025)	Loss 6.3796e-02 (8.6472e-02)	Acc@1  96.88 ( 96.88)	Acc@5 100.00 (100.00)
Epoch: [212][ 20/115]	Time  0.122 ( 0.135)	Data  0.000 ( 0.016)	Loss 5.4604e-02 (7.8797e-02)	Acc@1  98.44 ( 96.95)	Acc@5 100.00 (100.00)
Epoch: [212][ 30/115]	Time  0.124 ( 0.133)	Data  0.000 ( 0.013)	Loss 6.6548e-02 (7.4827e-02)	Acc@1  98.44 ( 97.18)	Acc@5 100.00 (100.00)
Epoch: [212][ 40/115]	Time  0.118 ( 0.132)	Data  0.000 ( 0.012)	Loss 3.4857e-02 (7.1374e-02)	Acc@1 100.00 ( 97.45)	Acc@5 100.00 (100.00)
Epoch: [212][ 50/115]	Time  0.132 ( 0.132)	Data  0.000 ( 0.011)	Loss 3.6655e-02 (7.4881e-02)	Acc@1  98.44 ( 97.15)	Acc@5 100.00 (100.00)
Epoch: [212][ 60/115]	Time  0.130 ( 0.131)	Data  0.000 ( 0.010)	Loss 3.1592e-02 (7.2947e-02)	Acc@1  98.44 ( 97.21)	Acc@5 100.00 (100.00)
Epoch: [212][ 70/115]	Time  0.128 ( 0.131)	Data  0.000 ( 0.010)	Loss 6.6993e-02 (7.0315e-02)	Acc@1  98.44 ( 97.32)	Acc@5 100.00 (100.00)
Epoch: [212][ 80/115]	Time  0.126 ( 0.131)	Data  0.000 ( 0.010)	Loss 3.6078e-02 (7.0956e-02)	Acc@1 100.00 ( 97.30)	Acc@5 100.00 (100.00)
Epoch: [212][ 90/115]	Time  0.131 ( 0.131)	Data  0.000 ( 0.009)	Loss 9.3699e-02 (7.2285e-02)	Acc@1  95.31 ( 97.24)	Acc@5 100.00 (100.00)
Epoch: [212][100/115]	Time  0.126 ( 0.130)	Data  0.000 ( 0.009)	Loss 3.2675e-02 (7.2199e-02)	Acc@1  98.44 ( 97.23)	Acc@5 100.00 (100.00)
Epoch: [212][110/115]	Time  0.128 ( 0.130)	Data  0.000 ( 0.009)	Loss 5.7030e-02 (7.4041e-02)	Acc@1  98.44 ( 97.13)	Acc@5 100.00 (100.00)
Test: [ 0/50]	Time  0.282 ( 0.282)	Loss 7.7706e-02 (7.7706e-02)	Acc@1  98.44 ( 98.44)	Acc@5 100.00 (100.00)
Test: [10/50]	Time  0.037 ( 0.059)	Loss 2.6562e-02 (5.1007e-02)	Acc@1  96.88 ( 98.30)	Acc@5 100.00 (100.00)
Test: [20/50]	Time  0.038 ( 0.049)	Loss 6.9390e-03 (3.3962e-02)	Acc@1 100.00 ( 98.81)	Acc@5 100.00 (100.00)
Test: [30/50]	Time  0.038 ( 0.045)	Loss 9.0156e-03 (3.1837e-02)	Acc@1 100.00 ( 98.89)	Acc@5 100.00 (100.00)
Test: [40/50]	Time  0.038 ( 0.044)	Loss 3.0543e-02 (2.8163e-02)	Acc@1  98.44 ( 99.05)	Acc@5 100.00 (100.00)
 * Acc@1 99.175 Acc@5 100.000
Epoch: [213][  0/115]	Time  0.271 ( 0.271)	Data  0.216 ( 0.216)	Loss 5.5561e-02 (5.5561e-02)	Acc@1  96.88 ( 96.88)	Acc@5 100.00 (100.00)
Epoch: [213][ 10/115]	Time  0.136 ( 0.142)	Data  0.000 ( 0.026)	Loss 1.5819e-02 (5.1623e-02)	Acc@1 100.00 ( 98.44)	Acc@5 100.00 (100.00)
Epoch: [213][ 20/115]	Time  0.131 ( 0.136)	Data  0.000 ( 0.017)	Loss 1.3685e-01 (7.5022e-02)	Acc@1  96.88 ( 97.99)	Acc@5 100.00 (100.00)
Epoch: [213][ 30/115]	Time  0.138 ( 0.134)	Data  0.000 ( 0.014)	Loss 1.1160e-01 (6.7986e-02)	Acc@1  96.88 ( 98.14)	Acc@5 100.00 (100.00)
Epoch: [213][ 40/115]	Time  0.123 ( 0.132)	Data  0.000 ( 0.012)	Loss 7.0918e-02 (6.7688e-02)	Acc@1  98.44 ( 98.06)	Acc@5 100.00 (100.00)
Epoch: [213][ 50/115]	Time  0.127 ( 0.132)	Data  0.000 ( 0.011)	Loss 5.3799e-02 (7.2600e-02)	Acc@1  98.44 ( 97.86)	Acc@5 100.00 (100.00)
Epoch: [213][ 60/115]	Time  0.132 ( 0.131)	Data  0.000 ( 0.010)	Loss 7.3042e-02 (6.9806e-02)	Acc@1  96.88 ( 97.93)	Acc@5 100.00 (100.00)
Epoch: [213][ 70/115]	Time  0.129 ( 0.131)	Data  0.000 ( 0.010)	Loss 8.0934e-03 (6.8270e-02)	Acc@1 100.00 ( 97.87)	Acc@5 100.00 (100.00)
Epoch: [213][ 80/115]	Time  0.130 ( 0.131)	Data  0.000 ( 0.010)	Loss 5.4123e-02 (7.0144e-02)	Acc@1  98.44 ( 97.74)	Acc@5 100.00 (100.00)
Epoch: [213][ 90/115]	Time  0.128 ( 0.131)	Data  0.000 ( 0.009)	Loss 9.2344e-02 (6.9656e-02)	Acc@1  96.88 ( 97.68)	Acc@5 100.00 (100.00)
Epoch: [213][100/115]	Time  0.133 ( 0.131)	Data  0.000 ( 0.009)	Loss 4.5417e-02 (7.0395e-02)	Acc@1  98.44 ( 97.59)	Acc@5 100.00 (100.00)
Epoch: [213][110/115]	Time  0.129 ( 0.131)	Data  0.000 ( 0.009)	Loss 6.1216e-02 (7.0996e-02)	Acc@1  98.44 ( 97.56)	Acc@5 100.00 (100.00)
Test: [ 0/50]	Time  0.263 ( 0.263)	Loss 7.3701e-02 (7.3701e-02)	Acc@1  98.44 ( 98.44)	Acc@5 100.00 (100.00)
Test: [10/50]	Time  0.037 ( 0.057)	Loss 2.2863e-02 (4.5917e-02)	Acc@1  98.44 ( 98.58)	Acc@5 100.00 (100.00)
Test: [20/50]	Time  0.047 ( 0.049)	Loss 5.6745e-03 (2.9875e-02)	Acc@1 100.00 ( 99.03)	Acc@5 100.00 (100.00)
Test: [30/50]	Time  0.038 ( 0.045)	Loss 1.0361e-02 (2.8333e-02)	Acc@1 100.00 ( 99.04)	Acc@5 100.00 (100.00)
Test: [40/50]	Time  0.042 ( 0.043)	Loss 3.5306e-02 (2.6171e-02)	Acc@1  98.44 ( 99.16)	Acc@5 100.00 (100.00)
 * Acc@1 99.271 Acc@5 100.000
Epoch: [214][  0/115]	Time  0.277 ( 0.277)	Data  0.222 ( 0.222)	Loss 1.6832e-02 (1.6832e-02)	Acc@1 100.00 (100.00)	Acc@5 100.00 (100.00)
Epoch: [214][ 10/115]	Time  0.131 ( 0.143)	Data  0.000 ( 0.027)	Loss 4.5952e-02 (5.7707e-02)	Acc@1  98.44 ( 97.73)	Acc@5 100.00 (100.00)
Epoch: [214][ 20/115]	Time  0.129 ( 0.136)	Data  0.000 ( 0.017)	Loss 6.6896e-02 (5.5888e-02)	Acc@1  96.88 ( 97.84)	Acc@5 100.00 (100.00)
Epoch: [214][ 30/115]	Time  0.132 ( 0.134)	Data  0.000 ( 0.014)	Loss 1.4743e-01 (6.0710e-02)	Acc@1  96.88 ( 97.73)	Acc@5 100.00 (100.00)
Epoch: [214][ 40/115]	Time  0.132 ( 0.133)	Data  0.000 ( 0.012)	Loss 1.1854e-01 (6.8652e-02)	Acc@1  93.75 ( 97.48)	Acc@5 100.00 (100.00)
Epoch: [214][ 50/115]	Time  0.130 ( 0.132)	Data  0.000 ( 0.011)	Loss 2.2625e-01 (7.1408e-02)	Acc@1  92.19 ( 97.30)	Acc@5 100.00 (100.00)
Epoch: [214][ 60/115]	Time  0.127 ( 0.132)	Data  0.000 ( 0.011)	Loss 4.2686e-02 (7.5909e-02)	Acc@1  98.44 ( 97.08)	Acc@5 100.00 (100.00)
Epoch: [214][ 70/115]	Time  0.128 ( 0.132)	Data  0.000 ( 0.010)	Loss 2.9968e-02 (7.5623e-02)	Acc@1  98.44 ( 97.03)	Acc@5 100.00 (100.00)
Epoch: [214][ 80/115]	Time  0.127 ( 0.131)	Data  0.000 ( 0.010)	Loss 5.4361e-02 (7.3539e-02)	Acc@1  98.44 ( 97.20)	Acc@5 100.00 (100.00)
Epoch: [214][ 90/115]	Time  0.129 ( 0.131)	Data  0.000 ( 0.009)	Loss 6.8079e-02 (7.2922e-02)	Acc@1  98.44 ( 97.24)	Acc@5 100.00 (100.00)
Epoch: [214][100/115]	Time  0.129 ( 0.131)	Data  0.000 ( 0.009)	Loss 8.2065e-02 (7.4705e-02)	Acc@1  98.44 ( 97.18)	Acc@5 100.00 (100.00)
Epoch: [214][110/115]	Time  0.129 ( 0.131)	Data  0.000 ( 0.009)	Loss 4.4878e-02 (7.2287e-02)	Acc@1  96.88 ( 97.24)	Acc@5 100.00 (100.00)
Test: [ 0/50]	Time  0.263 ( 0.263)	Loss 8.0734e-02 (8.0734e-02)	Acc@1  98.44 ( 98.44)	Acc@5 100.00 (100.00)
Test: [10/50]	Time  0.038 ( 0.057)	Loss 2.8061e-02 (5.2667e-02)	Acc@1  96.88 ( 98.30)	Acc@5 100.00 (100.00)
Test: [20/50]	Time  0.038 ( 0.048)	Loss 7.1576e-03 (3.5076e-02)	Acc@1 100.00 ( 98.81)	Acc@5 100.00 (100.00)
Test: [30/50]	Time  0.038 ( 0.045)	Loss 8.4794e-03 (3.2509e-02)	Acc@1 100.00 ( 98.89)	Acc@5 100.00 (100.00)
Test: [40/50]	Time  0.038 ( 0.043)	Loss 3.0579e-02 (2.8335e-02)	Acc@1  98.44 ( 99.12)	Acc@5 100.00 (100.00)
 * Acc@1 99.239 Acc@5 100.000
Epoch: [215][  0/115]	Time  0.317 ( 0.317)	Data  0.254 ( 0.254)	Loss 5.6490e-02 (5.6490e-02)	Acc@1  98.44 ( 98.44)	Acc@5 100.00 (100.00)
Epoch: [215][ 10/115]	Time  0.129 ( 0.145)	Data  0.000 ( 0.029)	Loss 9.3699e-02 (8.6254e-02)	Acc@1  95.31 ( 97.30)	Acc@5 100.00 (100.00)
Epoch: [215][ 20/115]	Time  0.133 ( 0.138)	Data  0.000 ( 0.019)	Loss 8.5694e-02 (8.4006e-02)	Acc@1  95.31 ( 97.17)	Acc@5 100.00 (100.00)
Epoch: [215][ 30/115]	Time  0.128 ( 0.135)	Data  0.000 ( 0.015)	Loss 1.1864e-01 (7.4734e-02)	Acc@1  96.88 ( 97.63)	Acc@5 100.00 (100.00)
Epoch: [215][ 40/115]	Time  0.131 ( 0.134)	Data  0.000 ( 0.013)	Loss 1.2413e-02 (7.4769e-02)	Acc@1 100.00 ( 97.64)	Acc@5 100.00 (100.00)
Epoch: [215][ 50/115]	Time  0.131 ( 0.133)	Data  0.000 ( 0.012)	Loss 6.5835e-02 (7.3958e-02)	Acc@1  96.88 ( 97.43)	Acc@5 100.00 (100.00)
Epoch: [215][ 60/115]	Time  0.130 ( 0.132)	Data  0.000 ( 0.011)	Loss 4.8515e-02 (7.0279e-02)	Acc@1  98.44 ( 97.54)	Acc@5 100.00 (100.00)
Epoch: [215][ 70/115]	Time  0.126 ( 0.132)	Data  0.000 ( 0.011)	Loss 5.4744e-02 (7.4046e-02)	Acc@1  98.44 ( 97.38)	Acc@5 100.00 (100.00)
Epoch: [215][ 80/115]	Time  0.132 ( 0.132)	Data  0.000 ( 0.010)	Loss 1.3966e-01 (7.2907e-02)	Acc@1  93.75 ( 97.42)	Acc@5 100.00 (100.00)
Epoch: [215][ 90/115]	Time  0.129 ( 0.131)	Data  0.000 ( 0.010)	Loss 2.7801e-02 (7.0181e-02)	Acc@1 100.00 ( 97.54)	Acc@5 100.00 (100.00)
Epoch: [215][100/115]	Time  0.129 ( 0.131)	Data  0.000 ( 0.010)	Loss 5.1362e-02 (7.0353e-02)	Acc@1  98.44 ( 97.59)	Acc@5 100.00 (100.00)
Epoch: [215][110/115]	Time  0.129 ( 0.131)	Data  0.000 ( 0.009)	Loss 3.0417e-02 (7.1347e-02)	Acc@1 100.00 ( 97.58)	Acc@5 100.00 (100.00)
Test: [ 0/50]	Time  0.276 ( 0.276)	Loss 7.7708e-02 (7.7708e-02)	Acc@1  98.44 ( 98.44)	Acc@5 100.00 (100.00)
Test: [10/50]	Time  0.037 ( 0.059)	Loss 2.6490e-02 (5.1106e-02)	Acc@1  98.44 ( 98.44)	Acc@5 100.00 (100.00)
Test: [20/50]	Time  0.038 ( 0.049)	Loss 6.9485e-03 (3.4122e-02)	Acc@1 100.00 ( 98.88)	Acc@5 100.00 (100.00)
Test: [30/50]	Time  0.038 ( 0.045)	Loss 9.5949e-03 (3.2012e-02)	Acc@1 100.00 ( 98.94)	Acc@5 100.00 (100.00)
Test: [40/50]	Time  0.038 ( 0.044)	Loss 3.1401e-02 (2.8155e-02)	Acc@1  98.44 ( 99.09)	Acc@5 100.00 (100.00)
 * Acc@1 99.207 Acc@5 100.000
Epoch: [216][  0/115]	Time  0.279 ( 0.279)	Data  0.218 ( 0.218)	Loss 6.5572e-02 (6.5572e-02)	Acc@1  98.44 ( 98.44)	Acc@5 100.00 (100.00)
Epoch: [216][ 10/115]	Time  0.115 ( 0.142)	Data  0.000 ( 0.025)	Loss 1.0936e-02 (5.8103e-02)	Acc@1 100.00 ( 98.01)	Acc@5 100.00 (100.00)
Epoch: [216][ 20/115]	Time  0.130 ( 0.136)	Data  0.000 ( 0.017)	Loss 5.5517e-02 (6.2115e-02)	Acc@1  98.44 ( 97.99)	Acc@5 100.00 (100.00)
Epoch: [216][ 30/115]	Time  0.135 ( 0.134)	Data  0.000 ( 0.014)	Loss 4.8168e-02 (7.2014e-02)	Acc@1 100.00 ( 97.63)	Acc@5 100.00 (100.00)
Epoch: [216][ 40/115]	Time  0.126 ( 0.133)	Data  0.000 ( 0.012)	Loss 7.3900e-02 (7.4625e-02)	Acc@1  96.88 ( 97.56)	Acc@5 100.00 (100.00)
Epoch: [216][ 50/115]	Time  0.126 ( 0.132)	Data  0.000 ( 0.011)	Loss 3.6637e-02 (7.3348e-02)	Acc@1 100.00 ( 97.46)	Acc@5 100.00 (100.00)
Epoch: [216][ 60/115]	Time  0.130 ( 0.132)	Data  0.000 ( 0.010)	Loss 5.0365e-02 (7.5236e-02)	Acc@1  96.88 ( 97.31)	Acc@5 100.00 (100.00)
Epoch: [216][ 70/115]	Time  0.130 ( 0.131)	Data  0.000 ( 0.010)	Loss 5.9662e-02 (7.5857e-02)	Acc@1  98.44 ( 97.25)	Acc@5 100.00 (100.00)
Epoch: [216][ 80/115]	Time  0.127 ( 0.131)	Data  0.000 ( 0.010)	Loss 9.9528e-02 (7.4919e-02)	Acc@1  95.31 ( 97.24)	Acc@5 100.00 (100.00)
Epoch: [216][ 90/115]	Time  0.132 ( 0.131)	Data  0.000 ( 0.009)	Loss 1.7587e-02 (7.2446e-02)	Acc@1 100.00 ( 97.34)	Acc@5 100.00 (100.00)
Epoch: [216][100/115]	Time  0.129 ( 0.131)	Data  0.000 ( 0.009)	Loss 1.0086e-01 (7.1895e-02)	Acc@1  96.88 ( 97.35)	Acc@5 100.00 (100.00)
Epoch: [216][110/115]	Time  0.130 ( 0.131)	Data  0.000 ( 0.009)	Loss 3.3311e-02 (7.1771e-02)	Acc@1  98.44 ( 97.38)	Acc@5 100.00 (100.00)
Test: [ 0/50]	Time  0.260 ( 0.260)	Loss 7.3455e-02 (7.3455e-02)	Acc@1  98.44 ( 98.44)	Acc@5 100.00 (100.00)
Test: [10/50]	Time  0.037 ( 0.058)	Loss 2.3585e-02 (5.0107e-02)	Acc@1  96.88 ( 98.44)	Acc@5 100.00 (100.00)
Test: [20/50]	Time  0.038 ( 0.048)	Loss 7.1804e-03 (3.3160e-02)	Acc@1 100.00 ( 98.88)	Acc@5 100.00 (100.00)
Test: [30/50]	Time  0.038 ( 0.045)	Loss 9.1566e-03 (3.1074e-02)	Acc@1 100.00 ( 98.94)	Acc@5 100.00 (100.00)
Test: [40/50]	Time  0.038 ( 0.043)	Loss 3.2034e-02 (2.7448e-02)	Acc@1  98.44 ( 99.12)	Acc@5 100.00 (100.00)
 * Acc@1 99.239 Acc@5 100.000
Epoch: [217][  0/115]	Time  0.270 ( 0.270)	Data  0.216 ( 0.216)	Loss 3.2770e-02 (3.2770e-02)	Acc@1 100.00 (100.00)	Acc@5 100.00 (100.00)
Epoch: [217][ 10/115]	Time  0.126 ( 0.142)	Data  0.000 ( 0.026)	Loss 1.5362e-01 (9.2265e-02)	Acc@1  93.75 ( 96.59)	Acc@5 100.00 (100.00)
Epoch: [217][ 20/115]	Time  0.130 ( 0.135)	Data  0.000 ( 0.017)	Loss 7.9377e-02 (8.3861e-02)	Acc@1  98.44 ( 96.95)	Acc@5 100.00 (100.00)
Epoch: [217][ 30/115]	Time  0.129 ( 0.133)	Data  0.000 ( 0.014)	Loss 4.3990e-02 (7.5542e-02)	Acc@1  98.44 ( 97.33)	Acc@5 100.00 (100.00)
Epoch: [217][ 40/115]	Time  0.125 ( 0.132)	Data  0.000 ( 0.012)	Loss 3.3041e-02 (7.5541e-02)	Acc@1  98.44 ( 97.33)	Acc@5 100.00 (100.00)
Epoch: [217][ 50/115]	Time  0.129 ( 0.132)	Data  0.000 ( 0.011)	Loss 1.8584e-01 (7.6946e-02)	Acc@1  93.75 ( 97.24)	Acc@5 100.00 (100.00)
Epoch: [217][ 60/115]	Time  0.131 ( 0.131)	Data  0.000 ( 0.011)	Loss 1.7578e-01 (7.4613e-02)	Acc@1  93.75 ( 97.34)	Acc@5 100.00 (100.00)
Epoch: [217][ 70/115]	Time  0.127 ( 0.131)	Data  0.000 ( 0.010)	Loss 1.7236e-02 (7.3496e-02)	Acc@1 100.00 ( 97.29)	Acc@5 100.00 (100.00)
Epoch: [217][ 80/115]	Time  0.127 ( 0.131)	Data  0.000 ( 0.010)	Loss 1.3399e-01 (7.6384e-02)	Acc@1  95.31 ( 97.15)	Acc@5 100.00 (100.00)
Epoch: [217][ 90/115]	Time  0.128 ( 0.131)	Data  0.000 ( 0.009)	Loss 4.1182e-02 (7.6377e-02)	Acc@1  98.44 ( 97.17)	Acc@5 100.00 (100.00)
Epoch: [217][100/115]	Time  0.137 ( 0.130)	Data  0.000 ( 0.009)	Loss 5.2061e-02 (7.4393e-02)	Acc@1  95.31 ( 97.28)	Acc@5 100.00 (100.00)
Epoch: [217][110/115]	Time  0.130 ( 0.130)	Data  0.000 ( 0.009)	Loss 1.0695e-01 (7.4396e-02)	Acc@1  95.31 ( 97.27)	Acc@5 100.00 (100.00)
Test: [ 0/50]	Time  0.259 ( 0.259)	Loss 8.5434e-02 (8.5434e-02)	Acc@1  98.44 ( 98.44)	Acc@5 100.00 (100.00)
Test: [10/50]	Time  0.037 ( 0.057)	Loss 3.3100e-02 (5.7007e-02)	Acc@1  96.88 ( 98.15)	Acc@5 100.00 (100.00)
Test: [20/50]	Time  0.038 ( 0.048)	Loss 7.8049e-03 (3.8518e-02)	Acc@1 100.00 ( 98.66)	Acc@5 100.00 (100.00)
Test: [30/50]	Time  0.038 ( 0.045)	Loss 7.8781e-03 (3.5391e-02)	Acc@1 100.00 ( 98.74)	Acc@5 100.00 (100.00)
Test: [40/50]	Time  0.038 ( 0.043)	Loss 2.7461e-02 (3.0056e-02)	Acc@1  98.44 ( 99.01)	Acc@5 100.00 (100.00)
 * Acc@1 99.144 Acc@5 100.000
Epoch: [218][  0/115]	Time  0.283 ( 0.283)	Data  0.227 ( 0.227)	Loss 5.1277e-02 (5.1277e-02)	Acc@1 100.00 (100.00)	Acc@5 100.00 (100.00)
Epoch: [218][ 10/115]	Time  0.133 ( 0.143)	Data  0.000 ( 0.027)	Loss 8.1160e-02 (4.5357e-02)	Acc@1  98.44 ( 98.72)	Acc@5 100.00 (100.00)
Epoch: [218][ 20/115]	Time  0.128 ( 0.137)	Data  0.000 ( 0.018)	Loss 7.6656e-02 (6.1787e-02)	Acc@1  96.88 ( 97.92)	Acc@5 100.00 (100.00)
Epoch: [218][ 30/115]	Time  0.132 ( 0.134)	Data  0.000 ( 0.014)	Loss 5.6146e-02 (6.6144e-02)	Acc@1  96.88 ( 97.78)	Acc@5 100.00 (100.00)
Epoch: [218][ 40/115]	Time  0.128 ( 0.133)	Data  0.000 ( 0.013)	Loss 3.4625e-02 (6.5739e-02)	Acc@1  98.44 ( 97.68)	Acc@5 100.00 (100.00)
Epoch: [218][ 50/115]	Time  0.130 ( 0.132)	Data  0.000 ( 0.011)	Loss 1.4176e-01 (7.4704e-02)	Acc@1  93.75 ( 97.27)	Acc@5 100.00 (100.00)
Epoch: [218][ 60/115]	Time  0.125 ( 0.132)	Data  0.000 ( 0.011)	Loss 1.1098e-01 (7.3338e-02)	Acc@1  95.31 ( 97.28)	Acc@5 100.00 (100.00)
Epoch: [218][ 70/115]	Time  0.131 ( 0.132)	Data  0.000 ( 0.010)	Loss 1.0201e-01 (7.1774e-02)	Acc@1  93.75 ( 97.27)	Acc@5 100.00 (100.00)
Epoch: [218][ 80/115]	Time  0.128 ( 0.131)	Data  0.000 ( 0.010)	Loss 4.3606e-02 (6.8977e-02)	Acc@1  98.44 ( 97.38)	Acc@5 100.00 (100.00)
Epoch: [218][ 90/115]	Time  0.128 ( 0.131)	Data  0.000 ( 0.010)	Loss 2.4800e-02 (6.9052e-02)	Acc@1 100.00 ( 97.46)	Acc@5 100.00 (100.00)
Epoch: [218][100/115]	Time  0.131 ( 0.131)	Data  0.000 ( 0.009)	Loss 7.8264e-02 (6.8395e-02)	Acc@1  96.88 ( 97.46)	Acc@5 100.00 (100.00)
Epoch: [218][110/115]	Time  0.132 ( 0.131)	Data  0.000 ( 0.009)	Loss 3.5691e-02 (6.7791e-02)	Acc@1  98.44 ( 97.44)	Acc@5 100.00 (100.00)
Test: [ 0/50]	Time  0.262 ( 0.262)	Loss 6.7636e-02 (6.7636e-02)	Acc@1  98.44 ( 98.44)	Acc@5 100.00 (100.00)
Test: [10/50]	Time  0.038 ( 0.057)	Loss 2.2033e-02 (4.4117e-02)	Acc@1  98.44 ( 98.72)	Acc@5 100.00 (100.00)
Test: [20/50]	Time  0.043 ( 0.048)	Loss 5.4133e-03 (2.8789e-02)	Acc@1 100.00 ( 99.03)	Acc@5 100.00 (100.00)
Test: [30/50]	Time  0.038 ( 0.045)	Loss 1.0714e-02 (2.7463e-02)	Acc@1 100.00 ( 99.04)	Acc@5 100.00 (100.00)
Test: [40/50]	Time  0.038 ( 0.044)	Loss 3.7796e-02 (2.5846e-02)	Acc@1  98.44 ( 99.16)	Acc@5 100.00 (100.00)
 * Acc@1 99.271 Acc@5 100.000
Epoch: [219][  0/115]	Time  0.275 ( 0.275)	Data  0.220 ( 0.220)	Loss 1.4113e-01 (1.4113e-01)	Acc@1  92.19 ( 92.19)	Acc@5 100.00 (100.00)
Epoch: [219][ 10/115]	Time  0.129 ( 0.142)	Data  0.000 ( 0.027)	Loss 9.4613e-02 (7.5381e-02)	Acc@1  95.31 ( 96.73)	Acc@5 100.00 (100.00)
Epoch: [219][ 20/115]	Time  0.132 ( 0.136)	Data  0.000 ( 0.017)	Loss 4.7664e-02 (6.7234e-02)	Acc@1  98.44 ( 97.25)	Acc@5 100.00 (100.00)
Epoch: [219][ 30/115]	Time  0.130 ( 0.134)	Data  0.000 ( 0.014)	Loss 3.0106e-02 (6.9284e-02)	Acc@1  98.44 ( 97.33)	Acc@5 100.00 (100.00)
Epoch: [219][ 40/115]	Time  0.133 ( 0.133)	Data  0.000 ( 0.012)	Loss 8.7931e-02 (7.2628e-02)	Acc@1  96.88 ( 97.18)	Acc@5 100.00 (100.00)
Epoch: [219][ 50/115]	Time  0.130 ( 0.132)	Data  0.000 ( 0.011)	Loss 9.8032e-02 (6.8728e-02)	Acc@1  96.88 ( 97.33)	Acc@5 100.00 (100.00)
Epoch: [219][ 60/115]	Time  0.131 ( 0.132)	Data  0.000 ( 0.011)	Loss 1.8643e-02 (7.1521e-02)	Acc@1 100.00 ( 97.28)	Acc@5 100.00 (100.00)
Epoch: [219][ 70/115]	Time  0.127 ( 0.131)	Data  0.000 ( 0.010)	Loss 1.1931e-01 (6.9554e-02)	Acc@1  98.44 ( 97.49)	Acc@5 100.00 (100.00)
Epoch: [219][ 80/115]	Time  0.131 ( 0.131)	Data  0.000 ( 0.010)	Loss 6.7747e-02 (7.0490e-02)	Acc@1  96.88 ( 97.42)	Acc@5 100.00 (100.00)
Epoch: [219][ 90/115]	Time  0.132 ( 0.131)	Data  0.000 ( 0.009)	Loss 1.0199e-01 (7.0267e-02)	Acc@1  96.88 ( 97.44)	Acc@5 100.00 (100.00)
Epoch: [219][100/115]	Time  0.130 ( 0.131)	Data  0.000 ( 0.009)	Loss 4.4883e-02 (6.9858e-02)	Acc@1  98.44 ( 97.37)	Acc@5 100.00 (100.00)
Epoch: [219][110/115]	Time  0.127 ( 0.131)	Data  0.000 ( 0.009)	Loss 8.3369e-02 (7.0087e-02)	Acc@1  93.75 ( 97.37)	Acc@5 100.00 (100.00)
Test: [ 0/50]	Time  0.268 ( 0.268)	Loss 6.6256e-02 (6.6256e-02)	Acc@1  98.44 ( 98.44)	Acc@5 100.00 (100.00)
Test: [10/50]	Time  0.037 ( 0.058)	Loss 2.1255e-02 (4.1089e-02)	Acc@1 100.00 ( 98.72)	Acc@5 100.00 (100.00)
Test: [20/50]	Time  0.038 ( 0.048)	Loss 4.5897e-03 (2.6317e-02)	Acc@1 100.00 ( 99.18)	Acc@5 100.00 (100.00)
Test: [30/50]	Time  0.038 ( 0.045)	Loss 1.1982e-02 (2.5645e-02)	Acc@1 100.00 ( 99.14)	Acc@5 100.00 (100.00)
Test: [40/50]	Time  0.037 ( 0.043)	Loss 3.7703e-02 (2.5299e-02)	Acc@1  98.44 ( 99.24)	Acc@5 100.00 (100.00)
 * Acc@1 99.302 Acc@5 100.000
Epoch: [220][  0/115]	Time  0.276 ( 0.276)	Data  0.213 ( 0.213)	Loss 1.2868e-01 (1.2868e-01)	Acc@1  95.31 ( 95.31)	Acc@5 100.00 (100.00)
Epoch: [220][ 10/115]	Time  0.127 ( 0.142)	Data  0.000 ( 0.025)	Loss 4.1777e-02 (7.8361e-02)	Acc@1  98.44 ( 97.59)	Acc@5 100.00 (100.00)
Epoch: [220][ 20/115]	Time  0.129 ( 0.136)	Data  0.000 ( 0.017)	Loss 4.2674e-02 (7.9249e-02)	Acc@1  98.44 ( 97.25)	Acc@5 100.00 (100.00)
Epoch: [220][ 30/115]	Time  0.129 ( 0.134)	Data  0.000 ( 0.014)	Loss 7.1862e-02 (7.6557e-02)	Acc@1  95.31 ( 97.28)	Acc@5 100.00 (100.00)
Epoch: [220][ 40/115]	Time  0.124 ( 0.133)	Data  0.000 ( 0.012)	Loss 3.9948e-02 (8.0113e-02)	Acc@1  98.44 ( 97.10)	Acc@5 100.00 (100.00)
Epoch: [220][ 50/115]	Time  0.129 ( 0.132)	Data  0.000 ( 0.011)	Loss 7.4154e-02 (7.9891e-02)	Acc@1  96.88 ( 97.00)	Acc@5 100.00 (100.00)
Epoch: [220][ 60/115]	Time  0.129 ( 0.132)	Data  0.000 ( 0.010)	Loss 1.0226e-01 (8.1585e-02)	Acc@1  95.31 ( 97.00)	Acc@5 100.00 (100.00)
Epoch: [220][ 70/115]	Time  0.130 ( 0.131)	Data  0.000 ( 0.010)	Loss 4.3359e-02 (8.0570e-02)	Acc@1  98.44 ( 97.03)	Acc@5 100.00 (100.00)
Epoch: [220][ 80/115]	Time  0.127 ( 0.131)	Data  0.000 ( 0.010)	Loss 6.6067e-02 (7.7115e-02)	Acc@1  98.44 ( 97.20)	Acc@5 100.00 (100.00)
Epoch: [220][ 90/115]	Time  0.130 ( 0.131)	Data  0.000 ( 0.009)	Loss 1.7800e-02 (7.5919e-02)	Acc@1 100.00 ( 97.22)	Acc@5 100.00 (100.00)
Epoch: [220][100/115]	Time  0.129 ( 0.131)	Data  0.000 ( 0.009)	Loss 7.9334e-02 (7.5569e-02)	Acc@1  96.88 ( 97.23)	Acc@5 100.00 (100.00)
Epoch: [220][110/115]	Time  0.129 ( 0.131)	Data  0.000 ( 0.009)	Loss 6.4325e-02 (7.5384e-02)	Acc@1  98.44 ( 97.30)	Acc@5 100.00 (100.00)
Test: [ 0/50]	Time  0.275 ( 0.275)	Loss 7.0420e-02 (7.0420e-02)	Acc@1  98.44 ( 98.44)	Acc@5 100.00 (100.00)
Test: [10/50]	Time  0.037 ( 0.058)	Loss 2.3987e-02 (4.5151e-02)	Acc@1  98.44 ( 98.72)	Acc@5 100.00 (100.00)
Test: [20/50]	Time  0.038 ( 0.049)	Loss 6.7247e-03 (2.9515e-02)	Acc@1 100.00 ( 99.03)	Acc@5 100.00 (100.00)
Test: [30/50]	Time  0.038 ( 0.045)	Loss 1.1259e-02 (2.8309e-02)	Acc@1 100.00 ( 99.04)	Acc@5 100.00 (100.00)
Test: [40/50]	Time  0.038 ( 0.043)	Loss 3.7049e-02 (2.6390e-02)	Acc@1  98.44 ( 99.12)	Acc@5 100.00 (100.00)
 * Acc@1 99.239 Acc@5 100.000
Epoch: [221][  0/115]	Time  0.293 ( 0.293)	Data  0.238 ( 0.238)	Loss 2.6882e-02 (2.6882e-02)	Acc@1 100.00 (100.00)	Acc@5 100.00 (100.00)
Epoch: [221][ 10/115]	Time  0.128 ( 0.144)	Data  0.000 ( 0.029)	Loss 5.4641e-02 (5.1692e-02)	Acc@1  96.88 ( 97.87)	Acc@5 100.00 (100.00)
Epoch: [221][ 20/115]	Time  0.130 ( 0.137)	Data  0.000 ( 0.018)	Loss 1.3906e-01 (7.4929e-02)	Acc@1  92.19 ( 97.02)	Acc@5 100.00 (100.00)
Epoch: [221][ 30/115]	Time  0.129 ( 0.135)	Data  0.000 ( 0.015)	Loss 5.2499e-02 (7.8175e-02)	Acc@1  96.88 ( 96.88)	Acc@5 100.00 (100.00)
Epoch: [221][ 40/115]	Time  0.131 ( 0.133)	Data  0.000 ( 0.013)	Loss 1.1089e-01 (7.7253e-02)	Acc@1  96.88 ( 97.07)	Acc@5 100.00 (100.00)
Epoch: [221][ 50/115]	Time  0.127 ( 0.132)	Data  0.000 ( 0.012)	Loss 7.8880e-02 (7.7929e-02)	Acc@1  96.88 ( 97.12)	Acc@5 100.00 (100.00)
Epoch: [221][ 60/115]	Time  0.130 ( 0.132)	Data  0.000 ( 0.011)	Loss 8.2074e-02 (7.7811e-02)	Acc@1  96.88 ( 97.13)	Acc@5 100.00 (100.00)
Epoch: [221][ 70/115]	Time  0.131 ( 0.131)	Data  0.000 ( 0.010)	Loss 1.0651e-01 (7.8456e-02)	Acc@1  95.31 ( 97.12)	Acc@5 100.00 (100.00)
Epoch: [221][ 80/115]	Time  0.130 ( 0.131)	Data  0.000 ( 0.010)	Loss 7.4970e-02 (7.5835e-02)	Acc@1  98.44 ( 97.28)	Acc@5 100.00 (100.00)
Epoch: [221][ 90/115]	Time  0.126 ( 0.131)	Data  0.000 ( 0.010)	Loss 2.0473e-02 (7.6549e-02)	Acc@1 100.00 ( 97.22)	Acc@5 100.00 (100.00)
Epoch: [221][100/115]	Time  0.132 ( 0.131)	Data  0.000 ( 0.009)	Loss 7.5159e-02 (7.6696e-02)	Acc@1  96.88 ( 97.18)	Acc@5 100.00 (100.00)
Epoch: [221][110/115]	Time  0.128 ( 0.131)	Data  0.000 ( 0.009)	Loss 2.7683e-02 (7.4946e-02)	Acc@1 100.00 ( 97.26)	Acc@5 100.00 (100.00)
Test: [ 0/50]	Time  0.268 ( 0.268)	Loss 7.3454e-02 (7.3454e-02)	Acc@1  98.44 ( 98.44)	Acc@5 100.00 (100.00)
Test: [10/50]	Time  0.038 ( 0.058)	Loss 2.5637e-02 (4.5716e-02)	Acc@1  96.88 ( 98.30)	Acc@5 100.00 (100.00)
Test: [20/50]	Time  0.038 ( 0.049)	Loss 6.6663e-03 (2.9892e-02)	Acc@1 100.00 ( 98.88)	Acc@5 100.00 (100.00)
Test: [30/50]	Time  0.038 ( 0.045)	Loss 1.0330e-02 (2.8469e-02)	Acc@1 100.00 ( 98.94)	Acc@5 100.00 (100.00)
Test: [40/50]	Time  0.037 ( 0.043)	Loss 3.5015e-02 (2.6475e-02)	Acc@1  98.44 ( 99.09)	Acc@5 100.00 (100.00)
 * Acc@1 99.175 Acc@5 100.000
Epoch: [222][  0/115]	Time  0.268 ( 0.268)	Data  0.212 ( 0.212)	Loss 5.4433e-02 (5.4433e-02)	Acc@1  98.44 ( 98.44)	Acc@5 100.00 (100.00)
Epoch: [222][ 10/115]	Time  0.131 ( 0.143)	Data  0.000 ( 0.026)	Loss 9.3238e-02 (7.3642e-02)	Acc@1  96.88 ( 97.73)	Acc@5 100.00 (100.00)
Epoch: [222][ 20/115]	Time  0.126 ( 0.136)	Data  0.000 ( 0.017)	Loss 7.4721e-02 (6.3318e-02)	Acc@1  96.88 ( 98.14)	Acc@5 100.00 (100.00)
Epoch: [222][ 30/115]	Time  0.129 ( 0.134)	Data  0.000 ( 0.014)	Loss 5.1998e-02 (6.5267e-02)	Acc@1  98.44 ( 97.98)	Acc@5 100.00 (100.00)
Epoch: [222][ 40/115]	Time  0.129 ( 0.133)	Data  0.000 ( 0.012)	Loss 5.6576e-02 (6.6043e-02)	Acc@1  98.44 ( 97.90)	Acc@5 100.00 (100.00)
Epoch: [222][ 50/115]	Time  0.130 ( 0.132)	Data  0.000 ( 0.011)	Loss 6.7986e-02 (7.4808e-02)	Acc@1  98.44 ( 97.64)	Acc@5 100.00 (100.00)
Epoch: [222][ 60/115]	Time  0.126 ( 0.132)	Data  0.000 ( 0.011)	Loss 1.3666e-01 (7.3445e-02)	Acc@1  92.19 ( 97.62)	Acc@5 100.00 (100.00)
Epoch: [222][ 70/115]	Time  0.132 ( 0.132)	Data  0.000 ( 0.010)	Loss 1.1322e-01 (7.6770e-02)	Acc@1  95.31 ( 97.32)	Acc@5 100.00 (100.00)
Epoch: [222][ 80/115]	Time  0.130 ( 0.131)	Data  0.000 ( 0.010)	Loss 8.6885e-02 (7.6248e-02)	Acc@1  96.88 ( 97.36)	Acc@5 100.00 (100.00)
Epoch: [222][ 90/115]	Time  0.129 ( 0.131)	Data  0.000 ( 0.009)	Loss 6.9884e-02 (7.6444e-02)	Acc@1  96.88 ( 97.32)	Acc@5 100.00 (100.00)
Epoch: [222][100/115]	Time  0.128 ( 0.131)	Data  0.000 ( 0.009)	Loss 9.2515e-02 (7.6645e-02)	Acc@1  98.44 ( 97.34)	Acc@5 100.00 (100.00)
Epoch: [222][110/115]	Time  0.131 ( 0.131)	Data  0.000 ( 0.009)	Loss 5.5816e-02 (7.6283e-02)	Acc@1  98.44 ( 97.34)	Acc@5 100.00 (100.00)
Test: [ 0/50]	Time  0.264 ( 0.264)	Loss 8.1527e-02 (8.1527e-02)	Acc@1  98.44 ( 98.44)	Acc@5 100.00 (100.00)
Test: [10/50]	Time  0.037 ( 0.057)	Loss 3.1847e-02 (5.3258e-02)	Acc@1  96.88 ( 98.15)	Acc@5 100.00 (100.00)
Test: [20/50]	Time  0.038 ( 0.048)	Loss 9.8985e-03 (3.5793e-02)	Acc@1 100.00 ( 98.74)	Acc@5 100.00 (100.00)
Test: [30/50]	Time  0.038 ( 0.045)	Loss 8.0383e-03 (3.3206e-02)	Acc@1 100.00 ( 98.84)	Acc@5 100.00 (100.00)
Test: [40/50]	Time  0.038 ( 0.043)	Loss 3.0730e-02 (2.8769e-02)	Acc@1  98.44 ( 99.09)	Acc@5 100.00 (100.00)
 * Acc@1 99.207 Acc@5 100.000
Epoch: [223][  0/115]	Time  0.274 ( 0.274)	Data  0.219 ( 0.219)	Loss 1.8154e-01 (1.8154e-01)	Acc@1  93.75 ( 93.75)	Acc@5 100.00 (100.00)
Epoch: [223][ 10/115]	Time  0.124 ( 0.142)	Data  0.000 ( 0.027)	Loss 7.1013e-02 (1.1053e-01)	Acc@1  98.44 ( 96.31)	Acc@5 100.00 (100.00)
Epoch: [223][ 20/115]	Time  0.129 ( 0.136)	Data  0.000 ( 0.017)	Loss 1.5674e-02 (9.4794e-02)	Acc@1 100.00 ( 96.58)	Acc@5 100.00 (100.00)
Epoch: [223][ 30/115]	Time  0.129 ( 0.134)	Data  0.000 ( 0.014)	Loss 1.2216e-01 (8.6772e-02)	Acc@1  96.88 ( 97.08)	Acc@5 100.00 (100.00)
Epoch: [223][ 40/115]	Time  0.131 ( 0.133)	Data  0.000 ( 0.012)	Loss 6.4638e-02 (8.7046e-02)	Acc@1  96.88 ( 96.99)	Acc@5 100.00 (100.00)
Epoch: [223][ 50/115]	Time  0.131 ( 0.132)	Data  0.000 ( 0.011)	Loss 3.5587e-02 (8.1781e-02)	Acc@1 100.00 ( 97.24)	Acc@5 100.00 (100.00)
Epoch: [223][ 60/115]	Time  0.128 ( 0.132)	Data  0.000 ( 0.011)	Loss 5.2472e-02 (7.7527e-02)	Acc@1  98.44 ( 97.28)	Acc@5 100.00 (100.00)
Epoch: [223][ 70/115]	Time  0.127 ( 0.131)	Data  0.000 ( 0.010)	Loss 3.2329e-02 (7.5425e-02)	Acc@1 100.00 ( 97.32)	Acc@5 100.00 (100.00)
Epoch: [223][ 80/115]	Time  0.131 ( 0.131)	Data  0.000 ( 0.010)	Loss 7.1655e-02 (7.4075e-02)	Acc@1  98.44 ( 97.36)	Acc@5 100.00 (100.00)
Epoch: [223][ 90/115]	Time  0.129 ( 0.131)	Data  0.000 ( 0.009)	Loss 1.5498e-01 (7.5956e-02)	Acc@1  93.75 ( 97.27)	Acc@5 100.00 (100.00)
Epoch: [223][100/115]	Time  0.133 ( 0.131)	Data  0.000 ( 0.009)	Loss 3.7588e-02 (7.4621e-02)	Acc@1  98.44 ( 97.34)	Acc@5 100.00 (100.00)
Epoch: [223][110/115]	Time  0.127 ( 0.131)	Data  0.000 ( 0.009)	Loss 1.5811e-01 (7.6463e-02)	Acc@1  93.75 ( 97.28)	Acc@5 100.00 (100.00)
Test: [ 0/50]	Time  0.255 ( 0.255)	Loss 5.7098e-02 (5.7098e-02)	Acc@1  98.44 ( 98.44)	Acc@5 100.00 (100.00)
Test: [10/50]	Time  0.038 ( 0.057)	Loss 1.6745e-02 (3.7993e-02)	Acc@1 100.00 ( 99.15)	Acc@5 100.00 (100.00)
Test: [20/50]	Time  0.038 ( 0.048)	Loss 4.7558e-03 (2.4205e-02)	Acc@1 100.00 ( 99.48)	Acc@5 100.00 (100.00)
Test: [30/50]	Time  0.038 ( 0.045)	Loss 1.4661e-02 (2.4128e-02)	Acc@1 100.00 ( 99.29)	Acc@5 100.00 (100.00)
Test: [40/50]	Time  0.038 ( 0.043)	Loss 4.5685e-02 (2.4826e-02)	Acc@1  98.44 ( 99.31)	Acc@5 100.00 (100.00)
 * Acc@1 99.397 Acc@5 100.000
Epoch: [224][  0/115]	Time  0.252 ( 0.252)	Data  0.196 ( 0.196)	Loss 1.2987e-01 (1.2987e-01)	Acc@1  95.31 ( 95.31)	Acc@5 100.00 (100.00)
Epoch: [224][ 10/115]	Time  0.133 ( 0.140)	Data  0.000 ( 0.024)	Loss 5.2248e-02 (7.1492e-02)	Acc@1  96.88 ( 97.16)	Acc@5 100.00 (100.00)
Epoch: [224][ 20/115]	Time  0.131 ( 0.135)	Data  0.000 ( 0.016)	Loss 1.3654e-01 (6.5083e-02)	Acc@1  93.75 ( 97.47)	Acc@5 100.00 (100.00)
Epoch: [224][ 30/115]	Time  0.126 ( 0.133)	Data  0.000 ( 0.013)	Loss 7.4600e-02 (7.3034e-02)	Acc@1  98.44 ( 97.18)	Acc@5 100.00 (100.00)
Epoch: [224][ 40/115]	Time  0.130 ( 0.132)	Data  0.000 ( 0.012)	Loss 8.6138e-02 (7.0806e-02)	Acc@1  96.88 ( 97.22)	Acc@5 100.00 (100.00)
Epoch: [224][ 50/115]	Time  0.135 ( 0.132)	Data  0.000 ( 0.011)	Loss 1.1431e-01 (7.6265e-02)	Acc@1  92.19 ( 96.91)	Acc@5 100.00 (100.00)
Epoch: [224][ 60/115]	Time  0.128 ( 0.131)	Data  0.000 ( 0.010)	Loss 9.7471e-02 (7.7050e-02)	Acc@1  98.44 ( 97.11)	Acc@5 100.00 (100.00)
Epoch: [224][ 70/115]	Time  0.130 ( 0.131)	Data  0.000 ( 0.010)	Loss 5.6653e-02 (7.5883e-02)	Acc@1  96.88 ( 97.12)	Acc@5 100.00 (100.00)
Epoch: [224][ 80/115]	Time  0.127 ( 0.131)	Data  0.000 ( 0.009)	Loss 1.5326e-02 (7.3238e-02)	Acc@1 100.00 ( 97.30)	Acc@5 100.00 (100.00)
Epoch: [224][ 90/115]	Time  0.132 ( 0.131)	Data  0.000 ( 0.009)	Loss 1.5580e-01 (7.3238e-02)	Acc@1  93.75 ( 97.29)	Acc@5 100.00 (100.00)
Epoch: [224][100/115]	Time  0.129 ( 0.131)	Data  0.000 ( 0.009)	Loss 1.6949e-01 (7.4843e-02)	Acc@1  93.75 ( 97.17)	Acc@5 100.00 (100.00)
Epoch: [224][110/115]	Time  0.128 ( 0.131)	Data  0.000 ( 0.009)	Loss 2.8794e-02 (7.3401e-02)	Acc@1  98.44 ( 97.20)	Acc@5 100.00 (100.00)
Test: [ 0/50]	Time  0.268 ( 0.268)	Loss 7.1009e-02 (7.1009e-02)	Acc@1  98.44 ( 98.44)	Acc@5 100.00 (100.00)
Test: [10/50]	Time  0.037 ( 0.058)	Loss 2.3007e-02 (4.5637e-02)	Acc@1  98.44 ( 98.72)	Acc@5 100.00 (100.00)
Test: [20/50]	Time  0.048 ( 0.049)	Loss 6.7796e-03 (2.9899e-02)	Acc@1 100.00 ( 99.11)	Acc@5 100.00 (100.00)
Test: [30/50]	Time  0.037 ( 0.046)	Loss 1.0730e-02 (2.8357e-02)	Acc@1 100.00 ( 99.09)	Acc@5 100.00 (100.00)
Test: [40/50]	Time  0.042 ( 0.044)	Loss 3.7351e-02 (2.6134e-02)	Acc@1  98.44 ( 99.20)	Acc@5 100.00 (100.00)
 * Acc@1 99.302 Acc@5 100.000
Epoch: [225][  0/115]	Time  0.265 ( 0.265)	Data  0.209 ( 0.209)	Loss 1.0720e-01 (1.0720e-01)	Acc@1  96.88 ( 96.88)	Acc@5 100.00 (100.00)
Epoch: [225][ 10/115]	Time  0.126 ( 0.141)	Data  0.000 ( 0.026)	Loss 5.4021e-02 (7.5172e-02)	Acc@1  95.31 ( 96.45)	Acc@5 100.00 (100.00)
Epoch: [225][ 20/115]	Time  0.130 ( 0.135)	Data  0.000 ( 0.017)	Loss 8.9123e-02 (7.2004e-02)	Acc@1  98.44 ( 96.88)	Acc@5 100.00 (100.00)
Epoch: [225][ 30/115]	Time  0.131 ( 0.133)	Data  0.000 ( 0.014)	Loss 6.4266e-02 (7.3299e-02)	Acc@1  98.44 ( 97.03)	Acc@5 100.00 (100.00)
Epoch: [225][ 40/115]	Time  0.128 ( 0.132)	Data  0.000 ( 0.012)	Loss 2.0523e-02 (7.3797e-02)	Acc@1 100.00 ( 97.10)	Acc@5 100.00 (100.00)
Epoch: [225][ 50/115]	Time  0.128 ( 0.132)	Data  0.000 ( 0.011)	Loss 7.4647e-02 (7.2990e-02)	Acc@1  96.88 ( 97.18)	Acc@5 100.00 (100.00)
Epoch: [225][ 60/115]	Time  0.131 ( 0.131)	Data  0.000 ( 0.010)	Loss 7.1422e-02 (7.1889e-02)	Acc@1  98.44 ( 97.26)	Acc@5 100.00 (100.00)
Epoch: [225][ 70/115]	Time  0.129 ( 0.131)	Data  0.000 ( 0.010)	Loss 9.8154e-02 (7.1741e-02)	Acc@1  96.88 ( 97.36)	Acc@5 100.00 (100.00)
Epoch: [225][ 80/115]	Time  0.130 ( 0.131)	Data  0.000 ( 0.010)	Loss 2.0979e-01 (7.3864e-02)	Acc@1  95.31 ( 97.38)	Acc@5 100.00 (100.00)
Epoch: [225][ 90/115]	Time  0.127 ( 0.130)	Data  0.000 ( 0.009)	Loss 7.5681e-02 (7.7095e-02)	Acc@1  98.44 ( 97.25)	Acc@5 100.00 (100.00)
Epoch: [225][100/115]	Time  0.132 ( 0.130)	Data  0.000 ( 0.009)	Loss 6.9824e-02 (7.6797e-02)	Acc@1  98.44 ( 97.25)	Acc@5 100.00 (100.00)
Epoch: [225][110/115]	Time  0.122 ( 0.130)	Data  0.000 ( 0.009)	Loss 3.9620e-02 (7.6331e-02)	Acc@1  98.44 ( 97.26)	Acc@5 100.00 (100.00)
Test: [ 0/50]	Time  0.265 ( 0.265)	Loss 7.7128e-02 (7.7128e-02)	Acc@1  98.44 ( 98.44)	Acc@5 100.00 (100.00)
Test: [10/50]	Time  0.037 ( 0.057)	Loss 2.9065e-02 (5.1425e-02)	Acc@1  96.88 ( 98.30)	Acc@5 100.00 (100.00)
Test: [20/50]	Time  0.047 ( 0.049)	Loss 6.5931e-03 (3.4040e-02)	Acc@1 100.00 ( 98.81)	Acc@5 100.00 (100.00)
Test: [30/50]	Time  0.037 ( 0.045)	Loss 9.1318e-03 (3.1772e-02)	Acc@1 100.00 ( 98.89)	Acc@5 100.00 (100.00)
Test: [40/50]	Time  0.038 ( 0.044)	Loss 2.9515e-02 (2.7971e-02)	Acc@1  98.44 ( 99.05)	Acc@5 100.00 (100.00)
 * Acc@1 99.175 Acc@5 100.000
Epoch: [226][  0/115]	Time  0.263 ( 0.263)	Data  0.207 ( 0.207)	Loss 5.0041e-02 (5.0041e-02)	Acc@1  98.44 ( 98.44)	Acc@5 100.00 (100.00)
Epoch: [226][ 10/115]	Time  0.130 ( 0.141)	Data  0.000 ( 0.025)	Loss 1.8866e-02 (6.5154e-02)	Acc@1  98.44 ( 97.44)	Acc@5 100.00 (100.00)
Epoch: [226][ 20/115]	Time  0.129 ( 0.135)	Data  0.000 ( 0.017)	Loss 4.2034e-02 (5.8916e-02)	Acc@1  98.44 ( 97.69)	Acc@5 100.00 (100.00)
Epoch: [226][ 30/115]	Time  0.130 ( 0.134)	Data  0.000 ( 0.013)	Loss 4.8218e-02 (6.3591e-02)	Acc@1  98.44 ( 97.63)	Acc@5 100.00 (100.00)
Epoch: [226][ 40/115]	Time  0.129 ( 0.132)	Data  0.000 ( 0.012)	Loss 1.6050e-02 (6.2874e-02)	Acc@1 100.00 ( 97.75)	Acc@5 100.00 (100.00)
Epoch: [226][ 50/115]	Time  0.133 ( 0.132)	Data  0.000 ( 0.011)	Loss 3.2421e-02 (6.1781e-02)	Acc@1 100.00 ( 97.67)	Acc@5 100.00 (100.00)
Epoch: [226][ 60/115]	Time  0.126 ( 0.131)	Data  0.000 ( 0.010)	Loss 3.9363e-02 (6.2750e-02)	Acc@1  96.88 ( 97.52)	Acc@5 100.00 (100.00)
Epoch: [226][ 70/115]	Time  0.132 ( 0.131)	Data  0.000 ( 0.010)	Loss 2.7329e-02 (6.4841e-02)	Acc@1 100.00 ( 97.36)	Acc@5 100.00 (100.00)
Epoch: [226][ 80/115]	Time  0.129 ( 0.131)	Data  0.000 ( 0.010)	Loss 4.3530e-02 (6.4646e-02)	Acc@1  98.44 ( 97.42)	Acc@5 100.00 (100.00)
Epoch: [226][ 90/115]	Time  0.128 ( 0.131)	Data  0.000 ( 0.009)	Loss 5.0978e-02 (6.6429e-02)	Acc@1  98.44 ( 97.42)	Acc@5 100.00 (100.00)
Epoch: [226][100/115]	Time  0.128 ( 0.131)	Data  0.000 ( 0.009)	Loss 9.2304e-02 (6.8412e-02)	Acc@1  98.44 ( 97.46)	Acc@5 100.00 (100.00)
Epoch: [226][110/115]	Time  0.132 ( 0.131)	Data  0.000 ( 0.009)	Loss 8.8194e-02 (6.8446e-02)	Acc@1  95.31 ( 97.48)	Acc@5 100.00 (100.00)
Test: [ 0/50]	Time  0.258 ( 0.258)	Loss 6.5291e-02 (6.5291e-02)	Acc@1  98.44 ( 98.44)	Acc@5 100.00 (100.00)
Test: [10/50]	Time  0.037 ( 0.057)	Loss 1.8701e-02 (4.0914e-02)	Acc@1 100.00 ( 98.86)	Acc@5 100.00 (100.00)
Test: [20/50]	Time  0.038 ( 0.048)	Loss 4.6131e-03 (2.6285e-02)	Acc@1 100.00 ( 99.26)	Acc@5 100.00 (100.00)
Test: [30/50]	Time  0.038 ( 0.045)	Loss 1.2952e-02 (2.5570e-02)	Acc@1 100.00 ( 99.19)	Acc@5 100.00 (100.00)
Test: [40/50]	Time  0.038 ( 0.043)	Loss 3.9412e-02 (2.5152e-02)	Acc@1  98.44 ( 99.24)	Acc@5 100.00 (100.00)
 * Acc@1 99.302 Acc@5 100.000
Epoch: [227][  0/115]	Time  0.299 ( 0.299)	Data  0.244 ( 0.244)	Loss 1.0700e-01 (1.0700e-01)	Acc@1  95.31 ( 95.31)	Acc@5 100.00 (100.00)
Epoch: [227][ 10/115]	Time  0.130 ( 0.144)	Data  0.000 ( 0.029)	Loss 1.2145e-01 (6.8732e-02)	Acc@1  93.75 ( 97.44)	Acc@5 100.00 (100.00)
Epoch: [227][ 20/115]	Time  0.126 ( 0.137)	Data  0.000 ( 0.018)	Loss 6.7593e-02 (6.0909e-02)	Acc@1  98.44 ( 97.69)	Acc@5 100.00 (100.00)
Epoch: [227][ 30/115]	Time  0.125 ( 0.134)	Data  0.000 ( 0.015)	Loss 4.7575e-02 (6.3968e-02)	Acc@1  98.44 ( 97.33)	Acc@5 100.00 (100.00)
Epoch: [227][ 40/115]	Time  0.132 ( 0.133)	Data  0.000 ( 0.013)	Loss 6.7213e-02 (5.8648e-02)	Acc@1  98.44 ( 97.79)	Acc@5 100.00 (100.00)
Epoch: [227][ 50/115]	Time  0.137 ( 0.133)	Data  0.000 ( 0.012)	Loss 1.0231e-01 (6.5907e-02)	Acc@1  93.75 ( 97.52)	Acc@5 100.00 (100.00)
Epoch: [227][ 60/115]	Time  0.129 ( 0.132)	Data  0.000 ( 0.011)	Loss 2.6460e-02 (6.4333e-02)	Acc@1 100.00 ( 97.64)	Acc@5 100.00 (100.00)
Epoch: [227][ 70/115]	Time  0.131 ( 0.132)	Data  0.000 ( 0.010)	Loss 7.9712e-02 (6.3935e-02)	Acc@1  96.88 ( 97.69)	Acc@5 100.00 (100.00)
Epoch: [227][ 80/115]	Time  0.132 ( 0.131)	Data  0.000 ( 0.010)	Loss 1.3008e-02 (6.1803e-02)	Acc@1 100.00 ( 97.76)	Acc@5 100.00 (100.00)
Epoch: [227][ 90/115]	Time  0.131 ( 0.131)	Data  0.000 ( 0.010)	Loss 4.6114e-02 (6.1066e-02)	Acc@1 100.00 ( 97.80)	Acc@5 100.00 (100.00)
Epoch: [227][100/115]	Time  0.128 ( 0.131)	Data  0.000 ( 0.009)	Loss 1.8097e-01 (6.3552e-02)	Acc@1  92.19 ( 97.69)	Acc@5 100.00 (100.00)
Epoch: [227][110/115]	Time  0.128 ( 0.131)	Data  0.000 ( 0.009)	Loss 6.0206e-02 (6.4741e-02)	Acc@1  98.44 ( 97.65)	Acc@5 100.00 (100.00)
Test: [ 0/50]	Time  0.259 ( 0.259)	Loss 6.9716e-02 (6.9716e-02)	Acc@1  98.44 ( 98.44)	Acc@5 100.00 (100.00)
Test: [10/50]	Time  0.038 ( 0.056)	Loss 2.5256e-02 (4.3263e-02)	Acc@1  98.44 ( 98.72)	Acc@5 100.00 (100.00)
Test: [20/50]	Time  0.038 ( 0.048)	Loss 5.1621e-03 (2.7996e-02)	Acc@1 100.00 ( 99.18)	Acc@5 100.00 (100.00)
Test: [30/50]	Time  0.038 ( 0.045)	Loss 1.1912e-02 (2.7060e-02)	Acc@1 100.00 ( 99.14)	Acc@5 100.00 (100.00)
Test: [40/50]	Time  0.038 ( 0.043)	Loss 3.5829e-02 (2.5849e-02)	Acc@1  98.44 ( 99.24)	Acc@5 100.00 (100.00)
 * Acc@1 99.302 Acc@5 100.000
Epoch: [228][  0/115]	Time  0.273 ( 0.273)	Data  0.218 ( 0.218)	Loss 3.4681e-02 (3.4681e-02)	Acc@1  98.44 ( 98.44)	Acc@5 100.00 (100.00)
Epoch: [228][ 10/115]	Time  0.128 ( 0.142)	Data  0.000 ( 0.026)	Loss 3.1482e-02 (4.1496e-02)	Acc@1  98.44 ( 98.44)	Acc@5 100.00 (100.00)
Epoch: [228][ 20/115]	Time  0.131 ( 0.136)	Data  0.000 ( 0.017)	Loss 5.1723e-02 (5.7329e-02)	Acc@1  96.88 ( 97.92)	Acc@5 100.00 (100.00)
Epoch: [228][ 30/115]	Time  0.129 ( 0.134)	Data  0.000 ( 0.014)	Loss 9.8971e-02 (7.2611e-02)	Acc@1  95.31 ( 97.43)	Acc@5 100.00 (100.00)
Epoch: [228][ 40/115]	Time  0.131 ( 0.133)	Data  0.000 ( 0.012)	Loss 1.8789e-02 (6.9284e-02)	Acc@1 100.00 ( 97.48)	Acc@5 100.00 (100.00)
Epoch: [228][ 50/115]	Time  0.134 ( 0.132)	Data  0.000 ( 0.011)	Loss 6.8103e-02 (7.0951e-02)	Acc@1  96.88 ( 97.40)	Acc@5 100.00 (100.00)
Epoch: [228][ 60/115]	Time  0.132 ( 0.132)	Data  0.000 ( 0.011)	Loss 4.8651e-02 (6.8307e-02)	Acc@1  98.44 ( 97.49)	Acc@5 100.00 (100.00)
Epoch: [228][ 70/115]	Time  0.128 ( 0.131)	Data  0.000 ( 0.010)	Loss 3.1426e-02 (7.2823e-02)	Acc@1  98.44 ( 97.36)	Acc@5 100.00 (100.00)
Epoch: [228][ 80/115]	Time  0.126 ( 0.131)	Data  0.000 ( 0.010)	Loss 4.5339e-02 (7.1389e-02)	Acc@1  98.44 ( 97.47)	Acc@5 100.00 (100.00)
Epoch: [228][ 90/115]	Time  0.129 ( 0.131)	Data  0.000 ( 0.009)	Loss 9.6071e-03 (6.9473e-02)	Acc@1 100.00 ( 97.53)	Acc@5 100.00 (100.00)
Epoch: [228][100/115]	Time  0.130 ( 0.131)	Data  0.000 ( 0.009)	Loss 6.7253e-03 (7.2006e-02)	Acc@1 100.00 ( 97.46)	Acc@5 100.00 (100.00)
Epoch: [228][110/115]	Time  0.129 ( 0.131)	Data  0.000 ( 0.009)	Loss 1.1546e-01 (7.1372e-02)	Acc@1  95.31 ( 97.49)	Acc@5 100.00 (100.00)
Test: [ 0/50]	Time  0.273 ( 0.273)	Loss 7.3948e-02 (7.3948e-02)	Acc@1  98.44 ( 98.44)	Acc@5 100.00 (100.00)
Test: [10/50]	Time  0.037 ( 0.059)	Loss 2.5544e-02 (4.8170e-02)	Acc@1  96.88 ( 98.44)	Acc@5 100.00 (100.00)
Test: [20/50]	Time  0.038 ( 0.049)	Loss 6.4113e-03 (3.1691e-02)	Acc@1 100.00 ( 98.88)	Acc@5 100.00 (100.00)
Test: [30/50]	Time  0.038 ( 0.045)	Loss 1.0643e-02 (2.9978e-02)	Acc@1 100.00 ( 98.94)	Acc@5 100.00 (100.00)
Test: [40/50]	Time  0.038 ( 0.043)	Loss 3.4721e-02 (2.7042e-02)	Acc@1  98.44 ( 99.09)	Acc@5 100.00 (100.00)
 * Acc@1 99.207 Acc@5 100.000
Epoch: [229][  0/115]	Time  0.279 ( 0.279)	Data  0.224 ( 0.224)	Loss 3.1548e-02 (3.1548e-02)	Acc@1  98.44 ( 98.44)	Acc@5 100.00 (100.00)
Epoch: [229][ 10/115]	Time  0.128 ( 0.142)	Data  0.000 ( 0.027)	Loss 1.2504e-01 (8.0426e-02)	Acc@1  93.75 ( 96.88)	Acc@5 100.00 (100.00)
Epoch: [229][ 20/115]	Time  0.130 ( 0.137)	Data  0.000 ( 0.018)	Loss 4.2724e-02 (7.6468e-02)	Acc@1  98.44 ( 96.95)	Acc@5 100.00 (100.00)
Epoch: [229][ 30/115]	Time  0.127 ( 0.134)	Data  0.000 ( 0.014)	Loss 1.1469e-01 (7.3047e-02)	Acc@1  95.31 ( 97.13)	Acc@5 100.00 (100.00)
Epoch: [229][ 40/115]	Time  0.131 ( 0.133)	Data  0.000 ( 0.012)	Loss 3.3698e-02 (7.3622e-02)	Acc@1  98.44 ( 97.18)	Acc@5 100.00 (100.00)
Epoch: [229][ 50/115]	Time  0.130 ( 0.132)	Data  0.000 ( 0.011)	Loss 6.0446e-02 (7.3569e-02)	Acc@1  96.88 ( 97.15)	Acc@5 100.00 (100.00)
Epoch: [229][ 60/115]	Time  0.129 ( 0.132)	Data  0.000 ( 0.011)	Loss 8.5859e-02 (7.8429e-02)	Acc@1  95.31 ( 96.80)	Acc@5 100.00 (100.00)
Epoch: [229][ 70/115]	Time  0.130 ( 0.131)	Data  0.000 ( 0.010)	Loss 5.8875e-02 (7.8622e-02)	Acc@1  96.88 ( 96.76)	Acc@5 100.00 (100.00)
Epoch: [229][ 80/115]	Time  0.132 ( 0.131)	Data  0.000 ( 0.010)	Loss 2.0817e-02 (7.7260e-02)	Acc@1 100.00 ( 96.86)	Acc@5 100.00 (100.00)
Epoch: [229][ 90/115]	Time  0.135 ( 0.131)	Data  0.000 ( 0.009)	Loss 6.3417e-02 (7.8102e-02)	Acc@1  98.44 ( 96.89)	Acc@5 100.00 (100.00)
Epoch: [229][100/115]	Time  0.133 ( 0.131)	Data  0.000 ( 0.009)	Loss 4.9182e-02 (7.5417e-02)	Acc@1  96.88 ( 97.03)	Acc@5 100.00 (100.00)
Epoch: [229][110/115]	Time  0.129 ( 0.130)	Data  0.000 ( 0.009)	Loss 8.0000e-02 (7.4496e-02)	Acc@1  96.88 ( 97.13)	Acc@5 100.00 (100.00)
Test: [ 0/50]	Time  0.304 ( 0.304)	Loss 8.2949e-02 (8.2949e-02)	Acc@1  98.44 ( 98.44)	Acc@5 100.00 (100.00)
Test: [10/50]	Time  0.035 ( 0.063)	Loss 3.0004e-02 (5.5037e-02)	Acc@1  96.88 ( 98.30)	Acc@5 100.00 (100.00)
Test: [20/50]	Time  0.051 ( 0.052)	Loss 6.9874e-03 (3.6721e-02)	Acc@1 100.00 ( 98.81)	Acc@5 100.00 (100.00)
Test: [30/50]	Time  0.037 ( 0.048)	Loss 8.5463e-03 (3.3836e-02)	Acc@1 100.00 ( 98.89)	Acc@5 100.00 (100.00)
Test: [40/50]	Time  0.037 ( 0.045)	Loss 2.8401e-02 (2.9138e-02)	Acc@1  98.44 ( 99.12)	Acc@5 100.00 (100.00)
 * Acc@1 99.239 Acc@5 100.000
Epoch: [230][  0/115]	Time  0.276 ( 0.276)	Data  0.221 ( 0.221)	Loss 3.7966e-02 (3.7966e-02)	Acc@1  98.44 ( 98.44)	Acc@5 100.00 (100.00)
Epoch: [230][ 10/115]	Time  0.131 ( 0.142)	Data  0.000 ( 0.027)	Loss 5.1299e-02 (8.2221e-02)	Acc@1  98.44 ( 96.88)	Acc@5 100.00 (100.00)
Epoch: [230][ 20/115]	Time  0.127 ( 0.136)	Data  0.000 ( 0.017)	Loss 1.4364e-01 (8.0997e-02)	Acc@1  95.31 ( 97.10)	Acc@5 100.00 (100.00)
Epoch: [230][ 30/115]	Time  0.129 ( 0.134)	Data  0.000 ( 0.014)	Loss 1.3340e-01 (8.1708e-02)	Acc@1  96.88 ( 97.03)	Acc@5 100.00 (100.00)
Epoch: [230][ 40/115]	Time  0.128 ( 0.132)	Data  0.000 ( 0.012)	Loss 4.4140e-02 (7.7257e-02)	Acc@1  98.44 ( 97.26)	Acc@5 100.00 (100.00)
Epoch: [230][ 50/115]	Time  0.129 ( 0.132)	Data  0.000 ( 0.011)	Loss 6.0863e-02 (7.7513e-02)	Acc@1  96.88 ( 97.18)	Acc@5 100.00 (100.00)
Epoch: [230][ 60/115]	Time  0.128 ( 0.131)	Data  0.000 ( 0.011)	Loss 1.2547e-01 (7.6532e-02)	Acc@1  92.19 ( 97.18)	Acc@5 100.00 (100.00)
Epoch: [230][ 70/115]	Time  0.129 ( 0.131)	Data  0.000 ( 0.010)	Loss 1.1445e-02 (7.3585e-02)	Acc@1 100.00 ( 97.27)	Acc@5 100.00 (100.00)
Epoch: [230][ 80/115]	Time  0.131 ( 0.131)	Data  0.000 ( 0.010)	Loss 7.2086e-02 (7.1855e-02)	Acc@1  98.44 ( 97.38)	Acc@5 100.00 (100.00)
Epoch: [230][ 90/115]	Time  0.129 ( 0.131)	Data  0.000 ( 0.009)	Loss 7.1619e-02 (7.0970e-02)	Acc@1  96.88 ( 97.41)	Acc@5 100.00 (100.00)
Epoch: [230][100/115]	Time  0.127 ( 0.131)	Data  0.000 ( 0.009)	Loss 3.8199e-02 (7.1621e-02)	Acc@1  98.44 ( 97.34)	Acc@5 100.00 (100.00)
Epoch: [230][110/115]	Time  0.131 ( 0.130)	Data  0.000 ( 0.009)	Loss 1.1211e-01 (7.2730e-02)	Acc@1  98.44 ( 97.34)	Acc@5 100.00 (100.00)
Test: [ 0/50]	Time  0.259 ( 0.259)	Loss 7.4117e-02 (7.4117e-02)	Acc@1  98.44 ( 98.44)	Acc@5 100.00 (100.00)
Test: [10/50]	Time  0.037 ( 0.057)	Loss 2.8336e-02 (4.9921e-02)	Acc@1  96.88 ( 98.44)	Acc@5 100.00 (100.00)
Test: [20/50]	Time  0.038 ( 0.048)	Loss 6.5270e-03 (3.2864e-02)	Acc@1 100.00 ( 98.88)	Acc@5 100.00 (100.00)
Test: [30/50]	Time  0.038 ( 0.045)	Loss 9.3883e-03 (3.0812e-02)	Acc@1 100.00 ( 98.94)	Acc@5 100.00 (100.00)
Test: [40/50]	Time  0.038 ( 0.043)	Loss 3.0942e-02 (2.7366e-02)	Acc@1  98.44 ( 99.09)	Acc@5 100.00 (100.00)
 * Acc@1 99.207 Acc@5 100.000
Epoch: [231][  0/115]	Time  0.268 ( 0.268)	Data  0.211 ( 0.211)	Loss 1.1944e-01 (1.1944e-01)	Acc@1  96.88 ( 96.88)	Acc@5 100.00 (100.00)
Epoch: [231][ 10/115]	Time  0.137 ( 0.142)	Data  0.000 ( 0.026)	Loss 7.2477e-02 (6.1937e-02)	Acc@1  96.88 ( 98.01)	Acc@5 100.00 (100.00)
Epoch: [231][ 20/115]	Time  0.130 ( 0.136)	Data  0.000 ( 0.017)	Loss 5.1062e-02 (6.2119e-02)	Acc@1  98.44 ( 97.92)	Acc@5 100.00 (100.00)
Epoch: [231][ 30/115]	Time  0.128 ( 0.133)	Data  0.000 ( 0.013)	Loss 2.9627e-02 (6.0295e-02)	Acc@1  98.44 ( 97.93)	Acc@5 100.00 (100.00)
Epoch: [231][ 40/115]	Time  0.133 ( 0.132)	Data  0.000 ( 0.012)	Loss 4.1868e-02 (6.5319e-02)	Acc@1  98.44 ( 97.79)	Acc@5 100.00 (100.00)
Epoch: [231][ 50/115]	Time  0.129 ( 0.132)	Data  0.000 ( 0.011)	Loss 1.8276e-02 (7.0348e-02)	Acc@1 100.00 ( 97.55)	Acc@5 100.00 (100.00)
Epoch: [231][ 60/115]	Time  0.130 ( 0.131)	Data  0.000 ( 0.010)	Loss 1.4340e-01 (7.0840e-02)	Acc@1  93.75 ( 97.52)	Acc@5 100.00 (100.00)
Epoch: [231][ 70/115]	Time  0.121 ( 0.131)	Data  0.000 ( 0.010)	Loss 3.0415e-02 (6.9093e-02)	Acc@1  98.44 ( 97.58)	Acc@5 100.00 (100.00)
Epoch: [231][ 80/115]	Time  0.132 ( 0.131)	Data  0.000 ( 0.010)	Loss 3.9918e-02 (6.6500e-02)	Acc@1  98.44 ( 97.67)	Acc@5 100.00 (100.00)
Epoch: [231][ 90/115]	Time  0.128 ( 0.131)	Data  0.000 ( 0.009)	Loss 3.5427e-02 (6.8286e-02)	Acc@1  98.44 ( 97.54)	Acc@5 100.00 (100.00)
Epoch: [231][100/115]	Time  0.130 ( 0.131)	Data  0.000 ( 0.009)	Loss 9.5031e-02 (6.7473e-02)	Acc@1  95.31 ( 97.56)	Acc@5 100.00 (100.00)
Epoch: [231][110/115]	Time  0.128 ( 0.130)	Data  0.000 ( 0.009)	Loss 1.2213e-01 (6.8344e-02)	Acc@1  95.31 ( 97.49)	Acc@5 100.00 (100.00)
Test: [ 0/50]	Time  0.278 ( 0.278)	Loss 6.5566e-02 (6.5566e-02)	Acc@1  98.44 ( 98.44)	Acc@5 100.00 (100.00)
Test: [10/50]	Time  0.037 ( 0.059)	Loss 1.9416e-02 (4.1845e-02)	Acc@1 100.00 ( 98.86)	Acc@5 100.00 (100.00)
Test: [20/50]	Time  0.038 ( 0.049)	Loss 4.2599e-03 (2.6971e-02)	Acc@1 100.00 ( 99.18)	Acc@5 100.00 (100.00)
Test: [30/50]	Time  0.038 ( 0.045)	Loss 1.2615e-02 (2.6186e-02)	Acc@1 100.00 ( 99.14)	Acc@5 100.00 (100.00)
Test: [40/50]	Time  0.038 ( 0.044)	Loss 3.9162e-02 (2.5298e-02)	Acc@1  98.44 ( 99.24)	Acc@5 100.00 (100.00)
 * Acc@1 99.334 Acc@5 100.000
Epoch: [232][  0/115]	Time  0.277 ( 0.277)	Data  0.212 ( 0.212)	Loss 9.5101e-02 (9.5101e-02)	Acc@1  95.31 ( 95.31)	Acc@5 100.00 (100.00)
Epoch: [232][ 10/115]	Time  0.132 ( 0.142)	Data  0.000 ( 0.025)	Loss 8.3133e-02 (5.4453e-02)	Acc@1  96.88 ( 97.73)	Acc@5 100.00 (100.00)
Epoch: [232][ 20/115]	Time  0.129 ( 0.136)	Data  0.000 ( 0.017)	Loss 3.3195e-02 (6.4472e-02)	Acc@1 100.00 ( 97.47)	Acc@5 100.00 (100.00)
Epoch: [232][ 30/115]	Time  0.127 ( 0.134)	Data  0.000 ( 0.014)	Loss 9.4725e-02 (6.5465e-02)	Acc@1  95.31 ( 97.38)	Acc@5 100.00 (100.00)
Epoch: [232][ 40/115]	Time  0.129 ( 0.133)	Data  0.000 ( 0.012)	Loss 1.1001e-01 (7.4322e-02)	Acc@1  95.31 ( 96.95)	Acc@5 100.00 (100.00)
Epoch: [232][ 50/115]	Time  0.133 ( 0.132)	Data  0.000 ( 0.011)	Loss 5.0333e-02 (7.3050e-02)	Acc@1  96.88 ( 96.94)	Acc@5 100.00 (100.00)
Epoch: [232][ 60/115]	Time  0.131 ( 0.131)	Data  0.000 ( 0.010)	Loss 6.6048e-02 (7.0014e-02)	Acc@1  96.88 ( 97.05)	Acc@5 100.00 (100.00)
Epoch: [232][ 70/115]	Time  0.131 ( 0.131)	Data  0.000 ( 0.010)	Loss 6.3819e-02 (6.8712e-02)	Acc@1  98.44 ( 97.21)	Acc@5 100.00 (100.00)
Epoch: [232][ 80/115]	Time  0.129 ( 0.131)	Data  0.000 ( 0.010)	Loss 1.6553e-01 (6.8996e-02)	Acc@1  93.75 ( 97.22)	Acc@5 100.00 (100.00)
Epoch: [232][ 90/115]	Time  0.133 ( 0.131)	Data  0.000 ( 0.009)	Loss 3.3386e-02 (6.8469e-02)	Acc@1  98.44 ( 97.27)	Acc@5 100.00 (100.00)
Epoch: [232][100/115]	Time  0.132 ( 0.131)	Data  0.000 ( 0.009)	Loss 3.0758e-02 (7.0393e-02)	Acc@1  98.44 ( 97.18)	Acc@5 100.00 (100.00)
Epoch: [232][110/115]	Time  0.131 ( 0.131)	Data  0.000 ( 0.009)	Loss 1.9414e-01 (7.1824e-02)	Acc@1  92.19 ( 97.17)	Acc@5 100.00 (100.00)
Test: [ 0/50]	Time  0.261 ( 0.261)	Loss 7.7104e-02 (7.7104e-02)	Acc@1  98.44 ( 98.44)	Acc@5 100.00 (100.00)
Test: [10/50]	Time  0.038 ( 0.057)	Loss 2.7077e-02 (5.0200e-02)	Acc@1  96.88 ( 98.30)	Acc@5 100.00 (100.00)
Test: [20/50]	Time  0.050 ( 0.049)	Loss 7.8855e-03 (3.3301e-02)	Acc@1 100.00 ( 98.81)	Acc@5 100.00 (100.00)
Test: [30/50]	Time  0.038 ( 0.045)	Loss 8.9479e-03 (3.1077e-02)	Acc@1 100.00 ( 98.89)	Acc@5 100.00 (100.00)
Test: [40/50]	Time  0.038 ( 0.044)	Loss 3.3283e-02 (2.7526e-02)	Acc@1  98.44 ( 99.12)	Acc@5 100.00 (100.00)
 * Acc@1 99.239 Acc@5 100.000
Epoch: [233][  0/115]	Time  0.272 ( 0.272)	Data  0.217 ( 0.217)	Loss 7.0488e-02 (7.0488e-02)	Acc@1  98.44 ( 98.44)	Acc@5 100.00 (100.00)
Epoch: [233][ 10/115]	Time  0.126 ( 0.142)	Data  0.000 ( 0.027)	Loss 3.9220e-02 (6.4740e-02)	Acc@1 100.00 ( 97.87)	Acc@5 100.00 (100.00)
Epoch: [233][ 20/115]	Time  0.133 ( 0.136)	Data  0.000 ( 0.017)	Loss 8.2586e-02 (6.4940e-02)	Acc@1  96.88 ( 97.92)	Acc@5 100.00 (100.00)
Epoch: [233][ 30/115]	Time  0.123 ( 0.134)	Data  0.000 ( 0.014)	Loss 1.4715e-01 (6.9514e-02)	Acc@1  93.75 ( 97.63)	Acc@5 100.00 (100.00)
Epoch: [233][ 40/115]	Time  0.130 ( 0.133)	Data  0.000 ( 0.012)	Loss 1.0361e-01 (6.8429e-02)	Acc@1  95.31 ( 97.68)	Acc@5 100.00 (100.00)
Epoch: [233][ 50/115]	Time  0.123 ( 0.132)	Data  0.000 ( 0.011)	Loss 4.9391e-02 (7.1290e-02)	Acc@1  98.44 ( 97.55)	Acc@5 100.00 (100.00)
Epoch: [233][ 60/115]	Time  0.132 ( 0.132)	Data  0.000 ( 0.011)	Loss 8.4437e-02 (7.0552e-02)	Acc@1  98.44 ( 97.59)	Acc@5 100.00 (100.00)
Epoch: [233][ 70/115]	Time  0.128 ( 0.131)	Data  0.000 ( 0.010)	Loss 4.4949e-02 (7.5100e-02)	Acc@1 100.00 ( 97.34)	Acc@5 100.00 (100.00)
Epoch: [233][ 80/115]	Time  0.129 ( 0.131)	Data  0.000 ( 0.010)	Loss 8.3799e-02 (7.4149e-02)	Acc@1  95.31 ( 97.30)	Acc@5 100.00 (100.00)
Epoch: [233][ 90/115]	Time  0.128 ( 0.131)	Data  0.000 ( 0.010)	Loss 5.8571e-02 (7.5787e-02)	Acc@1  98.44 ( 97.25)	Acc@5 100.00 (100.00)
Epoch: [233][100/115]	Time  0.130 ( 0.131)	Data  0.000 ( 0.009)	Loss 9.3277e-02 (7.3274e-02)	Acc@1  96.88 ( 97.35)	Acc@5 100.00 (100.00)
Epoch: [233][110/115]	Time  0.129 ( 0.131)	Data  0.000 ( 0.009)	Loss 4.9385e-02 (7.3892e-02)	Acc@1  98.44 ( 97.38)	Acc@5 100.00 (100.00)
Test: [ 0/50]	Time  0.267 ( 0.267)	Loss 7.1329e-02 (7.1329e-02)	Acc@1  98.44 ( 98.44)	Acc@5 100.00 (100.00)
Test: [10/50]	Time  0.039 ( 0.058)	Loss 2.2344e-02 (4.6470e-02)	Acc@1  98.44 ( 98.58)	Acc@5 100.00 (100.00)
Test: [20/50]	Time  0.038 ( 0.048)	Loss 6.2664e-03 (3.0674e-02)	Acc@1 100.00 ( 98.96)	Acc@5 100.00 (100.00)
Test: [30/50]	Time  0.038 ( 0.045)	Loss 1.1569e-02 (2.9194e-02)	Acc@1 100.00 ( 98.99)	Acc@5 100.00 (100.00)
Test: [40/50]	Time  0.038 ( 0.043)	Loss 3.4733e-02 (2.6884e-02)	Acc@1  98.44 ( 99.09)	Acc@5 100.00 (100.00)
 * Acc@1 99.207 Acc@5 100.000
Epoch: [234][  0/115]	Time  0.285 ( 0.285)	Data  0.224 ( 0.224)	Loss 3.6530e-02 (3.6530e-02)	Acc@1  98.44 ( 98.44)	Acc@5 100.00 (100.00)
Epoch: [234][ 10/115]	Time  0.131 ( 0.141)	Data  0.000 ( 0.026)	Loss 9.6833e-02 (7.7258e-02)	Acc@1  96.88 ( 97.30)	Acc@5 100.00 (100.00)
Epoch: [234][ 20/115]	Time  0.128 ( 0.136)	Data  0.000 ( 0.017)	Loss 8.0567e-02 (7.7415e-02)	Acc@1  96.88 ( 97.17)	Acc@5 100.00 (100.00)
Epoch: [234][ 30/115]	Time  0.131 ( 0.133)	Data  0.000 ( 0.014)	Loss 9.4100e-02 (7.6856e-02)	Acc@1  93.75 ( 96.98)	Acc@5 100.00 (100.00)
Epoch: [234][ 40/115]	Time  0.131 ( 0.132)	Data  0.000 ( 0.012)	Loss 3.2292e-02 (7.2790e-02)	Acc@1  98.44 ( 97.18)	Acc@5 100.00 (100.00)
Epoch: [234][ 50/115]	Time  0.130 ( 0.132)	Data  0.000 ( 0.011)	Loss 2.3562e-02 (6.9444e-02)	Acc@1 100.00 ( 97.30)	Acc@5 100.00 (100.00)
Epoch: [234][ 60/115]	Time  0.127 ( 0.131)	Data  0.000 ( 0.010)	Loss 2.0784e-01 (7.1459e-02)	Acc@1  95.31 ( 97.34)	Acc@5 100.00 (100.00)
Epoch: [234][ 70/115]	Time  0.129 ( 0.131)	Data  0.000 ( 0.010)	Loss 8.2661e-02 (7.0551e-02)	Acc@1  96.88 ( 97.43)	Acc@5 100.00 (100.00)
Epoch: [234][ 80/115]	Time  0.129 ( 0.131)	Data  0.000 ( 0.010)	Loss 9.6992e-02 (7.1444e-02)	Acc@1  98.44 ( 97.42)	Acc@5 100.00 (100.00)
Epoch: [234][ 90/115]	Time  0.134 ( 0.131)	Data  0.000 ( 0.009)	Loss 1.3683e-02 (7.0826e-02)	Acc@1 100.00 ( 97.41)	Acc@5 100.00 (100.00)
Epoch: [234][100/115]	Time  0.127 ( 0.131)	Data  0.000 ( 0.009)	Loss 3.9466e-02 (6.8110e-02)	Acc@1 100.00 ( 97.52)	Acc@5 100.00 (100.00)
Epoch: [234][110/115]	Time  0.132 ( 0.131)	Data  0.000 ( 0.009)	Loss 3.6985e-02 (6.7779e-02)	Acc@1  98.44 ( 97.56)	Acc@5 100.00 (100.00)
Test: [ 0/50]	Time  0.260 ( 0.260)	Loss 7.4341e-02 (7.4341e-02)	Acc@1  98.44 ( 98.44)	Acc@5 100.00 (100.00)
Test: [10/50]	Time  0.037 ( 0.056)	Loss 2.4625e-02 (4.9644e-02)	Acc@1  96.88 ( 98.30)	Acc@5 100.00 (100.00)
Test: [20/50]	Time  0.038 ( 0.048)	Loss 8.8584e-03 (3.3207e-02)	Acc@1 100.00 ( 98.81)	Acc@5 100.00 (100.00)
Test: [30/50]	Time  0.037 ( 0.045)	Loss 9.3538e-03 (3.1380e-02)	Acc@1 100.00 ( 98.89)	Acc@5 100.00 (100.00)
Test: [40/50]	Time  0.042 ( 0.043)	Loss 3.2176e-02 (2.8006e-02)	Acc@1  98.44 ( 99.05)	Acc@5 100.00 (100.00)
 * Acc@1 99.144 Acc@5 100.000
Epoch: [235][  0/115]	Time  0.274 ( 0.274)	Data  0.218 ( 0.218)	Loss 3.1530e-02 (3.1530e-02)	Acc@1  98.44 ( 98.44)	Acc@5 100.00 (100.00)
Epoch: [235][ 10/115]	Time  0.133 ( 0.142)	Data  0.000 ( 0.027)	Loss 1.9642e-02 (5.1342e-02)	Acc@1 100.00 ( 97.87)	Acc@5 100.00 (100.00)
Epoch: [235][ 20/115]	Time  0.129 ( 0.136)	Data  0.000 ( 0.017)	Loss 1.1614e-01 (6.5155e-02)	Acc@1  93.75 ( 97.25)	Acc@5 100.00 (100.00)
Epoch: [235][ 30/115]	Time  0.127 ( 0.134)	Data  0.000 ( 0.014)	Loss 8.6812e-02 (6.3539e-02)	Acc@1  96.88 ( 97.43)	Acc@5 100.00 (100.00)
Epoch: [235][ 40/115]	Time  0.132 ( 0.132)	Data  0.000 ( 0.012)	Loss 7.4173e-02 (6.5278e-02)	Acc@1  96.88 ( 97.41)	Acc@5 100.00 (100.00)
Epoch: [235][ 50/115]	Time  0.127 ( 0.132)	Data  0.000 ( 0.011)	Loss 3.9615e-02 (6.3498e-02)	Acc@1 100.00 ( 97.43)	Acc@5 100.00 (100.00)
Epoch: [235][ 60/115]	Time  0.129 ( 0.131)	Data  0.000 ( 0.011)	Loss 1.0502e-01 (5.9998e-02)	Acc@1  93.75 ( 97.59)	Acc@5 100.00 (100.00)
Epoch: [235][ 70/115]	Time  0.126 ( 0.131)	Data  0.000 ( 0.010)	Loss 5.6285e-02 (6.7029e-02)	Acc@1  98.44 ( 97.56)	Acc@5 100.00 (100.00)
Epoch: [235][ 80/115]	Time  0.129 ( 0.131)	Data  0.000 ( 0.010)	Loss 1.9023e-02 (6.8716e-02)	Acc@1 100.00 ( 97.61)	Acc@5 100.00 (100.00)
Epoch: [235][ 90/115]	Time  0.128 ( 0.131)	Data  0.000 ( 0.009)	Loss 3.7478e-02 (6.5213e-02)	Acc@1  98.44 ( 97.73)	Acc@5 100.00 (100.00)
Epoch: [235][100/115]	Time  0.133 ( 0.131)	Data  0.000 ( 0.009)	Loss 5.0172e-02 (6.4074e-02)	Acc@1  96.88 ( 97.74)	Acc@5 100.00 (100.00)
Epoch: [235][110/115]	Time  0.128 ( 0.131)	Data  0.000 ( 0.009)	Loss 1.4914e-01 (6.4213e-02)	Acc@1  95.31 ( 97.71)	Acc@5 100.00 (100.00)
Test: [ 0/50]	Time  0.257 ( 0.257)	Loss 7.0751e-02 (7.0751e-02)	Acc@1  98.44 ( 98.44)	Acc@5 100.00 (100.00)
Test: [10/50]	Time  0.037 ( 0.057)	Loss 2.2828e-02 (4.5131e-02)	Acc@1  98.44 ( 98.72)	Acc@5 100.00 (100.00)
Test: [20/50]	Time  0.038 ( 0.048)	Loss 6.2859e-03 (2.9566e-02)	Acc@1 100.00 ( 99.03)	Acc@5 100.00 (100.00)
Test: [30/50]	Time  0.037 ( 0.045)	Loss 1.0980e-02 (2.8123e-02)	Acc@1 100.00 ( 99.04)	Acc@5 100.00 (100.00)
Test: [40/50]	Time  0.038 ( 0.044)	Loss 3.6743e-02 (2.6111e-02)	Acc@1  98.44 ( 99.16)	Acc@5 100.00 (100.00)
 * Acc@1 99.271 Acc@5 100.000
Epoch: [236][  0/115]	Time  0.272 ( 0.272)	Data  0.211 ( 0.211)	Loss 3.0622e-02 (3.0622e-02)	Acc@1  98.44 ( 98.44)	Acc@5 100.00 (100.00)
Epoch: [236][ 10/115]	Time  0.122 ( 0.140)	Data  0.000 ( 0.025)	Loss 9.4349e-02 (6.0286e-02)	Acc@1  95.31 ( 97.73)	Acc@5 100.00 (100.00)
Epoch: [236][ 20/115]	Time  0.130 ( 0.135)	Data  0.000 ( 0.016)	Loss 8.8881e-02 (7.0318e-02)	Acc@1  96.88 ( 97.25)	Acc@5 100.00 (100.00)
Epoch: [236][ 30/115]	Time  0.120 ( 0.133)	Data  0.000 ( 0.013)	Loss 6.7892e-02 (7.3776e-02)	Acc@1  96.88 ( 97.08)	Acc@5 100.00 (100.00)
Epoch: [236][ 40/115]	Time  0.127 ( 0.132)	Data  0.000 ( 0.012)	Loss 3.8216e-02 (7.4002e-02)	Acc@1  96.88 ( 96.95)	Acc@5 100.00 (100.00)
Epoch: [236][ 50/115]	Time  0.131 ( 0.132)	Data  0.000 ( 0.011)	Loss 6.7002e-02 (7.1901e-02)	Acc@1  96.88 ( 97.09)	Acc@5 100.00 (100.00)
Epoch: [236][ 60/115]	Time  0.129 ( 0.131)	Data  0.000 ( 0.010)	Loss 7.8826e-02 (6.9868e-02)	Acc@1  98.44 ( 97.26)	Acc@5 100.00 (100.00)
Epoch: [236][ 70/115]	Time  0.129 ( 0.131)	Data  0.000 ( 0.010)	Loss 2.5382e-02 (7.0352e-02)	Acc@1 100.00 ( 97.18)	Acc@5 100.00 (100.00)
Epoch: [236][ 80/115]	Time  0.129 ( 0.131)	Data  0.000 ( 0.010)	Loss 4.3096e-02 (7.0904e-02)	Acc@1  98.44 ( 97.18)	Acc@5 100.00 (100.00)
Epoch: [236][ 90/115]	Time  0.129 ( 0.131)	Data  0.000 ( 0.009)	Loss 3.7370e-02 (7.0697e-02)	Acc@1  98.44 ( 97.15)	Acc@5 100.00 (100.00)
Epoch: [236][100/115]	Time  0.130 ( 0.131)	Data  0.000 ( 0.009)	Loss 7.0850e-02 (7.2723e-02)	Acc@1  98.44 ( 97.17)	Acc@5 100.00 (100.00)
Epoch: [236][110/115]	Time  0.129 ( 0.131)	Data  0.000 ( 0.009)	Loss 7.0515e-02 (7.4682e-02)	Acc@1  96.88 ( 97.13)	Acc@5 100.00 (100.00)
Test: [ 0/50]	Time  0.259 ( 0.259)	Loss 7.1032e-02 (7.1032e-02)	Acc@1  98.44 ( 98.44)	Acc@5 100.00 (100.00)
Test: [10/50]	Time  0.037 ( 0.057)	Loss 2.2178e-02 (4.5649e-02)	Acc@1  98.44 ( 98.72)	Acc@5 100.00 (100.00)
Test: [20/50]	Time  0.038 ( 0.048)	Loss 6.4914e-03 (2.9905e-02)	Acc@1 100.00 ( 99.11)	Acc@5 100.00 (100.00)
Test: [30/50]	Time  0.038 ( 0.045)	Loss 1.0836e-02 (2.8536e-02)	Acc@1 100.00 ( 99.09)	Acc@5 100.00 (100.00)
Test: [40/50]	Time  0.038 ( 0.043)	Loss 3.7687e-02 (2.6221e-02)	Acc@1  98.44 ( 99.20)	Acc@5 100.00 (100.00)
 * Acc@1 99.302 Acc@5 100.000
Epoch: [237][  0/115]	Time  0.271 ( 0.271)	Data  0.208 ( 0.208)	Loss 5.9010e-02 (5.9010e-02)	Acc@1  98.44 ( 98.44)	Acc@5 100.00 (100.00)
Epoch: [237][ 10/115]	Time  0.127 ( 0.141)	Data  0.000 ( 0.025)	Loss 5.6586e-02 (8.0287e-02)	Acc@1  98.44 ( 96.73)	Acc@5 100.00 (100.00)
Epoch: [237][ 20/115]	Time  0.131 ( 0.135)	Data  0.000 ( 0.016)	Loss 2.8401e-02 (6.6030e-02)	Acc@1 100.00 ( 97.40)	Acc@5 100.00 (100.00)
Epoch: [237][ 30/115]	Time  0.132 ( 0.134)	Data  0.000 ( 0.014)	Loss 2.9877e-02 (7.1160e-02)	Acc@1 100.00 ( 97.23)	Acc@5 100.00 (100.00)
Epoch: [237][ 40/115]	Time  0.129 ( 0.132)	Data  0.000 ( 0.012)	Loss 1.8822e-02 (7.3562e-02)	Acc@1 100.00 ( 97.18)	Acc@5 100.00 (100.00)
Epoch: [237][ 50/115]	Time  0.126 ( 0.132)	Data  0.000 ( 0.011)	Loss 4.6550e-02 (7.3889e-02)	Acc@1  96.88 ( 97.27)	Acc@5 100.00 (100.00)
Epoch: [237][ 60/115]	Time  0.133 ( 0.131)	Data  0.000 ( 0.010)	Loss 5.1369e-02 (7.3462e-02)	Acc@1  98.44 ( 97.34)	Acc@5 100.00 (100.00)
Epoch: [237][ 70/115]	Time  0.129 ( 0.131)	Data  0.000 ( 0.010)	Loss 2.5762e-01 (7.6465e-02)	Acc@1  93.75 ( 97.25)	Acc@5 100.00 (100.00)
Epoch: [237][ 80/115]	Time  0.131 ( 0.131)	Data  0.000 ( 0.010)	Loss 1.0382e-01 (7.5310e-02)	Acc@1  96.88 ( 97.36)	Acc@5 100.00 (100.00)
Epoch: [237][ 90/115]	Time  0.129 ( 0.131)	Data  0.000 ( 0.009)	Loss 1.5314e-02 (7.2782e-02)	Acc@1 100.00 ( 97.42)	Acc@5 100.00 (100.00)
Epoch: [237][100/115]	Time  0.133 ( 0.131)	Data  0.000 ( 0.009)	Loss 9.0010e-02 (7.2401e-02)	Acc@1  98.44 ( 97.45)	Acc@5 100.00 (100.00)
Epoch: [237][110/115]	Time  0.129 ( 0.131)	Data  0.000 ( 0.009)	Loss 4.2692e-02 (7.4057e-02)	Acc@1  98.44 ( 97.33)	Acc@5 100.00 (100.00)
Test: [ 0/50]	Time  0.268 ( 0.268)	Loss 6.4927e-02 (6.4927e-02)	Acc@1  98.44 ( 98.44)	Acc@5 100.00 (100.00)
Test: [10/50]	Time  0.038 ( 0.058)	Loss 1.7370e-02 (4.0485e-02)	Acc@1 100.00 ( 98.86)	Acc@5 100.00 (100.00)
Test: [20/50]	Time  0.042 ( 0.049)	Loss 4.4831e-03 (2.6090e-02)	Acc@1 100.00 ( 99.26)	Acc@5 100.00 (100.00)
Test: [30/50]	Time  0.037 ( 0.045)	Loss 1.3078e-02 (2.5500e-02)	Acc@1 100.00 ( 99.14)	Acc@5 100.00 (100.00)
Test: [40/50]	Time  0.038 ( 0.044)	Loss 4.1600e-02 (2.5317e-02)	Acc@1  98.44 ( 99.20)	Acc@5 100.00 (100.00)
 * Acc@1 99.271 Acc@5 100.000
Epoch: [238][  0/115]	Time  0.260 ( 0.260)	Data  0.206 ( 0.206)	Loss 1.0849e-01 (1.0849e-01)	Acc@1  95.31 ( 95.31)	Acc@5 100.00 (100.00)
Epoch: [238][ 10/115]	Time  0.131 ( 0.141)	Data  0.000 ( 0.025)	Loss 8.8810e-02 (6.6252e-02)	Acc@1  96.88 ( 97.59)	Acc@5 100.00 (100.00)
Epoch: [238][ 20/115]	Time  0.127 ( 0.135)	Data  0.000 ( 0.017)	Loss 7.1657e-02 (6.4033e-02)	Acc@1  95.31 ( 97.69)	Acc@5 100.00 (100.00)
Epoch: [238][ 30/115]	Time  0.131 ( 0.133)	Data  0.000 ( 0.014)	Loss 3.5408e-02 (6.0532e-02)	Acc@1  98.44 ( 97.63)	Acc@5 100.00 (100.00)
Epoch: [238][ 40/115]	Time  0.129 ( 0.132)	Data  0.000 ( 0.012)	Loss 4.7496e-02 (6.0066e-02)	Acc@1  98.44 ( 97.71)	Acc@5 100.00 (100.00)
Epoch: [238][ 50/115]	Time  0.127 ( 0.131)	Data  0.000 ( 0.011)	Loss 3.1514e-02 (6.7806e-02)	Acc@1 100.00 ( 97.40)	Acc@5 100.00 (100.00)
Epoch: [238][ 60/115]	Time  0.129 ( 0.131)	Data  0.000 ( 0.010)	Loss 8.3160e-02 (6.9310e-02)	Acc@1  96.88 ( 97.39)	Acc@5 100.00 (100.00)
Epoch: [238][ 70/115]	Time  0.132 ( 0.131)	Data  0.000 ( 0.010)	Loss 6.7397e-02 (6.7128e-02)	Acc@1  98.44 ( 97.54)	Acc@5 100.00 (100.00)
Epoch: [238][ 80/115]	Time  0.129 ( 0.130)	Data  0.000 ( 0.010)	Loss 1.0671e-01 (6.6058e-02)	Acc@1  96.88 ( 97.65)	Acc@5 100.00 (100.00)
Epoch: [238][ 90/115]	Time  0.129 ( 0.130)	Data  0.000 ( 0.009)	Loss 6.0373e-02 (6.6917e-02)	Acc@1  96.88 ( 97.61)	Acc@5 100.00 (100.00)
Epoch: [238][100/115]	Time  0.128 ( 0.130)	Data  0.000 ( 0.009)	Loss 9.0176e-02 (6.8337e-02)	Acc@1  98.44 ( 97.54)	Acc@5 100.00 (100.00)
Epoch: [238][110/115]	Time  0.130 ( 0.130)	Data  0.000 ( 0.009)	Loss 2.2539e-02 (6.8628e-02)	Acc@1 100.00 ( 97.56)	Acc@5 100.00 (100.00)
Test: [ 0/50]	Time  0.260 ( 0.260)	Loss 6.1316e-02 (6.1316e-02)	Acc@1  98.44 ( 98.44)	Acc@5 100.00 (100.00)
Test: [10/50]	Time  0.037 ( 0.058)	Loss 1.8251e-02 (4.2250e-02)	Acc@1 100.00 ( 98.86)	Acc@5 100.00 (100.00)
Test: [20/50]	Time  0.038 ( 0.048)	Loss 5.9489e-03 (2.7471e-02)	Acc@1 100.00 ( 99.18)	Acc@5 100.00 (100.00)
Test: [30/50]	Time  0.038 ( 0.045)	Loss 1.1808e-02 (2.6425e-02)	Acc@1 100.00 ( 99.14)	Acc@5 100.00 (100.00)
Test: [40/50]	Time  0.038 ( 0.043)	Loss 3.8625e-02 (2.5409e-02)	Acc@1  98.44 ( 99.24)	Acc@5 100.00 (100.00)
 * Acc@1 99.334 Acc@5 100.000
Epoch: [239][  0/115]	Time  0.279 ( 0.279)	Data  0.224 ( 0.224)	Loss 4.9239e-02 (4.9239e-02)	Acc@1  98.44 ( 98.44)	Acc@5 100.00 (100.00)
Epoch: [239][ 10/115]	Time  0.129 ( 0.142)	Data  0.000 ( 0.027)	Loss 8.0790e-02 (6.5922e-02)	Acc@1  98.44 ( 98.15)	Acc@5 100.00 (100.00)
Epoch: [239][ 20/115]	Time  0.130 ( 0.136)	Data  0.000 ( 0.017)	Loss 9.9005e-02 (6.4753e-02)	Acc@1  96.88 ( 97.84)	Acc@5 100.00 (100.00)
Epoch: [239][ 30/115]	Time  0.130 ( 0.134)	Data  0.000 ( 0.014)	Loss 5.6834e-02 (6.9464e-02)	Acc@1  98.44 ( 97.73)	Acc@5 100.00 (100.00)
Epoch: [239][ 40/115]	Time  0.128 ( 0.133)	Data  0.000 ( 0.012)	Loss 2.8708e-02 (7.5720e-02)	Acc@1 100.00 ( 97.52)	Acc@5 100.00 (100.00)
Epoch: [239][ 50/115]	Time  0.130 ( 0.132)	Data  0.000 ( 0.011)	Loss 1.0773e-01 (7.5976e-02)	Acc@1  95.31 ( 97.33)	Acc@5 100.00 (100.00)
Epoch: [239][ 60/115]	Time  0.126 ( 0.132)	Data  0.000 ( 0.011)	Loss 6.5702e-02 (7.1194e-02)	Acc@1  98.44 ( 97.52)	Acc@5 100.00 (100.00)
Epoch: [239][ 70/115]	Time  0.129 ( 0.131)	Data  0.000 ( 0.010)	Loss 8.5621e-02 (6.9920e-02)	Acc@1  95.31 ( 97.54)	Acc@5 100.00 (100.00)
Epoch: [239][ 80/115]	Time  0.134 ( 0.131)	Data  0.000 ( 0.010)	Loss 7.6791e-02 (7.0623e-02)	Acc@1  96.88 ( 97.49)	Acc@5 100.00 (100.00)
Epoch: [239][ 90/115]	Time  0.129 ( 0.131)	Data  0.000 ( 0.009)	Loss 4.6711e-02 (6.9765e-02)	Acc@1  98.44 ( 97.53)	Acc@5 100.00 (100.00)
Epoch: [239][100/115]	Time  0.130 ( 0.131)	Data  0.000 ( 0.009)	Loss 1.6471e-02 (6.9627e-02)	Acc@1 100.00 ( 97.48)	Acc@5 100.00 (100.00)
Epoch: [239][110/115]	Time  0.128 ( 0.131)	Data  0.000 ( 0.009)	Loss 1.0982e-01 (7.1273e-02)	Acc@1  96.88 ( 97.42)	Acc@5 100.00 (100.00)
Test: [ 0/50]	Time  0.264 ( 0.264)	Loss 7.0584e-02 (7.0584e-02)	Acc@1  98.44 ( 98.44)	Acc@5 100.00 (100.00)
Test: [10/50]	Time  0.038 ( 0.058)	Loss 2.5491e-02 (4.5686e-02)	Acc@1  96.88 ( 98.58)	Acc@5 100.00 (100.00)
Test: [20/50]	Time  0.038 ( 0.048)	Loss 5.7711e-03 (2.9771e-02)	Acc@1 100.00 ( 98.96)	Acc@5 100.00 (100.00)
Test: [30/50]	Time  0.038 ( 0.045)	Loss 1.0951e-02 (2.8355e-02)	Acc@1 100.00 ( 98.99)	Acc@5 100.00 (100.00)
Test: [40/50]	Time  0.038 ( 0.043)	Loss 3.3891e-02 (2.6183e-02)	Acc@1  98.44 ( 99.12)	Acc@5 100.00 (100.00)
 * Acc@1 99.239 Acc@5 100.000
Epoch: [240][  0/115]	Time  0.274 ( 0.274)	Data  0.215 ( 0.215)	Loss 1.2239e-01 (1.2239e-01)	Acc@1  96.88 ( 96.88)	Acc@5 100.00 (100.00)
Epoch: [240][ 10/115]	Time  0.129 ( 0.142)	Data  0.000 ( 0.026)	Loss 1.2922e-01 (1.0010e-01)	Acc@1  95.31 ( 96.59)	Acc@5 100.00 (100.00)
Epoch: [240][ 20/115]	Time  0.128 ( 0.135)	Data  0.000 ( 0.017)	Loss 6.8496e-02 (8.4564e-02)	Acc@1  95.31 ( 97.32)	Acc@5 100.00 (100.00)
Epoch: [240][ 30/115]	Time  0.131 ( 0.133)	Data  0.000 ( 0.014)	Loss 1.1159e-01 (8.0568e-02)	Acc@1  96.88 ( 97.48)	Acc@5 100.00 (100.00)
Epoch: [240][ 40/115]	Time  0.127 ( 0.132)	Data  0.000 ( 0.012)	Loss 3.8098e-02 (7.5612e-02)	Acc@1  98.44 ( 97.52)	Acc@5 100.00 (100.00)
Epoch: [240][ 50/115]	Time  0.130 ( 0.131)	Data  0.000 ( 0.011)	Loss 6.8305e-02 (7.5508e-02)	Acc@1  96.88 ( 97.52)	Acc@5 100.00 (100.00)
Epoch: [240][ 60/115]	Time  0.123 ( 0.131)	Data  0.000 ( 0.010)	Loss 1.3349e-01 (7.2871e-02)	Acc@1  95.31 ( 97.57)	Acc@5 100.00 (100.00)
Epoch: [240][ 70/115]	Time  0.128 ( 0.131)	Data  0.000 ( 0.010)	Loss 3.1601e-02 (7.0154e-02)	Acc@1  98.44 ( 97.65)	Acc@5 100.00 (100.00)
Epoch: [240][ 80/115]	Time  0.130 ( 0.131)	Data  0.000 ( 0.010)	Loss 3.6116e-02 (6.9629e-02)	Acc@1  98.44 ( 97.63)	Acc@5 100.00 (100.00)
Epoch: [240][ 90/115]	Time  0.135 ( 0.130)	Data  0.000 ( 0.009)	Loss 7.3948e-02 (6.7790e-02)	Acc@1  96.88 ( 97.66)	Acc@5 100.00 (100.00)
Epoch: [240][100/115]	Time  0.130 ( 0.130)	Data  0.000 ( 0.009)	Loss 3.1491e-02 (6.7227e-02)	Acc@1 100.00 ( 97.62)	Acc@5 100.00 (100.00)
Epoch: [240][110/115]	Time  0.129 ( 0.130)	Data  0.000 ( 0.009)	Loss 5.5021e-02 (6.7188e-02)	Acc@1  96.88 ( 97.61)	Acc@5 100.00 (100.00)
Test: [ 0/50]	Time  0.288 ( 0.288)	Loss 6.0227e-02 (6.0227e-02)	Acc@1  98.44 ( 98.44)	Acc@5 100.00 (100.00)
Test: [10/50]	Time  0.037 ( 0.060)	Loss 1.4175e-02 (3.8125e-02)	Acc@1 100.00 ( 99.01)	Acc@5 100.00 (100.00)
Test: [20/50]	Time  0.039 ( 0.049)	Loss 3.8711e-03 (2.4181e-02)	Acc@1 100.00 ( 99.33)	Acc@5 100.00 (100.00)
Test: [30/50]	Time  0.038 ( 0.046)	Loss 1.3749e-02 (2.3941e-02)	Acc@1 100.00 ( 99.24)	Acc@5 100.00 (100.00)
Test: [40/50]	Time  0.038 ( 0.044)	Loss 4.2925e-02 (2.4663e-02)	Acc@1  98.44 ( 99.28)	Acc@5 100.00 (100.00)
 * Acc@1 99.334 Acc@5 100.000
Epoch: [241][  0/115]	Time  0.265 ( 0.265)	Data  0.210 ( 0.210)	Loss 1.2036e-02 (1.2036e-02)	Acc@1 100.00 (100.00)	Acc@5 100.00 (100.00)
Epoch: [241][ 10/115]	Time  0.130 ( 0.142)	Data  0.000 ( 0.026)	Loss 6.2367e-02 (8.0185e-02)	Acc@1  98.44 ( 97.73)	Acc@5 100.00 (100.00)
Epoch: [241][ 20/115]	Time  0.132 ( 0.136)	Data  0.000 ( 0.017)	Loss 4.2247e-02 (7.9734e-02)	Acc@1  98.44 ( 97.25)	Acc@5 100.00 (100.00)
Epoch: [241][ 30/115]	Time  0.129 ( 0.134)	Data  0.000 ( 0.014)	Loss 2.8263e-02 (7.5088e-02)	Acc@1  98.44 ( 97.33)	Acc@5 100.00 (100.00)
Epoch: [241][ 40/115]	Time  0.132 ( 0.133)	Data  0.000 ( 0.012)	Loss 5.6581e-02 (7.3923e-02)	Acc@1  96.88 ( 97.29)	Acc@5 100.00 (100.00)
Epoch: [241][ 50/115]	Time  0.130 ( 0.132)	Data  0.000 ( 0.011)	Loss 8.0508e-02 (7.3162e-02)	Acc@1  96.88 ( 97.40)	Acc@5 100.00 (100.00)
Epoch: [241][ 60/115]	Time  0.134 ( 0.131)	Data  0.000 ( 0.010)	Loss 1.2685e-01 (7.1641e-02)	Acc@1  95.31 ( 97.44)	Acc@5 100.00 (100.00)
Epoch: [241][ 70/115]	Time  0.132 ( 0.131)	Data  0.000 ( 0.010)	Loss 2.5938e-02 (7.1298e-02)	Acc@1 100.00 ( 97.40)	Acc@5 100.00 (100.00)
Epoch: [241][ 80/115]	Time  0.131 ( 0.131)	Data  0.000 ( 0.010)	Loss 7.4811e-02 (6.6922e-02)	Acc@1  98.44 ( 97.59)	Acc@5 100.00 (100.00)
Epoch: [241][ 90/115]	Time  0.125 ( 0.131)	Data  0.000 ( 0.009)	Loss 5.9099e-02 (6.5742e-02)	Acc@1  96.88 ( 97.63)	Acc@5 100.00 (100.00)
Epoch: [241][100/115]	Time  0.137 ( 0.131)	Data  0.000 ( 0.009)	Loss 5.4367e-02 (6.8156e-02)	Acc@1  98.44 ( 97.57)	Acc@5 100.00 (100.00)
Epoch: [241][110/115]	Time  0.126 ( 0.131)	Data  0.000 ( 0.009)	Loss 1.1525e-01 (7.2603e-02)	Acc@1  98.44 ( 97.41)	Acc@5 100.00 (100.00)
Test: [ 0/50]	Time  0.271 ( 0.271)	Loss 6.7359e-02 (6.7359e-02)	Acc@1  98.44 ( 98.44)	Acc@5 100.00 (100.00)
Test: [10/50]	Time  0.037 ( 0.058)	Loss 1.8351e-02 (4.1172e-02)	Acc@1 100.00 ( 98.86)	Acc@5 100.00 (100.00)
Test: [20/50]	Time  0.038 ( 0.049)	Loss 5.4759e-03 (2.6594e-02)	Acc@1 100.00 ( 99.26)	Acc@5 100.00 (100.00)
Test: [30/50]	Time  0.037 ( 0.045)	Loss 1.2818e-02 (2.6018e-02)	Acc@1 100.00 ( 99.19)	Acc@5 100.00 (100.00)
Test: [40/50]	Time  0.038 ( 0.043)	Loss 4.0390e-02 (2.5489e-02)	Acc@1  98.44 ( 99.28)	Acc@5 100.00 (100.00)
 * Acc@1 99.334 Acc@5 100.000
Epoch: [242][  0/115]	Time  0.265 ( 0.265)	Data  0.210 ( 0.210)	Loss 6.0316e-02 (6.0316e-02)	Acc@1  95.31 ( 95.31)	Acc@5 100.00 (100.00)
Epoch: [242][ 10/115]	Time  0.130 ( 0.141)	Data  0.000 ( 0.026)	Loss 5.2024e-02 (5.9374e-02)	Acc@1  98.44 ( 97.16)	Acc@5 100.00 (100.00)
Epoch: [242][ 20/115]	Time  0.127 ( 0.135)	Data  0.000 ( 0.017)	Loss 1.3301e-01 (6.8068e-02)	Acc@1  96.88 ( 97.32)	Acc@5 100.00 (100.00)
Epoch: [242][ 30/115]	Time  0.130 ( 0.134)	Data  0.000 ( 0.014)	Loss 1.7861e-01 (6.7387e-02)	Acc@1  96.88 ( 97.53)	Acc@5 100.00 (100.00)
Epoch: [242][ 40/115]	Time  0.131 ( 0.132)	Data  0.000 ( 0.012)	Loss 3.7987e-02 (6.5586e-02)	Acc@1 100.00 ( 97.64)	Acc@5 100.00 (100.00)
Epoch: [242][ 50/115]	Time  0.129 ( 0.132)	Data  0.000 ( 0.011)	Loss 8.7259e-02 (6.1981e-02)	Acc@1  96.88 ( 97.79)	Acc@5 100.00 (100.00)
Epoch: [242][ 60/115]	Time  0.127 ( 0.131)	Data  0.000 ( 0.010)	Loss 7.0679e-02 (6.1259e-02)	Acc@1  96.88 ( 97.80)	Acc@5 100.00 (100.00)
Epoch: [242][ 70/115]	Time  0.131 ( 0.131)	Data  0.000 ( 0.010)	Loss 9.5837e-02 (6.4435e-02)	Acc@1  95.31 ( 97.62)	Acc@5 100.00 (100.00)
Epoch: [242][ 80/115]	Time  0.130 ( 0.131)	Data  0.000 ( 0.010)	Loss 6.6278e-02 (6.7895e-02)	Acc@1  98.44 ( 97.47)	Acc@5 100.00 (100.00)
Epoch: [242][ 90/115]	Time  0.132 ( 0.130)	Data  0.000 ( 0.009)	Loss 1.9506e-02 (6.6593e-02)	Acc@1 100.00 ( 97.56)	Acc@5 100.00 (100.00)
Epoch: [242][100/115]	Time  0.126 ( 0.130)	Data  0.000 ( 0.009)	Loss 4.8720e-02 (6.6966e-02)	Acc@1  98.44 ( 97.54)	Acc@5 100.00 (100.00)
Epoch: [242][110/115]	Time  0.131 ( 0.130)	Data  0.000 ( 0.009)	Loss 1.2361e-01 (6.8613e-02)	Acc@1  96.88 ( 97.51)	Acc@5 100.00 (100.00)
Test: [ 0/50]	Time  0.258 ( 0.258)	Loss 6.8892e-02 (6.8892e-02)	Acc@1  98.44 ( 98.44)	Acc@5 100.00 (100.00)
Test: [10/50]	Time  0.037 ( 0.057)	Loss 2.1500e-02 (4.6709e-02)	Acc@1  98.44 ( 98.72)	Acc@5 100.00 (100.00)
Test: [20/50]	Time  0.038 ( 0.048)	Loss 6.6471e-03 (3.0728e-02)	Acc@1 100.00 ( 99.11)	Acc@5 100.00 (100.00)
Test: [30/50]	Time  0.038 ( 0.045)	Loss 1.1140e-02 (2.9117e-02)	Acc@1 100.00 ( 99.09)	Acc@5 100.00 (100.00)
Test: [40/50]	Time  0.038 ( 0.043)	Loss 3.6538e-02 (2.6441e-02)	Acc@1  98.44 ( 99.20)	Acc@5 100.00 (100.00)
 * Acc@1 99.302 Acc@5 100.000
Epoch: [243][  0/115]	Time  0.272 ( 0.272)	Data  0.217 ( 0.217)	Loss 8.6601e-02 (8.6601e-02)	Acc@1  96.88 ( 96.88)	Acc@5 100.00 (100.00)
Epoch: [243][ 10/115]	Time  0.132 ( 0.143)	Data  0.000 ( 0.027)	Loss 3.5380e-02 (5.6748e-02)	Acc@1  98.44 ( 97.73)	Acc@5 100.00 (100.00)
Epoch: [243][ 20/115]	Time  0.131 ( 0.136)	Data  0.000 ( 0.017)	Loss 2.7784e-02 (5.9188e-02)	Acc@1  98.44 ( 97.77)	Acc@5 100.00 (100.00)
Epoch: [243][ 30/115]	Time  0.126 ( 0.134)	Data  0.000 ( 0.014)	Loss 7.2854e-02 (5.8414e-02)	Acc@1  96.88 ( 97.73)	Acc@5 100.00 (100.00)
Epoch: [243][ 40/115]	Time  0.133 ( 0.133)	Data  0.000 ( 0.012)	Loss 5.8665e-02 (5.9192e-02)	Acc@1  98.44 ( 97.68)	Acc@5 100.00 (100.00)
Epoch: [243][ 50/115]	Time  0.128 ( 0.132)	Data  0.000 ( 0.011)	Loss 2.2759e-02 (6.5084e-02)	Acc@1 100.00 ( 97.52)	Acc@5 100.00 (100.00)
Epoch: [243][ 60/115]	Time  0.129 ( 0.132)	Data  0.000 ( 0.011)	Loss 5.1321e-02 (6.6491e-02)	Acc@1  96.88 ( 97.44)	Acc@5 100.00 (100.00)
Epoch: [243][ 70/115]	Time  0.131 ( 0.132)	Data  0.000 ( 0.010)	Loss 6.4588e-02 (6.6913e-02)	Acc@1  96.88 ( 97.45)	Acc@5 100.00 (100.00)
Epoch: [243][ 80/115]	Time  0.131 ( 0.131)	Data  0.000 ( 0.010)	Loss 1.6649e-01 (6.8934e-02)	Acc@1  93.75 ( 97.36)	Acc@5 100.00 (100.00)
Epoch: [243][ 90/115]	Time  0.128 ( 0.131)	Data  0.000 ( 0.009)	Loss 9.4873e-02 (6.9418e-02)	Acc@1  96.88 ( 97.32)	Acc@5 100.00 (100.00)
Epoch: [243][100/115]	Time  0.134 ( 0.131)	Data  0.000 ( 0.009)	Loss 1.4120e-01 (7.2355e-02)	Acc@1  93.75 ( 97.20)	Acc@5 100.00 (100.00)
Epoch: [243][110/115]	Time  0.126 ( 0.131)	Data  0.000 ( 0.009)	Loss 8.4789e-02 (7.4617e-02)	Acc@1  96.88 ( 97.11)	Acc@5 100.00 (100.00)
Test: [ 0/50]	Time  0.257 ( 0.257)	Loss 7.3993e-02 (7.3993e-02)	Acc@1  98.44 ( 98.44)	Acc@5 100.00 (100.00)
Test: [10/50]	Time  0.038 ( 0.056)	Loss 2.4745e-02 (4.8394e-02)	Acc@1  96.88 ( 98.58)	Acc@5 100.00 (100.00)
Test: [20/50]	Time  0.048 ( 0.048)	Loss 6.9825e-03 (3.1951e-02)	Acc@1 100.00 ( 98.96)	Acc@5 100.00 (100.00)
Test: [30/50]	Time  0.037 ( 0.045)	Loss 9.7144e-03 (2.9898e-02)	Acc@1 100.00 ( 98.99)	Acc@5 100.00 (100.00)
Test: [40/50]	Time  0.038 ( 0.043)	Loss 3.4327e-02 (2.6864e-02)	Acc@1  98.44 ( 99.12)	Acc@5 100.00 (100.00)
 * Acc@1 99.239 Acc@5 100.000
Epoch: [244][  0/115]	Time  0.273 ( 0.273)	Data  0.219 ( 0.219)	Loss 3.5191e-02 (3.5191e-02)	Acc@1  98.44 ( 98.44)	Acc@5 100.00 (100.00)
Epoch: [244][ 10/115]	Time  0.129 ( 0.142)	Data  0.000 ( 0.026)	Loss 1.1777e-01 (8.3599e-02)	Acc@1  96.88 ( 97.44)	Acc@5 100.00 (100.00)
Epoch: [244][ 20/115]	Time  0.132 ( 0.136)	Data  0.000 ( 0.017)	Loss 3.4165e-02 (6.4272e-02)	Acc@1  98.44 ( 98.07)	Acc@5 100.00 (100.00)
Epoch: [244][ 30/115]	Time  0.132 ( 0.134)	Data  0.000 ( 0.014)	Loss 3.8284e-02 (6.5775e-02)	Acc@1  98.44 ( 97.78)	Acc@5 100.00 (100.00)
Epoch: [244][ 40/115]	Time  0.127 ( 0.133)	Data  0.000 ( 0.012)	Loss 8.9443e-02 (6.4626e-02)	Acc@1  96.88 ( 97.83)	Acc@5 100.00 (100.00)
Epoch: [244][ 50/115]	Time  0.132 ( 0.132)	Data  0.000 ( 0.011)	Loss 7.7175e-02 (6.3837e-02)	Acc@1  96.88 ( 97.79)	Acc@5 100.00 (100.00)
Epoch: [244][ 60/115]	Time  0.129 ( 0.132)	Data  0.000 ( 0.011)	Loss 5.0766e-02 (6.4821e-02)	Acc@1  98.44 ( 97.75)	Acc@5 100.00 (100.00)
Epoch: [244][ 70/115]	Time  0.135 ( 0.131)	Data  0.000 ( 0.010)	Loss 7.0044e-02 (6.6938e-02)	Acc@1  96.88 ( 97.67)	Acc@5 100.00 (100.00)
Epoch: [244][ 80/115]	Time  0.132 ( 0.131)	Data  0.000 ( 0.010)	Loss 1.8464e-02 (6.6121e-02)	Acc@1 100.00 ( 97.70)	Acc@5 100.00 (100.00)
Epoch: [244][ 90/115]	Time  0.132 ( 0.131)	Data  0.000 ( 0.009)	Loss 6.0806e-02 (7.0248e-02)	Acc@1  96.88 ( 97.48)	Acc@5 100.00 (100.00)
Epoch: [244][100/115]	Time  0.135 ( 0.131)	Data  0.000 ( 0.009)	Loss 7.4059e-02 (6.9407e-02)	Acc@1  98.44 ( 97.52)	Acc@5 100.00 (100.00)
Epoch: [244][110/115]	Time  0.135 ( 0.131)	Data  0.000 ( 0.009)	Loss 1.8967e-01 (6.9755e-02)	Acc@1  96.88 ( 97.48)	Acc@5 100.00 (100.00)
Test: [ 0/50]	Time  0.273 ( 0.273)	Loss 7.5088e-02 (7.5088e-02)	Acc@1  98.44 ( 98.44)	Acc@5 100.00 (100.00)
Test: [10/50]	Time  0.037 ( 0.058)	Loss 2.5854e-02 (4.9472e-02)	Acc@1  96.88 ( 98.44)	Acc@5 100.00 (100.00)
Test: [20/50]	Time  0.038 ( 0.049)	Loss 7.2616e-03 (3.2864e-02)	Acc@1 100.00 ( 98.88)	Acc@5 100.00 (100.00)
Test: [30/50]	Time  0.038 ( 0.045)	Loss 9.1594e-03 (3.0887e-02)	Acc@1 100.00 ( 98.94)	Acc@5 100.00 (100.00)
Test: [40/50]	Time  0.038 ( 0.043)	Loss 3.1605e-02 (2.7524e-02)	Acc@1  98.44 ( 99.12)	Acc@5 100.00 (100.00)
 * Acc@1 99.239 Acc@5 100.000
Epoch: [245][  0/115]	Time  0.266 ( 0.266)	Data  0.203 ( 0.203)	Loss 2.8195e-02 (2.8195e-02)	Acc@1 100.00 (100.00)	Acc@5 100.00 (100.00)
Epoch: [245][ 10/115]	Time  0.128 ( 0.140)	Data  0.000 ( 0.025)	Loss 4.2102e-02 (6.6016e-02)	Acc@1  98.44 ( 97.02)	Acc@5 100.00 (100.00)
Epoch: [245][ 20/115]	Time  0.125 ( 0.135)	Data  0.000 ( 0.016)	Loss 8.8488e-02 (6.4145e-02)	Acc@1  96.88 ( 97.47)	Acc@5 100.00 (100.00)
Epoch: [245][ 30/115]	Time  0.130 ( 0.133)	Data  0.000 ( 0.013)	Loss 2.8708e-02 (6.1997e-02)	Acc@1 100.00 ( 97.88)	Acc@5 100.00 (100.00)
Epoch: [245][ 40/115]	Time  0.128 ( 0.132)	Data  0.000 ( 0.012)	Loss 4.0824e-02 (6.8384e-02)	Acc@1  98.44 ( 97.68)	Acc@5 100.00 (100.00)
Epoch: [245][ 50/115]	Time  0.124 ( 0.131)	Data  0.000 ( 0.011)	Loss 1.3905e-01 (6.5888e-02)	Acc@1  93.75 ( 97.76)	Acc@5 100.00 (100.00)
Epoch: [245][ 60/115]	Time  0.130 ( 0.131)	Data  0.000 ( 0.010)	Loss 3.6578e-02 (6.2706e-02)	Acc@1  98.44 ( 97.85)	Acc@5 100.00 (100.00)
Epoch: [245][ 70/115]	Time  0.126 ( 0.131)	Data  0.000 ( 0.010)	Loss 7.9212e-02 (6.3847e-02)	Acc@1  96.88 ( 97.73)	Acc@5 100.00 (100.00)
Epoch: [245][ 80/115]	Time  0.125 ( 0.130)	Data  0.000 ( 0.009)	Loss 8.5438e-02 (6.5106e-02)	Acc@1  96.88 ( 97.72)	Acc@5 100.00 (100.00)
Epoch: [245][ 90/115]	Time  0.126 ( 0.130)	Data  0.000 ( 0.009)	Loss 4.8338e-02 (6.3072e-02)	Acc@1  96.88 ( 97.73)	Acc@5 100.00 (100.00)
Epoch: [245][100/115]	Time  0.131 ( 0.130)	Data  0.000 ( 0.009)	Loss 3.7401e-02 (6.4446e-02)	Acc@1 100.00 ( 97.66)	Acc@5 100.00 (100.00)
Epoch: [245][110/115]	Time  0.129 ( 0.130)	Data  0.000 ( 0.009)	Loss 3.5710e-02 (6.5608e-02)	Acc@1  98.44 ( 97.61)	Acc@5 100.00 (100.00)
Test: [ 0/50]	Time  0.262 ( 0.262)	Loss 7.5566e-02 (7.5566e-02)	Acc@1  98.44 ( 98.44)	Acc@5 100.00 (100.00)
Test: [10/50]	Time  0.037 ( 0.057)	Loss 2.4529e-02 (4.8473e-02)	Acc@1  96.88 ( 98.30)	Acc@5 100.00 (100.00)
Test: [20/50]	Time  0.038 ( 0.048)	Loss 6.1193e-03 (3.1951e-02)	Acc@1 100.00 ( 98.81)	Acc@5 100.00 (100.00)
Test: [30/50]	Time  0.038 ( 0.045)	Loss 1.0534e-02 (3.0234e-02)	Acc@1 100.00 ( 98.89)	Acc@5 100.00 (100.00)
Test: [40/50]	Time  0.038 ( 0.043)	Loss 3.2956e-02 (2.7270e-02)	Acc@1  98.44 ( 99.05)	Acc@5 100.00 (100.00)
 * Acc@1 99.175 Acc@5 100.000
Epoch: [246][  0/115]	Time  0.266 ( 0.266)	Data  0.211 ( 0.211)	Loss 1.1074e-01 (1.1074e-01)	Acc@1  92.19 ( 92.19)	Acc@5 100.00 (100.00)
Epoch: [246][ 10/115]	Time  0.129 ( 0.142)	Data  0.000 ( 0.026)	Loss 4.6965e-02 (9.6214e-02)	Acc@1  98.44 ( 96.59)	Acc@5 100.00 (100.00)
Epoch: [246][ 20/115]	Time  0.123 ( 0.135)	Data  0.000 ( 0.017)	Loss 1.0250e-01 (8.2220e-02)	Acc@1  93.75 ( 96.88)	Acc@5 100.00 (100.00)
Epoch: [246][ 30/115]	Time  0.133 ( 0.133)	Data  0.000 ( 0.014)	Loss 8.3357e-02 (7.6405e-02)	Acc@1  96.88 ( 97.08)	Acc@5 100.00 (100.00)
Epoch: [246][ 40/115]	Time  0.128 ( 0.132)	Data  0.000 ( 0.012)	Loss 7.4360e-02 (8.0506e-02)	Acc@1  96.88 ( 96.91)	Acc@5 100.00 (100.00)
Epoch: [246][ 50/115]	Time  0.132 ( 0.132)	Data  0.000 ( 0.011)	Loss 8.4469e-02 (7.8566e-02)	Acc@1  96.88 ( 96.97)	Acc@5 100.00 (100.00)
Epoch: [246][ 60/115]	Time  0.126 ( 0.131)	Data  0.000 ( 0.010)	Loss 3.2370e-02 (7.6873e-02)	Acc@1 100.00 ( 97.18)	Acc@5 100.00 (100.00)
Epoch: [246][ 70/115]	Time  0.128 ( 0.131)	Data  0.000 ( 0.010)	Loss 1.1356e-01 (7.5842e-02)	Acc@1  95.31 ( 97.27)	Acc@5 100.00 (100.00)
Epoch: [246][ 80/115]	Time  0.137 ( 0.131)	Data  0.000 ( 0.010)	Loss 5.7297e-02 (7.5801e-02)	Acc@1  95.31 ( 97.20)	Acc@5 100.00 (100.00)
Epoch: [246][ 90/115]	Time  0.130 ( 0.131)	Data  0.000 ( 0.009)	Loss 2.0240e-01 (7.5936e-02)	Acc@1  92.19 ( 97.18)	Acc@5 100.00 (100.00)
Epoch: [246][100/115]	Time  0.128 ( 0.130)	Data  0.000 ( 0.009)	Loss 5.1587e-02 (7.5275e-02)	Acc@1  96.88 ( 97.20)	Acc@5 100.00 (100.00)
Epoch: [246][110/115]	Time  0.130 ( 0.130)	Data  0.000 ( 0.009)	Loss 2.9055e-02 (7.2635e-02)	Acc@1  98.44 ( 97.28)	Acc@5 100.00 (100.00)
Test: [ 0/50]	Time  0.263 ( 0.263)	Loss 7.9676e-02 (7.9676e-02)	Acc@1  98.44 ( 98.44)	Acc@5 100.00 (100.00)
Test: [10/50]	Time  0.038 ( 0.058)	Loss 2.8043e-02 (5.4476e-02)	Acc@1  96.88 ( 98.30)	Acc@5 100.00 (100.00)
Test: [20/50]	Time  0.040 ( 0.049)	Loss 7.1210e-03 (3.6602e-02)	Acc@1 100.00 ( 98.74)	Acc@5 100.00 (100.00)
Test: [30/50]	Time  0.038 ( 0.046)	Loss 8.3821e-03 (3.3621e-02)	Acc@1 100.00 ( 98.84)	Acc@5 100.00 (100.00)
Test: [40/50]	Time  0.038 ( 0.044)	Loss 2.9569e-02 (2.8990e-02)	Acc@1  98.44 ( 99.05)	Acc@5 100.00 (100.00)
 * Acc@1 99.175 Acc@5 100.000
Epoch: [247][  0/115]	Time  0.273 ( 0.273)	Data  0.218 ( 0.218)	Loss 2.3925e-02 (2.3925e-02)	Acc@1  98.44 ( 98.44)	Acc@5 100.00 (100.00)
Epoch: [247][ 10/115]	Time  0.128 ( 0.142)	Data  0.000 ( 0.027)	Loss 3.2122e-02 (6.7616e-02)	Acc@1  98.44 ( 96.88)	Acc@5 100.00 (100.00)
Epoch: [247][ 20/115]	Time  0.131 ( 0.136)	Data  0.000 ( 0.017)	Loss 1.0279e-01 (7.9143e-02)	Acc@1  96.88 ( 96.80)	Acc@5 100.00 (100.00)
Epoch: [247][ 30/115]	Time  0.129 ( 0.134)	Data  0.000 ( 0.014)	Loss 8.4634e-02 (6.6875e-02)	Acc@1  95.31 ( 97.43)	Acc@5 100.00 (100.00)
Epoch: [247][ 40/115]	Time  0.130 ( 0.133)	Data  0.000 ( 0.012)	Loss 4.6760e-02 (6.8474e-02)	Acc@1  96.88 ( 97.33)	Acc@5 100.00 (100.00)
Epoch: [247][ 50/115]	Time  0.130 ( 0.132)	Data  0.000 ( 0.011)	Loss 3.7998e-02 (6.7616e-02)	Acc@1  98.44 ( 97.37)	Acc@5 100.00 (100.00)
Epoch: [247][ 60/115]	Time  0.131 ( 0.132)	Data  0.000 ( 0.011)	Loss 8.3512e-02 (6.7354e-02)	Acc@1  95.31 ( 97.39)	Acc@5 100.00 (100.00)
Epoch: [247][ 70/115]	Time  0.126 ( 0.131)	Data  0.000 ( 0.010)	Loss 8.9273e-02 (6.6570e-02)	Acc@1  96.88 ( 97.40)	Acc@5 100.00 (100.00)
Epoch: [247][ 80/115]	Time  0.131 ( 0.131)	Data  0.000 ( 0.010)	Loss 5.2789e-02 (6.5822e-02)	Acc@1 100.00 ( 97.43)	Acc@5 100.00 (100.00)
Epoch: [247][ 90/115]	Time  0.129 ( 0.131)	Data  0.000 ( 0.010)	Loss 1.0263e-01 (6.7785e-02)	Acc@1  93.75 ( 97.36)	Acc@5 100.00 (100.00)
Epoch: [247][100/115]	Time  0.131 ( 0.131)	Data  0.000 ( 0.009)	Loss 1.2216e-01 (7.1239e-02)	Acc@1  96.88 ( 97.29)	Acc@5 100.00 (100.00)
Epoch: [247][110/115]	Time  0.127 ( 0.131)	Data  0.000 ( 0.009)	Loss 3.9403e-02 (7.1657e-02)	Acc@1  98.44 ( 97.30)	Acc@5 100.00 (100.00)
Test: [ 0/50]	Time  0.260 ( 0.260)	Loss 7.2528e-02 (7.2528e-02)	Acc@1  98.44 ( 98.44)	Acc@5 100.00 (100.00)
Test: [10/50]	Time  0.037 ( 0.057)	Loss 2.4066e-02 (4.6456e-02)	Acc@1  98.44 ( 98.58)	Acc@5 100.00 (100.00)
Test: [20/50]	Time  0.038 ( 0.048)	Loss 6.7509e-03 (3.0586e-02)	Acc@1 100.00 ( 98.96)	Acc@5 100.00 (100.00)
Test: [30/50]	Time  0.037 ( 0.045)	Loss 1.0703e-02 (2.8963e-02)	Acc@1 100.00 ( 98.99)	Acc@5 100.00 (100.00)
Test: [40/50]	Time  0.038 ( 0.043)	Loss 3.7893e-02 (2.6688e-02)	Acc@1  98.44 ( 99.12)	Acc@5 100.00 (100.00)
 * Acc@1 99.239 Acc@5 100.000
Epoch: [248][  0/115]	Time  0.281 ( 0.281)	Data  0.225 ( 0.225)	Loss 3.0287e-02 (3.0287e-02)	Acc@1  98.44 ( 98.44)	Acc@5 100.00 (100.00)
Epoch: [248][ 10/115]	Time  0.131 ( 0.142)	Data  0.000 ( 0.027)	Loss 8.5129e-02 (7.8973e-02)	Acc@1  96.88 ( 97.30)	Acc@5 100.00 (100.00)
Epoch: [248][ 20/115]	Time  0.131 ( 0.136)	Data  0.000 ( 0.018)	Loss 1.3436e-02 (8.0276e-02)	Acc@1 100.00 ( 96.95)	Acc@5 100.00 (100.00)
Epoch: [248][ 30/115]	Time  0.129 ( 0.134)	Data  0.000 ( 0.014)	Loss 3.3077e-02 (7.9359e-02)	Acc@1  98.44 ( 96.98)	Acc@5 100.00 (100.00)
Epoch: [248][ 40/115]	Time  0.132 ( 0.133)	Data  0.000 ( 0.012)	Loss 4.3848e-02 (7.3243e-02)	Acc@1 100.00 ( 97.18)	Acc@5 100.00 (100.00)
Epoch: [248][ 50/115]	Time  0.133 ( 0.132)	Data  0.000 ( 0.011)	Loss 4.4849e-02 (7.2735e-02)	Acc@1  98.44 ( 97.30)	Acc@5 100.00 (100.00)
Epoch: [248][ 60/115]	Time  0.139 ( 0.132)	Data  0.000 ( 0.011)	Loss 1.0378e-01 (7.3983e-02)	Acc@1  96.88 ( 97.26)	Acc@5 100.00 (100.00)
Epoch: [248][ 70/115]	Time  0.128 ( 0.131)	Data  0.000 ( 0.010)	Loss 3.5892e-02 (7.2368e-02)	Acc@1  98.44 ( 97.23)	Acc@5 100.00 (100.00)
Epoch: [248][ 80/115]	Time  0.128 ( 0.131)	Data  0.000 ( 0.010)	Loss 3.6970e-02 (6.9179e-02)	Acc@1  98.44 ( 97.45)	Acc@5 100.00 (100.00)
Epoch: [248][ 90/115]	Time  0.133 ( 0.131)	Data  0.000 ( 0.009)	Loss 2.8434e-02 (6.9750e-02)	Acc@1 100.00 ( 97.39)	Acc@5 100.00 (100.00)
Epoch: [248][100/115]	Time  0.131 ( 0.131)	Data  0.000 ( 0.009)	Loss 1.0175e-01 (7.0134e-02)	Acc@1  95.31 ( 97.39)	Acc@5 100.00 (100.00)
Epoch: [248][110/115]	Time  0.123 ( 0.131)	Data  0.000 ( 0.009)	Loss 7.3422e-02 (7.0218e-02)	Acc@1  96.88 ( 97.35)	Acc@5 100.00 (100.00)
Test: [ 0/50]	Time  0.257 ( 0.257)	Loss 6.9045e-02 (6.9045e-02)	Acc@1  98.44 ( 98.44)	Acc@5 100.00 (100.00)
Test: [10/50]	Time  0.038 ( 0.057)	Loss 2.2557e-02 (4.5403e-02)	Acc@1  96.88 ( 98.58)	Acc@5 100.00 (100.00)
Test: [20/50]	Time  0.038 ( 0.048)	Loss 7.1519e-03 (2.9664e-02)	Acc@1 100.00 ( 98.96)	Acc@5 100.00 (100.00)
Test: [30/50]	Time  0.038 ( 0.045)	Loss 1.0259e-02 (2.8164e-02)	Acc@1 100.00 ( 98.99)	Acc@5 100.00 (100.00)
Test: [40/50]	Time  0.038 ( 0.043)	Loss 3.6712e-02 (2.6059e-02)	Acc@1  98.44 ( 99.12)	Acc@5 100.00 (100.00)
 * Acc@1 99.239 Acc@5 100.000
Epoch: [249][  0/115]	Time  0.266 ( 0.266)	Data  0.211 ( 0.211)	Loss 3.7475e-02 (3.7475e-02)	Acc@1 100.00 (100.00)	Acc@5 100.00 (100.00)
Epoch: [249][ 10/115]	Time  0.130 ( 0.142)	Data  0.000 ( 0.026)	Loss 4.5313e-02 (5.9998e-02)	Acc@1  98.44 ( 97.44)	Acc@5 100.00 (100.00)
Epoch: [249][ 20/115]	Time  0.133 ( 0.136)	Data  0.000 ( 0.017)	Loss 1.9429e-02 (7.0265e-02)	Acc@1 100.00 ( 96.95)	Acc@5 100.00 (100.00)
Epoch: [249][ 30/115]	Time  0.130 ( 0.134)	Data  0.000 ( 0.014)	Loss 2.4242e-02 (6.8781e-02)	Acc@1 100.00 ( 97.18)	Acc@5 100.00 (100.00)
Epoch: [249][ 40/115]	Time  0.130 ( 0.133)	Data  0.000 ( 0.012)	Loss 9.2699e-02 (6.9810e-02)	Acc@1  95.31 ( 97.29)	Acc@5 100.00 (100.00)
Epoch: [249][ 50/115]	Time  0.126 ( 0.132)	Data  0.000 ( 0.011)	Loss 5.0451e-02 (6.9596e-02)	Acc@1  96.88 ( 97.21)	Acc@5 100.00 (100.00)
Epoch: [249][ 60/115]	Time  0.134 ( 0.132)	Data  0.000 ( 0.011)	Loss 1.3609e-01 (6.8678e-02)	Acc@1  93.75 ( 97.21)	Acc@5 100.00 (100.00)
Epoch: [249][ 70/115]	Time  0.129 ( 0.131)	Data  0.000 ( 0.010)	Loss 1.4837e-01 (7.1288e-02)	Acc@1  96.88 ( 97.12)	Acc@5 100.00 (100.00)
Epoch: [249][ 80/115]	Time  0.127 ( 0.131)	Data  0.000 ( 0.010)	Loss 1.1898e-01 (7.2955e-02)	Acc@1  93.75 ( 97.13)	Acc@5 100.00 (100.00)
Epoch: [249][ 90/115]	Time  0.127 ( 0.131)	Data  0.000 ( 0.009)	Loss 3.3303e-02 (7.0444e-02)	Acc@1  98.44 ( 97.20)	Acc@5 100.00 (100.00)
Epoch: [249][100/115]	Time  0.131 ( 0.131)	Data  0.000 ( 0.009)	Loss 1.5375e-02 (7.0190e-02)	Acc@1 100.00 ( 97.17)	Acc@5 100.00 (100.00)
Epoch: [249][110/115]	Time  0.129 ( 0.131)	Data  0.000 ( 0.009)	Loss 8.2731e-02 (7.0642e-02)	Acc@1  96.88 ( 97.17)	Acc@5 100.00 (100.00)
Test: [ 0/50]	Time  0.260 ( 0.260)	Loss 6.0815e-02 (6.0815e-02)	Acc@1  98.44 ( 98.44)	Acc@5 100.00 (100.00)
Test: [10/50]	Time  0.037 ( 0.057)	Loss 1.6642e-02 (3.9422e-02)	Acc@1 100.00 ( 98.86)	Acc@5 100.00 (100.00)
Test: [20/50]	Time  0.038 ( 0.048)	Loss 4.8717e-03 (2.5313e-02)	Acc@1 100.00 ( 99.26)	Acc@5 100.00 (100.00)
Test: [30/50]	Time  0.038 ( 0.045)	Loss 1.2994e-02 (2.4826e-02)	Acc@1 100.00 ( 99.24)	Acc@5 100.00 (100.00)
Test: [40/50]	Time  0.038 ( 0.043)	Loss 3.9970e-02 (2.4849e-02)	Acc@1  98.44 ( 99.28)	Acc@5 100.00 (100.00)
 * Acc@1 99.334 Acc@5 100.000
Epoch: [250][  0/115]	Time  0.287 ( 0.287)	Data  0.232 ( 0.232)	Loss 8.9886e-02 (8.9886e-02)	Acc@1  96.88 ( 96.88)	Acc@5 100.00 (100.00)
Epoch: [250][ 10/115]	Time  0.127 ( 0.143)	Data  0.000 ( 0.028)	Loss 4.9833e-02 (8.7112e-02)	Acc@1  96.88 ( 97.30)	Acc@5 100.00 (100.00)
Epoch: [250][ 20/115]	Time  0.123 ( 0.137)	Data  0.000 ( 0.018)	Loss 8.2253e-02 (8.5663e-02)	Acc@1  96.88 ( 96.88)	Acc@5 100.00 (100.00)
Epoch: [250][ 30/115]	Time  0.129 ( 0.134)	Data  0.000 ( 0.014)	Loss 5.1989e-02 (8.0547e-02)	Acc@1  98.44 ( 96.98)	Acc@5 100.00 (100.00)
Epoch: [250][ 40/115]	Time  0.130 ( 0.133)	Data  0.000 ( 0.013)	Loss 9.3230e-02 (8.2680e-02)	Acc@1  95.31 ( 96.95)	Acc@5 100.00 (100.00)
Epoch: [250][ 50/115]	Time  0.130 ( 0.132)	Data  0.000 ( 0.012)	Loss 8.8551e-02 (8.4230e-02)	Acc@1  95.31 ( 96.81)	Acc@5 100.00 (100.00)
Epoch: [250][ 60/115]	Time  0.126 ( 0.132)	Data  0.000 ( 0.011)	Loss 4.8730e-02 (8.1524e-02)	Acc@1  98.44 ( 96.93)	Acc@5 100.00 (100.00)
Epoch: [250][ 70/115]	Time  0.131 ( 0.131)	Data  0.000 ( 0.010)	Loss 8.9419e-02 (7.8335e-02)	Acc@1  93.75 ( 97.01)	Acc@5 100.00 (100.00)
Epoch: [250][ 80/115]	Time  0.130 ( 0.131)	Data  0.000 ( 0.010)	Loss 4.2212e-02 (7.7922e-02)	Acc@1  98.44 ( 97.11)	Acc@5 100.00 (100.00)
Epoch: [250][ 90/115]	Time  0.129 ( 0.131)	Data  0.000 ( 0.010)	Loss 3.7113e-02 (7.6449e-02)	Acc@1  98.44 ( 97.17)	Acc@5 100.00 (100.00)
Epoch: [250][100/115]	Time  0.128 ( 0.131)	Data  0.000 ( 0.009)	Loss 4.8709e-02 (7.5270e-02)	Acc@1  96.88 ( 97.17)	Acc@5 100.00 (100.00)
Epoch: [250][110/115]	Time  0.134 ( 0.131)	Data  0.000 ( 0.009)	Loss 7.0138e-02 (7.5085e-02)	Acc@1  98.44 ( 97.20)	Acc@5 100.00 (100.00)
Test: [ 0/50]	Time  0.298 ( 0.298)	Loss 6.7050e-02 (6.7050e-02)	Acc@1  98.44 ( 98.44)	Acc@5 100.00 (100.00)
Test: [10/50]	Time  0.037 ( 0.061)	Loss 2.1883e-02 (4.5111e-02)	Acc@1  98.44 ( 98.72)	Acc@5 100.00 (100.00)
Test: [20/50]	Time  0.038 ( 0.050)	Loss 6.5907e-03 (2.9379e-02)	Acc@1 100.00 ( 99.03)	Acc@5 100.00 (100.00)
Test: [30/50]	Time  0.038 ( 0.046)	Loss 1.1206e-02 (2.8148e-02)	Acc@1 100.00 ( 99.04)	Acc@5 100.00 (100.00)
Test: [40/50]	Time  0.038 ( 0.044)	Loss 3.6070e-02 (2.6171e-02)	Acc@1  98.44 ( 99.16)	Acc@5 100.00 (100.00)
 * Acc@1 99.271 Acc@5 100.000
Epoch: [251][  0/115]	Time  0.273 ( 0.273)	Data  0.218 ( 0.218)	Loss 8.3321e-02 (8.3321e-02)	Acc@1  96.88 ( 96.88)	Acc@5 100.00 (100.00)
Epoch: [251][ 10/115]	Time  0.131 ( 0.142)	Data  0.000 ( 0.027)	Loss 5.3128e-02 (6.6537e-02)	Acc@1  98.44 ( 97.44)	Acc@5 100.00 (100.00)
Epoch: [251][ 20/115]	Time  0.132 ( 0.136)	Data  0.000 ( 0.017)	Loss 1.2148e-01 (6.8842e-02)	Acc@1  92.19 ( 97.02)	Acc@5 100.00 (100.00)
Epoch: [251][ 30/115]	Time  0.125 ( 0.133)	Data  0.000 ( 0.014)	Loss 9.3978e-02 (6.7793e-02)	Acc@1  95.31 ( 97.23)	Acc@5 100.00 (100.00)
Epoch: [251][ 40/115]	Time  0.129 ( 0.132)	Data  0.000 ( 0.012)	Loss 1.4953e-01 (7.3604e-02)	Acc@1  95.31 ( 97.10)	Acc@5 100.00 (100.00)
Epoch: [251][ 50/115]	Time  0.132 ( 0.131)	Data  0.000 ( 0.011)	Loss 1.0087e-01 (7.6138e-02)	Acc@1  96.88 ( 97.15)	Acc@5 100.00 (100.00)
Epoch: [251][ 60/115]	Time  0.128 ( 0.130)	Data  0.000 ( 0.010)	Loss 8.4599e-02 (7.5854e-02)	Acc@1  93.75 ( 97.13)	Acc@5 100.00 (100.00)
Epoch: [251][ 70/115]	Time  0.129 ( 0.130)	Data  0.000 ( 0.010)	Loss 1.1918e-01 (8.2496e-02)	Acc@1  95.31 ( 96.92)	Acc@5 100.00 (100.00)
Epoch: [251][ 80/115]	Time  0.138 ( 0.130)	Data  0.000 ( 0.010)	Loss 4.9618e-02 (8.0850e-02)	Acc@1  96.88 ( 96.95)	Acc@5 100.00 (100.00)
Epoch: [251][ 90/115]	Time  0.131 ( 0.130)	Data  0.000 ( 0.009)	Loss 9.5206e-02 (8.0583e-02)	Acc@1  95.31 ( 96.96)	Acc@5 100.00 (100.00)
Epoch: [251][100/115]	Time  0.130 ( 0.130)	Data  0.000 ( 0.009)	Loss 6.0847e-02 (7.8438e-02)	Acc@1  98.44 ( 97.12)	Acc@5 100.00 (100.00)
Epoch: [251][110/115]	Time  0.128 ( 0.130)	Data  0.000 ( 0.009)	Loss 1.2142e-01 (7.8496e-02)	Acc@1  95.31 ( 97.11)	Acc@5 100.00 (100.00)
Test: [ 0/50]	Time  0.263 ( 0.263)	Loss 6.8141e-02 (6.8141e-02)	Acc@1  98.44 ( 98.44)	Acc@5 100.00 (100.00)
Test: [10/50]	Time  0.037 ( 0.057)	Loss 2.0314e-02 (4.4899e-02)	Acc@1  98.44 ( 98.72)	Acc@5 100.00 (100.00)
Test: [20/50]	Time  0.038 ( 0.048)	Loss 6.7530e-03 (2.9431e-02)	Acc@1 100.00 ( 99.03)	Acc@5 100.00 (100.00)
Test: [30/50]	Time  0.038 ( 0.045)	Loss 1.1156e-02 (2.8137e-02)	Acc@1 100.00 ( 99.04)	Acc@5 100.00 (100.00)
Test: [40/50]	Time  0.038 ( 0.043)	Loss 3.7351e-02 (2.6040e-02)	Acc@1  98.44 ( 99.16)	Acc@5 100.00 (100.00)
 * Acc@1 99.271 Acc@5 100.000
Epoch: [252][  0/115]	Time  0.260 ( 0.260)	Data  0.205 ( 0.205)	Loss 5.9713e-02 (5.9713e-02)	Acc@1  98.44 ( 98.44)	Acc@5 100.00 (100.00)
Epoch: [252][ 10/115]	Time  0.130 ( 0.141)	Data  0.000 ( 0.025)	Loss 1.9994e-02 (5.4641e-02)	Acc@1 100.00 ( 98.15)	Acc@5 100.00 (100.00)
Epoch: [252][ 20/115]	Time  0.131 ( 0.136)	Data  0.000 ( 0.017)	Loss 4.0523e-02 (6.4040e-02)	Acc@1 100.00 ( 98.07)	Acc@5 100.00 (100.00)
Epoch: [252][ 30/115]	Time  0.131 ( 0.133)	Data  0.000 ( 0.013)	Loss 6.8601e-02 (6.4733e-02)	Acc@1  95.31 ( 97.73)	Acc@5 100.00 (100.00)
Epoch: [252][ 40/115]	Time  0.130 ( 0.132)	Data  0.000 ( 0.012)	Loss 1.6497e-01 (6.9645e-02)	Acc@1  93.75 ( 97.52)	Acc@5 100.00 (100.00)
Epoch: [252][ 50/115]	Time  0.135 ( 0.132)	Data  0.000 ( 0.011)	Loss 6.6197e-02 (6.7006e-02)	Acc@1  96.88 ( 97.61)	Acc@5 100.00 (100.00)
Epoch: [252][ 60/115]	Time  0.128 ( 0.131)	Data  0.000 ( 0.010)	Loss 3.4650e-02 (6.8248e-02)	Acc@1  98.44 ( 97.57)	Acc@5 100.00 (100.00)
Epoch: [252][ 70/115]	Time  0.132 ( 0.131)	Data  0.000 ( 0.010)	Loss 7.3154e-02 (6.9292e-02)	Acc@1  95.31 ( 97.56)	Acc@5 100.00 (100.00)
Epoch: [252][ 80/115]	Time  0.128 ( 0.131)	Data  0.000 ( 0.009)	Loss 3.9666e-02 (6.7794e-02)	Acc@1  96.88 ( 97.53)	Acc@5 100.00 (100.00)
Epoch: [252][ 90/115]	Time  0.131 ( 0.131)	Data  0.000 ( 0.009)	Loss 9.9680e-02 (6.6981e-02)	Acc@1  96.88 ( 97.58)	Acc@5 100.00 (100.00)
Epoch: [252][100/115]	Time  0.127 ( 0.131)	Data  0.000 ( 0.009)	Loss 6.4762e-02 (6.5507e-02)	Acc@1  96.88 ( 97.62)	Acc@5 100.00 (100.00)
Epoch: [252][110/115]	Time  0.130 ( 0.130)	Data  0.000 ( 0.009)	Loss 5.3390e-02 (6.6771e-02)	Acc@1  98.44 ( 97.58)	Acc@5 100.00 (100.00)
Test: [ 0/50]	Time  0.258 ( 0.258)	Loss 8.7839e-02 (8.7839e-02)	Acc@1  98.44 ( 98.44)	Acc@5 100.00 (100.00)
Test: [10/50]	Time  0.037 ( 0.057)	Loss 3.6764e-02 (6.1527e-02)	Acc@1  96.88 ( 98.01)	Acc@5 100.00 (100.00)
Test: [20/50]	Time  0.038 ( 0.048)	Loss 9.4495e-03 (4.2047e-02)	Acc@1 100.00 ( 98.51)	Acc@5 100.00 (100.00)
Test: [30/50]	Time  0.038 ( 0.045)	Loss 6.9156e-03 (3.8284e-02)	Acc@1 100.00 ( 98.64)	Acc@5 100.00 (100.00)
Test: [40/50]	Time  0.038 ( 0.043)	Loss 2.4173e-02 (3.1845e-02)	Acc@1  98.44 ( 98.93)	Acc@5 100.00 (100.00)
 * Acc@1 99.080 Acc@5 100.000
Epoch: [253][  0/115]	Time  0.264 ( 0.264)	Data  0.209 ( 0.209)	Loss 5.0024e-02 (5.0024e-02)	Acc@1  96.88 ( 96.88)	Acc@5 100.00 (100.00)
Epoch: [253][ 10/115]	Time  0.126 ( 0.142)	Data  0.000 ( 0.026)	Loss 6.7769e-02 (6.5796e-02)	Acc@1  96.88 ( 97.16)	Acc@5 100.00 (100.00)
Epoch: [253][ 20/115]	Time  0.130 ( 0.136)	Data  0.000 ( 0.017)	Loss 1.0655e-01 (5.9125e-02)	Acc@1  95.31 ( 97.69)	Acc@5 100.00 (100.00)
Epoch: [253][ 30/115]	Time  0.129 ( 0.134)	Data  0.000 ( 0.014)	Loss 6.6183e-02 (6.5371e-02)	Acc@1  96.88 ( 97.43)	Acc@5 100.00 (100.00)
Epoch: [253][ 40/115]	Time  0.126 ( 0.133)	Data  0.000 ( 0.012)	Loss 1.4064e-01 (6.9223e-02)	Acc@1  95.31 ( 97.37)	Acc@5 100.00 (100.00)
Epoch: [253][ 50/115]	Time  0.130 ( 0.132)	Data  0.000 ( 0.011)	Loss 9.0103e-02 (6.8759e-02)	Acc@1  98.44 ( 97.52)	Acc@5 100.00 (100.00)
Epoch: [253][ 60/115]	Time  0.130 ( 0.131)	Data  0.000 ( 0.010)	Loss 1.7337e-02 (7.0530e-02)	Acc@1 100.00 ( 97.52)	Acc@5 100.00 (100.00)
Epoch: [253][ 70/115]	Time  0.129 ( 0.131)	Data  0.000 ( 0.010)	Loss 8.7816e-02 (6.8262e-02)	Acc@1  96.88 ( 97.58)	Acc@5 100.00 (100.00)
Epoch: [253][ 80/115]	Time  0.135 ( 0.131)	Data  0.000 ( 0.010)	Loss 4.2717e-02 (6.7467e-02)	Acc@1 100.00 ( 97.63)	Acc@5 100.00 (100.00)
Epoch: [253][ 90/115]	Time  0.127 ( 0.131)	Data  0.000 ( 0.009)	Loss 8.0058e-02 (6.7730e-02)	Acc@1  95.31 ( 97.58)	Acc@5 100.00 (100.00)
Epoch: [253][100/115]	Time  0.133 ( 0.131)	Data  0.000 ( 0.009)	Loss 1.0511e-01 (6.6394e-02)	Acc@1  95.31 ( 97.62)	Acc@5 100.00 (100.00)
Epoch: [253][110/115]	Time  0.130 ( 0.131)	Data  0.000 ( 0.009)	Loss 3.1607e-02 (6.5869e-02)	Acc@1  98.44 ( 97.66)	Acc@5 100.00 (100.00)
Test: [ 0/50]	Time  0.262 ( 0.262)	Loss 7.3495e-02 (7.3495e-02)	Acc@1  98.44 ( 98.44)	Acc@5 100.00 (100.00)
Test: [10/50]	Time  0.037 ( 0.057)	Loss 2.3088e-02 (4.7212e-02)	Acc@1  96.88 ( 98.44)	Acc@5 100.00 (100.00)
Test: [20/50]	Time  0.038 ( 0.048)	Loss 6.9562e-03 (3.1111e-02)	Acc@1 100.00 ( 98.88)	Acc@5 100.00 (100.00)
Test: [30/50]	Time  0.038 ( 0.045)	Loss 1.0104e-02 (2.9499e-02)	Acc@1 100.00 ( 98.94)	Acc@5 100.00 (100.00)
Test: [40/50]	Time  0.038 ( 0.043)	Loss 3.5062e-02 (2.6808e-02)	Acc@1  98.44 ( 99.09)	Acc@5 100.00 (100.00)
 * Acc@1 99.207 Acc@5 100.000
Epoch: [254][  0/115]	Time  0.280 ( 0.280)	Data  0.219 ( 0.219)	Loss 4.2338e-02 (4.2338e-02)	Acc@1  98.44 ( 98.44)	Acc@5 100.00 (100.00)
Epoch: [254][ 10/115]	Time  0.127 ( 0.142)	Data  0.000 ( 0.026)	Loss 5.0293e-02 (6.5389e-02)	Acc@1  96.88 ( 98.01)	Acc@5 100.00 (100.00)
Epoch: [254][ 20/115]	Time  0.121 ( 0.136)	Data  0.000 ( 0.017)	Loss 2.5412e-02 (5.2921e-02)	Acc@1 100.00 ( 98.44)	Acc@5 100.00 (100.00)
Epoch: [254][ 30/115]	Time  0.131 ( 0.134)	Data  0.000 ( 0.014)	Loss 3.6602e-02 (6.1649e-02)	Acc@1  98.44 ( 97.93)	Acc@5 100.00 (100.00)
Epoch: [254][ 40/115]	Time  0.130 ( 0.133)	Data  0.000 ( 0.012)	Loss 1.1225e-01 (6.5898e-02)	Acc@1  96.88 ( 97.64)	Acc@5 100.00 (100.00)
Epoch: [254][ 50/115]	Time  0.130 ( 0.132)	Data  0.000 ( 0.011)	Loss 3.2780e-02 (6.6244e-02)	Acc@1  98.44 ( 97.46)	Acc@5 100.00 (100.00)
Epoch: [254][ 60/115]	Time  0.128 ( 0.132)	Data  0.000 ( 0.011)	Loss 8.7267e-03 (6.7407e-02)	Acc@1 100.00 ( 97.46)	Acc@5 100.00 (100.00)
Epoch: [254][ 70/115]	Time  0.133 ( 0.132)	Data  0.000 ( 0.010)	Loss 2.2772e-01 (6.8644e-02)	Acc@1  92.19 ( 97.43)	Acc@5 100.00 (100.00)
Epoch: [254][ 80/115]	Time  0.129 ( 0.131)	Data  0.000 ( 0.010)	Loss 1.2380e-01 (7.0816e-02)	Acc@1  95.31 ( 97.30)	Acc@5 100.00 (100.00)
Epoch: [254][ 90/115]	Time  0.130 ( 0.131)	Data  0.000 ( 0.009)	Loss 9.3849e-03 (7.1238e-02)	Acc@1 100.00 ( 97.32)	Acc@5 100.00 (100.00)
Epoch: [254][100/115]	Time  0.127 ( 0.131)	Data  0.000 ( 0.009)	Loss 7.4973e-02 (7.0606e-02)	Acc@1  95.31 ( 97.34)	Acc@5 100.00 (100.00)
Epoch: [254][110/115]	Time  0.131 ( 0.131)	Data  0.000 ( 0.009)	Loss 4.6077e-02 (7.1537e-02)	Acc@1  98.44 ( 97.31)	Acc@5 100.00 (100.00)
Test: [ 0/50]	Time  0.255 ( 0.255)	Loss 6.6672e-02 (6.6672e-02)	Acc@1  98.44 ( 98.44)	Acc@5 100.00 (100.00)
Test: [10/50]	Time  0.037 ( 0.057)	Loss 2.0530e-02 (4.2136e-02)	Acc@1 100.00 ( 98.86)	Acc@5 100.00 (100.00)
Test: [20/50]	Time  0.038 ( 0.048)	Loss 5.5756e-03 (2.7171e-02)	Acc@1 100.00 ( 99.33)	Acc@5 100.00 (100.00)
Test: [30/50]	Time  0.038 ( 0.045)	Loss 1.1660e-02 (2.6263e-02)	Acc@1 100.00 ( 99.24)	Acc@5 100.00 (100.00)
Test: [40/50]	Time  0.038 ( 0.043)	Loss 3.9683e-02 (2.5277e-02)	Acc@1  98.44 ( 99.31)	Acc@5 100.00 (100.00)
 * Acc@1 99.397 Acc@5 100.000
Epoch: [255][  0/115]	Time  0.290 ( 0.290)	Data  0.235 ( 0.235)	Loss 1.3295e-01 (1.3295e-01)	Acc@1  93.75 ( 93.75)	Acc@5 100.00 (100.00)
Epoch: [255][ 10/115]	Time  0.129 ( 0.144)	Data  0.000 ( 0.028)	Loss 6.7429e-02 (1.0035e-01)	Acc@1  96.88 ( 95.45)	Acc@5 100.00 (100.00)
Epoch: [255][ 20/115]	Time  0.129 ( 0.137)	Data  0.000 ( 0.018)	Loss 5.9702e-02 (8.8563e-02)	Acc@1  96.88 ( 96.13)	Acc@5 100.00 (100.00)
Epoch: [255][ 30/115]	Time  0.130 ( 0.134)	Data  0.000 ( 0.015)	Loss 3.2967e-02 (8.0085e-02)	Acc@1 100.00 ( 96.52)	Acc@5 100.00 (100.00)
Epoch: [255][ 40/115]	Time  0.135 ( 0.133)	Data  0.000 ( 0.013)	Loss 1.6590e-01 (8.0639e-02)	Acc@1  93.75 ( 96.68)	Acc@5 100.00 (100.00)
Epoch: [255][ 50/115]	Time  0.131 ( 0.132)	Data  0.000 ( 0.012)	Loss 3.2367e-02 (7.7791e-02)	Acc@1 100.00 ( 96.91)	Acc@5 100.00 (100.00)
Epoch: [255][ 60/115]	Time  0.130 ( 0.132)	Data  0.000 ( 0.011)	Loss 6.1703e-02 (8.0027e-02)	Acc@1  96.88 ( 96.80)	Acc@5 100.00 (100.00)
Epoch: [255][ 70/115]	Time  0.134 ( 0.131)	Data  0.000 ( 0.010)	Loss 1.5880e-01 (7.5006e-02)	Acc@1  92.19 ( 97.05)	Acc@5 100.00 (100.00)
Epoch: [255][ 80/115]	Time  0.129 ( 0.131)	Data  0.000 ( 0.010)	Loss 3.9120e-02 (7.6255e-02)	Acc@1  98.44 ( 96.99)	Acc@5 100.00 (100.00)
Epoch: [255][ 90/115]	Time  0.128 ( 0.131)	Data  0.000 ( 0.009)	Loss 5.8697e-02 (7.4663e-02)	Acc@1  98.44 ( 97.03)	Acc@5 100.00 (100.00)
Epoch: [255][100/115]	Time  0.130 ( 0.130)	Data  0.000 ( 0.009)	Loss 9.1117e-03 (7.6092e-02)	Acc@1 100.00 ( 97.01)	Acc@5 100.00 (100.00)
Epoch: [255][110/115]	Time  0.126 ( 0.130)	Data  0.000 ( 0.009)	Loss 1.6359e-02 (7.6606e-02)	Acc@1 100.00 ( 96.99)	Acc@5 100.00 (100.00)
Test: [ 0/50]	Time  0.258 ( 0.258)	Loss 6.4127e-02 (6.4127e-02)	Acc@1  98.44 ( 98.44)	Acc@5 100.00 (100.00)
Test: [10/50]	Time  0.036 ( 0.056)	Loss 1.9287e-02 (4.3569e-02)	Acc@1 100.00 ( 98.86)	Acc@5 100.00 (100.00)
Test: [20/50]	Time  0.039 ( 0.048)	Loss 6.8811e-03 (2.8496e-02)	Acc@1 100.00 ( 99.18)	Acc@5 100.00 (100.00)
Test: [30/50]	Time  0.038 ( 0.044)	Loss 1.1166e-02 (2.7105e-02)	Acc@1 100.00 ( 99.14)	Acc@5 100.00 (100.00)
Test: [40/50]	Time  0.038 ( 0.043)	Loss 3.9889e-02 (2.5472e-02)	Acc@1  98.44 ( 99.24)	Acc@5 100.00 (100.00)
 * Acc@1 99.334 Acc@5 100.000
Epoch: [256][  0/115]	Time  0.280 ( 0.280)	Data  0.218 ( 0.218)	Loss 9.9655e-02 (9.9655e-02)	Acc@1  93.75 ( 93.75)	Acc@5 100.00 (100.00)
Epoch: [256][ 10/115]	Time  0.128 ( 0.142)	Data  0.000 ( 0.026)	Loss 7.9337e-02 (6.9002e-02)	Acc@1  96.88 ( 97.16)	Acc@5 100.00 (100.00)
Epoch: [256][ 20/115]	Time  0.128 ( 0.136)	Data  0.000 ( 0.017)	Loss 3.7461e-02 (6.9244e-02)	Acc@1  98.44 ( 97.40)	Acc@5 100.00 (100.00)
Epoch: [256][ 30/115]	Time  0.131 ( 0.134)	Data  0.000 ( 0.014)	Loss 3.5691e-01 (7.4726e-02)	Acc@1  87.50 ( 97.23)	Acc@5 100.00 (100.00)
Epoch: [256][ 40/115]	Time  0.128 ( 0.133)	Data  0.000 ( 0.012)	Loss 5.3529e-02 (7.3518e-02)	Acc@1  98.44 ( 97.22)	Acc@5 100.00 (100.00)
Epoch: [256][ 50/115]	Time  0.133 ( 0.132)	Data  0.000 ( 0.011)	Loss 1.3693e-01 (7.2384e-02)	Acc@1  92.19 ( 97.21)	Acc@5 100.00 (100.00)
Epoch: [256][ 60/115]	Time  0.129 ( 0.132)	Data  0.000 ( 0.011)	Loss 1.0744e-01 (7.6300e-02)	Acc@1  95.31 ( 97.03)	Acc@5 100.00 (100.00)
Epoch: [256][ 70/115]	Time  0.130 ( 0.131)	Data  0.000 ( 0.010)	Loss 5.6766e-02 (7.4513e-02)	Acc@1  96.88 ( 97.10)	Acc@5 100.00 (100.00)
Epoch: [256][ 80/115]	Time  0.126 ( 0.131)	Data  0.000 ( 0.010)	Loss 7.0044e-02 (7.6799e-02)	Acc@1  96.88 ( 97.01)	Acc@5 100.00 (100.00)
Epoch: [256][ 90/115]	Time  0.130 ( 0.131)	Data  0.000 ( 0.009)	Loss 5.3712e-02 (7.6364e-02)	Acc@1  98.44 ( 97.06)	Acc@5 100.00 (100.00)
Epoch: [256][100/115]	Time  0.132 ( 0.131)	Data  0.000 ( 0.009)	Loss 1.3953e-01 (7.4818e-02)	Acc@1  95.31 ( 97.12)	Acc@5 100.00 (100.00)
Epoch: [256][110/115]	Time  0.130 ( 0.131)	Data  0.000 ( 0.009)	Loss 5.6518e-02 (7.1988e-02)	Acc@1  98.44 ( 97.26)	Acc@5 100.00 (100.00)
Test: [ 0/50]	Time  0.263 ( 0.263)	Loss 6.1498e-02 (6.1498e-02)	Acc@1  98.44 ( 98.44)	Acc@5 100.00 (100.00)
Test: [10/50]	Time  0.038 ( 0.057)	Loss 1.8377e-02 (3.9556e-02)	Acc@1 100.00 ( 99.01)	Acc@5 100.00 (100.00)
Test: [20/50]	Time  0.042 ( 0.048)	Loss 5.5414e-03 (2.5418e-02)	Acc@1 100.00 ( 99.40)	Acc@5 100.00 (100.00)
Test: [30/50]	Time  0.038 ( 0.045)	Loss 1.2898e-02 (2.4937e-02)	Acc@1 100.00 ( 99.29)	Acc@5 100.00 (100.00)
Test: [40/50]	Time  0.038 ( 0.043)	Loss 4.1807e-02 (2.4967e-02)	Acc@1  98.44 ( 99.31)	Acc@5 100.00 (100.00)
 * Acc@1 99.366 Acc@5 100.000
Epoch: [257][  0/115]	Time  0.261 ( 0.261)	Data  0.207 ( 0.207)	Loss 4.6114e-02 (4.6114e-02)	Acc@1  96.88 ( 96.88)	Acc@5 100.00 (100.00)
Epoch: [257][ 10/115]	Time  0.129 ( 0.141)	Data  0.000 ( 0.026)	Loss 6.8333e-02 (5.5738e-02)	Acc@1  96.88 ( 97.73)	Acc@5 100.00 (100.00)
Epoch: [257][ 20/115]	Time  0.131 ( 0.135)	Data  0.000 ( 0.017)	Loss 4.9275e-02 (6.0335e-02)	Acc@1  96.88 ( 97.62)	Acc@5 100.00 (100.00)
Epoch: [257][ 30/115]	Time  0.128 ( 0.133)	Data  0.000 ( 0.014)	Loss 7.5781e-02 (7.6285e-02)	Acc@1  98.44 ( 97.08)	Acc@5 100.00 (100.00)
Epoch: [257][ 40/115]	Time  0.129 ( 0.133)	Data  0.000 ( 0.012)	Loss 1.0641e-02 (6.8673e-02)	Acc@1 100.00 ( 97.37)	Acc@5 100.00 (100.00)
Epoch: [257][ 50/115]	Time  0.128 ( 0.132)	Data  0.000 ( 0.011)	Loss 5.3071e-02 (6.6589e-02)	Acc@1  98.44 ( 97.37)	Acc@5 100.00 (100.00)
Epoch: [257][ 60/115]	Time  0.131 ( 0.132)	Data  0.000 ( 0.010)	Loss 4.2007e-02 (7.0152e-02)	Acc@1 100.00 ( 97.31)	Acc@5 100.00 (100.00)
Epoch: [257][ 70/115]	Time  0.133 ( 0.131)	Data  0.000 ( 0.010)	Loss 9.6574e-02 (7.0840e-02)	Acc@1  96.88 ( 97.34)	Acc@5 100.00 (100.00)
Epoch: [257][ 80/115]	Time  0.129 ( 0.131)	Data  0.000 ( 0.010)	Loss 2.8779e-02 (6.8394e-02)	Acc@1  98.44 ( 97.43)	Acc@5 100.00 (100.00)
Epoch: [257][ 90/115]	Time  0.128 ( 0.131)	Data  0.000 ( 0.009)	Loss 3.2359e-02 (6.8931e-02)	Acc@1 100.00 ( 97.44)	Acc@5 100.00 (100.00)
Epoch: [257][100/115]	Time  0.128 ( 0.131)	Data  0.000 ( 0.009)	Loss 6.7832e-02 (6.8214e-02)	Acc@1  95.31 ( 97.48)	Acc@5 100.00 (100.00)
Epoch: [257][110/115]	Time  0.129 ( 0.130)	Data  0.000 ( 0.009)	Loss 2.1159e-02 (6.8194e-02)	Acc@1 100.00 ( 97.44)	Acc@5 100.00 (100.00)
Test: [ 0/50]	Time  0.260 ( 0.260)	Loss 6.2407e-02 (6.2407e-02)	Acc@1  98.44 ( 98.44)	Acc@5 100.00 (100.00)
Test: [10/50]	Time  0.037 ( 0.057)	Loss 1.5183e-02 (3.8300e-02)	Acc@1 100.00 ( 99.01)	Acc@5 100.00 (100.00)
Test: [20/50]	Time  0.038 ( 0.048)	Loss 4.2465e-03 (2.4371e-02)	Acc@1 100.00 ( 99.40)	Acc@5 100.00 (100.00)
Test: [30/50]	Time  0.038 ( 0.045)	Loss 1.3400e-02 (2.3907e-02)	Acc@1 100.00 ( 99.34)	Acc@5 100.00 (100.00)
Test: [40/50]	Time  0.038 ( 0.043)	Loss 4.6828e-02 (2.4638e-02)	Acc@1  98.44 ( 99.35)	Acc@5 100.00 (100.00)
 * Acc@1 99.397 Acc@5 100.000
Epoch: [258][  0/115]	Time  0.292 ( 0.292)	Data  0.236 ( 0.236)	Loss 8.6080e-02 (8.6080e-02)	Acc@1  96.88 ( 96.88)	Acc@5 100.00 (100.00)
Epoch: [258][ 10/115]	Time  0.131 ( 0.144)	Data  0.000 ( 0.028)	Loss 1.3045e-01 (8.0603e-02)	Acc@1  95.31 ( 97.02)	Acc@5 100.00 (100.00)
Epoch: [258][ 20/115]	Time  0.127 ( 0.137)	Data  0.000 ( 0.018)	Loss 8.4470e-02 (8.7226e-02)	Acc@1  96.88 ( 96.73)	Acc@5 100.00 (100.00)
Epoch: [258][ 30/115]	Time  0.131 ( 0.134)	Data  0.000 ( 0.015)	Loss 2.6907e-02 (8.0133e-02)	Acc@1 100.00 ( 97.13)	Acc@5 100.00 (100.00)
Epoch: [258][ 40/115]	Time  0.131 ( 0.133)	Data  0.000 ( 0.013)	Loss 4.4078e-02 (7.3626e-02)	Acc@1  96.88 ( 97.22)	Acc@5 100.00 (100.00)
Epoch: [258][ 50/115]	Time  0.129 ( 0.132)	Data  0.000 ( 0.012)	Loss 3.8846e-02 (7.0711e-02)	Acc@1  98.44 ( 97.37)	Acc@5 100.00 (100.00)
Epoch: [258][ 60/115]	Time  0.132 ( 0.132)	Data  0.000 ( 0.011)	Loss 1.9945e-02 (6.8687e-02)	Acc@1 100.00 ( 97.46)	Acc@5 100.00 (100.00)
Epoch: [258][ 70/115]	Time  0.131 ( 0.132)	Data  0.000 ( 0.010)	Loss 2.9276e-02 (6.7691e-02)	Acc@1 100.00 ( 97.47)	Acc@5 100.00 (100.00)
Epoch: [258][ 80/115]	Time  0.130 ( 0.131)	Data  0.000 ( 0.010)	Loss 1.1216e-01 (6.7860e-02)	Acc@1  95.31 ( 97.55)	Acc@5 100.00 (100.00)
Epoch: [258][ 90/115]	Time  0.131 ( 0.131)	Data  0.000 ( 0.010)	Loss 5.6413e-02 (6.7862e-02)	Acc@1  96.88 ( 97.54)	Acc@5 100.00 (100.00)
Epoch: [258][100/115]	Time  0.130 ( 0.131)	Data  0.000 ( 0.009)	Loss 1.2587e-01 (6.6687e-02)	Acc@1  96.88 ( 97.63)	Acc@5 100.00 (100.00)
Epoch: [258][110/115]	Time  0.133 ( 0.131)	Data  0.000 ( 0.009)	Loss 3.2286e-02 (6.7187e-02)	Acc@1  98.44 ( 97.59)	Acc@5 100.00 (100.00)
Test: [ 0/50]	Time  0.262 ( 0.262)	Loss 7.3470e-02 (7.3470e-02)	Acc@1  98.44 ( 98.44)	Acc@5 100.00 (100.00)
Test: [10/50]	Time  0.037 ( 0.057)	Loss 2.4886e-02 (4.8825e-02)	Acc@1  96.88 ( 98.44)	Acc@5 100.00 (100.00)
Test: [20/50]	Time  0.038 ( 0.048)	Loss 7.0523e-03 (3.2144e-02)	Acc@1 100.00 ( 98.88)	Acc@5 100.00 (100.00)
Test: [30/50]	Time  0.038 ( 0.045)	Loss 9.2665e-03 (3.0135e-02)	Acc@1 100.00 ( 98.94)	Acc@5 100.00 (100.00)
Test: [40/50]	Time  0.038 ( 0.044)	Loss 3.1637e-02 (2.7056e-02)	Acc@1  98.44 ( 99.09)	Acc@5 100.00 (100.00)
 * Acc@1 99.207 Acc@5 100.000
Epoch: [259][  0/115]	Time  0.265 ( 0.265)	Data  0.210 ( 0.210)	Loss 9.4021e-02 (9.4021e-02)	Acc@1  98.44 ( 98.44)	Acc@5 100.00 (100.00)
Epoch: [259][ 10/115]	Time  0.129 ( 0.141)	Data  0.000 ( 0.026)	Loss 5.2471e-02 (9.7867e-02)	Acc@1  98.44 ( 96.31)	Acc@5 100.00 (100.00)
Epoch: [259][ 20/115]	Time  0.128 ( 0.136)	Data  0.000 ( 0.017)	Loss 2.3711e-02 (9.0810e-02)	Acc@1 100.00 ( 96.73)	Acc@5 100.00 (100.00)
Epoch: [259][ 30/115]	Time  0.127 ( 0.134)	Data  0.000 ( 0.014)	Loss 6.2469e-02 (8.0000e-02)	Acc@1  96.88 ( 97.08)	Acc@5 100.00 (100.00)
Epoch: [259][ 40/115]	Time  0.131 ( 0.133)	Data  0.000 ( 0.012)	Loss 6.3011e-02 (7.9817e-02)	Acc@1  98.44 ( 97.18)	Acc@5 100.00 (100.00)
Epoch: [259][ 50/115]	Time  0.132 ( 0.132)	Data  0.000 ( 0.011)	Loss 5.4989e-02 (8.2010e-02)	Acc@1  96.88 ( 97.00)	Acc@5 100.00 (100.00)
Epoch: [259][ 60/115]	Time  0.130 ( 0.131)	Data  0.000 ( 0.010)	Loss 4.7410e-02 (8.2565e-02)	Acc@1  98.44 ( 96.95)	Acc@5 100.00 (100.00)
Epoch: [259][ 70/115]	Time  0.129 ( 0.131)	Data  0.000 ( 0.010)	Loss 1.2291e-01 (8.4982e-02)	Acc@1  95.31 ( 96.92)	Acc@5 100.00 (100.00)
Epoch: [259][ 80/115]	Time  0.131 ( 0.131)	Data  0.000 ( 0.010)	Loss 3.5471e-02 (8.3478e-02)	Acc@1  98.44 ( 97.07)	Acc@5 100.00 (100.00)
Epoch: [259][ 90/115]	Time  0.129 ( 0.131)	Data  0.000 ( 0.009)	Loss 7.4551e-02 (8.0878e-02)	Acc@1  96.88 ( 97.17)	Acc@5 100.00 (100.00)
Epoch: [259][100/115]	Time  0.128 ( 0.131)	Data  0.000 ( 0.009)	Loss 3.5205e-02 (7.8838e-02)	Acc@1  98.44 ( 97.18)	Acc@5 100.00 (100.00)
Epoch: [259][110/115]	Time  0.128 ( 0.130)	Data  0.000 ( 0.009)	Loss 4.2011e-02 (7.9117e-02)	Acc@1  96.88 ( 97.14)	Acc@5 100.00 (100.00)
Test: [ 0/50]	Time  0.261 ( 0.261)	Loss 6.5342e-02 (6.5342e-02)	Acc@1  98.44 ( 98.44)	Acc@5 100.00 (100.00)
Test: [10/50]	Time  0.037 ( 0.057)	Loss 2.0162e-02 (4.2432e-02)	Acc@1 100.00 ( 98.86)	Acc@5 100.00 (100.00)
Test: [20/50]	Time  0.038 ( 0.048)	Loss 5.7203e-03 (2.7347e-02)	Acc@1 100.00 ( 99.26)	Acc@5 100.00 (100.00)
Test: [30/50]	Time  0.038 ( 0.045)	Loss 1.2391e-02 (2.6466e-02)	Acc@1 100.00 ( 99.19)	Acc@5 100.00 (100.00)
Test: [40/50]	Time  0.038 ( 0.043)	Loss 3.9330e-02 (2.5362e-02)	Acc@1  98.44 ( 99.28)	Acc@5 100.00 (100.00)
 * Acc@1 99.366 Acc@5 100.000
Epoch: [260][  0/115]	Time  0.283 ( 0.283)	Data  0.227 ( 0.227)	Loss 2.6788e-02 (2.6788e-02)	Acc@1 100.00 (100.00)	Acc@5 100.00 (100.00)
Epoch: [260][ 10/115]	Time  0.130 ( 0.142)	Data  0.000 ( 0.026)	Loss 5.8170e-02 (6.7020e-02)	Acc@1  96.88 ( 97.44)	Acc@5 100.00 (100.00)
Epoch: [260][ 20/115]	Time  0.129 ( 0.135)	Data  0.000 ( 0.017)	Loss 9.7913e-02 (7.8935e-02)	Acc@1  93.75 ( 97.17)	Acc@5 100.00 (100.00)
Epoch: [260][ 30/115]	Time  0.129 ( 0.133)	Data  0.000 ( 0.014)	Loss 3.1640e-02 (7.1115e-02)	Acc@1  98.44 ( 97.38)	Acc@5 100.00 (100.00)
Epoch: [260][ 40/115]	Time  0.123 ( 0.132)	Data  0.000 ( 0.012)	Loss 3.0570e-02 (6.9171e-02)	Acc@1  98.44 ( 97.41)	Acc@5 100.00 (100.00)
Epoch: [260][ 50/115]	Time  0.133 ( 0.132)	Data  0.000 ( 0.011)	Loss 7.5540e-02 (7.3942e-02)	Acc@1  96.88 ( 97.21)	Acc@5 100.00 (100.00)
Epoch: [260][ 60/115]	Time  0.132 ( 0.131)	Data  0.000 ( 0.011)	Loss 2.1314e-01 (7.2328e-02)	Acc@1  92.19 ( 97.16)	Acc@5 100.00 (100.00)
Epoch: [260][ 70/115]	Time  0.137 ( 0.131)	Data  0.000 ( 0.010)	Loss 3.4578e-02 (7.2271e-02)	Acc@1 100.00 ( 97.21)	Acc@5 100.00 (100.00)
Epoch: [260][ 80/115]	Time  0.129 ( 0.131)	Data  0.000 ( 0.010)	Loss 7.4093e-02 (7.0026e-02)	Acc@1  98.44 ( 97.32)	Acc@5 100.00 (100.00)
Epoch: [260][ 90/115]	Time  0.127 ( 0.131)	Data  0.000 ( 0.009)	Loss 1.0019e-01 (6.9471e-02)	Acc@1  93.75 ( 97.29)	Acc@5 100.00 (100.00)
Epoch: [260][100/115]	Time  0.131 ( 0.130)	Data  0.000 ( 0.009)	Loss 4.3595e-02 (6.8247e-02)	Acc@1 100.00 ( 97.39)	Acc@5 100.00 (100.00)
Epoch: [260][110/115]	Time  0.129 ( 0.130)	Data  0.000 ( 0.009)	Loss 8.1552e-02 (6.7814e-02)	Acc@1  98.44 ( 97.41)	Acc@5 100.00 (100.00)
Test: [ 0/50]	Time  0.274 ( 0.274)	Loss 7.0869e-02 (7.0869e-02)	Acc@1  98.44 ( 98.44)	Acc@5 100.00 (100.00)
Test: [10/50]	Time  0.037 ( 0.059)	Loss 2.3944e-02 (4.7084e-02)	Acc@1  96.88 ( 98.44)	Acc@5 100.00 (100.00)
Test: [20/50]	Time  0.038 ( 0.049)	Loss 6.7064e-03 (3.0869e-02)	Acc@1 100.00 ( 98.88)	Acc@5 100.00 (100.00)
Test: [30/50]	Time  0.038 ( 0.046)	Loss 1.0102e-02 (2.9208e-02)	Acc@1 100.00 ( 98.94)	Acc@5 100.00 (100.00)
Test: [40/50]	Time  0.038 ( 0.044)	Loss 3.3906e-02 (2.6555e-02)	Acc@1  98.44 ( 99.09)	Acc@5 100.00 (100.00)
 * Acc@1 99.207 Acc@5 100.000
Epoch: [261][  0/115]	Time  0.281 ( 0.281)	Data  0.226 ( 0.226)	Loss 3.7078e-02 (3.7078e-02)	Acc@1  98.44 ( 98.44)	Acc@5 100.00 (100.00)
Epoch: [261][ 10/115]	Time  0.130 ( 0.143)	Data  0.000 ( 0.027)	Loss 7.1856e-02 (6.9113e-02)	Acc@1  98.44 ( 97.02)	Acc@5 100.00 (100.00)
Epoch: [261][ 20/115]	Time  0.124 ( 0.137)	Data  0.000 ( 0.018)	Loss 3.3268e-02 (6.1184e-02)	Acc@1 100.00 ( 97.54)	Acc@5 100.00 (100.00)
Epoch: [261][ 30/115]	Time  0.131 ( 0.134)	Data  0.000 ( 0.014)	Loss 3.1418e-02 (6.0262e-02)	Acc@1 100.00 ( 97.73)	Acc@5 100.00 (100.00)
Epoch: [261][ 40/115]	Time  0.129 ( 0.133)	Data  0.000 ( 0.013)	Loss 1.8272e-02 (7.0597e-02)	Acc@1 100.00 ( 97.71)	Acc@5 100.00 (100.00)
Epoch: [261][ 50/115]	Time  0.129 ( 0.133)	Data  0.000 ( 0.012)	Loss 3.4648e-02 (6.7503e-02)	Acc@1  98.44 ( 97.76)	Acc@5 100.00 (100.00)
Epoch: [261][ 60/115]	Time  0.132 ( 0.132)	Data  0.000 ( 0.011)	Loss 7.6540e-02 (6.9407e-02)	Acc@1  95.31 ( 97.62)	Acc@5 100.00 (100.00)
Epoch: [261][ 70/115]	Time  0.129 ( 0.132)	Data  0.000 ( 0.010)	Loss 9.8834e-02 (6.9153e-02)	Acc@1  95.31 ( 97.60)	Acc@5 100.00 (100.00)
Epoch: [261][ 80/115]	Time  0.129 ( 0.131)	Data  0.000 ( 0.010)	Loss 3.6618e-02 (6.9837e-02)	Acc@1 100.00 ( 97.59)	Acc@5 100.00 (100.00)
Epoch: [261][ 90/115]	Time  0.126 ( 0.131)	Data  0.000 ( 0.010)	Loss 2.4265e-02 (6.8985e-02)	Acc@1 100.00 ( 97.63)	Acc@5 100.00 (100.00)
Epoch: [261][100/115]	Time  0.131 ( 0.131)	Data  0.000 ( 0.009)	Loss 3.4322e-02 (7.0040e-02)	Acc@1 100.00 ( 97.60)	Acc@5 100.00 (100.00)
Epoch: [261][110/115]	Time  0.128 ( 0.131)	Data  0.000 ( 0.009)	Loss 4.8121e-02 (6.8953e-02)	Acc@1  98.44 ( 97.65)	Acc@5 100.00 (100.00)
Test: [ 0/50]	Time  0.264 ( 0.264)	Loss 7.3864e-02 (7.3864e-02)	Acc@1  98.44 ( 98.44)	Acc@5 100.00 (100.00)
Test: [10/50]	Time  0.037 ( 0.057)	Loss 2.4682e-02 (4.7701e-02)	Acc@1  96.88 ( 98.58)	Acc@5 100.00 (100.00)
Test: [20/50]	Time  0.038 ( 0.048)	Loss 5.1232e-03 (3.1077e-02)	Acc@1 100.00 ( 98.96)	Acc@5 100.00 (100.00)
Test: [30/50]	Time  0.038 ( 0.045)	Loss 1.0677e-02 (2.9357e-02)	Acc@1 100.00 ( 98.99)	Acc@5 100.00 (100.00)
Test: [40/50]	Time  0.038 ( 0.043)	Loss 3.4512e-02 (2.6618e-02)	Acc@1  98.44 ( 99.12)	Acc@5 100.00 (100.00)
 * Acc@1 99.239 Acc@5 100.000
Epoch: [262][  0/115]	Time  0.287 ( 0.287)	Data  0.232 ( 0.232)	Loss 3.1966e-02 (3.1966e-02)	Acc@1  98.44 ( 98.44)	Acc@5 100.00 (100.00)
Epoch: [262][ 10/115]	Time  0.130 ( 0.144)	Data  0.000 ( 0.028)	Loss 2.5670e-02 (3.5239e-02)	Acc@1 100.00 ( 99.15)	Acc@5 100.00 (100.00)
Epoch: [262][ 20/115]	Time  0.129 ( 0.137)	Data  0.000 ( 0.018)	Loss 9.9043e-02 (5.5009e-02)	Acc@1  95.31 ( 98.21)	Acc@5 100.00 (100.00)
Epoch: [262][ 30/115]	Time  0.130 ( 0.135)	Data  0.000 ( 0.014)	Loss 2.7944e-01 (6.3157e-02)	Acc@1  89.06 ( 97.83)	Acc@5 100.00 (100.00)
Epoch: [262][ 40/115]	Time  0.130 ( 0.133)	Data  0.000 ( 0.013)	Loss 4.4918e-02 (6.1834e-02)	Acc@1  98.44 ( 97.87)	Acc@5 100.00 (100.00)
Epoch: [262][ 50/115]	Time  0.129 ( 0.133)	Data  0.000 ( 0.012)	Loss 4.1180e-02 (6.3096e-02)	Acc@1 100.00 ( 97.89)	Acc@5 100.00 (100.00)
Epoch: [262][ 60/115]	Time  0.127 ( 0.132)	Data  0.000 ( 0.011)	Loss 5.5876e-02 (6.3891e-02)	Acc@1  98.44 ( 97.90)	Acc@5 100.00 (100.00)
Epoch: [262][ 70/115]	Time  0.131 ( 0.132)	Data  0.000 ( 0.010)	Loss 6.6867e-02 (6.1439e-02)	Acc@1  98.44 ( 97.98)	Acc@5 100.00 (100.00)
Epoch: [262][ 80/115]	Time  0.131 ( 0.131)	Data  0.000 ( 0.010)	Loss 7.3773e-02 (6.2445e-02)	Acc@1  95.31 ( 97.84)	Acc@5 100.00 (100.00)
Epoch: [262][ 90/115]	Time  0.133 ( 0.131)	Data  0.000 ( 0.010)	Loss 2.9908e-02 (6.2868e-02)	Acc@1 100.00 ( 97.80)	Acc@5 100.00 (100.00)
Epoch: [262][100/115]	Time  0.129 ( 0.131)	Data  0.000 ( 0.009)	Loss 9.5169e-02 (6.3476e-02)	Acc@1  96.88 ( 97.76)	Acc@5 100.00 (100.00)
Epoch: [262][110/115]	Time  0.132 ( 0.131)	Data  0.000 ( 0.009)	Loss 3.8528e-02 (6.4228e-02)	Acc@1 100.00 ( 97.73)	Acc@5 100.00 (100.00)
Test: [ 0/50]	Time  0.259 ( 0.259)	Loss 7.1968e-02 (7.1968e-02)	Acc@1  98.44 ( 98.44)	Acc@5 100.00 (100.00)
Test: [10/50]	Time  0.037 ( 0.056)	Loss 2.5970e-02 (5.0275e-02)	Acc@1  96.88 ( 98.44)	Acc@5 100.00 (100.00)
Test: [20/50]	Time  0.042 ( 0.048)	Loss 7.9768e-03 (3.3442e-02)	Acc@1 100.00 ( 98.88)	Acc@5 100.00 (100.00)
Test: [30/50]	Time  0.037 ( 0.045)	Loss 9.0408e-03 (3.1291e-02)	Acc@1 100.00 ( 98.94)	Acc@5 100.00 (100.00)
Test: [40/50]	Time  0.039 ( 0.043)	Loss 3.0818e-02 (2.7582e-02)	Acc@1  98.44 ( 99.09)	Acc@5 100.00 (100.00)
 * Acc@1 99.207 Acc@5 100.000
Epoch: [263][  0/115]	Time  0.265 ( 0.265)	Data  0.210 ( 0.210)	Loss 4.3483e-02 (4.3483e-02)	Acc@1  98.44 ( 98.44)	Acc@5 100.00 (100.00)
Epoch: [263][ 10/115]	Time  0.129 ( 0.141)	Data  0.000 ( 0.026)	Loss 1.5892e-01 (8.4720e-02)	Acc@1  95.31 ( 97.59)	Acc@5 100.00 (100.00)
Epoch: [263][ 20/115]	Time  0.130 ( 0.136)	Data  0.000 ( 0.017)	Loss 2.7813e-02 (8.2282e-02)	Acc@1 100.00 ( 97.25)	Acc@5 100.00 (100.00)
Epoch: [263][ 30/115]	Time  0.127 ( 0.133)	Data  0.000 ( 0.014)	Loss 1.3390e-02 (8.0983e-02)	Acc@1 100.00 ( 97.13)	Acc@5 100.00 (100.00)
Epoch: [263][ 40/115]	Time  0.132 ( 0.132)	Data  0.000 ( 0.012)	Loss 9.8689e-02 (8.1241e-02)	Acc@1  95.31 ( 97.14)	Acc@5 100.00 (100.00)
Epoch: [263][ 50/115]	Time  0.131 ( 0.132)	Data  0.000 ( 0.011)	Loss 6.3583e-02 (8.0086e-02)	Acc@1  98.44 ( 97.33)	Acc@5 100.00 (100.00)
Epoch: [263][ 60/115]	Time  0.130 ( 0.132)	Data  0.000 ( 0.011)	Loss 5.4090e-02 (7.7547e-02)	Acc@1  98.44 ( 97.28)	Acc@5 100.00 (100.00)
Epoch: [263][ 70/115]	Time  0.125 ( 0.131)	Data  0.000 ( 0.010)	Loss 6.8125e-02 (7.8376e-02)	Acc@1  96.88 ( 97.21)	Acc@5 100.00 (100.00)
Epoch: [263][ 80/115]	Time  0.133 ( 0.131)	Data  0.000 ( 0.010)	Loss 5.6959e-02 (7.6373e-02)	Acc@1  98.44 ( 97.15)	Acc@5 100.00 (100.00)
Epoch: [263][ 90/115]	Time  0.131 ( 0.131)	Data  0.000 ( 0.009)	Loss 5.6812e-02 (7.6024e-02)	Acc@1  98.44 ( 97.24)	Acc@5 100.00 (100.00)
Epoch: [263][100/115]	Time  0.130 ( 0.131)	Data  0.000 ( 0.009)	Loss 8.7662e-02 (7.4804e-02)	Acc@1  96.88 ( 97.28)	Acc@5 100.00 (100.00)
Epoch: [263][110/115]	Time  0.127 ( 0.131)	Data  0.000 ( 0.009)	Loss 5.8813e-02 (7.3767e-02)	Acc@1  96.88 ( 97.30)	Acc@5 100.00 (100.00)
Test: [ 0/50]	Time  0.274 ( 0.274)	Loss 6.8712e-02 (6.8712e-02)	Acc@1  98.44 ( 98.44)	Acc@5 100.00 (100.00)
Test: [10/50]	Time  0.039 ( 0.058)	Loss 2.1586e-02 (4.5702e-02)	Acc@1  98.44 ( 98.72)	Acc@5 100.00 (100.00)
Test: [20/50]	Time  0.038 ( 0.049)	Loss 7.6305e-03 (3.0145e-02)	Acc@1 100.00 ( 99.03)	Acc@5 100.00 (100.00)
Test: [30/50]	Time  0.038 ( 0.045)	Loss 9.8088e-03 (2.8483e-02)	Acc@1 100.00 ( 99.04)	Acc@5 100.00 (100.00)
Test: [40/50]	Time  0.038 ( 0.043)	Loss 3.7353e-02 (2.6196e-02)	Acc@1  98.44 ( 99.16)	Acc@5 100.00 (100.00)
 * Acc@1 99.271 Acc@5 100.000
Epoch: [264][  0/115]	Time  0.292 ( 0.292)	Data  0.227 ( 0.227)	Loss 9.6023e-02 (9.6023e-02)	Acc@1  95.31 ( 95.31)	Acc@5 100.00 (100.00)
Epoch: [264][ 10/115]	Time  0.132 ( 0.143)	Data  0.000 ( 0.026)	Loss 1.1037e-01 (7.9203e-02)	Acc@1  96.88 ( 96.88)	Acc@5 100.00 (100.00)
Epoch: [264][ 20/115]	Time  0.132 ( 0.136)	Data  0.000 ( 0.017)	Loss 1.9468e-02 (6.9431e-02)	Acc@1 100.00 ( 97.25)	Acc@5 100.00 (100.00)
Epoch: [264][ 30/115]	Time  0.129 ( 0.134)	Data  0.000 ( 0.014)	Loss 4.4880e-02 (7.1178e-02)	Acc@1  98.44 ( 97.23)	Acc@5 100.00 (100.00)
Epoch: [264][ 40/115]	Time  0.134 ( 0.133)	Data  0.000 ( 0.012)	Loss 7.9386e-02 (7.7248e-02)	Acc@1  95.31 ( 97.10)	Acc@5 100.00 (100.00)
Epoch: [264][ 50/115]	Time  0.130 ( 0.132)	Data  0.000 ( 0.011)	Loss 7.9549e-02 (7.0674e-02)	Acc@1  98.44 ( 97.33)	Acc@5 100.00 (100.00)
Epoch: [264][ 60/115]	Time  0.129 ( 0.131)	Data  0.000 ( 0.010)	Loss 8.1733e-02 (7.3199e-02)	Acc@1  98.44 ( 97.44)	Acc@5 100.00 (100.00)
Epoch: [264][ 70/115]	Time  0.129 ( 0.131)	Data  0.000 ( 0.010)	Loss 1.4366e-01 (7.4859e-02)	Acc@1  93.75 ( 97.36)	Acc@5 100.00 (100.00)
Epoch: [264][ 80/115]	Time  0.135 ( 0.131)	Data  0.000 ( 0.010)	Loss 9.6778e-02 (7.4510e-02)	Acc@1  96.88 ( 97.38)	Acc@5 100.00 (100.00)
Epoch: [264][ 90/115]	Time  0.130 ( 0.131)	Data  0.000 ( 0.009)	Loss 5.8505e-02 (7.3112e-02)	Acc@1  98.44 ( 97.39)	Acc@5 100.00 (100.00)
Epoch: [264][100/115]	Time  0.133 ( 0.131)	Data  0.000 ( 0.009)	Loss 6.1303e-02 (7.3268e-02)	Acc@1  96.88 ( 97.40)	Acc@5 100.00 (100.00)
Epoch: [264][110/115]	Time  0.131 ( 0.130)	Data  0.000 ( 0.009)	Loss 2.1207e-02 (7.2213e-02)	Acc@1  98.44 ( 97.35)	Acc@5 100.00 (100.00)
Test: [ 0/50]	Time  0.255 ( 0.255)	Loss 7.2451e-02 (7.2451e-02)	Acc@1  98.44 ( 98.44)	Acc@5 100.00 (100.00)
Test: [10/50]	Time  0.037 ( 0.057)	Loss 2.4497e-02 (4.5611e-02)	Acc@1  98.44 ( 98.58)	Acc@5 100.00 (100.00)
Test: [20/50]	Time  0.038 ( 0.048)	Loss 6.6834e-03 (2.9895e-02)	Acc@1 100.00 ( 98.96)	Acc@5 100.00 (100.00)
Test: [30/50]	Time  0.039 ( 0.045)	Loss 1.1337e-02 (2.8592e-02)	Acc@1 100.00 ( 98.99)	Acc@5 100.00 (100.00)
Test: [40/50]	Time  0.038 ( 0.043)	Loss 3.7765e-02 (2.6539e-02)	Acc@1  98.44 ( 99.12)	Acc@5 100.00 (100.00)
 * Acc@1 99.239 Acc@5 100.000
Epoch: [265][  0/115]	Time  0.264 ( 0.264)	Data  0.208 ( 0.208)	Loss 2.4794e-02 (2.4794e-02)	Acc@1 100.00 (100.00)	Acc@5 100.00 (100.00)
Epoch: [265][ 10/115]	Time  0.127 ( 0.142)	Data  0.000 ( 0.026)	Loss 4.3466e-02 (5.8398e-02)	Acc@1  98.44 ( 97.73)	Acc@5 100.00 (100.00)
Epoch: [265][ 20/115]	Time  0.129 ( 0.136)	Data  0.000 ( 0.017)	Loss 6.5607e-02 (6.1586e-02)	Acc@1  96.88 ( 97.62)	Acc@5 100.00 (100.00)
Epoch: [265][ 30/115]	Time  0.131 ( 0.134)	Data  0.000 ( 0.014)	Loss 6.9933e-02 (6.1382e-02)	Acc@1  98.44 ( 97.93)	Acc@5 100.00 (100.00)
Epoch: [265][ 40/115]	Time  0.127 ( 0.133)	Data  0.000 ( 0.012)	Loss 3.3976e-02 (6.1048e-02)	Acc@1  98.44 ( 97.71)	Acc@5 100.00 (100.00)
Epoch: [265][ 50/115]	Time  0.131 ( 0.132)	Data  0.000 ( 0.011)	Loss 1.3371e-01 (6.9390e-02)	Acc@1  95.31 ( 97.40)	Acc@5 100.00 (100.00)
Epoch: [265][ 60/115]	Time  0.132 ( 0.132)	Data  0.000 ( 0.010)	Loss 1.4457e-01 (7.2712e-02)	Acc@1  93.75 ( 97.23)	Acc@5 100.00 (100.00)
Epoch: [265][ 70/115]	Time  0.128 ( 0.131)	Data  0.000 ( 0.010)	Loss 9.9293e-02 (7.1277e-02)	Acc@1  95.31 ( 97.29)	Acc@5 100.00 (100.00)
Epoch: [265][ 80/115]	Time  0.129 ( 0.131)	Data  0.000 ( 0.010)	Loss 8.3809e-02 (7.1997e-02)	Acc@1  95.31 ( 97.24)	Acc@5 100.00 (100.00)
Epoch: [265][ 90/115]	Time  0.127 ( 0.131)	Data  0.000 ( 0.009)	Loss 3.5921e-02 (6.9333e-02)	Acc@1 100.00 ( 97.39)	Acc@5 100.00 (100.00)
Epoch: [265][100/115]	Time  0.130 ( 0.131)	Data  0.000 ( 0.009)	Loss 3.2766e-02 (6.7576e-02)	Acc@1 100.00 ( 97.49)	Acc@5 100.00 (100.00)
Epoch: [265][110/115]	Time  0.130 ( 0.130)	Data  0.000 ( 0.009)	Loss 1.0087e-01 (6.7319e-02)	Acc@1  96.88 ( 97.49)	Acc@5 100.00 (100.00)
Test: [ 0/50]	Time  0.257 ( 0.257)	Loss 6.3928e-02 (6.3928e-02)	Acc@1  98.44 ( 98.44)	Acc@5 100.00 (100.00)
Test: [10/50]	Time  0.037 ( 0.056)	Loss 1.8290e-02 (4.3428e-02)	Acc@1 100.00 ( 98.86)	Acc@5 100.00 (100.00)
Test: [20/50]	Time  0.048 ( 0.048)	Loss 6.7900e-03 (2.8519e-02)	Acc@1 100.00 ( 99.18)	Acc@5 100.00 (100.00)
Test: [30/50]	Time  0.037 ( 0.045)	Loss 1.1370e-02 (2.7297e-02)	Acc@1 100.00 ( 99.14)	Acc@5 100.00 (100.00)
Test: [40/50]	Time  0.038 ( 0.043)	Loss 4.1041e-02 (2.5798e-02)	Acc@1  98.44 ( 99.24)	Acc@5 100.00 (100.00)
 * Acc@1 99.334 Acc@5 100.000
Epoch: [266][  0/115]	Time  0.276 ( 0.276)	Data  0.221 ( 0.221)	Loss 3.2587e-02 (3.2587e-02)	Acc@1  96.88 ( 96.88)	Acc@5 100.00 (100.00)
Epoch: [266][ 10/115]	Time  0.127 ( 0.141)	Data  0.000 ( 0.027)	Loss 5.8321e-02 (7.6373e-02)	Acc@1  98.44 ( 97.02)	Acc@5 100.00 (100.00)
Epoch: [266][ 20/115]	Time  0.126 ( 0.135)	Data  0.000 ( 0.017)	Loss 8.1134e-03 (7.0516e-02)	Acc@1 100.00 ( 97.62)	Acc@5 100.00 (100.00)
Epoch: [266][ 30/115]	Time  0.137 ( 0.133)	Data  0.000 ( 0.014)	Loss 2.6506e-02 (7.4127e-02)	Acc@1 100.00 ( 97.63)	Acc@5 100.00 (100.00)
Epoch: [266][ 40/115]	Time  0.132 ( 0.132)	Data  0.000 ( 0.012)	Loss 5.8839e-02 (7.2899e-02)	Acc@1  96.88 ( 97.48)	Acc@5 100.00 (100.00)
Epoch: [266][ 50/115]	Time  0.129 ( 0.132)	Data  0.000 ( 0.011)	Loss 3.4587e-02 (7.0400e-02)	Acc@1 100.00 ( 97.70)	Acc@5 100.00 (100.00)
Epoch: [266][ 60/115]	Time  0.126 ( 0.131)	Data  0.000 ( 0.011)	Loss 8.2486e-02 (7.3303e-02)	Acc@1  95.31 ( 97.59)	Acc@5 100.00 (100.00)
Epoch: [266][ 70/115]	Time  0.131 ( 0.131)	Data  0.000 ( 0.010)	Loss 7.6617e-02 (7.5697e-02)	Acc@1  96.88 ( 97.54)	Acc@5 100.00 (100.00)
Epoch: [266][ 80/115]	Time  0.128 ( 0.131)	Data  0.000 ( 0.010)	Loss 1.3582e-01 (7.6931e-02)	Acc@1  96.88 ( 97.47)	Acc@5 100.00 (100.00)
Epoch: [266][ 90/115]	Time  0.128 ( 0.131)	Data  0.000 ( 0.009)	Loss 2.1485e-01 (7.5674e-02)	Acc@1  93.75 ( 97.48)	Acc@5 100.00 (100.00)
Epoch: [266][100/115]	Time  0.127 ( 0.131)	Data  0.000 ( 0.009)	Loss 1.5081e-02 (7.3417e-02)	Acc@1 100.00 ( 97.57)	Acc@5 100.00 (100.00)
Epoch: [266][110/115]	Time  0.131 ( 0.130)	Data  0.000 ( 0.009)	Loss 2.2430e-02 (7.3001e-02)	Acc@1 100.00 ( 97.62)	Acc@5 100.00 (100.00)
Test: [ 0/50]	Time  0.282 ( 0.282)	Loss 6.7192e-02 (6.7192e-02)	Acc@1  98.44 ( 98.44)	Acc@5 100.00 (100.00)
Test: [10/50]	Time  0.037 ( 0.060)	Loss 2.1126e-02 (4.5328e-02)	Acc@1  98.44 ( 98.72)	Acc@5 100.00 (100.00)
Test: [20/50]	Time  0.038 ( 0.049)	Loss 6.4282e-03 (2.9630e-02)	Acc@1 100.00 ( 99.03)	Acc@5 100.00 (100.00)
Test: [30/50]	Time  0.038 ( 0.046)	Loss 1.0797e-02 (2.8235e-02)	Acc@1 100.00 ( 99.04)	Acc@5 100.00 (100.00)
Test: [40/50]	Time  0.043 ( 0.044)	Loss 3.5197e-02 (2.6008e-02)	Acc@1  98.44 ( 99.16)	Acc@5 100.00 (100.00)
 * Acc@1 99.271 Acc@5 100.000
Epoch: [267][  0/115]	Time  0.263 ( 0.263)	Data  0.208 ( 0.208)	Loss 4.1872e-02 (4.1872e-02)	Acc@1  98.44 ( 98.44)	Acc@5 100.00 (100.00)
Epoch: [267][ 10/115]	Time  0.129 ( 0.141)	Data  0.000 ( 0.026)	Loss 3.6252e-02 (9.5011e-02)	Acc@1  98.44 ( 96.31)	Acc@5 100.00 (100.00)
Epoch: [267][ 20/115]	Time  0.131 ( 0.135)	Data  0.000 ( 0.017)	Loss 3.1085e-02 (7.5333e-02)	Acc@1  98.44 ( 97.10)	Acc@5 100.00 (100.00)
Epoch: [267][ 30/115]	Time  0.126 ( 0.133)	Data  0.000 ( 0.014)	Loss 7.9299e-02 (7.1070e-02)	Acc@1  98.44 ( 97.28)	Acc@5 100.00 (100.00)
Epoch: [267][ 40/115]	Time  0.131 ( 0.132)	Data  0.000 ( 0.012)	Loss 6.4957e-02 (7.0566e-02)	Acc@1  98.44 ( 97.33)	Acc@5 100.00 (100.00)
Epoch: [267][ 50/115]	Time  0.131 ( 0.132)	Data  0.000 ( 0.011)	Loss 7.8668e-02 (6.8189e-02)	Acc@1  98.44 ( 97.52)	Acc@5 100.00 (100.00)
Epoch: [267][ 60/115]	Time  0.130 ( 0.131)	Data  0.000 ( 0.010)	Loss 8.2741e-02 (6.9330e-02)	Acc@1  95.31 ( 97.44)	Acc@5 100.00 (100.00)
Epoch: [267][ 70/115]	Time  0.128 ( 0.131)	Data  0.000 ( 0.010)	Loss 1.2968e-01 (7.1024e-02)	Acc@1  95.31 ( 97.34)	Acc@5 100.00 (100.00)
Epoch: [267][ 80/115]	Time  0.134 ( 0.131)	Data  0.000 ( 0.010)	Loss 4.7605e-02 (6.8839e-02)	Acc@1  98.44 ( 97.47)	Acc@5 100.00 (100.00)
Epoch: [267][ 90/115]	Time  0.130 ( 0.131)	Data  0.000 ( 0.009)	Loss 3.3414e-02 (7.2332e-02)	Acc@1 100.00 ( 97.34)	Acc@5 100.00 (100.00)
Epoch: [267][100/115]	Time  0.130 ( 0.131)	Data  0.000 ( 0.009)	Loss 5.9348e-02 (7.0177e-02)	Acc@1  98.44 ( 97.43)	Acc@5 100.00 (100.00)
Epoch: [267][110/115]	Time  0.128 ( 0.131)	Data  0.000 ( 0.009)	Loss 5.4902e-02 (6.7731e-02)	Acc@1  98.44 ( 97.51)	Acc@5 100.00 (100.00)
Test: [ 0/50]	Time  0.259 ( 0.259)	Loss 5.8912e-02 (5.8912e-02)	Acc@1  98.44 ( 98.44)	Acc@5 100.00 (100.00)
Test: [10/50]	Time  0.038 ( 0.057)	Loss 1.5396e-02 (3.6087e-02)	Acc@1 100.00 ( 99.01)	Acc@5 100.00 (100.00)
Test: [20/50]	Time  0.038 ( 0.048)	Loss 4.1373e-03 (2.2896e-02)	Acc@1 100.00 ( 99.48)	Acc@5 100.00 (100.00)
Test: [30/50]	Time  0.038 ( 0.045)	Loss 1.4969e-02 (2.3214e-02)	Acc@1 100.00 ( 99.29)	Acc@5 100.00 (100.00)
Test: [40/50]	Time  0.038 ( 0.043)	Loss 4.6661e-02 (2.4943e-02)	Acc@1  98.44 ( 99.24)	Acc@5 100.00 (100.00)
 * Acc@1 99.302 Acc@5 100.000
Epoch: [268][  0/115]	Time  0.269 ( 0.269)	Data  0.214 ( 0.214)	Loss 8.4838e-02 (8.4838e-02)	Acc@1  96.88 ( 96.88)	Acc@5 100.00 (100.00)
Epoch: [268][ 10/115]	Time  0.129 ( 0.142)	Data  0.000 ( 0.026)	Loss 8.1521e-02 (5.5019e-02)	Acc@1  95.31 ( 97.87)	Acc@5 100.00 (100.00)
Epoch: [268][ 20/115]	Time  0.130 ( 0.136)	Data  0.000 ( 0.017)	Loss 5.2176e-02 (6.3219e-02)	Acc@1  98.44 ( 97.84)	Acc@5 100.00 (100.00)
Epoch: [268][ 30/115]	Time  0.133 ( 0.134)	Data  0.000 ( 0.014)	Loss 1.3049e-01 (6.4641e-02)	Acc@1  95.31 ( 97.83)	Acc@5 100.00 (100.00)
Epoch: [268][ 40/115]	Time  0.126 ( 0.133)	Data  0.000 ( 0.012)	Loss 1.0211e-02 (7.0717e-02)	Acc@1 100.00 ( 97.48)	Acc@5 100.00 (100.00)
Epoch: [268][ 50/115]	Time  0.132 ( 0.132)	Data  0.000 ( 0.011)	Loss 4.8269e-02 (7.6448e-02)	Acc@1  98.44 ( 97.21)	Acc@5 100.00 (100.00)
Epoch: [268][ 60/115]	Time  0.126 ( 0.132)	Data  0.000 ( 0.011)	Loss 3.1746e-02 (7.5223e-02)	Acc@1  98.44 ( 97.18)	Acc@5 100.00 (100.00)
Epoch: [268][ 70/115]	Time  0.129 ( 0.131)	Data  0.000 ( 0.010)	Loss 3.6143e-02 (7.1904e-02)	Acc@1  98.44 ( 97.34)	Acc@5 100.00 (100.00)
Epoch: [268][ 80/115]	Time  0.127 ( 0.131)	Data  0.000 ( 0.010)	Loss 5.0502e-02 (7.1718e-02)	Acc@1  96.88 ( 97.43)	Acc@5 100.00 (100.00)
Epoch: [268][ 90/115]	Time  0.131 ( 0.131)	Data  0.000 ( 0.009)	Loss 6.2821e-02 (7.5387e-02)	Acc@1  96.88 ( 97.32)	Acc@5 100.00 (100.00)
Epoch: [268][100/115]	Time  0.129 ( 0.130)	Data  0.000 ( 0.009)	Loss 3.0155e-02 (7.4786e-02)	Acc@1 100.00 ( 97.29)	Acc@5 100.00 (100.00)
Epoch: [268][110/115]	Time  0.127 ( 0.130)	Data  0.000 ( 0.009)	Loss 7.8921e-02 (7.2929e-02)	Acc@1  96.88 ( 97.33)	Acc@5 100.00 (100.00)
Test: [ 0/50]	Time  0.262 ( 0.262)	Loss 6.8467e-02 (6.8467e-02)	Acc@1  98.44 ( 98.44)	Acc@5 100.00 (100.00)
Test: [10/50]	Time  0.037 ( 0.057)	Loss 2.3355e-02 (4.5307e-02)	Acc@1  98.44 ( 98.72)	Acc@5 100.00 (100.00)
Test: [20/50]	Time  0.038 ( 0.048)	Loss 5.6612e-03 (2.9499e-02)	Acc@1 100.00 ( 99.11)	Acc@5 100.00 (100.00)
Test: [30/50]	Time  0.038 ( 0.045)	Loss 1.1874e-02 (2.8180e-02)	Acc@1 100.00 ( 99.09)	Acc@5 100.00 (100.00)
Test: [40/50]	Time  0.038 ( 0.043)	Loss 3.5832e-02 (2.6185e-02)	Acc@1  98.44 ( 99.20)	Acc@5 100.00 (100.00)
 * Acc@1 99.302 Acc@5 100.000
Epoch: [269][  0/115]	Time  0.279 ( 0.279)	Data  0.224 ( 0.224)	Loss 2.8709e-02 (2.8709e-02)	Acc@1  98.44 ( 98.44)	Acc@5 100.00 (100.00)
Epoch: [269][ 10/115]	Time  0.127 ( 0.142)	Data  0.000 ( 0.027)	Loss 1.3424e-01 (7.8392e-02)	Acc@1  93.75 ( 97.02)	Acc@5 100.00 (100.00)
Epoch: [269][ 20/115]	Time  0.129 ( 0.136)	Data  0.000 ( 0.018)	Loss 9.5904e-02 (7.6916e-02)	Acc@1  96.88 ( 97.02)	Acc@5 100.00 (100.00)
Epoch: [269][ 30/115]	Time  0.130 ( 0.134)	Data  0.000 ( 0.014)	Loss 8.8873e-02 (7.6663e-02)	Acc@1  96.88 ( 97.13)	Acc@5 100.00 (100.00)
Epoch: [269][ 40/115]	Time  0.129 ( 0.133)	Data  0.000 ( 0.013)	Loss 4.0142e-02 (7.3787e-02)	Acc@1  98.44 ( 97.10)	Acc@5 100.00 (100.00)
Epoch: [269][ 50/115]	Time  0.127 ( 0.132)	Data  0.000 ( 0.012)	Loss 5.7379e-02 (7.5482e-02)	Acc@1  98.44 ( 97.03)	Acc@5 100.00 (100.00)
Epoch: [269][ 60/115]	Time  0.130 ( 0.132)	Data  0.000 ( 0.011)	Loss 1.4015e-01 (7.6461e-02)	Acc@1  92.19 ( 97.00)	Acc@5 100.00 (100.00)
Epoch: [269][ 70/115]	Time  0.127 ( 0.131)	Data  0.000 ( 0.010)	Loss 6.3125e-02 (7.7263e-02)	Acc@1  98.44 ( 96.94)	Acc@5 100.00 (100.00)
Epoch: [269][ 80/115]	Time  0.130 ( 0.131)	Data  0.000 ( 0.010)	Loss 3.2518e-02 (7.7019e-02)	Acc@1 100.00 ( 96.91)	Acc@5 100.00 (100.00)
Epoch: [269][ 90/115]	Time  0.129 ( 0.131)	Data  0.000 ( 0.010)	Loss 3.7052e-02 (7.5272e-02)	Acc@1  98.44 ( 97.00)	Acc@5 100.00 (100.00)
Epoch: [269][100/115]	Time  0.130 ( 0.131)	Data  0.000 ( 0.009)	Loss 4.1585e-02 (7.6086e-02)	Acc@1  98.44 ( 97.03)	Acc@5 100.00 (100.00)
Epoch: [269][110/115]	Time  0.129 ( 0.131)	Data  0.000 ( 0.009)	Loss 4.0847e-02 (7.7911e-02)	Acc@1  96.88 ( 96.96)	Acc@5 100.00 (100.00)
Test: [ 0/50]	Time  0.269 ( 0.269)	Loss 7.0899e-02 (7.0899e-02)	Acc@1  98.44 ( 98.44)	Acc@5 100.00 (100.00)
Test: [10/50]	Time  0.038 ( 0.058)	Loss 2.5919e-02 (4.7477e-02)	Acc@1  96.88 ( 98.58)	Acc@5 100.00 (100.00)
Test: [20/50]	Time  0.038 ( 0.048)	Loss 5.9607e-03 (3.1120e-02)	Acc@1 100.00 ( 98.96)	Acc@5 100.00 (100.00)
Test: [30/50]	Time  0.038 ( 0.045)	Loss 1.0420e-02 (2.9436e-02)	Acc@1 100.00 ( 98.99)	Acc@5 100.00 (100.00)
Test: [40/50]	Time  0.038 ( 0.043)	Loss 3.3650e-02 (2.6713e-02)	Acc@1  98.44 ( 99.12)	Acc@5 100.00 (100.00)
 * Acc@1 99.239 Acc@5 100.000
Epoch: [270][  0/115]	Time  0.255 ( 0.255)	Data  0.199 ( 0.199)	Loss 1.5662e-01 (1.5662e-01)	Acc@1  95.31 ( 95.31)	Acc@5 100.00 (100.00)
Epoch: [270][ 10/115]	Time  0.130 ( 0.140)	Data  0.000 ( 0.025)	Loss 1.0537e-01 (7.9831e-02)	Acc@1  96.88 ( 97.44)	Acc@5 100.00 (100.00)
Epoch: [270][ 20/115]	Time  0.121 ( 0.135)	Data  0.000 ( 0.017)	Loss 6.6606e-02 (7.7176e-02)	Acc@1  98.44 ( 97.62)	Acc@5 100.00 (100.00)
Epoch: [270][ 30/115]	Time  0.134 ( 0.133)	Data  0.000 ( 0.013)	Loss 6.5847e-02 (6.9887e-02)	Acc@1  96.88 ( 97.68)	Acc@5 100.00 (100.00)
Epoch: [270][ 40/115]	Time  0.135 ( 0.132)	Data  0.000 ( 0.012)	Loss 1.2526e-01 (6.9527e-02)	Acc@1  96.88 ( 97.52)	Acc@5 100.00 (100.00)
Epoch: [270][ 50/115]	Time  0.131 ( 0.132)	Data  0.000 ( 0.011)	Loss 4.5187e-02 (6.8985e-02)	Acc@1  98.44 ( 97.52)	Acc@5 100.00 (100.00)
Epoch: [270][ 60/115]	Time  0.124 ( 0.131)	Data  0.000 ( 0.010)	Loss 2.1100e-02 (7.0110e-02)	Acc@1 100.00 ( 97.49)	Acc@5 100.00 (100.00)
Epoch: [270][ 70/115]	Time  0.127 ( 0.131)	Data  0.000 ( 0.010)	Loss 1.3273e-02 (7.0166e-02)	Acc@1 100.00 ( 97.56)	Acc@5 100.00 (100.00)
Epoch: [270][ 80/115]	Time  0.127 ( 0.131)	Data  0.000 ( 0.009)	Loss 7.7520e-02 (6.8489e-02)	Acc@1  96.88 ( 97.61)	Acc@5 100.00 (100.00)
Epoch: [270][ 90/115]	Time  0.131 ( 0.131)	Data  0.000 ( 0.009)	Loss 3.5425e-02 (6.8916e-02)	Acc@1 100.00 ( 97.56)	Acc@5 100.00 (100.00)
Epoch: [270][100/115]	Time  0.127 ( 0.130)	Data  0.000 ( 0.009)	Loss 1.0981e-01 (6.8021e-02)	Acc@1  95.31 ( 97.59)	Acc@5 100.00 (100.00)
Epoch: [270][110/115]	Time  0.133 ( 0.130)	Data  0.000 ( 0.009)	Loss 4.4061e-02 (6.8271e-02)	Acc@1  98.44 ( 97.61)	Acc@5 100.00 (100.00)
Test: [ 0/50]	Time  0.266 ( 0.266)	Loss 6.7425e-02 (6.7425e-02)	Acc@1  98.44 ( 98.44)	Acc@5 100.00 (100.00)
Test: [10/50]	Time  0.037 ( 0.058)	Loss 2.1498e-02 (4.3719e-02)	Acc@1  98.44 ( 98.72)	Acc@5 100.00 (100.00)
Test: [20/50]	Time  0.038 ( 0.048)	Loss 4.8544e-03 (2.8341e-02)	Acc@1 100.00 ( 99.11)	Acc@5 100.00 (100.00)
Test: [30/50]	Time  0.038 ( 0.045)	Loss 1.2352e-02 (2.7288e-02)	Acc@1 100.00 ( 99.09)	Acc@5 100.00 (100.00)
Test: [40/50]	Time  0.038 ( 0.043)	Loss 3.7512e-02 (2.5771e-02)	Acc@1  98.44 ( 99.20)	Acc@5 100.00 (100.00)
 * Acc@1 99.271 Acc@5 100.000
Epoch: [271][  0/115]	Time  0.290 ( 0.290)	Data  0.235 ( 0.235)	Loss 8.4988e-02 (8.4988e-02)	Acc@1  96.88 ( 96.88)	Acc@5 100.00 (100.00)
Epoch: [271][ 10/115]	Time  0.132 ( 0.143)	Data  0.000 ( 0.028)	Loss 2.5354e-01 (9.2763e-02)	Acc@1  92.19 ( 96.02)	Acc@5 100.00 (100.00)
Epoch: [271][ 20/115]	Time  0.129 ( 0.136)	Data  0.000 ( 0.018)	Loss 3.5350e-02 (7.5272e-02)	Acc@1  98.44 ( 96.88)	Acc@5 100.00 (100.00)
Epoch: [271][ 30/115]	Time  0.129 ( 0.134)	Data  0.000 ( 0.014)	Loss 3.5509e-02 (6.9946e-02)	Acc@1 100.00 ( 97.43)	Acc@5 100.00 (100.00)
Epoch: [271][ 40/115]	Time  0.131 ( 0.133)	Data  0.000 ( 0.013)	Loss 1.4332e-01 (7.4946e-02)	Acc@1  95.31 ( 97.41)	Acc@5 100.00 (100.00)
Epoch: [271][ 50/115]	Time  0.129 ( 0.132)	Data  0.000 ( 0.012)	Loss 7.2297e-02 (7.6703e-02)	Acc@1  98.44 ( 97.21)	Acc@5 100.00 (100.00)
Epoch: [271][ 60/115]	Time  0.129 ( 0.132)	Data  0.000 ( 0.011)	Loss 1.9170e-02 (7.2723e-02)	Acc@1  98.44 ( 97.36)	Acc@5 100.00 (100.00)
Epoch: [271][ 70/115]	Time  0.124 ( 0.131)	Data  0.000 ( 0.010)	Loss 5.1321e-02 (7.3513e-02)	Acc@1  98.44 ( 97.32)	Acc@5 100.00 (100.00)
Epoch: [271][ 80/115]	Time  0.133 ( 0.131)	Data  0.000 ( 0.010)	Loss 6.3392e-02 (7.5779e-02)	Acc@1  96.88 ( 97.22)	Acc@5 100.00 (100.00)
Epoch: [271][ 90/115]	Time  0.133 ( 0.131)	Data  0.000 ( 0.010)	Loss 1.0891e-01 (7.3770e-02)	Acc@1  93.75 ( 97.27)	Acc@5 100.00 (100.00)
Epoch: [271][100/115]	Time  0.130 ( 0.131)	Data  0.000 ( 0.009)	Loss 8.0310e-02 (7.3932e-02)	Acc@1  95.31 ( 97.26)	Acc@5 100.00 (100.00)
Epoch: [271][110/115]	Time  0.127 ( 0.131)	Data  0.000 ( 0.009)	Loss 2.4769e-02 (7.3289e-02)	Acc@1 100.00 ( 97.33)	Acc@5 100.00 (100.00)
Test: [ 0/50]	Time  0.261 ( 0.261)	Loss 6.3818e-02 (6.3818e-02)	Acc@1  98.44 ( 98.44)	Acc@5 100.00 (100.00)
Test: [10/50]	Time  0.037 ( 0.057)	Loss 1.8279e-02 (4.3528e-02)	Acc@1 100.00 ( 98.86)	Acc@5 100.00 (100.00)
Test: [20/50]	Time  0.041 ( 0.048)	Loss 7.5974e-03 (2.8501e-02)	Acc@1 100.00 ( 99.18)	Acc@5 100.00 (100.00)
Test: [30/50]	Time  0.037 ( 0.045)	Loss 1.0912e-02 (2.7369e-02)	Acc@1 100.00 ( 99.14)	Acc@5 100.00 (100.00)
Test: [40/50]	Time  0.038 ( 0.043)	Loss 4.0271e-02 (2.5860e-02)	Acc@1  98.44 ( 99.24)	Acc@5 100.00 (100.00)
 * Acc@1 99.334 Acc@5 100.000
Epoch: [272][  0/115]	Time  0.275 ( 0.275)	Data  0.221 ( 0.221)	Loss 7.5442e-02 (7.5442e-02)	Acc@1  98.44 ( 98.44)	Acc@5 100.00 (100.00)
Epoch: [272][ 10/115]	Time  0.134 ( 0.142)	Data  0.000 ( 0.026)	Loss 6.8060e-02 (8.7528e-02)	Acc@1  96.88 ( 96.59)	Acc@5 100.00 (100.00)
Epoch: [272][ 20/115]	Time  0.132 ( 0.136)	Data  0.000 ( 0.017)	Loss 4.9890e-02 (7.3374e-02)	Acc@1  96.88 ( 97.02)	Acc@5 100.00 (100.00)
Epoch: [272][ 30/115]	Time  0.129 ( 0.134)	Data  0.000 ( 0.014)	Loss 2.0510e-02 (6.4924e-02)	Acc@1 100.00 ( 97.38)	Acc@5 100.00 (100.00)
Epoch: [272][ 40/115]	Time  0.125 ( 0.133)	Data  0.000 ( 0.012)	Loss 8.3110e-02 (7.1372e-02)	Acc@1  96.88 ( 97.18)	Acc@5 100.00 (100.00)
Epoch: [272][ 50/115]	Time  0.130 ( 0.132)	Data  0.000 ( 0.011)	Loss 1.1660e-01 (7.2432e-02)	Acc@1  96.88 ( 97.24)	Acc@5 100.00 (100.00)
Epoch: [272][ 60/115]	Time  0.131 ( 0.132)	Data  0.000 ( 0.011)	Loss 1.1537e-01 (7.1705e-02)	Acc@1  98.44 ( 97.36)	Acc@5 100.00 (100.00)
Epoch: [272][ 70/115]	Time  0.131 ( 0.132)	Data  0.000 ( 0.010)	Loss 8.4988e-02 (7.1297e-02)	Acc@1  96.88 ( 97.43)	Acc@5 100.00 (100.00)
Epoch: [272][ 80/115]	Time  0.126 ( 0.131)	Data  0.000 ( 0.010)	Loss 6.4518e-02 (6.9198e-02)	Acc@1  96.88 ( 97.57)	Acc@5 100.00 (100.00)
Epoch: [272][ 90/115]	Time  0.131 ( 0.131)	Data  0.000 ( 0.010)	Loss 6.7655e-02 (7.2127e-02)	Acc@1  98.44 ( 97.39)	Acc@5 100.00 (100.00)
Epoch: [272][100/115]	Time  0.128 ( 0.131)	Data  0.000 ( 0.009)	Loss 4.3746e-02 (7.0276e-02)	Acc@1  98.44 ( 97.43)	Acc@5 100.00 (100.00)
Epoch: [272][110/115]	Time  0.130 ( 0.131)	Data  0.000 ( 0.009)	Loss 1.1262e-01 (7.0372e-02)	Acc@1  98.44 ( 97.40)	Acc@5 100.00 (100.00)
Test: [ 0/50]	Time  0.259 ( 0.259)	Loss 6.8319e-02 (6.8319e-02)	Acc@1  98.44 ( 98.44)	Acc@5 100.00 (100.00)
Test: [10/50]	Time  0.037 ( 0.057)	Loss 2.0919e-02 (4.1998e-02)	Acc@1  98.44 ( 98.72)	Acc@5 100.00 (100.00)
Test: [20/50]	Time  0.038 ( 0.048)	Loss 4.4899e-03 (2.7167e-02)	Acc@1 100.00 ( 99.18)	Acc@5 100.00 (100.00)
Test: [30/50]	Time  0.038 ( 0.045)	Loss 1.2292e-02 (2.6410e-02)	Acc@1 100.00 ( 99.14)	Acc@5 100.00 (100.00)
Test: [40/50]	Time  0.038 ( 0.043)	Loss 3.6395e-02 (2.5650e-02)	Acc@1  98.44 ( 99.24)	Acc@5 100.00 (100.00)
 * Acc@1 99.302 Acc@5 100.000
Epoch: [273][  0/115]	Time  0.254 ( 0.254)	Data  0.199 ( 0.199)	Loss 1.0418e-01 (1.0418e-01)	Acc@1  93.75 ( 93.75)	Acc@5 100.00 (100.00)
Epoch: [273][ 10/115]	Time  0.126 ( 0.140)	Data  0.000 ( 0.025)	Loss 3.5154e-02 (8.1979e-02)	Acc@1  98.44 ( 97.16)	Acc@5 100.00 (100.00)
Epoch: [273][ 20/115]	Time  0.131 ( 0.134)	Data  0.000 ( 0.016)	Loss 8.8373e-02 (7.3615e-02)	Acc@1  95.31 ( 97.54)	Acc@5 100.00 (100.00)
Epoch: [273][ 30/115]	Time  0.131 ( 0.133)	Data  0.000 ( 0.013)	Loss 1.4228e-01 (7.3888e-02)	Acc@1  95.31 ( 97.63)	Acc@5 100.00 (100.00)
Epoch: [273][ 40/115]	Time  0.129 ( 0.132)	Data  0.000 ( 0.012)	Loss 9.1174e-02 (7.6257e-02)	Acc@1  95.31 ( 97.41)	Acc@5 100.00 (100.00)
Epoch: [273][ 50/115]	Time  0.129 ( 0.131)	Data  0.000 ( 0.011)	Loss 2.0803e-02 (7.3818e-02)	Acc@1 100.00 ( 97.40)	Acc@5 100.00 (100.00)
Epoch: [273][ 60/115]	Time  0.131 ( 0.131)	Data  0.000 ( 0.010)	Loss 1.7186e-02 (7.3300e-02)	Acc@1 100.00 ( 97.44)	Acc@5 100.00 (100.00)
Epoch: [273][ 70/115]	Time  0.130 ( 0.131)	Data  0.000 ( 0.010)	Loss 1.4153e-02 (7.2613e-02)	Acc@1 100.00 ( 97.45)	Acc@5 100.00 (100.00)
Epoch: [273][ 80/115]	Time  0.129 ( 0.131)	Data  0.000 ( 0.010)	Loss 4.5857e-02 (7.0472e-02)	Acc@1  98.44 ( 97.49)	Acc@5 100.00 (100.00)
Epoch: [273][ 90/115]	Time  0.126 ( 0.131)	Data  0.000 ( 0.009)	Loss 5.4276e-02 (6.8595e-02)	Acc@1  96.88 ( 97.51)	Acc@5 100.00 (100.00)
Epoch: [273][100/115]	Time  0.133 ( 0.131)	Data  0.000 ( 0.009)	Loss 1.1315e-01 (7.0159e-02)	Acc@1  95.31 ( 97.40)	Acc@5 100.00 (100.00)
Epoch: [273][110/115]	Time  0.130 ( 0.130)	Data  0.000 ( 0.009)	Loss 1.2095e-01 (6.9394e-02)	Acc@1  95.31 ( 97.48)	Acc@5 100.00 (100.00)
Test: [ 0/50]	Time  0.265 ( 0.265)	Loss 6.5637e-02 (6.5637e-02)	Acc@1  98.44 ( 98.44)	Acc@5 100.00 (100.00)
Test: [10/50]	Time  0.037 ( 0.057)	Loss 2.0351e-02 (4.3257e-02)	Acc@1  98.44 ( 98.72)	Acc@5 100.00 (100.00)
Test: [20/50]	Time  0.038 ( 0.048)	Loss 5.3631e-03 (2.8163e-02)	Acc@1 100.00 ( 99.11)	Acc@5 100.00 (100.00)
Test: [30/50]	Time  0.038 ( 0.045)	Loss 1.2432e-02 (2.7077e-02)	Acc@1 100.00 ( 99.09)	Acc@5 100.00 (100.00)
Test: [40/50]	Time  0.038 ( 0.043)	Loss 4.0569e-02 (2.5713e-02)	Acc@1  98.44 ( 99.16)	Acc@5 100.00 (100.00)
 * Acc@1 99.271 Acc@5 100.000
Epoch: [274][  0/115]	Time  0.314 ( 0.314)	Data  0.258 ( 0.258)	Loss 2.1330e-01 (2.1330e-01)	Acc@1  92.19 ( 92.19)	Acc@5 100.00 (100.00)
Epoch: [274][ 10/115]	Time  0.127 ( 0.146)	Data  0.000 ( 0.030)	Loss 1.3356e-01 (1.0744e-01)	Acc@1  93.75 ( 95.60)	Acc@5 100.00 (100.00)
Epoch: [274][ 20/115]	Time  0.129 ( 0.138)	Data  0.000 ( 0.019)	Loss 3.8177e-02 (9.1024e-02)	Acc@1  98.44 ( 96.21)	Acc@5 100.00 (100.00)
Epoch: [274][ 30/115]	Time  0.132 ( 0.135)	Data  0.000 ( 0.015)	Loss 5.8993e-02 (7.9581e-02)	Acc@1  98.44 ( 96.82)	Acc@5 100.00 (100.00)
Epoch: [274][ 40/115]	Time  0.128 ( 0.134)	Data  0.000 ( 0.013)	Loss 4.3941e-02 (8.1323e-02)	Acc@1  96.88 ( 96.68)	Acc@5 100.00 (100.00)
Epoch: [274][ 50/115]	Time  0.130 ( 0.133)	Data  0.000 ( 0.012)	Loss 1.2112e-01 (8.1629e-02)	Acc@1  95.31 ( 96.78)	Acc@5 100.00 (100.00)
Epoch: [274][ 60/115]	Time  0.128 ( 0.132)	Data  0.000 ( 0.011)	Loss 1.2314e-01 (7.9765e-02)	Acc@1  95.31 ( 96.82)	Acc@5 100.00 (100.00)
Epoch: [274][ 70/115]	Time  0.138 ( 0.132)	Data  0.000 ( 0.011)	Loss 1.1478e-01 (7.8762e-02)	Acc@1  93.75 ( 96.88)	Acc@5 100.00 (100.00)
Epoch: [274][ 80/115]	Time  0.129 ( 0.132)	Data  0.000 ( 0.010)	Loss 7.8733e-02 (8.0953e-02)	Acc@1  95.31 ( 96.86)	Acc@5 100.00 (100.00)
Epoch: [274][ 90/115]	Time  0.132 ( 0.131)	Data  0.000 ( 0.010)	Loss 8.0169e-02 (7.8845e-02)	Acc@1  95.31 ( 96.82)	Acc@5 100.00 (100.00)
Epoch: [274][100/115]	Time  0.128 ( 0.131)	Data  0.000 ( 0.010)	Loss 2.8277e-02 (7.9433e-02)	Acc@1  98.44 ( 96.80)	Acc@5 100.00 (100.00)
Epoch: [274][110/115]	Time  0.133 ( 0.131)	Data  0.000 ( 0.009)	Loss 3.1720e-02 (7.9593e-02)	Acc@1  98.44 ( 96.85)	Acc@5 100.00 (100.00)
Test: [ 0/50]	Time  0.264 ( 0.264)	Loss 6.6496e-02 (6.6496e-02)	Acc@1  98.44 ( 98.44)	Acc@5 100.00 (100.00)
Test: [10/50]	Time  0.037 ( 0.058)	Loss 2.2147e-02 (4.4983e-02)	Acc@1  98.44 ( 98.72)	Acc@5 100.00 (100.00)
Test: [20/50]	Time  0.047 ( 0.049)	Loss 5.3951e-03 (2.9265e-02)	Acc@1 100.00 ( 99.03)	Acc@5 100.00 (100.00)
Test: [30/50]	Time  0.038 ( 0.045)	Loss 1.0596e-02 (2.7887e-02)	Acc@1 100.00 ( 99.04)	Acc@5 100.00 (100.00)
Test: [40/50]	Time  0.037 ( 0.044)	Loss 3.5877e-02 (2.6020e-02)	Acc@1  98.44 ( 99.16)	Acc@5 100.00 (100.00)
 * Acc@1 99.271 Acc@5 100.000
Epoch: [275][  0/115]	Time  0.274 ( 0.274)	Data  0.219 ( 0.219)	Loss 2.2075e-02 (2.2075e-02)	Acc@1 100.00 (100.00)	Acc@5 100.00 (100.00)
Epoch: [275][ 10/115]	Time  0.128 ( 0.142)	Data  0.000 ( 0.027)	Loss 1.0946e-01 (7.7534e-02)	Acc@1  95.31 ( 97.30)	Acc@5 100.00 (100.00)
Epoch: [275][ 20/115]	Time  0.129 ( 0.136)	Data  0.000 ( 0.017)	Loss 7.4332e-02 (8.3932e-02)	Acc@1  96.88 ( 96.95)	Acc@5 100.00 (100.00)
Epoch: [275][ 30/115]	Time  0.126 ( 0.134)	Data  0.000 ( 0.014)	Loss 1.0251e-01 (7.9599e-02)	Acc@1  96.88 ( 96.98)	Acc@5 100.00 (100.00)
Epoch: [275][ 40/115]	Time  0.130 ( 0.133)	Data  0.000 ( 0.012)	Loss 3.2028e-02 (7.7730e-02)	Acc@1  98.44 ( 96.99)	Acc@5 100.00 (100.00)
Epoch: [275][ 50/115]	Time  0.136 ( 0.133)	Data  0.000 ( 0.011)	Loss 1.2510e-01 (7.8379e-02)	Acc@1  93.75 ( 97.15)	Acc@5 100.00 (100.00)
Epoch: [275][ 60/115]	Time  0.131 ( 0.132)	Data  0.000 ( 0.011)	Loss 9.2841e-02 (8.4127e-02)	Acc@1  98.44 ( 97.00)	Acc@5 100.00 (100.00)
Epoch: [275][ 70/115]	Time  0.131 ( 0.132)	Data  0.000 ( 0.010)	Loss 4.4157e-02 (8.2141e-02)	Acc@1  98.44 ( 97.10)	Acc@5 100.00 (100.00)
Epoch: [275][ 80/115]	Time  0.132 ( 0.131)	Data  0.000 ( 0.010)	Loss 1.0738e-01 (8.1535e-02)	Acc@1  96.88 ( 97.09)	Acc@5 100.00 (100.00)
Epoch: [275][ 90/115]	Time  0.136 ( 0.131)	Data  0.000 ( 0.009)	Loss 1.1299e-01 (7.9732e-02)	Acc@1  96.88 ( 97.18)	Acc@5 100.00 (100.00)
Epoch: [275][100/115]	Time  0.123 ( 0.131)	Data  0.000 ( 0.009)	Loss 7.3481e-02 (7.9187e-02)	Acc@1  96.88 ( 97.23)	Acc@5 100.00 (100.00)
Epoch: [275][110/115]	Time  0.126 ( 0.131)	Data  0.000 ( 0.009)	Loss 1.2828e-01 (7.7293e-02)	Acc@1  93.75 ( 97.27)	Acc@5 100.00 (100.00)
Test: [ 0/50]	Time  0.260 ( 0.260)	Loss 6.9841e-02 (6.9841e-02)	Acc@1  98.44 ( 98.44)	Acc@5 100.00 (100.00)
Test: [10/50]	Time  0.038 ( 0.057)	Loss 2.1508e-02 (4.3259e-02)	Acc@1  98.44 ( 98.72)	Acc@5 100.00 (100.00)
Test: [20/50]	Time  0.038 ( 0.048)	Loss 4.9573e-03 (2.8107e-02)	Acc@1 100.00 ( 99.18)	Acc@5 100.00 (100.00)
Test: [30/50]	Time  0.039 ( 0.045)	Loss 1.1853e-02 (2.6965e-02)	Acc@1 100.00 ( 99.14)	Acc@5 100.00 (100.00)
Test: [40/50]	Time  0.038 ( 0.043)	Loss 3.6524e-02 (2.5685e-02)	Acc@1  98.44 ( 99.24)	Acc@5 100.00 (100.00)
 * Acc@1 99.302 Acc@5 100.000
Epoch: [276][  0/115]	Time  0.274 ( 0.274)	Data  0.213 ( 0.213)	Loss 1.1144e-01 (1.1144e-01)	Acc@1  95.31 ( 95.31)	Acc@5 100.00 (100.00)
Epoch: [276][ 10/115]	Time  0.131 ( 0.141)	Data  0.000 ( 0.025)	Loss 4.6790e-02 (8.1867e-02)	Acc@1  98.44 ( 96.73)	Acc@5 100.00 (100.00)
Epoch: [276][ 20/115]	Time  0.129 ( 0.135)	Data  0.000 ( 0.017)	Loss 1.3223e-01 (7.4729e-02)	Acc@1  95.31 ( 97.10)	Acc@5 100.00 (100.00)
Epoch: [276][ 30/115]	Time  0.129 ( 0.133)	Data  0.000 ( 0.014)	Loss 2.3225e-02 (7.5837e-02)	Acc@1  98.44 ( 97.23)	Acc@5 100.00 (100.00)
Epoch: [276][ 40/115]	Time  0.127 ( 0.132)	Data  0.000 ( 0.012)	Loss 1.0072e-01 (7.6389e-02)	Acc@1  96.88 ( 97.10)	Acc@5 100.00 (100.00)
Epoch: [276][ 50/115]	Time  0.131 ( 0.132)	Data  0.000 ( 0.011)	Loss 2.4152e-01 (7.6412e-02)	Acc@1  90.62 ( 97.03)	Acc@5 100.00 (100.00)
Epoch: [276][ 60/115]	Time  0.130 ( 0.131)	Data  0.000 ( 0.010)	Loss 7.4512e-02 (7.5889e-02)	Acc@1  98.44 ( 97.21)	Acc@5 100.00 (100.00)
Epoch: [276][ 70/115]	Time  0.129 ( 0.131)	Data  0.000 ( 0.010)	Loss 9.2907e-02 (7.4580e-02)	Acc@1  98.44 ( 97.29)	Acc@5 100.00 (100.00)
Epoch: [276][ 80/115]	Time  0.125 ( 0.131)	Data  0.000 ( 0.010)	Loss 1.9778e-02 (7.4533e-02)	Acc@1 100.00 ( 97.28)	Acc@5 100.00 (100.00)
Epoch: [276][ 90/115]	Time  0.128 ( 0.131)	Data  0.000 ( 0.009)	Loss 6.5713e-02 (7.3571e-02)	Acc@1  95.31 ( 97.32)	Acc@5 100.00 (100.00)
Epoch: [276][100/115]	Time  0.130 ( 0.131)	Data  0.000 ( 0.009)	Loss 8.4468e-02 (7.3638e-02)	Acc@1  98.44 ( 97.28)	Acc@5 100.00 (100.00)
Epoch: [276][110/115]	Time  0.129 ( 0.130)	Data  0.000 ( 0.009)	Loss 4.5438e-02 (7.3317e-02)	Acc@1  98.44 ( 97.34)	Acc@5 100.00 (100.00)
Test: [ 0/50]	Time  0.275 ( 0.275)	Loss 7.7614e-02 (7.7614e-02)	Acc@1  98.44 ( 98.44)	Acc@5 100.00 (100.00)
Test: [10/50]	Time  0.038 ( 0.059)	Loss 2.5957e-02 (5.1608e-02)	Acc@1  96.88 ( 98.30)	Acc@5 100.00 (100.00)
Test: [20/50]	Time  0.037 ( 0.049)	Loss 6.5032e-03 (3.4286e-02)	Acc@1 100.00 ( 98.81)	Acc@5 100.00 (100.00)
Test: [30/50]	Time  0.039 ( 0.046)	Loss 9.4975e-03 (3.2005e-02)	Acc@1 100.00 ( 98.89)	Acc@5 100.00 (100.00)
Test: [40/50]	Time  0.038 ( 0.044)	Loss 3.1086e-02 (2.8135e-02)	Acc@1  98.44 ( 99.12)	Acc@5 100.00 (100.00)
 * Acc@1 99.239 Acc@5 100.000
Epoch: [277][  0/115]	Time  0.256 ( 0.256)	Data  0.201 ( 0.201)	Loss 1.1634e-01 (1.1634e-01)	Acc@1  96.88 ( 96.88)	Acc@5 100.00 (100.00)
Epoch: [277][ 10/115]	Time  0.127 ( 0.141)	Data  0.000 ( 0.025)	Loss 4.8411e-02 (8.1003e-02)	Acc@1  98.44 ( 97.30)	Acc@5 100.00 (100.00)
Epoch: [277][ 20/115]	Time  0.131 ( 0.135)	Data  0.000 ( 0.017)	Loss 6.5164e-02 (7.9669e-02)	Acc@1  96.88 ( 97.02)	Acc@5 100.00 (100.00)
Epoch: [277][ 30/115]	Time  0.130 ( 0.133)	Data  0.000 ( 0.014)	Loss 2.9445e-02 (8.1000e-02)	Acc@1  98.44 ( 97.18)	Acc@5 100.00 (100.00)
Epoch: [277][ 40/115]	Time  0.129 ( 0.132)	Data  0.000 ( 0.012)	Loss 2.9173e-02 (8.1100e-02)	Acc@1  98.44 ( 97.03)	Acc@5 100.00 (100.00)
Epoch: [277][ 50/115]	Time  0.127 ( 0.132)	Data  0.000 ( 0.011)	Loss 1.9316e-01 (8.0375e-02)	Acc@1  90.62 ( 97.00)	Acc@5 100.00 (100.00)
Epoch: [277][ 60/115]	Time  0.130 ( 0.131)	Data  0.000 ( 0.010)	Loss 3.2195e-02 (7.7561e-02)	Acc@1 100.00 ( 97.11)	Acc@5 100.00 (100.00)
Epoch: [277][ 70/115]	Time  0.128 ( 0.131)	Data  0.000 ( 0.010)	Loss 8.4027e-02 (7.7692e-02)	Acc@1  95.31 ( 97.18)	Acc@5 100.00 (100.00)
Epoch: [277][ 80/115]	Time  0.127 ( 0.130)	Data  0.000 ( 0.010)	Loss 3.7741e-02 (7.5286e-02)	Acc@1  96.88 ( 97.30)	Acc@5 100.00 (100.00)
Epoch: [277][ 90/115]	Time  0.128 ( 0.130)	Data  0.000 ( 0.009)	Loss 3.5266e-02 (7.7014e-02)	Acc@1  96.88 ( 97.15)	Acc@5 100.00 (100.00)
Epoch: [277][100/115]	Time  0.131 ( 0.130)	Data  0.000 ( 0.009)	Loss 3.9309e-02 (7.5963e-02)	Acc@1  98.44 ( 97.18)	Acc@5 100.00 (100.00)
Epoch: [277][110/115]	Time  0.132 ( 0.130)	Data  0.000 ( 0.009)	Loss 9.4619e-02 (7.5463e-02)	Acc@1  95.31 ( 97.24)	Acc@5 100.00 (100.00)
Test: [ 0/50]	Time  0.263 ( 0.263)	Loss 7.8434e-02 (7.8434e-02)	Acc@1  98.44 ( 98.44)	Acc@5 100.00 (100.00)
Test: [10/50]	Time  0.038 ( 0.058)	Loss 2.7222e-02 (5.3647e-02)	Acc@1  96.88 ( 98.30)	Acc@5 100.00 (100.00)
Test: [20/50]	Time  0.038 ( 0.048)	Loss 7.8765e-03 (3.5763e-02)	Acc@1 100.00 ( 98.81)	Acc@5 100.00 (100.00)
Test: [30/50]	Time  0.038 ( 0.045)	Loss 8.2308e-03 (3.3226e-02)	Acc@1 100.00 ( 98.89)	Acc@5 100.00 (100.00)
Test: [40/50]	Time  0.038 ( 0.043)	Loss 2.8874e-02 (2.8692e-02)	Acc@1  98.44 ( 99.12)	Acc@5 100.00 (100.00)
 * Acc@1 99.239 Acc@5 100.000
Epoch: [278][  0/115]	Time  0.268 ( 0.268)	Data  0.213 ( 0.213)	Loss 2.7069e-02 (2.7069e-02)	Acc@1  98.44 ( 98.44)	Acc@5 100.00 (100.00)
Epoch: [278][ 10/115]	Time  0.136 ( 0.142)	Data  0.000 ( 0.026)	Loss 6.1473e-02 (8.1029e-02)	Acc@1  96.88 ( 96.59)	Acc@5 100.00 (100.00)
Epoch: [278][ 20/115]	Time  0.120 ( 0.136)	Data  0.000 ( 0.017)	Loss 7.9253e-02 (7.8865e-02)	Acc@1  96.88 ( 96.73)	Acc@5 100.00 (100.00)
Epoch: [278][ 30/115]	Time  0.130 ( 0.134)	Data  0.000 ( 0.013)	Loss 3.8271e-02 (7.4865e-02)	Acc@1  96.88 ( 96.62)	Acc@5 100.00 (100.00)
Epoch: [278][ 40/115]	Time  0.134 ( 0.133)	Data  0.000 ( 0.012)	Loss 5.5663e-02 (6.8240e-02)	Acc@1  96.88 ( 97.07)	Acc@5 100.00 (100.00)
Epoch: [278][ 50/115]	Time  0.131 ( 0.132)	Data  0.000 ( 0.011)	Loss 1.0054e-01 (6.6529e-02)	Acc@1  96.88 ( 97.21)	Acc@5 100.00 (100.00)
Epoch: [278][ 60/115]	Time  0.128 ( 0.132)	Data  0.000 ( 0.010)	Loss 7.1988e-02 (7.1373e-02)	Acc@1  95.31 ( 97.05)	Acc@5 100.00 (100.00)
Epoch: [278][ 70/115]	Time  0.127 ( 0.131)	Data  0.000 ( 0.010)	Loss 5.0053e-02 (6.9759e-02)	Acc@1  98.44 ( 97.14)	Acc@5 100.00 (100.00)
Epoch: [278][ 80/115]	Time  0.130 ( 0.131)	Data  0.000 ( 0.009)	Loss 2.2157e-02 (6.9765e-02)	Acc@1 100.00 ( 97.24)	Acc@5 100.00 (100.00)
Epoch: [278][ 90/115]	Time  0.130 ( 0.131)	Data  0.000 ( 0.009)	Loss 7.3138e-02 (7.1529e-02)	Acc@1  98.44 ( 97.15)	Acc@5 100.00 (100.00)
Epoch: [278][100/115]	Time  0.128 ( 0.131)	Data  0.000 ( 0.009)	Loss 6.0200e-02 (7.1543e-02)	Acc@1  96.88 ( 97.17)	Acc@5 100.00 (100.00)
Epoch: [278][110/115]	Time  0.131 ( 0.131)	Data  0.000 ( 0.009)	Loss 5.2403e-02 (7.1844e-02)	Acc@1  98.44 ( 97.18)	Acc@5 100.00 (100.00)
Test: [ 0/50]	Time  0.267 ( 0.267)	Loss 7.9386e-02 (7.9386e-02)	Acc@1  98.44 ( 98.44)	Acc@5 100.00 (100.00)
Test: [10/50]	Time  0.038 ( 0.057)	Loss 3.0546e-02 (5.2520e-02)	Acc@1  96.88 ( 98.30)	Acc@5 100.00 (100.00)
Test: [20/50]	Time  0.042 ( 0.048)	Loss 6.9404e-03 (3.4908e-02)	Acc@1 100.00 ( 98.81)	Acc@5 100.00 (100.00)
Test: [30/50]	Time  0.038 ( 0.045)	Loss 8.6775e-03 (3.2522e-02)	Acc@1 100.00 ( 98.89)	Acc@5 100.00 (100.00)
Test: [40/50]	Time  0.038 ( 0.043)	Loss 2.8578e-02 (2.8449e-02)	Acc@1  98.44 ( 99.09)	Acc@5 100.00 (100.00)
 * Acc@1 99.207 Acc@5 100.000
Epoch: [279][  0/115]	Time  0.279 ( 0.279)	Data  0.224 ( 0.224)	Loss 9.2291e-02 (9.2291e-02)	Acc@1  95.31 ( 95.31)	Acc@5 100.00 (100.00)
Epoch: [279][ 10/115]	Time  0.132 ( 0.143)	Data  0.000 ( 0.027)	Loss 1.0259e-01 (8.3026e-02)	Acc@1  96.88 ( 96.73)	Acc@5 100.00 (100.00)
Epoch: [279][ 20/115]	Time  0.133 ( 0.136)	Data  0.000 ( 0.018)	Loss 6.5284e-02 (7.9155e-02)	Acc@1  96.88 ( 97.17)	Acc@5 100.00 (100.00)
Epoch: [279][ 30/115]	Time  0.131 ( 0.134)	Data  0.000 ( 0.014)	Loss 3.7394e-02 (7.7361e-02)	Acc@1  98.44 ( 97.18)	Acc@5 100.00 (100.00)
Epoch: [279][ 40/115]	Time  0.132 ( 0.133)	Data  0.000 ( 0.012)	Loss 3.8290e-02 (7.8935e-02)	Acc@1  98.44 ( 97.07)	Acc@5 100.00 (100.00)
Epoch: [279][ 50/115]	Time  0.131 ( 0.132)	Data  0.000 ( 0.011)	Loss 1.1785e-02 (8.0147e-02)	Acc@1 100.00 ( 97.09)	Acc@5 100.00 (100.00)
Epoch: [279][ 60/115]	Time  0.130 ( 0.132)	Data  0.000 ( 0.011)	Loss 9.9671e-02 (7.7925e-02)	Acc@1  93.75 ( 97.08)	Acc@5 100.00 (100.00)
Epoch: [279][ 70/115]	Time  0.127 ( 0.131)	Data  0.000 ( 0.010)	Loss 1.3421e-02 (7.3434e-02)	Acc@1 100.00 ( 97.27)	Acc@5 100.00 (100.00)
Epoch: [279][ 80/115]	Time  0.134 ( 0.131)	Data  0.000 ( 0.010)	Loss 1.1009e-02 (7.3288e-02)	Acc@1 100.00 ( 97.28)	Acc@5 100.00 (100.00)
Epoch: [279][ 90/115]	Time  0.130 ( 0.131)	Data  0.000 ( 0.009)	Loss 4.5621e-02 (7.2067e-02)	Acc@1  98.44 ( 97.37)	Acc@5 100.00 (100.00)
Epoch: [279][100/115]	Time  0.131 ( 0.131)	Data  0.000 ( 0.009)	Loss 1.1521e-01 (7.3456e-02)	Acc@1  95.31 ( 97.31)	Acc@5 100.00 (100.00)
Epoch: [279][110/115]	Time  0.128 ( 0.131)	Data  0.000 ( 0.009)	Loss 1.3845e-01 (7.4268e-02)	Acc@1  93.75 ( 97.26)	Acc@5 100.00 (100.00)
Test: [ 0/50]	Time  0.269 ( 0.269)	Loss 6.6169e-02 (6.6169e-02)	Acc@1  98.44 ( 98.44)	Acc@5 100.00 (100.00)
Test: [10/50]	Time  0.037 ( 0.057)	Loss 1.9979e-02 (4.3677e-02)	Acc@1 100.00 ( 98.86)	Acc@5 100.00 (100.00)
Test: [20/50]	Time  0.038 ( 0.048)	Loss 5.5256e-03 (2.8446e-02)	Acc@1 100.00 ( 99.18)	Acc@5 100.00 (100.00)
Test: [30/50]	Time  0.038 ( 0.045)	Loss 1.1683e-02 (2.7241e-02)	Acc@1 100.00 ( 99.14)	Acc@5 100.00 (100.00)
Test: [40/50]	Time  0.038 ( 0.043)	Loss 4.0045e-02 (2.5676e-02)	Acc@1  98.44 ( 99.24)	Acc@5 100.00 (100.00)
 * Acc@1 99.334 Acc@5 100.000
Epoch: [280][  0/115]	Time  0.267 ( 0.267)	Data  0.211 ( 0.211)	Loss 1.9669e-02 (1.9669e-02)	Acc@1 100.00 (100.00)	Acc@5 100.00 (100.00)
Epoch: [280][ 10/115]	Time  0.129 ( 0.141)	Data  0.000 ( 0.026)	Loss 9.5509e-02 (8.7892e-02)	Acc@1  96.88 ( 97.16)	Acc@5 100.00 (100.00)
Epoch: [280][ 20/115]	Time  0.129 ( 0.135)	Data  0.000 ( 0.017)	Loss 1.4289e-01 (7.7506e-02)	Acc@1  95.31 ( 97.17)	Acc@5 100.00 (100.00)
Epoch: [280][ 30/115]	Time  0.128 ( 0.133)	Data  0.000 ( 0.014)	Loss 5.7921e-02 (6.9159e-02)	Acc@1  98.44 ( 97.48)	Acc@5 100.00 (100.00)
Epoch: [280][ 40/115]	Time  0.129 ( 0.133)	Data  0.000 ( 0.012)	Loss 1.1874e-01 (7.5194e-02)	Acc@1  95.31 ( 97.29)	Acc@5 100.00 (100.00)
Epoch: [280][ 50/115]	Time  0.132 ( 0.132)	Data  0.000 ( 0.011)	Loss 1.3270e-01 (7.6205e-02)	Acc@1  93.75 ( 97.15)	Acc@5 100.00 (100.00)
Epoch: [280][ 60/115]	Time  0.127 ( 0.131)	Data  0.000 ( 0.010)	Loss 3.8948e-02 (7.3029e-02)	Acc@1  96.88 ( 97.26)	Acc@5 100.00 (100.00)
Epoch: [280][ 70/115]	Time  0.127 ( 0.131)	Data  0.000 ( 0.010)	Loss 1.4665e-01 (7.3221e-02)	Acc@1  93.75 ( 97.25)	Acc@5 100.00 (100.00)
Epoch: [280][ 80/115]	Time  0.123 ( 0.131)	Data  0.000 ( 0.010)	Loss 1.2266e-01 (7.6009e-02)	Acc@1  96.88 ( 97.16)	Acc@5 100.00 (100.00)
Epoch: [280][ 90/115]	Time  0.132 ( 0.131)	Data  0.000 ( 0.009)	Loss 9.0870e-02 (7.4824e-02)	Acc@1  96.88 ( 97.22)	Acc@5 100.00 (100.00)
Epoch: [280][100/115]	Time  0.127 ( 0.131)	Data  0.000 ( 0.009)	Loss 2.4998e-02 (7.3097e-02)	Acc@1 100.00 ( 97.29)	Acc@5 100.00 (100.00)
Epoch: [280][110/115]	Time  0.131 ( 0.130)	Data  0.000 ( 0.009)	Loss 3.3621e-02 (7.3656e-02)	Acc@1 100.00 ( 97.28)	Acc@5 100.00 (100.00)
Test: [ 0/50]	Time  0.267 ( 0.267)	Loss 6.4655e-02 (6.4655e-02)	Acc@1  98.44 ( 98.44)	Acc@5 100.00 (100.00)
Test: [10/50]	Time  0.037 ( 0.058)	Loss 1.7274e-02 (4.2100e-02)	Acc@1 100.00 ( 98.86)	Acc@5 100.00 (100.00)
Test: [20/50]	Time  0.042 ( 0.049)	Loss 4.7029e-03 (2.7234e-02)	Acc@1 100.00 ( 99.18)	Acc@5 100.00 (100.00)
Test: [30/50]	Time  0.038 ( 0.045)	Loss 1.2426e-02 (2.6317e-02)	Acc@1 100.00 ( 99.14)	Acc@5 100.00 (100.00)
Test: [40/50]	Time  0.038 ( 0.043)	Loss 3.9661e-02 (2.5349e-02)	Acc@1  98.44 ( 99.20)	Acc@5 100.00 (100.00)
 * Acc@1 99.302 Acc@5 100.000
Epoch: [281][  0/115]	Time  0.276 ( 0.276)	Data  0.221 ( 0.221)	Loss 1.6886e-02 (1.6886e-02)	Acc@1 100.00 (100.00)	Acc@5 100.00 (100.00)
Epoch: [281][ 10/115]	Time  0.126 ( 0.142)	Data  0.000 ( 0.027)	Loss 2.9060e-02 (6.5663e-02)	Acc@1 100.00 ( 97.87)	Acc@5 100.00 (100.00)
Epoch: [281][ 20/115]	Time  0.132 ( 0.135)	Data  0.000 ( 0.017)	Loss 6.8842e-02 (6.8226e-02)	Acc@1  98.44 ( 97.62)	Acc@5 100.00 (100.00)
Epoch: [281][ 30/115]	Time  0.128 ( 0.133)	Data  0.000 ( 0.014)	Loss 8.6758e-02 (6.8769e-02)	Acc@1  95.31 ( 97.63)	Acc@5 100.00 (100.00)
Epoch: [281][ 40/115]	Time  0.127 ( 0.132)	Data  0.000 ( 0.012)	Loss 8.4985e-02 (7.0586e-02)	Acc@1  93.75 ( 97.41)	Acc@5 100.00 (100.00)
Epoch: [281][ 50/115]	Time  0.128 ( 0.132)	Data  0.000 ( 0.011)	Loss 1.1428e-01 (7.2074e-02)	Acc@1  93.75 ( 97.21)	Acc@5 100.00 (100.00)
Epoch: [281][ 60/115]	Time  0.131 ( 0.131)	Data  0.000 ( 0.011)	Loss 1.3293e-01 (7.3037e-02)	Acc@1  95.31 ( 97.16)	Acc@5 100.00 (100.00)
Epoch: [281][ 70/115]	Time  0.130 ( 0.131)	Data  0.000 ( 0.010)	Loss 1.6597e-02 (7.1942e-02)	Acc@1 100.00 ( 97.27)	Acc@5 100.00 (100.00)
Epoch: [281][ 80/115]	Time  0.131 ( 0.131)	Data  0.000 ( 0.010)	Loss 1.4839e-01 (7.2574e-02)	Acc@1  96.88 ( 97.30)	Acc@5 100.00 (100.00)
Epoch: [281][ 90/115]	Time  0.128 ( 0.131)	Data  0.000 ( 0.010)	Loss 1.3871e-01 (7.3487e-02)	Acc@1  93.75 ( 97.22)	Acc@5 100.00 (100.00)
Epoch: [281][100/115]	Time  0.132 ( 0.130)	Data  0.000 ( 0.009)	Loss 7.3122e-02 (7.5305e-02)	Acc@1  95.31 ( 97.14)	Acc@5 100.00 (100.00)
Epoch: [281][110/115]	Time  0.129 ( 0.130)	Data  0.000 ( 0.009)	Loss 3.9626e-02 (7.6247e-02)	Acc@1  98.44 ( 97.09)	Acc@5 100.00 (100.00)
Test: [ 0/50]	Time  0.263 ( 0.263)	Loss 7.8327e-02 (7.8327e-02)	Acc@1  98.44 ( 98.44)	Acc@5 100.00 (100.00)
Test: [10/50]	Time  0.037 ( 0.057)	Loss 2.8304e-02 (5.0140e-02)	Acc@1  96.88 ( 98.30)	Acc@5 100.00 (100.00)
Test: [20/50]	Time  0.038 ( 0.048)	Loss 7.3014e-03 (3.3289e-02)	Acc@1 100.00 ( 98.81)	Acc@5 100.00 (100.00)
Test: [30/50]	Time  0.038 ( 0.045)	Loss 9.7280e-03 (3.1313e-02)	Acc@1 100.00 ( 98.89)	Acc@5 100.00 (100.00)
Test: [40/50]	Time  0.038 ( 0.043)	Loss 3.1397e-02 (2.7782e-02)	Acc@1  98.44 ( 99.05)	Acc@5 100.00 (100.00)
 * Acc@1 99.175 Acc@5 100.000
Epoch: [282][  0/115]	Time  0.270 ( 0.270)	Data  0.214 ( 0.214)	Loss 5.4018e-02 (5.4018e-02)	Acc@1  96.88 ( 96.88)	Acc@5 100.00 (100.00)
Epoch: [282][ 10/115]	Time  0.130 ( 0.142)	Data  0.000 ( 0.026)	Loss 8.2241e-02 (8.3281e-02)	Acc@1  95.31 ( 96.88)	Acc@5 100.00 (100.00)
Epoch: [282][ 20/115]	Time  0.128 ( 0.136)	Data  0.000 ( 0.017)	Loss 1.2469e-01 (6.9040e-02)	Acc@1  90.62 ( 97.32)	Acc@5 100.00 (100.00)
Epoch: [282][ 30/115]	Time  0.137 ( 0.134)	Data  0.000 ( 0.014)	Loss 6.3672e-02 (7.2715e-02)	Acc@1  98.44 ( 97.23)	Acc@5 100.00 (100.00)
Epoch: [282][ 40/115]	Time  0.129 ( 0.133)	Data  0.000 ( 0.012)	Loss 2.1663e-02 (7.2925e-02)	Acc@1 100.00 ( 97.26)	Acc@5 100.00 (100.00)
Epoch: [282][ 50/115]	Time  0.132 ( 0.132)	Data  0.000 ( 0.011)	Loss 4.1444e-02 (7.3055e-02)	Acc@1  98.44 ( 97.33)	Acc@5 100.00 (100.00)
Epoch: [282][ 60/115]	Time  0.127 ( 0.132)	Data  0.000 ( 0.011)	Loss 4.5788e-02 (7.6873e-02)	Acc@1  98.44 ( 97.18)	Acc@5 100.00 (100.00)
Epoch: [282][ 70/115]	Time  0.134 ( 0.131)	Data  0.000 ( 0.010)	Loss 4.8295e-02 (7.6073e-02)	Acc@1  96.88 ( 97.18)	Acc@5 100.00 (100.00)
Epoch: [282][ 80/115]	Time  0.131 ( 0.131)	Data  0.000 ( 0.010)	Loss 8.6339e-02 (7.6005e-02)	Acc@1  98.44 ( 97.18)	Acc@5 100.00 (100.00)
Epoch: [282][ 90/115]	Time  0.134 ( 0.131)	Data  0.000 ( 0.009)	Loss 1.0294e-01 (7.6846e-02)	Acc@1  96.88 ( 97.15)	Acc@5 100.00 (100.00)
Epoch: [282][100/115]	Time  0.127 ( 0.131)	Data  0.000 ( 0.009)	Loss 1.3061e-02 (7.6081e-02)	Acc@1 100.00 ( 97.14)	Acc@5 100.00 (100.00)
Epoch: [282][110/115]	Time  0.132 ( 0.131)	Data  0.000 ( 0.009)	Loss 1.3704e-02 (7.5728e-02)	Acc@1 100.00 ( 97.18)	Acc@5 100.00 (100.00)
Test: [ 0/50]	Time  0.270 ( 0.270)	Loss 7.0446e-02 (7.0446e-02)	Acc@1  98.44 ( 98.44)	Acc@5 100.00 (100.00)
Test: [10/50]	Time  0.038 ( 0.058)	Loss 2.1898e-02 (4.6136e-02)	Acc@1 100.00 ( 98.86)	Acc@5 100.00 (100.00)
Test: [20/50]	Time  0.038 ( 0.048)	Loss 6.3428e-03 (3.0151e-02)	Acc@1 100.00 ( 99.18)	Acc@5 100.00 (100.00)
Test: [30/50]	Time  0.037 ( 0.045)	Loss 1.0879e-02 (2.8691e-02)	Acc@1 100.00 ( 99.14)	Acc@5 100.00 (100.00)
Test: [40/50]	Time  0.038 ( 0.043)	Loss 3.7046e-02 (2.6378e-02)	Acc@1  98.44 ( 99.24)	Acc@5 100.00 (100.00)
 * Acc@1 99.334 Acc@5 100.000
Epoch: [283][  0/115]	Time  0.286 ( 0.286)	Data  0.225 ( 0.225)	Loss 2.1758e-01 (2.1758e-01)	Acc@1  95.31 ( 95.31)	Acc@5 100.00 (100.00)
Epoch: [283][ 10/115]	Time  0.127 ( 0.143)	Data  0.000 ( 0.027)	Loss 8.4043e-02 (9.9545e-02)	Acc@1  95.31 ( 96.59)	Acc@5 100.00 (100.00)
Epoch: [283][ 20/115]	Time  0.126 ( 0.136)	Data  0.000 ( 0.017)	Loss 6.7888e-02 (8.3655e-02)	Acc@1  96.88 ( 96.80)	Acc@5 100.00 (100.00)
Epoch: [283][ 30/115]	Time  0.121 ( 0.134)	Data  0.000 ( 0.014)	Loss 4.2048e-02 (7.7471e-02)	Acc@1  98.44 ( 97.03)	Acc@5 100.00 (100.00)
Epoch: [283][ 40/115]	Time  0.130 ( 0.133)	Data  0.000 ( 0.012)	Loss 1.1775e-01 (7.6165e-02)	Acc@1  96.88 ( 97.03)	Acc@5 100.00 (100.00)
Epoch: [283][ 50/115]	Time  0.127 ( 0.132)	Data  0.000 ( 0.011)	Loss 1.3727e-01 (7.6654e-02)	Acc@1  93.75 ( 97.09)	Acc@5 100.00 (100.00)
Epoch: [283][ 60/115]	Time  0.137 ( 0.132)	Data  0.000 ( 0.011)	Loss 6.0343e-02 (7.4157e-02)	Acc@1  96.88 ( 97.26)	Acc@5 100.00 (100.00)
Epoch: [283][ 70/115]	Time  0.129 ( 0.131)	Data  0.000 ( 0.010)	Loss 1.5993e-01 (7.6594e-02)	Acc@1  95.31 ( 97.21)	Acc@5 100.00 (100.00)
Epoch: [283][ 80/115]	Time  0.131 ( 0.131)	Data  0.000 ( 0.010)	Loss 2.0610e-02 (7.7686e-02)	Acc@1 100.00 ( 97.15)	Acc@5 100.00 (100.00)
Epoch: [283][ 90/115]	Time  0.131 ( 0.131)	Data  0.000 ( 0.009)	Loss 7.7644e-02 (7.7636e-02)	Acc@1  96.88 ( 97.17)	Acc@5 100.00 (100.00)
Epoch: [283][100/115]	Time  0.129 ( 0.131)	Data  0.000 ( 0.009)	Loss 9.5186e-02 (7.8379e-02)	Acc@1  95.31 ( 97.12)	Acc@5 100.00 (100.00)
Epoch: [283][110/115]	Time  0.127 ( 0.131)	Data  0.000 ( 0.009)	Loss 5.4662e-02 (7.9199e-02)	Acc@1  96.88 ( 97.07)	Acc@5 100.00 (100.00)
Test: [ 0/50]	Time  0.271 ( 0.271)	Loss 6.9698e-02 (6.9698e-02)	Acc@1  98.44 ( 98.44)	Acc@5 100.00 (100.00)
Test: [10/50]	Time  0.037 ( 0.058)	Loss 2.1826e-02 (4.4260e-02)	Acc@1  98.44 ( 98.72)	Acc@5 100.00 (100.00)
Test: [20/50]	Time  0.038 ( 0.049)	Loss 4.5348e-03 (2.8695e-02)	Acc@1 100.00 ( 99.03)	Acc@5 100.00 (100.00)
Test: [30/50]	Time  0.038 ( 0.045)	Loss 1.1178e-02 (2.7577e-02)	Acc@1 100.00 ( 99.04)	Acc@5 100.00 (100.00)
Test: [40/50]	Time  0.038 ( 0.043)	Loss 3.6345e-02 (2.6005e-02)	Acc@1  98.44 ( 99.16)	Acc@5 100.00 (100.00)
 * Acc@1 99.271 Acc@5 100.000
Epoch: [284][  0/115]	Time  0.263 ( 0.263)	Data  0.208 ( 0.208)	Loss 1.3444e-01 (1.3444e-01)	Acc@1  95.31 ( 95.31)	Acc@5 100.00 (100.00)
Epoch: [284][ 10/115]	Time  0.131 ( 0.141)	Data  0.000 ( 0.025)	Loss 6.5198e-02 (6.8030e-02)	Acc@1  96.88 ( 97.02)	Acc@5 100.00 (100.00)
Epoch: [284][ 20/115]	Time  0.131 ( 0.136)	Data  0.000 ( 0.017)	Loss 5.4761e-02 (7.7954e-02)	Acc@1  96.88 ( 96.43)	Acc@5 100.00 (100.00)
Epoch: [284][ 30/115]	Time  0.129 ( 0.134)	Data  0.000 ( 0.014)	Loss 1.1276e-01 (7.4044e-02)	Acc@1  96.88 ( 96.82)	Acc@5 100.00 (100.00)
Epoch: [284][ 40/115]	Time  0.127 ( 0.133)	Data  0.000 ( 0.012)	Loss 1.7263e-01 (7.7923e-02)	Acc@1  96.88 ( 96.80)	Acc@5 100.00 (100.00)
Epoch: [284][ 50/115]	Time  0.129 ( 0.132)	Data  0.000 ( 0.011)	Loss 6.6236e-02 (7.9157e-02)	Acc@1  96.88 ( 96.81)	Acc@5 100.00 (100.00)
Epoch: [284][ 60/115]	Time  0.129 ( 0.132)	Data  0.000 ( 0.010)	Loss 1.1477e-01 (7.8162e-02)	Acc@1  93.75 ( 96.90)	Acc@5 100.00 (100.00)
Epoch: [284][ 70/115]	Time  0.130 ( 0.131)	Data  0.000 ( 0.010)	Loss 4.6214e-02 (7.5783e-02)	Acc@1  96.88 ( 97.01)	Acc@5 100.00 (100.00)
Epoch: [284][ 80/115]	Time  0.126 ( 0.131)	Data  0.000 ( 0.010)	Loss 4.5646e-02 (7.5979e-02)	Acc@1  98.44 ( 97.07)	Acc@5 100.00 (100.00)
Epoch: [284][ 90/115]	Time  0.133 ( 0.131)	Data  0.000 ( 0.009)	Loss 6.5427e-02 (7.4406e-02)	Acc@1  98.44 ( 97.13)	Acc@5 100.00 (100.00)
Epoch: [284][100/115]	Time  0.130 ( 0.131)	Data  0.000 ( 0.009)	Loss 6.3859e-02 (7.4543e-02)	Acc@1  96.88 ( 97.06)	Acc@5 100.00 (100.00)
Epoch: [284][110/115]	Time  0.135 ( 0.131)	Data  0.000 ( 0.009)	Loss 5.0649e-02 (7.3921e-02)	Acc@1  98.44 ( 97.10)	Acc@5 100.00 (100.00)
Test: [ 0/50]	Time  0.261 ( 0.261)	Loss 7.1604e-02 (7.1604e-02)	Acc@1  98.44 ( 98.44)	Acc@5 100.00 (100.00)
Test: [10/50]	Time  0.038 ( 0.057)	Loss 2.4263e-02 (4.8090e-02)	Acc@1  96.88 ( 98.44)	Acc@5 100.00 (100.00)
Test: [20/50]	Time  0.038 ( 0.048)	Loss 6.4638e-03 (3.1725e-02)	Acc@1 100.00 ( 98.88)	Acc@5 100.00 (100.00)
Test: [30/50]	Time  0.038 ( 0.045)	Loss 9.9712e-03 (2.9881e-02)	Acc@1 100.00 ( 98.94)	Acc@5 100.00 (100.00)
Test: [40/50]	Time  0.038 ( 0.043)	Loss 3.2260e-02 (2.7032e-02)	Acc@1  98.44 ( 99.09)	Acc@5 100.00 (100.00)
 * Acc@1 99.207 Acc@5 100.000
Epoch: [285][  0/115]	Time  0.263 ( 0.263)	Data  0.208 ( 0.208)	Loss 3.2143e-02 (3.2143e-02)	Acc@1 100.00 (100.00)	Acc@5 100.00 (100.00)
Epoch: [285][ 10/115]	Time  0.120 ( 0.141)	Data  0.000 ( 0.026)	Loss 3.4333e-02 (8.2812e-02)	Acc@1  98.44 ( 97.16)	Acc@5 100.00 (100.00)
Epoch: [285][ 20/115]	Time  0.130 ( 0.136)	Data  0.000 ( 0.017)	Loss 6.1547e-02 (8.6087e-02)	Acc@1  98.44 ( 97.17)	Acc@5 100.00 (100.00)
Epoch: [285][ 30/115]	Time  0.129 ( 0.134)	Data  0.000 ( 0.014)	Loss 5.8807e-02 (7.6953e-02)	Acc@1  96.88 ( 97.48)	Acc@5 100.00 (100.00)
Epoch: [285][ 40/115]	Time  0.130 ( 0.133)	Data  0.000 ( 0.012)	Loss 3.6633e-02 (7.8106e-02)	Acc@1 100.00 ( 97.48)	Acc@5 100.00 (100.00)
Epoch: [285][ 50/115]	Time  0.126 ( 0.132)	Data  0.000 ( 0.011)	Loss 1.7555e-01 (7.8291e-02)	Acc@1  92.19 ( 97.37)	Acc@5 100.00 (100.00)
Epoch: [285][ 60/115]	Time  0.133 ( 0.132)	Data  0.000 ( 0.011)	Loss 4.8012e-02 (7.8111e-02)	Acc@1  96.88 ( 97.34)	Acc@5 100.00 (100.00)
Epoch: [285][ 70/115]	Time  0.126 ( 0.131)	Data  0.000 ( 0.010)	Loss 1.1269e-01 (7.8140e-02)	Acc@1  95.31 ( 97.23)	Acc@5 100.00 (100.00)
Epoch: [285][ 80/115]	Time  0.129 ( 0.131)	Data  0.000 ( 0.010)	Loss 7.5553e-02 (7.7657e-02)	Acc@1  96.88 ( 97.20)	Acc@5 100.00 (100.00)
Epoch: [285][ 90/115]	Time  0.132 ( 0.131)	Data  0.000 ( 0.009)	Loss 7.3717e-02 (7.7008e-02)	Acc@1  96.88 ( 97.18)	Acc@5 100.00 (100.00)
Epoch: [285][100/115]	Time  0.133 ( 0.131)	Data  0.000 ( 0.009)	Loss 4.6473e-02 (7.7013e-02)	Acc@1  98.44 ( 97.20)	Acc@5 100.00 (100.00)
Epoch: [285][110/115]	Time  0.130 ( 0.131)	Data  0.000 ( 0.009)	Loss 2.9677e-02 (7.5477e-02)	Acc@1  98.44 ( 97.26)	Acc@5 100.00 (100.00)
Test: [ 0/50]	Time  0.260 ( 0.260)	Loss 6.3593e-02 (6.3593e-02)	Acc@1  98.44 ( 98.44)	Acc@5 100.00 (100.00)
Test: [10/50]	Time  0.037 ( 0.057)	Loss 1.7574e-02 (4.0038e-02)	Acc@1 100.00 ( 98.86)	Acc@5 100.00 (100.00)
Test: [20/50]	Time  0.038 ( 0.048)	Loss 5.5717e-03 (2.5786e-02)	Acc@1 100.00 ( 99.33)	Acc@5 100.00 (100.00)
Test: [30/50]	Time  0.038 ( 0.045)	Loss 1.3410e-02 (2.5304e-02)	Acc@1 100.00 ( 99.24)	Acc@5 100.00 (100.00)
Test: [40/50]	Time  0.038 ( 0.043)	Loss 4.3090e-02 (2.5020e-02)	Acc@1  98.44 ( 99.28)	Acc@5 100.00 (100.00)
 * Acc@1 99.334 Acc@5 100.000
Epoch: [286][  0/115]	Time  0.273 ( 0.273)	Data  0.211 ( 0.211)	Loss 2.7537e-02 (2.7537e-02)	Acc@1 100.00 (100.00)	Acc@5 100.00 (100.00)
Epoch: [286][ 10/115]	Time  0.127 ( 0.140)	Data  0.000 ( 0.025)	Loss 1.0169e-01 (6.9098e-02)	Acc@1  93.75 ( 96.73)	Acc@5 100.00 (100.00)
Epoch: [286][ 20/115]	Time  0.126 ( 0.135)	Data  0.000 ( 0.017)	Loss 2.0607e-02 (5.9942e-02)	Acc@1  98.44 ( 97.17)	Acc@5 100.00 (100.00)
Epoch: [286][ 30/115]	Time  0.130 ( 0.132)	Data  0.000 ( 0.014)	Loss 7.8811e-02 (6.7183e-02)	Acc@1  96.88 ( 96.93)	Acc@5 100.00 (100.00)
Epoch: [286][ 40/115]	Time  0.129 ( 0.131)	Data  0.000 ( 0.012)	Loss 2.8947e-02 (6.5405e-02)	Acc@1  98.44 ( 97.18)	Acc@5 100.00 (100.00)
Epoch: [286][ 50/115]	Time  0.130 ( 0.131)	Data  0.000 ( 0.011)	Loss 7.1871e-02 (6.4148e-02)	Acc@1  96.88 ( 97.24)	Acc@5 100.00 (100.00)
Epoch: [286][ 60/115]	Time  0.127 ( 0.130)	Data  0.000 ( 0.010)	Loss 8.0509e-02 (7.0453e-02)	Acc@1  96.88 ( 96.93)	Acc@5 100.00 (100.00)
Epoch: [286][ 70/115]	Time  0.125 ( 0.130)	Data  0.000 ( 0.010)	Loss 1.6024e-01 (7.5955e-02)	Acc@1  95.31 ( 96.79)	Acc@5 100.00 (100.00)
Epoch: [286][ 80/115]	Time  0.129 ( 0.130)	Data  0.000 ( 0.010)	Loss 6.8442e-02 (7.5126e-02)	Acc@1  98.44 ( 96.86)	Acc@5 100.00 (100.00)
Epoch: [286][ 90/115]	Time  0.127 ( 0.130)	Data  0.000 ( 0.009)	Loss 6.4842e-02 (7.5662e-02)	Acc@1  96.88 ( 96.81)	Acc@5 100.00 (100.00)
Epoch: [286][100/115]	Time  0.134 ( 0.129)	Data  0.000 ( 0.009)	Loss 1.0270e-01 (7.5846e-02)	Acc@1  93.75 ( 96.86)	Acc@5 100.00 (100.00)
Epoch: [286][110/115]	Time  0.131 ( 0.129)	Data  0.000 ( 0.009)	Loss 3.1956e-02 (7.3814e-02)	Acc@1 100.00 ( 96.93)	Acc@5 100.00 (100.00)
Test: [ 0/50]	Time  0.253 ( 0.253)	Loss 7.4015e-02 (7.4015e-02)	Acc@1  98.44 ( 98.44)	Acc@5 100.00 (100.00)
Test: [10/50]	Time  0.037 ( 0.057)	Loss 2.6511e-02 (4.7996e-02)	Acc@1  96.88 ( 98.44)	Acc@5 100.00 (100.00)
Test: [20/50]	Time  0.038 ( 0.048)	Loss 6.2353e-03 (3.1628e-02)	Acc@1 100.00 ( 98.88)	Acc@5 100.00 (100.00)
Test: [30/50]	Time  0.038 ( 0.045)	Loss 1.0482e-02 (2.9834e-02)	Acc@1 100.00 ( 98.94)	Acc@5 100.00 (100.00)
Test: [40/50]	Time  0.038 ( 0.043)	Loss 3.3325e-02 (2.7217e-02)	Acc@1  98.44 ( 99.09)	Acc@5 100.00 (100.00)
 * Acc@1 99.207 Acc@5 100.000
Epoch: [287][  0/115]	Time  0.257 ( 0.257)	Data  0.202 ( 0.202)	Loss 1.0822e-01 (1.0822e-01)	Acc@1  95.31 ( 95.31)	Acc@5 100.00 (100.00)
Epoch: [287][ 10/115]	Time  0.127 ( 0.141)	Data  0.000 ( 0.025)	Loss 8.9719e-02 (7.7528e-02)	Acc@1  98.44 ( 96.73)	Acc@5 100.00 (100.00)
Epoch: [287][ 20/115]	Time  0.132 ( 0.135)	Data  0.000 ( 0.016)	Loss 4.0608e-02 (8.5831e-02)	Acc@1  98.44 ( 96.80)	Acc@5 100.00 (100.00)
Epoch: [287][ 30/115]	Time  0.128 ( 0.133)	Data  0.000 ( 0.013)	Loss 4.2840e-02 (7.7536e-02)	Acc@1 100.00 ( 97.23)	Acc@5 100.00 (100.00)
Epoch: [287][ 40/115]	Time  0.132 ( 0.132)	Data  0.000 ( 0.012)	Loss 6.5883e-03 (6.9230e-02)	Acc@1 100.00 ( 97.64)	Acc@5 100.00 (100.00)
Epoch: [287][ 50/115]	Time  0.129 ( 0.132)	Data  0.000 ( 0.011)	Loss 2.1802e-02 (6.7464e-02)	Acc@1 100.00 ( 97.70)	Acc@5 100.00 (100.00)
Epoch: [287][ 60/115]	Time  0.130 ( 0.131)	Data  0.000 ( 0.010)	Loss 2.3787e-02 (6.7350e-02)	Acc@1 100.00 ( 97.62)	Acc@5 100.00 (100.00)
Epoch: [287][ 70/115]	Time  0.134 ( 0.131)	Data  0.000 ( 0.010)	Loss 8.6587e-02 (6.9650e-02)	Acc@1  98.44 ( 97.47)	Acc@5 100.00 (100.00)
Epoch: [287][ 80/115]	Time  0.131 ( 0.131)	Data  0.000 ( 0.009)	Loss 4.7423e-02 (6.9980e-02)	Acc@1  96.88 ( 97.43)	Acc@5 100.00 (100.00)
Epoch: [287][ 90/115]	Time  0.130 ( 0.131)	Data  0.000 ( 0.009)	Loss 6.2127e-02 (7.1673e-02)	Acc@1  98.44 ( 97.34)	Acc@5 100.00 (100.00)
Epoch: [287][100/115]	Time  0.129 ( 0.130)	Data  0.000 ( 0.009)	Loss 1.2556e-01 (7.1698e-02)	Acc@1  96.88 ( 97.32)	Acc@5 100.00 (100.00)
Epoch: [287][110/115]	Time  0.133 ( 0.130)	Data  0.000 ( 0.009)	Loss 3.5959e-02 (7.0460e-02)	Acc@1  98.44 ( 97.42)	Acc@5 100.00 (100.00)
Test: [ 0/50]	Time  0.255 ( 0.255)	Loss 7.6983e-02 (7.6983e-02)	Acc@1  98.44 ( 98.44)	Acc@5 100.00 (100.00)
Test: [10/50]	Time  0.037 ( 0.056)	Loss 2.7727e-02 (5.1259e-02)	Acc@1  96.88 ( 98.30)	Acc@5 100.00 (100.00)
Test: [20/50]	Time  0.053 ( 0.048)	Loss 7.7130e-03 (3.4084e-02)	Acc@1 100.00 ( 98.81)	Acc@5 100.00 (100.00)
Test: [30/50]	Time  0.038 ( 0.045)	Loss 9.0306e-03 (3.1867e-02)	Acc@1 100.00 ( 98.89)	Acc@5 100.00 (100.00)
Test: [40/50]	Time  0.038 ( 0.043)	Loss 3.3048e-02 (2.8039e-02)	Acc@1  98.44 ( 99.09)	Acc@5 100.00 (100.00)
 * Acc@1 99.207 Acc@5 100.000
Epoch: [288][  0/115]	Time  0.274 ( 0.274)	Data  0.219 ( 0.219)	Loss 1.2668e-02 (1.2668e-02)	Acc@1 100.00 (100.00)	Acc@5 100.00 (100.00)
Epoch: [288][ 10/115]	Time  0.131 ( 0.142)	Data  0.000 ( 0.026)	Loss 3.0852e-02 (6.0552e-02)	Acc@1  98.44 ( 97.87)	Acc@5 100.00 (100.00)
Epoch: [288][ 20/115]	Time  0.128 ( 0.136)	Data  0.000 ( 0.017)	Loss 2.2069e-02 (6.7833e-02)	Acc@1 100.00 ( 97.32)	Acc@5 100.00 (100.00)
Epoch: [288][ 30/115]	Time  0.125 ( 0.134)	Data  0.000 ( 0.014)	Loss 4.4238e-02 (7.2775e-02)	Acc@1  96.88 ( 97.13)	Acc@5 100.00 (100.00)
Epoch: [288][ 40/115]	Time  0.128 ( 0.133)	Data  0.000 ( 0.012)	Loss 8.4301e-02 (6.8069e-02)	Acc@1  98.44 ( 97.33)	Acc@5 100.00 (100.00)
Epoch: [288][ 50/115]	Time  0.129 ( 0.132)	Data  0.000 ( 0.011)	Loss 8.9355e-02 (6.7873e-02)	Acc@1  96.88 ( 97.37)	Acc@5 100.00 (100.00)
Epoch: [288][ 60/115]	Time  0.129 ( 0.132)	Data  0.000 ( 0.011)	Loss 6.4067e-02 (6.9471e-02)	Acc@1  96.88 ( 97.34)	Acc@5 100.00 (100.00)
Epoch: [288][ 70/115]	Time  0.131 ( 0.131)	Data  0.000 ( 0.010)	Loss 8.3116e-02 (7.1331e-02)	Acc@1  96.88 ( 97.16)	Acc@5 100.00 (100.00)
Epoch: [288][ 80/115]	Time  0.124 ( 0.131)	Data  0.000 ( 0.010)	Loss 6.1132e-02 (7.3211e-02)	Acc@1  98.44 ( 97.11)	Acc@5 100.00 (100.00)
Epoch: [288][ 90/115]	Time  0.128 ( 0.131)	Data  0.000 ( 0.009)	Loss 1.0558e-01 (7.2126e-02)	Acc@1  93.75 ( 97.18)	Acc@5 100.00 (100.00)
Epoch: [288][100/115]	Time  0.129 ( 0.131)	Data  0.000 ( 0.009)	Loss 8.1294e-02 (7.0782e-02)	Acc@1  95.31 ( 97.18)	Acc@5 100.00 (100.00)
Epoch: [288][110/115]	Time  0.124 ( 0.131)	Data  0.000 ( 0.009)	Loss 6.7346e-02 (6.9886e-02)	Acc@1  98.44 ( 97.26)	Acc@5 100.00 (100.00)
Test: [ 0/50]	Time  0.254 ( 0.254)	Loss 7.4682e-02 (7.4682e-02)	Acc@1  98.44 ( 98.44)	Acc@5 100.00 (100.00)
Test: [10/50]	Time  0.037 ( 0.056)	Loss 2.7170e-02 (5.0258e-02)	Acc@1  96.88 ( 98.44)	Acc@5 100.00 (100.00)
Test: [20/50]	Time  0.038 ( 0.048)	Loss 7.4813e-03 (3.3457e-02)	Acc@1 100.00 ( 98.88)	Acc@5 100.00 (100.00)
Test: [30/50]	Time  0.038 ( 0.045)	Loss 9.1766e-03 (3.1253e-02)	Acc@1 100.00 ( 98.94)	Acc@5 100.00 (100.00)
Test: [40/50]	Time  0.038 ( 0.043)	Loss 3.3181e-02 (2.7627e-02)	Acc@1  98.44 ( 99.12)	Acc@5 100.00 (100.00)
 * Acc@1 99.239 Acc@5 100.000
Epoch: [289][  0/115]	Time  0.264 ( 0.264)	Data  0.209 ( 0.209)	Loss 1.1187e-01 (1.1187e-01)	Acc@1  95.31 ( 95.31)	Acc@5 100.00 (100.00)
Epoch: [289][ 10/115]	Time  0.128 ( 0.141)	Data  0.000 ( 0.026)	Loss 1.0903e-01 (1.0418e-01)	Acc@1  96.88 ( 96.88)	Acc@5 100.00 (100.00)
Epoch: [289][ 20/115]	Time  0.130 ( 0.136)	Data  0.000 ( 0.017)	Loss 4.8235e-02 (9.8163e-02)	Acc@1  98.44 ( 96.95)	Acc@5 100.00 (100.00)
Epoch: [289][ 30/115]	Time  0.129 ( 0.134)	Data  0.000 ( 0.014)	Loss 8.7792e-02 (9.3209e-02)	Acc@1  93.75 ( 96.67)	Acc@5 100.00 (100.00)
Epoch: [289][ 40/115]	Time  0.122 ( 0.133)	Data  0.000 ( 0.012)	Loss 1.0107e-01 (8.9793e-02)	Acc@1  95.31 ( 96.95)	Acc@5 100.00 (100.00)
Epoch: [289][ 50/115]	Time  0.128 ( 0.132)	Data  0.000 ( 0.011)	Loss 1.3462e-01 (8.4055e-02)	Acc@1  96.88 ( 97.24)	Acc@5 100.00 (100.00)
Epoch: [289][ 60/115]	Time  0.132 ( 0.132)	Data  0.000 ( 0.011)	Loss 8.4810e-02 (8.0999e-02)	Acc@1  96.88 ( 97.34)	Acc@5 100.00 (100.00)
Epoch: [289][ 70/115]	Time  0.132 ( 0.131)	Data  0.000 ( 0.010)	Loss 8.2570e-02 (7.9005e-02)	Acc@1  96.88 ( 97.36)	Acc@5 100.00 (100.00)
Epoch: [289][ 80/115]	Time  0.129 ( 0.131)	Data  0.000 ( 0.010)	Loss 8.2549e-02 (7.9823e-02)	Acc@1  96.88 ( 97.28)	Acc@5 100.00 (100.00)
Epoch: [289][ 90/115]	Time  0.128 ( 0.131)	Data  0.000 ( 0.009)	Loss 3.5200e-02 (7.7565e-02)	Acc@1 100.00 ( 97.32)	Acc@5 100.00 (100.00)
Epoch: [289][100/115]	Time  0.127 ( 0.131)	Data  0.000 ( 0.009)	Loss 1.8386e-01 (8.0113e-02)	Acc@1  92.19 ( 97.18)	Acc@5 100.00 (100.00)
Epoch: [289][110/115]	Time  0.130 ( 0.131)	Data  0.000 ( 0.009)	Loss 1.1693e-01 (7.8018e-02)	Acc@1  98.44 ( 97.28)	Acc@5 100.00 (100.00)
Test: [ 0/50]	Time  0.255 ( 0.255)	Loss 6.1029e-02 (6.1029e-02)	Acc@1  98.44 ( 98.44)	Acc@5 100.00 (100.00)
Test: [10/50]	Time  0.037 ( 0.057)	Loss 1.6322e-02 (3.8499e-02)	Acc@1 100.00 ( 99.01)	Acc@5 100.00 (100.00)
Test: [20/50]	Time  0.038 ( 0.048)	Loss 5.0159e-03 (2.4694e-02)	Acc@1 100.00 ( 99.40)	Acc@5 100.00 (100.00)
Test: [30/50]	Time  0.038 ( 0.045)	Loss 1.4504e-02 (2.4559e-02)	Acc@1 100.00 ( 99.29)	Acc@5 100.00 (100.00)
Test: [40/50]	Time  0.040 ( 0.043)	Loss 4.3748e-02 (2.4939e-02)	Acc@1  98.44 ( 99.31)	Acc@5 100.00 (100.00)
 * Acc@1 99.366 Acc@5 100.000
Epoch: [290][  0/115]	Time  0.285 ( 0.285)	Data  0.224 ( 0.224)	Loss 3.5197e-02 (3.5197e-02)	Acc@1 100.00 (100.00)	Acc@5 100.00 (100.00)
Epoch: [290][ 10/115]	Time  0.127 ( 0.143)	Data  0.000 ( 0.026)	Loss 5.1237e-02 (5.4218e-02)	Acc@1  96.88 ( 98.44)	Acc@5 100.00 (100.00)
Epoch: [290][ 20/115]	Time  0.132 ( 0.137)	Data  0.000 ( 0.017)	Loss 5.9919e-02 (6.3329e-02)	Acc@1  96.88 ( 97.69)	Acc@5 100.00 (100.00)
Epoch: [290][ 30/115]	Time  0.132 ( 0.134)	Data  0.000 ( 0.014)	Loss 7.1946e-02 (6.3980e-02)	Acc@1  98.44 ( 97.88)	Acc@5 100.00 (100.00)
Epoch: [290][ 40/115]	Time  0.128 ( 0.133)	Data  0.000 ( 0.012)	Loss 6.1408e-02 (6.2679e-02)	Acc@1  98.44 ( 97.83)	Acc@5 100.00 (100.00)
Epoch: [290][ 50/115]	Time  0.130 ( 0.132)	Data  0.000 ( 0.011)	Loss 8.7571e-02 (6.3244e-02)	Acc@1  96.88 ( 97.70)	Acc@5 100.00 (100.00)
Epoch: [290][ 60/115]	Time  0.130 ( 0.132)	Data  0.000 ( 0.011)	Loss 7.8609e-02 (6.7637e-02)	Acc@1  98.44 ( 97.64)	Acc@5 100.00 (100.00)
Epoch: [290][ 70/115]	Time  0.131 ( 0.131)	Data  0.000 ( 0.010)	Loss 1.6692e-01 (6.6476e-02)	Acc@1  90.62 ( 97.65)	Acc@5 100.00 (100.00)
Epoch: [290][ 80/115]	Time  0.128 ( 0.131)	Data  0.000 ( 0.010)	Loss 3.9418e-02 (6.4497e-02)	Acc@1  98.44 ( 97.74)	Acc@5 100.00 (100.00)
Epoch: [290][ 90/115]	Time  0.128 ( 0.131)	Data  0.000 ( 0.009)	Loss 2.2105e-02 (6.5379e-02)	Acc@1 100.00 ( 97.66)	Acc@5 100.00 (100.00)
Epoch: [290][100/115]	Time  0.126 ( 0.130)	Data  0.000 ( 0.009)	Loss 1.9617e-02 (6.5744e-02)	Acc@1 100.00 ( 97.66)	Acc@5 100.00 (100.00)
Epoch: [290][110/115]	Time  0.131 ( 0.130)	Data  0.000 ( 0.009)	Loss 1.1561e-01 (6.6463e-02)	Acc@1  93.75 ( 97.56)	Acc@5 100.00 (100.00)
Test: [ 0/50]	Time  0.264 ( 0.264)	Loss 7.2133e-02 (7.2133e-02)	Acc@1  98.44 ( 98.44)	Acc@5 100.00 (100.00)
Test: [10/50]	Time  0.037 ( 0.057)	Loss 2.6508e-02 (5.1011e-02)	Acc@1  96.88 ( 98.58)	Acc@5 100.00 (100.00)
Test: [20/50]	Time  0.038 ( 0.048)	Loss 7.8460e-03 (3.3858e-02)	Acc@1 100.00 ( 98.96)	Acc@5 100.00 (100.00)
Test: [30/50]	Time  0.038 ( 0.045)	Loss 9.5563e-03 (3.1619e-02)	Acc@1 100.00 ( 98.99)	Acc@5 100.00 (100.00)
Test: [40/50]	Time  0.038 ( 0.043)	Loss 3.1774e-02 (2.7734e-02)	Acc@1  98.44 ( 99.16)	Acc@5 100.00 (100.00)
 * Acc@1 99.271 Acc@5 100.000
Epoch: [291][  0/115]	Time  0.271 ( 0.271)	Data  0.216 ( 0.216)	Loss 4.0630e-02 (4.0630e-02)	Acc@1  98.44 ( 98.44)	Acc@5 100.00 (100.00)
Epoch: [291][ 10/115]	Time  0.131 ( 0.142)	Data  0.000 ( 0.026)	Loss 8.6669e-02 (7.3561e-02)	Acc@1  95.31 ( 97.30)	Acc@5 100.00 (100.00)
Epoch: [291][ 20/115]	Time  0.129 ( 0.136)	Data  0.000 ( 0.017)	Loss 9.1611e-02 (7.1303e-02)	Acc@1  93.75 ( 97.32)	Acc@5 100.00 (100.00)
Epoch: [291][ 30/115]	Time  0.121 ( 0.134)	Data  0.000 ( 0.014)	Loss 1.2576e-01 (7.6894e-02)	Acc@1  96.88 ( 97.23)	Acc@5 100.00 (100.00)
Epoch: [291][ 40/115]	Time  0.132 ( 0.133)	Data  0.000 ( 0.012)	Loss 2.9470e-02 (7.5991e-02)	Acc@1  98.44 ( 97.18)	Acc@5 100.00 (100.00)
Epoch: [291][ 50/115]	Time  0.128 ( 0.132)	Data  0.000 ( 0.011)	Loss 6.4938e-02 (7.6221e-02)	Acc@1  98.44 ( 97.30)	Acc@5 100.00 (100.00)
Epoch: [291][ 60/115]	Time  0.126 ( 0.132)	Data  0.000 ( 0.010)	Loss 8.7841e-02 (7.0078e-02)	Acc@1  95.31 ( 97.54)	Acc@5 100.00 (100.00)
Epoch: [291][ 70/115]	Time  0.123 ( 0.131)	Data  0.000 ( 0.010)	Loss 1.1877e-01 (7.2894e-02)	Acc@1  96.88 ( 97.43)	Acc@5 100.00 (100.00)
Epoch: [291][ 80/115]	Time  0.133 ( 0.131)	Data  0.000 ( 0.010)	Loss 1.7809e-02 (7.1172e-02)	Acc@1 100.00 ( 97.49)	Acc@5 100.00 (100.00)
Epoch: [291][ 90/115]	Time  0.126 ( 0.131)	Data  0.000 ( 0.009)	Loss 1.3454e-02 (6.9876e-02)	Acc@1 100.00 ( 97.53)	Acc@5 100.00 (100.00)
Epoch: [291][100/115]	Time  0.131 ( 0.131)	Data  0.000 ( 0.009)	Loss 6.0675e-02 (7.1684e-02)	Acc@1  96.88 ( 97.51)	Acc@5 100.00 (100.00)
Epoch: [291][110/115]	Time  0.124 ( 0.130)	Data  0.000 ( 0.009)	Loss 5.3276e-02 (7.1006e-02)	Acc@1  96.88 ( 97.56)	Acc@5 100.00 (100.00)
Test: [ 0/50]	Time  0.275 ( 0.275)	Loss 7.2760e-02 (7.2760e-02)	Acc@1  98.44 ( 98.44)	Acc@5 100.00 (100.00)
Test: [10/50]	Time  0.038 ( 0.058)	Loss 2.3156e-02 (4.8014e-02)	Acc@1  96.88 ( 98.44)	Acc@5 100.00 (100.00)
Test: [20/50]	Time  0.042 ( 0.049)	Loss 5.7599e-03 (3.1569e-02)	Acc@1 100.00 ( 98.88)	Acc@5 100.00 (100.00)
Test: [30/50]	Time  0.038 ( 0.045)	Loss 1.0363e-02 (2.9729e-02)	Acc@1 100.00 ( 98.94)	Acc@5 100.00 (100.00)
Test: [40/50]	Time  0.038 ( 0.043)	Loss 3.5815e-02 (2.7002e-02)	Acc@1  98.44 ( 99.09)	Acc@5 100.00 (100.00)
 * Acc@1 99.207 Acc@5 100.000
Epoch: [292][  0/115]	Time  0.286 ( 0.286)	Data  0.222 ( 0.222)	Loss 1.0503e-01 (1.0503e-01)	Acc@1  96.88 ( 96.88)	Acc@5 100.00 (100.00)
Epoch: [292][ 10/115]	Time  0.138 ( 0.142)	Data  0.000 ( 0.026)	Loss 1.5070e-01 (1.1194e-01)	Acc@1  92.19 ( 95.17)	Acc@5 100.00 (100.00)
Epoch: [292][ 20/115]	Time  0.131 ( 0.136)	Data  0.000 ( 0.017)	Loss 1.1438e-01 (9.4950e-02)	Acc@1  95.31 ( 95.68)	Acc@5 100.00 (100.00)
Epoch: [292][ 30/115]	Time  0.130 ( 0.134)	Data  0.000 ( 0.014)	Loss 1.5501e-01 (9.2235e-02)	Acc@1  92.19 ( 96.17)	Acc@5 100.00 (100.00)
Epoch: [292][ 40/115]	Time  0.126 ( 0.132)	Data  0.000 ( 0.012)	Loss 5.1717e-02 (8.6321e-02)	Acc@1  96.88 ( 96.49)	Acc@5 100.00 (100.00)
Epoch: [292][ 50/115]	Time  0.130 ( 0.132)	Data  0.000 ( 0.011)	Loss 2.6602e-02 (8.2395e-02)	Acc@1  98.44 ( 96.63)	Acc@5 100.00 (100.00)
Epoch: [292][ 60/115]	Time  0.130 ( 0.131)	Data  0.000 ( 0.010)	Loss 1.7782e-02 (8.0059e-02)	Acc@1 100.00 ( 96.80)	Acc@5 100.00 (100.00)
Epoch: [292][ 70/115]	Time  0.133 ( 0.131)	Data  0.000 ( 0.010)	Loss 2.4638e-02 (7.7276e-02)	Acc@1  98.44 ( 96.96)	Acc@5 100.00 (100.00)
Epoch: [292][ 80/115]	Time  0.127 ( 0.131)	Data  0.000 ( 0.010)	Loss 3.7373e-02 (7.4472e-02)	Acc@1  98.44 ( 97.09)	Acc@5 100.00 (100.00)
Epoch: [292][ 90/115]	Time  0.136 ( 0.131)	Data  0.000 ( 0.009)	Loss 1.9707e-02 (7.4310e-02)	Acc@1 100.00 ( 97.12)	Acc@5 100.00 (100.00)
Epoch: [292][100/115]	Time  0.138 ( 0.131)	Data  0.000 ( 0.009)	Loss 2.3849e-02 (7.5144e-02)	Acc@1 100.00 ( 97.15)	Acc@5 100.00 (100.00)
Epoch: [292][110/115]	Time  0.131 ( 0.131)	Data  0.000 ( 0.009)	Loss 6.2633e-02 (7.4019e-02)	Acc@1  95.31 ( 97.13)	Acc@5 100.00 (100.00)
Test: [ 0/50]	Time  0.257 ( 0.257)	Loss 7.1249e-02 (7.1249e-02)	Acc@1  98.44 ( 98.44)	Acc@5 100.00 (100.00)
Test: [10/50]	Time  0.037 ( 0.057)	Loss 2.6768e-02 (4.8714e-02)	Acc@1  96.88 ( 98.44)	Acc@5 100.00 (100.00)
Test: [20/50]	Time  0.038 ( 0.048)	Loss 6.3140e-03 (3.2216e-02)	Acc@1 100.00 ( 98.88)	Acc@5 100.00 (100.00)
Test: [30/50]	Time  0.038 ( 0.045)	Loss 9.9251e-03 (3.0403e-02)	Acc@1 100.00 ( 98.94)	Acc@5 100.00 (100.00)
Test: [40/50]	Time  0.037 ( 0.043)	Loss 3.1379e-02 (2.7379e-02)	Acc@1  98.44 ( 99.09)	Acc@5 100.00 (100.00)
 * Acc@1 99.207 Acc@5 100.000
Epoch: [293][  0/115]	Time  0.266 ( 0.266)	Data  0.212 ( 0.212)	Loss 9.2831e-03 (9.2831e-03)	Acc@1 100.00 (100.00)	Acc@5 100.00 (100.00)
Epoch: [293][ 10/115]	Time  0.129 ( 0.141)	Data  0.000 ( 0.026)	Loss 3.5263e-02 (6.3603e-02)	Acc@1  98.44 ( 97.87)	Acc@5 100.00 (100.00)
Epoch: [293][ 20/115]	Time  0.129 ( 0.135)	Data  0.000 ( 0.017)	Loss 7.2320e-02 (7.1428e-02)	Acc@1  96.88 ( 97.10)	Acc@5 100.00 (100.00)
Epoch: [293][ 30/115]	Time  0.130 ( 0.133)	Data  0.000 ( 0.014)	Loss 7.1664e-02 (8.0019e-02)	Acc@1  95.31 ( 96.77)	Acc@5 100.00 (100.00)
Epoch: [293][ 40/115]	Time  0.129 ( 0.132)	Data  0.000 ( 0.012)	Loss 1.8842e-02 (7.3650e-02)	Acc@1 100.00 ( 97.07)	Acc@5 100.00 (100.00)
Epoch: [293][ 50/115]	Time  0.128 ( 0.132)	Data  0.000 ( 0.011)	Loss 7.2084e-02 (7.4696e-02)	Acc@1  96.88 ( 97.00)	Acc@5 100.00 (100.00)
Epoch: [293][ 60/115]	Time  0.134 ( 0.131)	Data  0.000 ( 0.011)	Loss 7.3523e-02 (7.2648e-02)	Acc@1  96.88 ( 97.05)	Acc@5 100.00 (100.00)
Epoch: [293][ 70/115]	Time  0.129 ( 0.131)	Data  0.000 ( 0.010)	Loss 1.1749e-02 (7.4444e-02)	Acc@1 100.00 ( 97.05)	Acc@5 100.00 (100.00)
Epoch: [293][ 80/115]	Time  0.130 ( 0.131)	Data  0.000 ( 0.010)	Loss 8.7954e-02 (7.2908e-02)	Acc@1  98.44 ( 97.16)	Acc@5 100.00 (100.00)
Epoch: [293][ 90/115]	Time  0.129 ( 0.131)	Data  0.000 ( 0.009)	Loss 1.3090e-01 (7.3355e-02)	Acc@1  95.31 ( 97.12)	Acc@5 100.00 (100.00)
Epoch: [293][100/115]	Time  0.132 ( 0.131)	Data  0.000 ( 0.009)	Loss 8.3803e-02 (7.2246e-02)	Acc@1  96.88 ( 97.17)	Acc@5 100.00 (100.00)
Epoch: [293][110/115]	Time  0.129 ( 0.130)	Data  0.000 ( 0.009)	Loss 1.4239e-01 (7.2506e-02)	Acc@1  95.31 ( 97.20)	Acc@5 100.00 (100.00)
Test: [ 0/50]	Time  0.257 ( 0.257)	Loss 6.4951e-02 (6.4951e-02)	Acc@1  98.44 ( 98.44)	Acc@5 100.00 (100.00)
Test: [10/50]	Time  0.038 ( 0.056)	Loss 1.8342e-02 (4.4309e-02)	Acc@1 100.00 ( 98.86)	Acc@5 100.00 (100.00)
Test: [20/50]	Time  0.038 ( 0.048)	Loss 4.8986e-03 (2.8768e-02)	Acc@1 100.00 ( 99.11)	Acc@5 100.00 (100.00)
Test: [30/50]	Time  0.037 ( 0.045)	Loss 1.1296e-02 (2.7312e-02)	Acc@1 100.00 ( 99.09)	Acc@5 100.00 (100.00)
Test: [40/50]	Time  0.037 ( 0.043)	Loss 3.7530e-02 (2.5586e-02)	Acc@1  98.44 ( 99.20)	Acc@5 100.00 (100.00)
 * Acc@1 99.302 Acc@5 100.000
Epoch: [294][  0/115]	Time  0.281 ( 0.281)	Data  0.225 ( 0.225)	Loss 1.4186e-01 (1.4186e-01)	Acc@1  95.31 ( 95.31)	Acc@5 100.00 (100.00)
Epoch: [294][ 10/115]	Time  0.128 ( 0.143)	Data  0.000 ( 0.027)	Loss 6.2268e-02 (9.0517e-02)	Acc@1  96.88 ( 97.16)	Acc@5 100.00 (100.00)
Epoch: [294][ 20/115]	Time  0.128 ( 0.137)	Data  0.000 ( 0.018)	Loss 9.4173e-02 (8.2283e-02)	Acc@1  96.88 ( 97.10)	Acc@5 100.00 (100.00)
Epoch: [294][ 30/115]	Time  0.131 ( 0.134)	Data  0.000 ( 0.014)	Loss 1.1827e-01 (8.0053e-02)	Acc@1  92.19 ( 97.08)	Acc@5 100.00 (100.00)
Epoch: [294][ 40/115]	Time  0.131 ( 0.133)	Data  0.000 ( 0.012)	Loss 7.9473e-02 (7.7719e-02)	Acc@1  98.44 ( 97.07)	Acc@5 100.00 (100.00)
Epoch: [294][ 50/115]	Time  0.129 ( 0.132)	Data  0.000 ( 0.011)	Loss 1.1280e-01 (7.4746e-02)	Acc@1  96.88 ( 97.24)	Acc@5 100.00 (100.00)
Epoch: [294][ 60/115]	Time  0.124 ( 0.132)	Data  0.000 ( 0.011)	Loss 1.0081e-01 (7.5378e-02)	Acc@1  95.31 ( 97.28)	Acc@5 100.00 (100.00)
Epoch: [294][ 70/115]	Time  0.131 ( 0.131)	Data  0.000 ( 0.010)	Loss 6.0363e-02 (7.3587e-02)	Acc@1  96.88 ( 97.29)	Acc@5 100.00 (100.00)
Epoch: [294][ 80/115]	Time  0.130 ( 0.131)	Data  0.000 ( 0.010)	Loss 2.5489e-02 (7.1214e-02)	Acc@1 100.00 ( 97.38)	Acc@5 100.00 (100.00)
Epoch: [294][ 90/115]	Time  0.128 ( 0.131)	Data  0.000 ( 0.010)	Loss 2.9160e-02 (6.9996e-02)	Acc@1 100.00 ( 97.42)	Acc@5 100.00 (100.00)
Epoch: [294][100/115]	Time  0.129 ( 0.131)	Data  0.000 ( 0.009)	Loss 7.8725e-02 (6.9779e-02)	Acc@1  96.88 ( 97.39)	Acc@5 100.00 (100.00)
Epoch: [294][110/115]	Time  0.130 ( 0.130)	Data  0.000 ( 0.009)	Loss 4.3103e-02 (7.0053e-02)	Acc@1  98.44 ( 97.38)	Acc@5 100.00 (100.00)
Test: [ 0/50]	Time  0.265 ( 0.265)	Loss 7.9289e-02 (7.9289e-02)	Acc@1  98.44 ( 98.44)	Acc@5 100.00 (100.00)
Test: [10/50]	Time  0.037 ( 0.058)	Loss 3.0469e-02 (5.2449e-02)	Acc@1  96.88 ( 98.30)	Acc@5 100.00 (100.00)
Test: [20/50]	Time  0.037 ( 0.049)	Loss 9.0495e-03 (3.5125e-02)	Acc@1 100.00 ( 98.81)	Acc@5 100.00 (100.00)
Test: [30/50]	Time  0.038 ( 0.045)	Loss 8.1391e-03 (3.2689e-02)	Acc@1 100.00 ( 98.89)	Acc@5 100.00 (100.00)
Test: [40/50]	Time  0.038 ( 0.044)	Loss 2.9284e-02 (2.8473e-02)	Acc@1  98.44 ( 99.09)	Acc@5 100.00 (100.00)
 * Acc@1 99.207 Acc@5 100.000
Epoch: [295][  0/115]	Time  0.280 ( 0.280)	Data  0.220 ( 0.220)	Loss 2.1638e-01 (2.1638e-01)	Acc@1  92.19 ( 92.19)	Acc@5 100.00 (100.00)
Epoch: [295][ 10/115]	Time  0.127 ( 0.143)	Data  0.000 ( 0.026)	Loss 1.2714e-01 (9.1125e-02)	Acc@1  96.88 ( 96.73)	Acc@5 100.00 (100.00)
Epoch: [295][ 20/115]	Time  0.131 ( 0.136)	Data  0.000 ( 0.017)	Loss 3.6455e-02 (7.6779e-02)	Acc@1  98.44 ( 97.32)	Acc@5 100.00 (100.00)
Epoch: [295][ 30/115]	Time  0.127 ( 0.134)	Data  0.000 ( 0.014)	Loss 6.2285e-02 (7.8633e-02)	Acc@1  98.44 ( 97.43)	Acc@5 100.00 (100.00)
Epoch: [295][ 40/115]	Time  0.134 ( 0.133)	Data  0.000 ( 0.012)	Loss 6.7227e-02 (7.3688e-02)	Acc@1  96.88 ( 97.52)	Acc@5 100.00 (100.00)
Epoch: [295][ 50/115]	Time  0.130 ( 0.133)	Data  0.000 ( 0.011)	Loss 1.7068e-02 (7.0721e-02)	Acc@1 100.00 ( 97.70)	Acc@5 100.00 (100.00)
Epoch: [295][ 60/115]	Time  0.132 ( 0.132)	Data  0.000 ( 0.011)	Loss 2.7117e-02 (7.0449e-02)	Acc@1 100.00 ( 97.69)	Acc@5 100.00 (100.00)
Epoch: [295][ 70/115]	Time  0.126 ( 0.132)	Data  0.000 ( 0.010)	Loss 3.9738e-02 (7.3825e-02)	Acc@1  98.44 ( 97.51)	Acc@5 100.00 (100.00)
Epoch: [295][ 80/115]	Time  0.139 ( 0.131)	Data  0.000 ( 0.010)	Loss 1.5695e-01 (7.4467e-02)	Acc@1  95.31 ( 97.43)	Acc@5 100.00 (100.00)
Epoch: [295][ 90/115]	Time  0.131 ( 0.131)	Data  0.000 ( 0.009)	Loss 9.9402e-02 (7.1416e-02)	Acc@1  95.31 ( 97.54)	Acc@5 100.00 (100.00)
Epoch: [295][100/115]	Time  0.129 ( 0.131)	Data  0.000 ( 0.009)	Loss 8.6515e-02 (7.0726e-02)	Acc@1  95.31 ( 97.54)	Acc@5 100.00 (100.00)
Epoch: [295][110/115]	Time  0.126 ( 0.131)	Data  0.000 ( 0.009)	Loss 2.1444e-02 (7.1399e-02)	Acc@1 100.00 ( 97.55)	Acc@5 100.00 (100.00)
Test: [ 0/50]	Time  0.261 ( 0.261)	Loss 6.0447e-02 (6.0447e-02)	Acc@1  98.44 ( 98.44)	Acc@5 100.00 (100.00)
Test: [10/50]	Time  0.038 ( 0.057)	Loss 1.6076e-02 (3.6614e-02)	Acc@1 100.00 ( 99.15)	Acc@5 100.00 (100.00)
Test: [20/50]	Time  0.043 ( 0.049)	Loss 3.6474e-03 (2.3046e-02)	Acc@1 100.00 ( 99.48)	Acc@5 100.00 (100.00)
Test: [30/50]	Time  0.038 ( 0.045)	Loss 1.5923e-02 (2.3308e-02)	Acc@1 100.00 ( 99.29)	Acc@5 100.00 (100.00)
Test: [40/50]	Time  0.038 ( 0.043)	Loss 4.6209e-02 (2.4689e-02)	Acc@1  98.44 ( 99.28)	Acc@5 100.00 (100.00)
 * Acc@1 99.334 Acc@5 100.000
Epoch: [296][  0/115]	Time  0.279 ( 0.279)	Data  0.218 ( 0.218)	Loss 4.0155e-02 (4.0155e-02)	Acc@1  98.44 ( 98.44)	Acc@5 100.00 (100.00)
Epoch: [296][ 10/115]	Time  0.130 ( 0.142)	Data  0.000 ( 0.026)	Loss 8.4210e-02 (5.4606e-02)	Acc@1  96.88 ( 98.15)	Acc@5 100.00 (100.00)
Epoch: [296][ 20/115]	Time  0.130 ( 0.136)	Data  0.000 ( 0.017)	Loss 9.5129e-02 (6.3554e-02)	Acc@1  95.31 ( 97.77)	Acc@5 100.00 (100.00)
Epoch: [296][ 30/115]	Time  0.127 ( 0.134)	Data  0.000 ( 0.014)	Loss 9.1456e-02 (6.6520e-02)	Acc@1  95.31 ( 97.43)	Acc@5 100.00 (100.00)
Epoch: [296][ 40/115]	Time  0.126 ( 0.133)	Data  0.000 ( 0.012)	Loss 4.1331e-02 (6.3148e-02)	Acc@1  98.44 ( 97.64)	Acc@5 100.00 (100.00)
Epoch: [296][ 50/115]	Time  0.130 ( 0.132)	Data  0.000 ( 0.011)	Loss 1.1820e-02 (5.9205e-02)	Acc@1 100.00 ( 97.89)	Acc@5 100.00 (100.00)
Epoch: [296][ 60/115]	Time  0.130 ( 0.132)	Data  0.000 ( 0.011)	Loss 1.5299e-01 (7.0011e-02)	Acc@1  95.31 ( 97.49)	Acc@5 100.00 (100.00)
Epoch: [296][ 70/115]	Time  0.129 ( 0.131)	Data  0.000 ( 0.010)	Loss 2.2096e-02 (7.0666e-02)	Acc@1 100.00 ( 97.54)	Acc@5 100.00 (100.00)
Epoch: [296][ 80/115]	Time  0.129 ( 0.131)	Data  0.000 ( 0.010)	Loss 6.6263e-02 (6.9747e-02)	Acc@1  98.44 ( 97.57)	Acc@5 100.00 (100.00)
Epoch: [296][ 90/115]	Time  0.133 ( 0.131)	Data  0.000 ( 0.009)	Loss 5.3076e-02 (7.0369e-02)	Acc@1  98.44 ( 97.46)	Acc@5 100.00 (100.00)
Epoch: [296][100/115]	Time  0.131 ( 0.131)	Data  0.000 ( 0.009)	Loss 6.7537e-02 (7.0184e-02)	Acc@1  96.88 ( 97.45)	Acc@5 100.00 (100.00)
Epoch: [296][110/115]	Time  0.129 ( 0.130)	Data  0.000 ( 0.009)	Loss 1.0103e-01 (6.9486e-02)	Acc@1  93.75 ( 97.41)	Acc@5 100.00 (100.00)
Test: [ 0/50]	Time  0.278 ( 0.278)	Loss 7.1551e-02 (7.1551e-02)	Acc@1  98.44 ( 98.44)	Acc@5 100.00 (100.00)
Test: [10/50]	Time  0.037 ( 0.059)	Loss 2.5650e-02 (4.7159e-02)	Acc@1  96.88 ( 98.58)	Acc@5 100.00 (100.00)
Test: [20/50]	Time  0.038 ( 0.049)	Loss 5.6133e-03 (3.0839e-02)	Acc@1 100.00 ( 98.96)	Acc@5 100.00 (100.00)
Test: [30/50]	Time  0.038 ( 0.045)	Loss 1.0883e-02 (2.9336e-02)	Acc@1 100.00 ( 98.99)	Acc@5 100.00 (100.00)
Test: [40/50]	Time  0.037 ( 0.044)	Loss 3.4165e-02 (2.6751e-02)	Acc@1  98.44 ( 99.12)	Acc@5 100.00 (100.00)
 * Acc@1 99.239 Acc@5 100.000
Epoch: [297][  0/115]	Time  0.281 ( 0.281)	Data  0.219 ( 0.219)	Loss 6.3489e-02 (6.3489e-02)	Acc@1  98.44 ( 98.44)	Acc@5 100.00 (100.00)
Epoch: [297][ 10/115]	Time  0.125 ( 0.142)	Data  0.000 ( 0.026)	Loss 1.6144e-02 (6.0758e-02)	Acc@1 100.00 ( 98.15)	Acc@5 100.00 (100.00)
Epoch: [297][ 20/115]	Time  0.131 ( 0.136)	Data  0.000 ( 0.017)	Loss 6.2879e-02 (5.2630e-02)	Acc@1  95.31 ( 98.21)	Acc@5 100.00 (100.00)
Epoch: [297][ 30/115]	Time  0.130 ( 0.134)	Data  0.000 ( 0.014)	Loss 7.9169e-02 (5.5922e-02)	Acc@1  96.88 ( 98.03)	Acc@5 100.00 (100.00)
Epoch: [297][ 40/115]	Time  0.129 ( 0.133)	Data  0.000 ( 0.012)	Loss 9.0276e-02 (6.3723e-02)	Acc@1  95.31 ( 97.60)	Acc@5 100.00 (100.00)
Epoch: [297][ 50/115]	Time  0.131 ( 0.132)	Data  0.000 ( 0.011)	Loss 9.0313e-02 (6.9160e-02)	Acc@1  96.88 ( 97.46)	Acc@5 100.00 (100.00)
Epoch: [297][ 60/115]	Time  0.133 ( 0.132)	Data  0.000 ( 0.011)	Loss 8.9978e-02 (6.5929e-02)	Acc@1  96.88 ( 97.62)	Acc@5 100.00 (100.00)
Epoch: [297][ 70/115]	Time  0.132 ( 0.132)	Data  0.000 ( 0.010)	Loss 1.5176e-01 (6.6401e-02)	Acc@1  96.88 ( 97.65)	Acc@5 100.00 (100.00)
Epoch: [297][ 80/115]	Time  0.131 ( 0.132)	Data  0.000 ( 0.010)	Loss 5.0692e-02 (6.9882e-02)	Acc@1  96.88 ( 97.55)	Acc@5 100.00 (100.00)
Epoch: [297][ 90/115]	Time  0.130 ( 0.132)	Data  0.000 ( 0.009)	Loss 6.3477e-02 (7.0568e-02)	Acc@1  98.44 ( 97.49)	Acc@5 100.00 (100.00)
Epoch: [297][100/115]	Time  0.134 ( 0.131)	Data  0.000 ( 0.009)	Loss 7.6185e-02 (7.0182e-02)	Acc@1  96.88 ( 97.46)	Acc@5 100.00 (100.00)
Epoch: [297][110/115]	Time  0.130 ( 0.131)	Data  0.000 ( 0.009)	Loss 5.5824e-02 (6.9094e-02)	Acc@1  98.44 ( 97.55)	Acc@5 100.00 (100.00)
Test: [ 0/50]	Time  0.255 ( 0.255)	Loss 7.3238e-02 (7.3238e-02)	Acc@1  98.44 ( 98.44)	Acc@5 100.00 (100.00)
Test: [10/50]	Time  0.037 ( 0.057)	Loss 2.6835e-02 (4.8278e-02)	Acc@1  98.44 ( 98.58)	Acc@5 100.00 (100.00)
Test: [20/50]	Time  0.038 ( 0.048)	Loss 6.1898e-03 (3.1696e-02)	Acc@1 100.00 ( 99.03)	Acc@5 100.00 (100.00)
Test: [30/50]	Time  0.038 ( 0.045)	Loss 1.0279e-02 (3.0030e-02)	Acc@1 100.00 ( 99.04)	Acc@5 100.00 (100.00)
Test: [40/50]	Time  0.038 ( 0.043)	Loss 2.9719e-02 (2.7137e-02)	Acc@1  98.44 ( 99.16)	Acc@5 100.00 (100.00)
 * Acc@1 99.271 Acc@5 100.000
Epoch: [298][  0/115]	Time  0.283 ( 0.283)	Data  0.223 ( 0.223)	Loss 1.5475e-01 (1.5475e-01)	Acc@1  92.19 ( 92.19)	Acc@5 100.00 (100.00)
Epoch: [298][ 10/115]	Time  0.132 ( 0.143)	Data  0.000 ( 0.026)	Loss 5.5484e-02 (5.9366e-02)	Acc@1  96.88 ( 97.59)	Acc@5 100.00 (100.00)
Epoch: [298][ 20/115]	Time  0.125 ( 0.137)	Data  0.000 ( 0.017)	Loss 7.8161e-02 (5.9528e-02)	Acc@1  96.88 ( 97.77)	Acc@5 100.00 (100.00)
Epoch: [298][ 30/115]	Time  0.134 ( 0.135)	Data  0.000 ( 0.014)	Loss 3.7442e-02 (6.5214e-02)	Acc@1  98.44 ( 97.28)	Acc@5 100.00 (100.00)
Epoch: [298][ 40/115]	Time  0.134 ( 0.134)	Data  0.000 ( 0.012)	Loss 4.6507e-02 (5.9439e-02)	Acc@1  98.44 ( 97.56)	Acc@5 100.00 (100.00)
Epoch: [298][ 50/115]	Time  0.131 ( 0.133)	Data  0.000 ( 0.011)	Loss 8.2786e-02 (6.1424e-02)	Acc@1  96.88 ( 97.52)	Acc@5 100.00 (100.00)
Epoch: [298][ 60/115]	Time  0.128 ( 0.133)	Data  0.000 ( 0.010)	Loss 5.6486e-02 (6.5883e-02)	Acc@1  98.44 ( 97.44)	Acc@5 100.00 (100.00)
Epoch: [298][ 70/115]	Time  0.130 ( 0.132)	Data  0.000 ( 0.010)	Loss 4.6025e-02 (6.5945e-02)	Acc@1  98.44 ( 97.43)	Acc@5 100.00 (100.00)
Epoch: [298][ 80/115]	Time  0.133 ( 0.132)	Data  0.000 ( 0.010)	Loss 8.6150e-02 (6.4680e-02)	Acc@1  98.44 ( 97.55)	Acc@5 100.00 (100.00)
Epoch: [298][ 90/115]	Time  0.124 ( 0.132)	Data  0.000 ( 0.009)	Loss 4.3763e-02 (6.4675e-02)	Acc@1  98.44 ( 97.53)	Acc@5 100.00 (100.00)
Epoch: [298][100/115]	Time  0.124 ( 0.132)	Data  0.000 ( 0.009)	Loss 8.6289e-02 (6.4295e-02)	Acc@1  95.31 ( 97.54)	Acc@5 100.00 (100.00)
Epoch: [298][110/115]	Time  0.131 ( 0.132)	Data  0.000 ( 0.009)	Loss 1.3341e-01 (6.5070e-02)	Acc@1  95.31 ( 97.54)	Acc@5 100.00 (100.00)
Test: [ 0/50]	Time  0.268 ( 0.268)	Loss 6.8073e-02 (6.8073e-02)	Acc@1  98.44 ( 98.44)	Acc@5 100.00 (100.00)
Test: [10/50]	Time  0.038 ( 0.058)	Loss 2.3336e-02 (4.5147e-02)	Acc@1  98.44 ( 98.72)	Acc@5 100.00 (100.00)
Test: [20/50]	Time  0.042 ( 0.049)	Loss 7.3067e-03 (2.9601e-02)	Acc@1 100.00 ( 99.03)	Acc@5 100.00 (100.00)
Test: [30/50]	Time  0.038 ( 0.045)	Loss 1.0613e-02 (2.8170e-02)	Acc@1 100.00 ( 99.04)	Acc@5 100.00 (100.00)
Test: [40/50]	Time  0.038 ( 0.043)	Loss 3.4385e-02 (2.6078e-02)	Acc@1  98.44 ( 99.16)	Acc@5 100.00 (100.00)
 * Acc@1 99.271 Acc@5 100.000
Epoch: [299][  0/115]	Time  0.292 ( 0.292)	Data  0.237 ( 0.237)	Loss 3.9717e-02 (3.9717e-02)	Acc@1  98.44 ( 98.44)	Acc@5 100.00 (100.00)
Epoch: [299][ 10/115]	Time  0.130 ( 0.144)	Data  0.000 ( 0.028)	Loss 1.3838e-02 (7.9172e-02)	Acc@1 100.00 ( 97.30)	Acc@5 100.00 (100.00)
Epoch: [299][ 20/115]	Time  0.130 ( 0.137)	Data  0.000 ( 0.018)	Loss 1.0624e-01 (6.8448e-02)	Acc@1  95.31 ( 97.62)	Acc@5 100.00 (100.00)
Epoch: [299][ 30/115]	Time  0.126 ( 0.134)	Data  0.000 ( 0.015)	Loss 5.4415e-02 (6.3490e-02)	Acc@1  96.88 ( 97.78)	Acc@5 100.00 (100.00)
Epoch: [299][ 40/115]	Time  0.132 ( 0.133)	Data  0.000 ( 0.013)	Loss 6.2379e-02 (6.8555e-02)	Acc@1  98.44 ( 97.71)	Acc@5 100.00 (100.00)
Epoch: [299][ 50/115]	Time  0.133 ( 0.132)	Data  0.000 ( 0.012)	Loss 4.7952e-02 (6.5026e-02)	Acc@1  96.88 ( 97.70)	Acc@5 100.00 (100.00)
Epoch: [299][ 60/115]	Time  0.131 ( 0.132)	Data  0.000 ( 0.011)	Loss 4.5720e-02 (6.8393e-02)	Acc@1  98.44 ( 97.64)	Acc@5 100.00 (100.00)
Epoch: [299][ 70/115]	Time  0.127 ( 0.131)	Data  0.000 ( 0.010)	Loss 8.8100e-02 (6.6970e-02)	Acc@1  95.31 ( 97.69)	Acc@5 100.00 (100.00)
Epoch: [299][ 80/115]	Time  0.130 ( 0.131)	Data  0.000 ( 0.010)	Loss 2.8396e-02 (6.7012e-02)	Acc@1 100.00 ( 97.69)	Acc@5 100.00 (100.00)
Epoch: [299][ 90/115]	Time  0.129 ( 0.131)	Data  0.000 ( 0.010)	Loss 9.5546e-02 (6.9456e-02)	Acc@1  95.31 ( 97.54)	Acc@5 100.00 (100.00)
Epoch: [299][100/115]	Time  0.132 ( 0.131)	Data  0.000 ( 0.009)	Loss 1.2807e-01 (6.9951e-02)	Acc@1  95.31 ( 97.51)	Acc@5 100.00 (100.00)
Epoch: [299][110/115]	Time  0.127 ( 0.131)	Data  0.000 ( 0.009)	Loss 4.3641e-02 (7.1646e-02)	Acc@1  98.44 ( 97.41)	Acc@5 100.00 (100.00)
Test: [ 0/50]	Time  0.263 ( 0.263)	Loss 7.3221e-02 (7.3221e-02)	Acc@1  98.44 ( 98.44)	Acc@5 100.00 (100.00)
Test: [10/50]	Time  0.037 ( 0.057)	Loss 2.4632e-02 (4.9927e-02)	Acc@1  96.88 ( 98.44)	Acc@5 100.00 (100.00)
Test: [20/50]	Time  0.038 ( 0.048)	Loss 7.6593e-03 (3.2969e-02)	Acc@1 100.00 ( 98.88)	Acc@5 100.00 (100.00)
Test: [30/50]	Time  0.038 ( 0.045)	Loss 8.6217e-03 (3.0806e-02)	Acc@1 100.00 ( 98.94)	Acc@5 100.00 (100.00)
Test: [40/50]	Time  0.038 ( 0.043)	Loss 3.1128e-02 (2.7225e-02)	Acc@1  98.44 ( 99.12)	Acc@5 100.00 (100.00)
 * Acc@1 99.239 Acc@5 100.000
