 CUDA-version: 10000 (11000), cuDNN: 7.6.5, CUDNN_HALF=1, GPU count: 1  
 CUDNN_HALF=1 
 OpenCV version: 3.2.0
 0 : compute_capability = 610, cudnn_half = 0, GPU: GeForce GTX 1080 
   layer   filters  size/strd(dil)      input                output
   0 conv     16       3 x 3/ 1    416 x 416 x   3 ->  416 x 416 x  16 0.150 BF
   1 max                2x 2/ 2    416 x 416 x  16 ->  208 x 208 x  16 0.003 BF
   2 conv     32       3 x 3/ 1    208 x 208 x  16 ->  208 x 208 x  32 0.399 BF
   3 max                2x 2/ 2    208 x 208 x  32 ->  104 x 104 x  32 0.001 BF
   4 conv     64       3 x 3/ 1    104 x 104 x  32 ->  104 x 104 x  64 0.399 BF
   5 max                2x 2/ 2    104 x 104 x  64 ->   52 x  52 x  64 0.001 BF
   6 conv    128       3 x 3/ 1     52 x  52 x  64 ->   52 x  52 x 128 0.399 BF
   7 max                2x 2/ 2     52 x  52 x 128 ->   26 x  26 x 128 0.000 BF
   8 conv    256       3 x 3/ 1     26 x  26 x 128 ->   26 x  26 x 256 0.399 BF
   9 max                2x 2/ 2     26 x  26 x 256 ->   13 x  13 x 256 0.000 BF
  10 conv    512       3 x 3/ 1     13 x  13 x 256 ->   13 x  13 x 512 0.399 BF
  11 max                2x 2/ 1     13 x  13 x 512 ->   13 x  13 x 512 0.000 BF
  12 conv   1024       3 x 3/ 1     13 x  13 x 512 ->   13 x  13 x1024 1.595 BF
  13 conv    256       1 x 1/ 1     13 x  13 x1024 ->   13 x  13 x 256 0.089 BF
  14 conv    512       3 x 3/ 1     13 x  13 x 256 ->   13 x  13 x 512 0.399 BF
  15 conv     75       1 x 1/ 1     13 x  13 x 512 ->   13 x  13 x  75 0.013 BF
  16 yolo
[yolo] params: iou loss: mse (2), iou_norm: 0.75, obj_norm: 1.00, cls_norm: 1.00, delta_norm: 1.00, scale_x_y: 1.00
  17 route  13 		                           ->   13 x  13 x 256 
  18 conv    128       1 x 1/ 1     13 x  13 x 256 ->   13 x  13 x 128 0.011 BF
  19 upsample                 2x    13 x  13 x 128 ->   26 x  26 x 128
  20 route  19 8 	                           ->   26 x  26 x 384 
  21 conv    256       3 x 3/ 1     26 x  26 x 384 ->   26 x  26 x 256 1.196 BF
  22 conv     75       1 x 1/ 1     26 x  26 x 256 ->   26 x  26 x  75 0.026 BF
  23 yolo
[yolo] params: iou loss: mse (2), iou_norm: 0.75, obj_norm: 1.00, cls_norm: 1.00, delta_norm: 1.00, scale_x_y: 1.00
Total BFLOPS 5.477 
avg_outputs = 328859 
 Allocate additional workspace_size = 52.43 MB 
 0 : compute_capability = 610, cudnn_half = 0, GPU: GeForce GTX 1080 
   layer   filters  size/strd(dil)      input                output
   0 conv     16       3 x 3/ 1    416 x 416 x   3 ->  416 x 416 x  16 0.150 BF
   1 max                2x 2/ 2    416 x 416 x  16 ->  208 x 208 x  16 0.003 BF
   2 conv     32       3 x 3/ 1    208 x 208 x  16 ->  208 x 208 x  32 0.399 BF
   3 max                2x 2/ 2    208 x 208 x  32 ->  104 x 104 x  32 0.001 BF
   4 conv     64       3 x 3/ 1    104 x 104 x  32 ->  104 x 104 x  64 0.399 BF
   5 max                2x 2/ 2    104 x 104 x  64 ->   52 x  52 x  64 0.001 BF
   6 conv    128       3 x 3/ 1     52 x  52 x  64 ->   52 x  52 x 128 0.399 BF
   7 max                2x 2/ 2     52 x  52 x 128 ->   26 x  26 x 128 0.000 BF
   8 conv    256       3 x 3/ 1     26 x  26 x 128 ->   26 x  26 x 256 0.399 BF
   9 max                2x 2/ 2     26 x  26 x 256 ->   13 x  13 x 256 0.000 BF
  10 conv    512       3 x 3/ 1     13 x  13 x 256 ->   13 x  13 x 512 0.399 BF
  11 max                2x 2/ 1     13 x  13 x 512 ->   13 x  13 x 512 0.000 BF
  12 conv   1024       3 x 3/ 1     13 x  13 x 512 ->   13 x  13 x1024 1.595 BF
  13 conv    256       1 x 1/ 1     13 x  13 x1024 ->   13 x  13 x 256 0.089 BF
  14 conv    512       3 x 3/ 1     13 x  13 x 256 ->   13 x  13 x 512 0.399 BF
  15 conv     75       1 x 1/ 1     13 x  13 x 512 ->   13 x  13 x  75 0.013 BF
  16 yolo
[yolo] params: iou loss: mse (2), iou_norm: 0.75, obj_norm: 1.00, cls_norm: 1.00, delta_norm: 1.00, scale_x_y: 1.00
  17 route  13 		                           ->   13 x  13 x 256 
  18 conv    128       1 x 1/ 1     13 x  13 x 256 ->   13 x  13 x 128 0.011 BF
  19 upsample                 2x    13 x  13 x 128 ->   26 x  26 x 128
  20 route  19 8 	                           ->   26 x  26 x 384 
  21 conv    256       3 x 3/ 1     26 x  26 x 384 ->   26 x  26 x 256 1.196 BF
  22 conv     75       1 x 1/ 1     26 x  26 x 256 ->   26 x  26 x  75 0.026 BF
  23 yolo
[yolo] params: iou loss: mse (2), iou_norm: 0.75, obj_norm: 1.00, cls_norm: 1.00, delta_norm: 1.00, scale_x_y: 1.00
Total BFLOPS 5.477 
avg_outputs = 328859 
 Allocate additional workspace_size = 52.43 MB 
 Create 6 permanent cpu-threads 
v3 (mse loss, Normalizer: (iou: 0.75, cls: 1.00) Region 16 Avg (IOU: 0.698987, GIOU: 0.669667), Class: 0.466570, Obj: 0.458967, No Obj: 0.527940, .5R: 1.000000, .75R: 0.000000, count: 1, class_loss = 317.703308, iou_loss = 0.069305, total_loss = 317.772614 
v3 (mse loss, Normalizer: (iou: 0.75, cls: 1.00) Region 23 Avg (IOU: 0.030486, GIOU: 0.030486), Class: 0.274704, Obj: 0.127413, No Obj: 0.455681, .5R: 0.000000, .75R: 0.000000, count: 1, class_loss = 981.509277, iou_loss = 8.094299, total_loss = 989.603577 
 total_bbox = 2, rewritten_bbox = 0.000000 % 
v3 (mse loss, Normalizer: (iou: 0.75, cls: 1.00) Region 16 Avg (IOU: 0.564718, GIOU: 0.454453), Class: 0.394464, Obj: 0.490235, No Obj: 0.530591, .5R: 0.500000, .75R: 0.500000, count: 2, class_loss = 325.144897, iou_loss = 0.985046, total_loss = 326.129944 
v3 (mse loss, Normalizer: (iou: 0.75, cls: 1.00) Region 23 Avg (IOU: 0.000000, GIOU: 0.000000), Class: 0.000000, Obj: 0.000000, No Obj: 0.451625, .5R: 0.000000, .75R: 0.000000, count: 1, class_loss = 954.876038, iou_loss = 0.000000, total_loss = 954.876038 
 total_bbox = 4, rewritten_bbox = 0.000000 % 
v3 (mse loss, Normalizer: (iou: 0.75, cls: 1.00) Region 16 Avg (IOU: 0.322768, GIOU: 0.165812), Class: 0.406820, Obj: 0.587599, No Obj: 0.531862, .5R: 0.000000, .75R: 0.000000, count: 2, class_loss = 325.495880, iou_loss = 2.940125, total_loss = 328.436005 
v3 (mse loss, Normalizer: (iou: 0.75, cls: 1.00) Region 23 Avg (IOU: 0.436501, GIOU: 0.373047), Class: 0.407671, Obj: 0.418056, No Obj: 0.454310, .5R: 0.400000, .75R: 0.000000, count: 5, class_loss = 989.907043, iou_loss = 6.107971, total_loss = 996.015015 
 total_bbox = 11, rewritten_bbox = 0.000000 % 
v3 (mse loss, Normalizer: (iou: 0.75, cls: 1.00) Region 16 Avg (IOU: 0.372232, GIOU: 0.339418), Class: 0.583158, Obj: 0.635210, No Obj: 0.530225, .5R: 0.400000, .75R: 0.000000, count: 5, class_loss = 329.050385, iou_loss = 5.416840, total_loss = 334.467224 
v3 (mse loss, Normalizer: (iou: 0.75, cls: 1.00) Region 23 Avg (IOU: 0.654078, GIOU: 0.631724), Class: 0.297592, Obj: 0.358268, No Obj: 0.456673, .5R: 1.000000, .75R: 0.000000, count: 2, class_loss = 984.333008, iou_loss = 1.040039, total_loss = 985.373047 
 total_bbox = 18, rewritten_bbox = 0.000000 % 
0
 Prepare additional network for mAP calculation...
net.optimized_memory = 0 
mini_batch = 1, batch = 4, time_steps = 1, train = 0 
voc_trial_yolo-v3-tiny
net.optimized_memory = 0 
mini_batch = 2, batch = 8, time_steps = 1, train = 1 
Learning Rate: 0.0001, Momentum: 0.9, Decay: 0.0005
 Detection layer: 16 - type = 28 
 Detection layer: 23 - type = 28 
Resizing, random_coef = 1.40 

 608 x 608 
 try to allocate additional workspace_size = 52.43 MB 
 CUDA allocate done! 
Loaded: 0.000047 seconds

 (next mAP calculation at 1856 iterations) 
 1: 654.084229, 654.084229 avg loss, 0.000000 rate, 0.143074 seconds, 8 images, -1.000000 hours left
v3 (mse loss, Normalizer: (iou: 0.75, cls: 1.00) Region 16 Avg (IOU: 0.309235, GIOU: 0.309235), Class: 0.541345, Obj: 0.434284, No Obj: 0.528230, .5R: 0.000000, .75R: 0.000000, count: 1, class_loss = 318.495880, iou_loss = 0.911194, total_loss = 319.407074 
v3 (mse loss, Normalizer: (iou: 0.75, cls: 1.00) Region 23 Avg (IOU: 0.240503, GIOU: 0.028412), Class: 0.163301, Obj: 0.576854, No Obj: 0.454797, .5R: 0.000000, .75R: 0.000000, count: 7, class_loss = 993.459595, iou_loss = 23.021362, total_loss = 1016.480957 
 total_bbox = 26, rewritten_bbox = 3.846154 % 
v3 (mse loss, Normalizer: (iou: 0.75, cls: 1.00) Region 16 Avg (IOU: 0.550845, GIOU: 0.544258), Class: 0.514687, Obj: 0.575414, No Obj: 0.527280, .5R: 0.333333, .75R: 0.333333, count: 3, class_loss = 323.102020, iou_loss = 1.923767, total_loss = 325.025787 
v3 (mse loss, Normalizer: (iou: 0.75, cls: 1.00) Region 23 Avg (IOU: 0.000000, GIOU: 0.000000), Class: 0.000000, Obj: 0.000000, No Obj: 0.453154, .5R: 0.000000, .75R: 0.000000, count: 1, class_loss = 968.545776, iou_loss = 0.000000, total_loss = 968.545776 
 total_bbox = 29, rewritten_bbox = 3.448276 % 
v3 (mse loss, Normalizer: (iou: 0.75, cls: 1.00) Region 16 Avg (IOU: 0.921726, GIOU: 0.921231), Class: 0.402031, Obj: 0.687449, No Obj: 0.528781, .5R: 1.000000, .75R: 1.000000, count: 1, class_loss = 319.810059, iou_loss = 0.032654, total_loss = 319.842712 
v3 (mse loss, Normalizer: (iou: 0.75, cls: 1.00) Region 23 Avg (IOU: 0.430687, GIOU: 0.330329), Class: 0.553546, Obj: 0.318170, No Obj: 0.454102, .5R: 0.200000, .75R: 0.000000, count: 5, class_loss = 983.980286, iou_loss = 5.445129, total_loss = 989.425415 
 total_bbox = 35, rewritten_bbox = 2.857143 % 
v3 (mse loss, Normalizer: (iou: 0.75, cls: 1.00) Region 16 Avg (IOU: 0.229590, GIOU: 0.228714), Class: 0.548352, Obj: 0.420350, No Obj: 0.532243, .5R: 0.000000, .75R: 0.000000, count: 2, class_loss = 327.056976, iou_loss = 6.942657, total_loss = 333.999634 
v3 (mse loss, Normalizer: (iou: 0.75, cls: 1.00) Region 23 Avg (IOU: 0.392489, GIOU: 0.244091), Class: 0.528320, Obj: 0.531630, No Obj: 0.453481, .5R: 0.000000, .75R: 0.000000, count: 1, class_loss = 975.063904, iou_loss = 0.899597, total_loss = 975.963501 
 total_bbox = 38, rewritten_bbox = 2.631579 % 
 MJPEG-stream sent. 
Loaded: 0.000049 seconds

 (next mAP calculation at 1856 iterations) 
 2: 656.086304, 654.284424 avg loss, 0.000000 rate, 0.153799 seconds, 16 images, 3.180697 hours left
v3 (mse loss, Normalizer: (iou: 0.75, cls: 1.00) Region 16 Avg (IOU: 0.315431, GIOU: 0.304437), Class: 0.263156, Obj: 0.575421, No Obj: 0.532480, .5R: 0.333333, .75R: 0.000000, count: 3, class_loss = 327.841217, iou_loss = 3.200775, total_loss = 331.041992 
v3 (mse loss, Normalizer: (iou: 0.75, cls: 1.00) Region 23 Avg (IOU: 0.277990, GIOU: 0.174701), Class: 0.437747, Obj: 0.318280, No Obj: 0.453851, .5R: 0.000000, .75R: 0.000000, count: 3, class_loss = 975.090027, iou_loss = 6.295532, total_loss = 981.385559 
 total_bbox = 44, rewritten_bbox = 2.272727 % 
v3 (mse loss, Normalizer: (iou: 0.75, cls: 1.00) Region 16 Avg (IOU: 0.412451, GIOU: 0.330556), Class: 0.590657, Obj: 0.617475, No Obj: 0.530038, .5R: 0.333333, .75R: 0.000000, count: 3, class_loss = 325.360046, iou_loss = 2.314606, total_loss = 327.674652 
v3 (mse loss, Normalizer: (iou: 0.75, cls: 1.00) Region 23 Avg (IOU: 0.195311, GIOU: -0.015767), Class: 0.748545, Obj: 0.438971, No Obj: 0.454018, .5R: 0.000000, .75R: 0.000000, count: 3, class_loss = 984.516296, iou_loss = 9.192383, total_loss = 993.708679 
 total_bbox = 50, rewritten_bbox = 2.000000 % 
v3 (mse loss, Normalizer: (iou: 0.75, cls: 1.00) Region 16 Avg (IOU: 0.393947, GIOU: 0.330316), Class: 0.476629, Obj: 0.588702, No Obj: 0.530422, .5R: 0.166667, .75R: 0.000000, count: 6, class_loss = 335.932037, iou_loss = 4.436890, total_loss = 340.368927 
v3 (mse loss, Normalizer: (iou: 0.75, cls: 1.00) Region 23 Avg (IOU: 0.183426, GIOU: 0.142143), Class: 0.490913, Obj: 0.464667, No Obj: 0.453691, .5R: 0.000000, .75R: 0.000000, count: 3, class_loss = 977.769348, iou_loss = 7.662109, total_loss = 985.431458 
 total_bbox = 59, rewritten_bbox = 1.694915 % 
v3 (mse loss, Normalizer: (iou: 0.75, cls: 1.00) Region 16 Avg (IOU: 0.300430, GIOU: 0.146104), Class: 0.495743, Obj: 0.617602, No Obj: 0.530783, .5R: 0.000000, .75R: 0.000000, count: 2, class_loss = 323.106537, iou_loss = 2.121429, total_loss = 325.227966 
v3 (mse loss, Normalizer: (iou: 0.75, cls: 1.00) Region 23 Avg (IOU: 0.220334, GIOU: -0.096449), Class: 0.509529, Obj: 0.440760, No Obj: 0.453896, .5R: 0.000000, .75R: 0.000000, count: 3, class_loss = 980.729431, iou_loss = 7.357178, total_loss = 988.086609 
 total_bbox = 64, rewritten_bbox = 1.562500 % 
 MJPEG-stream sent. 
Loaded: 0.000051 seconds

 (next mAP calculation at 1856 iterations) 
 3: 659.115723, 654.767578 avg loss, 0.000000 rate, 0.156608 seconds, 24 images, 3.183080 hours left
v3 (mse loss, Normalizer: (iou: 0.75, cls: 1.00) Region 16 Avg (IOU: 0.745598, GIOU: 0.743965), Class: 0.428540, Obj: 0.441863, No Obj: 0.530277, .5R: 1.000000, .75R: 0.000000, count: 1, class_loss = 322.195587, iou_loss = 0.224030, total_loss = 322.419617 
v3 (mse loss, Normalizer: (iou: 0.75, cls: 1.00) Region 23 Avg (IOU: 0.012184, GIOU: 0.012185), Class: 0.263746, Obj: 0.640702, No Obj: 0.454334, .5R: 0.000000, .75R: 0.000000, count: 1, class_loss = 972.399048, iou_loss = 10.935242, total_loss = 983.334290 
 total_bbox = 66, rewritten_bbox = 1.515152 % 
v3 (mse loss, Normalizer: (iou: 0.75, cls: 1.00) Region 16 Avg (IOU: 0.203464, GIOU: 0.143906), Class: 0.532551, Obj: 0.543996, No Obj: 0.530345, .5R: 0.000000, .75R: 0.000000, count: 3, class_loss = 324.675079, iou_loss = 4.408051, total_loss = 329.083130 
v3 (mse loss, Normalizer: (iou: 0.75, cls: 1.00) Region 23 Avg (IOU: 0.261124, GIOU: 0.117469), Class: 0.602834, Obj: 0.382200, No Obj: 0.456497, .5R: 0.000000, .75R: 0.000000, count: 4, class_loss = 989.929626, iou_loss = 7.003967, total_loss = 996.933594 
 total_bbox = 73, rewritten_bbox = 1.369863 % 
v3 (mse loss, Normalizer: (iou: 0.75, cls: 1.00) Region 16 Avg (IOU: 0.676580, GIOU: 0.676580), Class: 0.578641, Obj: 0.502742, No Obj: 0.530077, .5R: 1.000000, .75R: 0.000000, count: 1, class_loss = 318.873047, iou_loss = 0.187683, total_loss = 319.060730 
v3 (mse loss, Normalizer: (iou: 0.75, cls: 1.00) Region 23 Avg (IOU: 0.100672, GIOU: -0.428622), Class: 0.571421, Obj: 0.239117, No Obj: 0.459545, .5R: 0.000000, .75R: 0.000000, count: 1, class_loss = 996.591125, iou_loss = 6.148865, total_loss = 1002.739990 
 total_bbox = 75, rewritten_bbox = 1.333333 % 
v3 (mse loss, Normalizer: (iou: 0.75, cls: 1.00) Region 16 Avg (IOU: 0.501383, GIOU: 0.413531), Class: 0.440469, Obj: 0.552356, No Obj: 0.531274, .5R: 0.600000, .75R: 0.000000, count: 5, class_loss = 332.871460, iou_loss = 2.562988, total_loss = 335.434448 
v3 (mse loss, Normalizer: (iou: 0.75, cls: 1.00) Region 23 Avg (IOU: 0.000000, GIOU: 0.000000), Class: 0.000000, Obj: 0.000000, No Obj: 0.453518, .5R: 0.000000, .75R: 0.000000, count: 1, class_loss = 967.272339, iou_loss = 0.000000, total_loss = 967.272339 
 total_bbox = 80, rewritten_bbox = 1.250000 % 
 MJPEG-stream sent. 
Loaded: 0.000053 seconds

 (next mAP calculation at 1856 iterations) 
 4: 657.034790, 654.994324 avg loss, 0.000000 rate, 0.155518 seconds, 32 images, 3.186064 hours left
v3 (mse loss, Normalizer: (iou: 0.75, cls: 1.00) Region 16 Avg (IOU: 0.288000, GIOU: 0.288000), Class: 0.678138, Obj: 0.667126, No Obj: 0.527975, .5R: 0.000000, .75R: 0.000000, count: 2, class_loss = 320.260376, iou_loss = 1.163757, total_loss = 321.424133 
v3 (mse loss, Normalizer: (iou: 0.75, cls: 1.00) Region 23 Avg (IOU: 0.000000, GIOU: 0.000000), Class: 0.000000, Obj: 0.000000, No Obj: 0.455380, .5R: 0.000000, .75R: 0.000000, count: 1, class_loss = 976.353394, iou_loss = 0.000000, total_loss = 976.353394 
 total_bbox = 82, rewritten_bbox = 1.219512 % 
v3 (mse loss, Normalizer: (iou: 0.75, cls: 1.00) Region 16 Avg (IOU: 0.447477, GIOU: 0.383285), Class: 0.449995, Obj: 0.623781, No Obj: 0.527415, .5R: 0.333333, .75R: 0.333333, count: 3, class_loss = 323.794952, iou_loss = 3.264465, total_loss = 327.059418 
v3 (mse loss, Normalizer: (iou: 0.75, cls: 1.00) Region 23 Avg (IOU: 0.527365, GIOU: 0.422570), Class: 0.452268, Obj: 0.408600, No Obj: 0.458839, .5R: 0.333333, .75R: 0.333333, count: 3, class_loss = 995.638428, iou_loss = 1.797424, total_loss = 997.435852 
 total_bbox = 88, rewritten_bbox = 1.136364 % 
v3 (mse loss, Normalizer: (iou: 0.75, cls: 1.00) Region 16 Avg (IOU: 0.271352, GIOU: 0.190519), Class: 0.531246, Obj: 0.694025, No Obj: 0.532889, .5R: 0.200000, .75R: 0.000000, count: 5, class_loss = 333.504852, iou_loss = 6.082794, total_loss = 339.587646 
v3 (mse loss, Normalizer: (iou: 0.75, cls: 1.00) Region 23 Avg (IOU: 0.496002, GIOU: 0.390853), Class: 0.394344, Obj: 0.432199, No Obj: 0.452819, .5R: 0.000000, .75R: 0.000000, count: 1, class_loss = 970.615662, iou_loss = 0.479736, total_loss = 971.095398 
 total_bbox = 94, rewritten_bbox = 1.063830 % 
v3 (mse loss, Normalizer: (iou: 0.75, cls: 1.00) Region 16 Avg (IOU: 0.434988, GIOU: 0.349029), Class: 0.573986, Obj: 0.563869, No Obj: 0.529849, .5R: 0.500000, .75R: 0.000000, count: 4, class_loss = 328.588257, iou_loss = 2.503906, total_loss = 331.092163 
v3 (mse loss, Normalizer: (iou: 0.75, cls: 1.00) Region 23 Avg (IOU: 0.356625, GIOU: 0.356625), Class: 0.649498, Obj: 0.329911, No Obj: 0.454905, .5R: 0.333333, .75R: 0.000000, count: 3, class_loss = 982.141846, iou_loss = 3.096741, total_loss = 985.238586 
 total_bbox = 101, rewritten_bbox = 0.990099 % 
 MJPEG-stream sent. 
Loaded: 0.000049 seconds

 (next mAP calculation at 1856 iterations) 
 5: 656.160889, 655.110962 avg loss, 0.000000 rate, 0.156478 seconds, 40 images, 3.188775 hours left
v3 (mse loss, Normalizer: (iou: 0.75, cls: 1.00) Region 16 Avg (IOU: 0.356438, GIOU: 0.153426), Class: 0.518154, Obj: 0.614020, No Obj: 0.529314, .5R: 0.333333, .75R: 0.000000, count: 3, class_loss = 324.232330, iou_loss = 3.285797, total_loss = 327.518127 
v3 (mse loss, Normalizer: (iou: 0.75, cls: 1.00) Region 23 Avg (IOU: 0.000000, GIOU: 0.000000), Class: 0.000000, Obj: 0.000000, No Obj: 0.453538, .5R: 0.000000, .75R: 0.000000, count: 1, class_loss = 967.041138, iou_loss = 0.000000, total_loss = 967.041138 
 total_bbox = 104, rewritten_bbox = 0.961538 % 
v3 (mse loss, Normalizer: (iou: 0.75, cls: 1.00) Region 16 Avg (IOU: 0.627959, GIOU: 0.610094), Class: 0.548841, Obj: 0.519528, No Obj: 0.530499, .5R: 1.000000, .75R: 0.000000, count: 3, class_loss = 326.543640, iou_loss = 0.610657, total_loss = 327.154297 
v3 (mse loss, Normalizer: (iou: 0.75, cls: 1.00) Region 23 Avg (IOU: 0.000000, GIOU: 0.000000), Class: 0.000000, Obj: 0.000000, No Obj: 0.457099, .5R: 0.000000, .75R: 0.000000, count: 1, class_loss = 981.754883, iou_loss = 0.000000, total_loss = 981.754883 
 total_bbox = 107, rewritten_bbox = 0.934579 % 
v3 (mse loss, Normalizer: (iou: 0.75, cls: 1.00) Region 16 Avg (IOU: 0.478858, GIOU: 0.457241), Class: 0.479735, Obj: 0.474382, No Obj: 0.530086, .5R: 0.750000, .75R: 0.000000, count: 4, class_loss = 328.145813, iou_loss = 2.047852, total_loss = 330.193665 
v3 (mse loss, Normalizer: (iou: 0.75, cls: 1.00) Region 23 Avg (IOU: 0.353742, GIOU: 0.126158), Class: 0.659607, Obj: 0.538710, No Obj: 0.453872, .5R: 0.000000, .75R: 0.000000, count: 1, class_loss = 973.097839, iou_loss = 0.959778, total_loss = 974.057617 
 total_bbox = 112, rewritten_bbox = 0.892857 % 
v3 (mse loss, Normalizer: (iou: 0.75, cls: 1.00) Region 16 Avg (IOU: 0.458183, GIOU: 0.369642), Class: 0.489350, Obj: 0.513988, No Obj: 0.530670, .5R: 0.333333, .75R: 0.166667, count: 6, class_loss = 334.673828, iou_loss = 5.627625, total_loss = 340.301453 
v3 (mse loss, Normalizer: (iou: 0.75, cls: 1.00) Region 23 Avg (IOU: 0.440887, GIOU: 0.382994), Class: 0.453254, Obj: 0.390662, No Obj: 0.454049, .5R: 0.250000, .75R: 0.000000, count: 4, class_loss = 981.871338, iou_loss = 3.316772, total_loss = 985.188110 
 total_bbox = 122, rewritten_bbox = 0.819672 % 
 MJPEG-stream sent. 
Loaded: 0.000051 seconds

 (next mAP calculation at 1856 iterations) 
 6: 654.151123, 655.014954 avg loss, 0.000000 rate, 0.156935 seconds, 48 images, 3.191672 hours left
v3 (mse loss, Normalizer: (iou: 0.75, cls: 1.00) Region 16 Avg (IOU: 0.886731, GIOU: 0.886731), Class: 0.474054, Obj: 0.531975, No Obj: 0.530939, .5R: 1.000000, .75R: 1.000000, count: 1, class_loss = 321.892700, iou_loss = 0.053040, total_loss = 321.945740 
v3 (mse loss, Normalizer: (iou: 0.75, cls: 1.00) Region 23 Avg (IOU: 0.322119, GIOU: 0.177642), Class: 0.192102, Obj: 0.723395, No Obj: 0.451621, .5R: 0.000000, .75R: 0.000000, count: 1, class_loss = 960.250122, iou_loss = 1.334351, total_loss = 961.584473 
 total_bbox = 124, rewritten_bbox = 0.806452 % 
v3 (mse loss, Normalizer: (iou: 0.75, cls: 1.00) Region 16 Avg (IOU: 0.023631, GIOU: 0.023631), Class: 0.418452, Obj: 0.714042, No Obj: 0.527138, .5R: 0.000000, .75R: 0.000000, count: 1, class_loss = 316.289978, iou_loss = 4.691742, total_loss = 320.981720 
v3 (mse loss, Normalizer: (iou: 0.75, cls: 1.00) Region 23 Avg (IOU: 0.125128, GIOU: 0.125128), Class: 0.505971, Obj: 0.260382, No Obj: 0.455298, .5R: 0.000000, .75R: 0.000000, count: 2, class_loss = 974.131531, iou_loss = 14.036316, total_loss = 988.167847 
 total_bbox = 127, rewritten_bbox = 0.787402 % 
v3 (mse loss, Normalizer: (iou: 0.75, cls: 1.00) Region 16 Avg (IOU: 0.436323, GIOU: 0.433288), Class: 0.461355, Obj: 0.598705, No Obj: 0.528089, .5R: 0.500000, .75R: 0.500000, count: 2, class_loss = 318.407623, iou_loss = 4.737640, total_loss = 323.145264 
v3 (mse loss, Normalizer: (iou: 0.75, cls: 1.00) Region 23 Avg (IOU: 0.000000, GIOU: 0.000000), Class: 0.000000, Obj: 0.000000, No Obj: 0.458152, .5R: 0.000000, .75R: 0.000000, count: 1, class_loss = 984.598083, iou_loss = 0.000000, total_loss = 984.598083 
 total_bbox = 129, rewritten_bbox = 0.775194 % 
v3 (mse loss, Normalizer: (iou: 0.75, cls: 1.00) Region 16 Avg (IOU: 0.454185, GIOU: 0.395376), Class: 0.626498, Obj: 0.531165, No Obj: 0.530142, .5R: 0.333333, .75R: 0.000000, count: 3, class_loss = 325.567596, iou_loss = 1.503510, total_loss = 327.071106 
v3 (mse loss, Normalizer: (iou: 0.75, cls: 1.00) Region 23 Avg (IOU: 0.000000, GIOU: 0.000000), Class: 0.000000, Obj: 0.000000, No Obj: 0.454638, .5R: 0.000000, .75R: 0.000000, count: 1, class_loss = 971.024109, iou_loss = 0.000000, total_loss = 971.024109 
 total_bbox = 132, rewritten_bbox = 0.757576 % 
 MJPEG-stream sent. 
Loaded: 0.000051 seconds

 (next mAP calculation at 1856 iterations) 
 7: 649.814819, 654.494934 avg loss, 0.000000 rate, 0.154643 seconds, 56 images, 3.194641 hours left
v3 (mse loss, Normalizer: (iou: 0.75, cls: 1.00) Region 16 Avg (IOU: 0.513900, GIOU: 0.493027), Class: 0.480584, Obj: 0.529907, No Obj: 0.530935, .5R: 0.500000, .75R: 0.000000, count: 2, class_loss = 324.397369, iou_loss = 1.164490, total_loss = 325.561859 
v3 (mse loss, Normalizer: (iou: 0.75, cls: 1.00) Region 23 Avg (IOU: 0.348927, GIOU: 0.212254), Class: 0.414253, Obj: 0.417869, No Obj: 0.454824, .5R: 0.000000, .75R: 0.000000, count: 1, class_loss = 974.037781, iou_loss = 1.396912, total_loss = 975.434692 
 total_bbox = 135, rewritten_bbox = 0.740741 % 
v3 (mse loss, Normalizer: (iou: 0.75, cls: 1.00) Region 16 Avg (IOU: 0.504069, GIOU: 0.482076), Class: 0.509236, Obj: 0.644211, No Obj: 0.529504, .5R: 0.666667, .75R: 0.333333, count: 3, class_loss = 323.288269, iou_loss = 2.104675, total_loss = 325.392944 
v3 (mse loss, Normalizer: (iou: 0.75, cls: 1.00) Region 23 Avg (IOU: 0.000000, GIOU: 0.000000), Class: 0.000000, Obj: 0.000000, No Obj: 0.454674, .5R: 0.000000, .75R: 0.000000, count: 1, class_loss = 968.507141, iou_loss = 0.000000, total_loss = 968.507141 
 total_bbox = 138, rewritten_bbox = 0.724638 % 
v3 (mse loss, Normalizer: (iou: 0.75, cls: 1.00) Region 16 Avg (IOU: 0.548622, GIOU: 0.532037), Class: 0.444214, Obj: 0.682301, No Obj: 0.530089, .5R: 1.000000, .75R: 0.000000, count: 2, class_loss = 323.019562, iou_loss = 0.703766, total_loss = 323.723328 
v3 (mse loss, Normalizer: (iou: 0.75, cls: 1.00) Region 23 Avg (IOU: 0.000000, GIOU: 0.000000), Class: 0.000000, Obj: 0.000000, No Obj: 0.455332, .5R: 0.000000, .75R: 0.000000, count: 1, class_loss = 972.422913, iou_loss = 0.000000, total_loss = 972.422913 
 total_bbox = 140, rewritten_bbox = 0.714286 % 
v3 (mse loss, Normalizer: (iou: 0.75, cls: 1.00) Region 16 Avg (IOU: 0.130018, GIOU: 0.130018), Class: 0.160280, Obj: 0.868533, No Obj: 0.529233, .5R: 0.000000, .75R: 0.000000, count: 1, class_loss = 320.271332, iou_loss = 1.691223, total_loss = 321.962555 
v3 (mse loss, Normalizer: (iou: 0.75, cls: 1.00) Region 23 Avg (IOU: 0.317264, GIOU: 0.198961), Class: 0.330058, Obj: 0.528436, No Obj: 0.456172, .5R: 0.000000, .75R: 0.000000, count: 2, class_loss = 987.233337, iou_loss = 0.819397, total_loss = 988.052734 
 total_bbox = 143, rewritten_bbox = 0.699301 % 
 MJPEG-stream sent. 
Loaded: 0.000052 seconds

 (next mAP calculation at 1856 iterations) 
 8: 650.132263, 654.058655 avg loss, 0.000000 rate, 0.156647 seconds, 64 images, 3.197070 hours left
v3 (mse loss, Normalizer: (iou: 0.75, cls: 1.00) Region 16 Avg (IOU: 0.511042, GIOU: 0.510443), Class: 0.490509, Obj: 0.567584, No Obj: 0.530192, .5R: 0.500000, .75R: 0.250000, count: 4, class_loss = 327.764282, iou_loss = 4.207825, total_loss = 331.972107 
v3 (mse loss, Normalizer: (iou: 0.75, cls: 1.00) Region 23 Avg (IOU: 0.000000, GIOU: 0.000000), Class: 0.000000, Obj: 0.000000, No Obj: 0.456757, .5R: 0.000000, .75R: 0.000000, count: 1, class_loss = 980.409851, iou_loss = 0.000000, total_loss = 980.409851 
 total_bbox = 147, rewritten_bbox = 0.680272 % 
v3 (mse loss, Normalizer: (iou: 0.75, cls: 1.00) Region 16 Avg (IOU: 0.511846, GIOU: 0.452896), Class: 0.489966, Obj: 0.732128, No Obj: 0.530968, .5R: 0.666667, .75R: 0.000000, count: 3, class_loss = 326.148560, iou_loss = 1.239563, total_loss = 327.388123 
v3 (mse loss, Normalizer: (iou: 0.75, cls: 1.00) Region 23 Avg (IOU: 0.349897, GIOU: 0.277182), Class: 0.413728, Obj: 0.480371, No Obj: 0.456352, .5R: 0.250000, .75R: 0.000000, count: 4, class_loss = 991.990601, iou_loss = 8.293640, total_loss = 1000.284241 
 total_bbox = 154, rewritten_bbox = 0.649351 % 
v3 (mse loss, Normalizer: (iou: 0.75, cls: 1.00) Region 16 Avg (IOU: 0.352014, GIOU: 0.134866), Class: 0.602242, Obj: 0.590397, No Obj: 0.529875, .5R: 0.500000, .75R: 0.000000, count: 2, class_loss = 324.297974, iou_loss = 3.883392, total_loss = 328.181366 
v3 (mse loss, Normalizer: (iou: 0.75, cls: 1.00) Region 23 Avg (IOU: 0.000000, GIOU: 0.000000), Class: 0.000000, Obj: 0.000000, No Obj: 0.455378, .5R: 0.000000, .75R: 0.000000, count: 1, class_loss = 980.038757, iou_loss = 0.000000, total_loss = 980.038757 
 total_bbox = 156, rewritten_bbox = 0.641026 % 
v3 (mse loss, Normalizer: (iou: 0.75, cls: 1.00) Region 16 Avg (IOU: 0.358676, GIOU: 0.152253), Class: 0.661405, Obj: 0.622305, No Obj: 0.528555, .5R: 0.333333, .75R: 0.000000, count: 3, class_loss = 323.843536, iou_loss = 6.621063, total_loss = 330.464600 
v3 (mse loss, Normalizer: (iou: 0.75, cls: 1.00) Region 23 Avg (IOU: 0.389134, GIOU: 0.377060), Class: 0.572748, Obj: 0.353872, No Obj: 0.455382, .5R: 0.500000, .75R: 0.000000, count: 2, class_loss = 979.439636, iou_loss = 1.780334, total_loss = 981.219971 
 total_bbox = 161, rewritten_bbox = 0.621118 % 
 MJPEG-stream sent. 
Loaded: 0.000048 seconds

 (next mAP calculation at 1856 iterations) 
 9: 657.494873, 654.402283 avg loss, 0.000000 rate, 0.155705 seconds, 72 images, 3.199920 hours left
v3 (mse loss, Normalizer: (iou: 0.75, cls: 1.00) Region 16 Avg (IOU: 0.433221, GIOU: 0.326928), Class: 0.420808, Obj: 0.690074, No Obj: 0.530013, .5R: 0.000000, .75R: 0.000000, count: 3, class_loss = 325.374939, iou_loss = 1.891571, total_loss = 327.266510 
v3 (mse loss, Normalizer: (iou: 0.75, cls: 1.00) Region 23 Avg (IOU: 0.329292, GIOU: 0.319274), Class: 0.550166, Obj: 0.537283, No Obj: 0.453935, .5R: 0.000000, .75R: 0.000000, count: 3, class_loss = 979.660278, iou_loss = 3.358215, total_loss = 983.018494 
 total_bbox = 167, rewritten_bbox = 0.598802 % 
v3 (mse loss, Normalizer: (iou: 0.75, cls: 1.00) Region 16 Avg (IOU: 0.338858, GIOU: 0.232433), Class: 0.335739, Obj: 0.656247, No Obj: 0.531735, .5R: 0.000000, .75R: 0.000000, count: 4, class_loss = 330.080719, iou_loss = 4.381744, total_loss = 334.462463 
v3 (mse loss, Normalizer: (iou: 0.75, cls: 1.00) Region 23 Avg (IOU: 0.262188, GIOU: 0.232485), Class: 0.640982, Obj: 0.648468, No Obj: 0.453074, .5R: 0.000000, .75R: 0.000000, count: 4, class_loss = 982.006409, iou_loss = 6.286072, total_loss = 988.292480 
 total_bbox = 175, rewritten_bbox = 0.571429 % 
v3 (mse loss, Normalizer: (iou: 0.75, cls: 1.00) Region 16 Avg (IOU: 0.486989, GIOU: 0.481019), Class: 0.393082, Obj: 0.553131, No Obj: 0.528188, .5R: 0.666667, .75R: 0.000000, count: 3, class_loss = 323.492493, iou_loss = 0.807953, total_loss = 324.300446 
v3 (mse loss, Normalizer: (iou: 0.75, cls: 1.00) Region 23 Avg (IOU: 0.000000, GIOU: 0.000000), Class: 0.000000, Obj: 0.000000, No Obj: 0.454467, .5R: 0.000000, .75R: 0.000000, count: 1, class_loss = 964.851746, iou_loss = 0.000000, total_loss = 964.851746 
 total_bbox = 178, rewritten_bbox = 0.561798 % 
v3 (mse loss, Normalizer: (iou: 0.75, cls: 1.00) Region 16 Avg (IOU: 0.401174, GIOU: 0.283096), Class: 0.636633, Obj: 0.595287, No Obj: 0.530097, .5R: 0.333333, .75R: 0.000000, count: 3, class_loss = 325.540344, iou_loss = 2.460022, total_loss = 328.000366 
v3 (mse loss, Normalizer: (iou: 0.75, cls: 1.00) Region 23 Avg (IOU: 0.289306, GIOU: 0.075999), Class: 0.865727, Obj: 0.822665, No Obj: 0.452540, .5R: 0.000000, .75R: 0.000000, count: 1, class_loss = 965.114685, iou_loss = 1.717285, total_loss = 966.831970 
 total_bbox = 182, rewritten_bbox = 0.549451 % 
 MJPEG-stream sent. 
Loaded: 0.000050 seconds

 (next mAP calculation at 1856 iterations) 
 10: 652.128052, 654.174866 avg loss, 0.000000 rate, 0.154861 seconds, 80 images, 3.202531 hours left
v3 (mse loss, Normalizer: (iou: 0.75, cls: 1.00) Region 16 Avg (IOU: 0.000000, GIOU: 0.000000), Class: 0.000000, Obj: 0.000000, No Obj: 0.530471, .5R: 0.000000, .75R: 0.000000, count: 1, class_loss = 107.053101, iou_loss = 0.000000, total_loss = 107.053101 
v3 (mse loss, Normalizer: (iou: 0.75, cls: 1.00) Region 23 Avg (IOU: 0.344482, GIOU: 0.307846), Class: 0.567112, Obj: 0.449940, No Obj: 0.453462, .5R: 0.428571, .75R: 0.000000, count: 7, class_loss = 342.054565, iou_loss = 11.460846, total_loss = 353.515411 
 total_bbox = 189, rewritten_bbox = 0.529101 % 
v3 (mse loss, Normalizer: (iou: 0.75, cls: 1.00) Region 16 Avg (IOU: 0.356267, GIOU: 0.356267), Class: 0.501798, Obj: 0.372174, No Obj: 0.530150, .5R: 0.000000, .75R: 0.000000, count: 1, class_loss = 109.578766, iou_loss = 0.668686, total_loss = 110.247452 
v3 (mse loss, Normalizer: (iou: 0.75, cls: 1.00) Region 23 Avg (IOU: 0.072244, GIOU: -0.638300), Class: 0.381624, Obj: 0.521229, No Obj: 0.455004, .5R: 0.000000, .75R: 0.000000, count: 4, class_loss = 338.512756, iou_loss = 36.205780, total_loss = 374.718536 
 total_bbox = 194, rewritten_bbox = 0.515464 % 
v3 (mse loss, Normalizer: (iou: 0.75, cls: 1.00) Region 16 Avg (IOU: 0.433038, GIOU: 0.241241), Class: 0.503948, Obj: 0.451484, No Obj: 0.531682, .5R: 0.333333, .75R: 0.000000, count: 3, class_loss = 115.611801, iou_loss = 3.203003, total_loss = 118.814804 
v3 (mse loss, Normalizer: (iou: 0.75, cls: 1.00) Region 23 Avg (IOU: 0.792841, GIOU: 0.779554), Class: 0.574519, Obj: 0.458544, No Obj: 0.451943, .5R: 1.000000, .75R: 1.000000, count: 1, class_loss = 325.650452, iou_loss = 0.130402, total_loss = 325.780853 
 total_bbox = 198, rewritten_bbox = 0.505050 % 
v3 (mse loss, Normalizer: (iou: 0.75, cls: 1.00) Region 16 Avg (IOU: 0.708232, GIOU: 0.708232), Class: 0.531921, Obj: 0.566187, No Obj: 0.531722, .5R: 1.000000, .75R: 0.000000, count: 1, class_loss = 110.159935, iou_loss = 0.153290, total_loss = 110.313225 
v3 (mse loss, Normalizer: (iou: 0.75, cls: 1.00) Region 23 Avg (IOU: 0.260774, GIOU: 0.184975), Class: 0.636211, Obj: 0.320834, No Obj: 0.452494, .5R: 0.166667, .75R: 0.000000, count: 6, class_loss = 343.319885, iou_loss = 13.931305, total_loss = 357.251190 
 total_bbox = 205, rewritten_bbox = 0.487805 % 
 MJPEG-stream sent. 
Resizing, random_coef = 1.40 

 352 x 352 
 try to allocate additional workspace_size = 52.43 MB 
 CUDA allocate done! 
Loaded: 0.000049 seconds

 (next mAP calculation at 1856 iterations) 
 11: 232.211823, 611.978577 avg loss, 0.000000 rate, 0.060449 seconds, 88 images, 3.204928 hours left
v3 (mse loss, Normalizer: (iou: 0.75, cls: 1.00) Region 16 Avg (IOU: 0.492911, GIOU: 0.378396), Class: 0.610482, Obj: 0.221436, No Obj: 0.533965, .5R: 0.000000, .75R: 0.000000, count: 1, class_loss = 111.525238, iou_loss = 0.371727, total_loss = 111.896965 
v3 (mse loss, Normalizer: (iou: 0.75, cls: 1.00) Region 23 Avg (IOU: 0.288879, GIOU: 0.245661), Class: 0.594303, Obj: 0.222612, No Obj: 0.451515, .5R: 0.000000, .75R: 0.000000, count: 2, class_loss = 327.088470, iou_loss = 1.417511, total_loss = 328.505981 
 total_bbox = 208, rewritten_bbox = 0.480769 % 
v3 (mse loss, Normalizer: (iou: 0.75, cls: 1.00) Region 16 Avg (IOU: 0.192285, GIOU: 0.135343), Class: 0.558271, Obj: 0.612056, No Obj: 0.532627, .5R: 0.000000, .75R: 0.000000, count: 4, class_loss = 117.967873, iou_loss = 8.109123, total_loss = 126.076996 
v3 (mse loss, Normalizer: (iou: 0.75, cls: 1.00) Region 23 Avg (IOU: 0.403189, GIOU: 0.328583), Class: 0.571365, Obj: 0.525723, No Obj: 0.452599, .5R: 0.000000, .75R: 0.000000, count: 2, class_loss = 326.061218, iou_loss = 2.219696, total_loss = 328.280914 
 total_bbox = 214, rewritten_bbox = 0.467290 % 
v3 (mse loss, Normalizer: (iou: 0.75, cls: 1.00) Region 16 Avg (IOU: 0.457640, GIOU: 0.391016), Class: 0.403136, Obj: 0.526739, No Obj: 0.532197, .5R: 0.250000, .75R: 0.000000, count: 4, class_loss = 118.028038, iou_loss = 2.021233, total_loss = 120.049271 
v3 (mse loss, Normalizer: (iou: 0.75, cls: 1.00) Region 23 Avg (IOU: 0.476178, GIOU: 0.476178), Class: 0.739168, Obj: 0.313833, No Obj: 0.453355, .5R: 0.500000, .75R: 0.000000, count: 2, class_loss = 330.832275, iou_loss = 1.182770, total_loss = 332.015045 
 total_bbox = 220, rewritten_bbox = 0.454545 % 
v3 (mse loss, Normalizer: (iou: 0.75, cls: 1.00) Region 16 Avg (IOU: 0.454773, GIOU: 0.443999), Class: 0.370588, Obj: 0.311231, No Obj: 0.533399, .5R: 0.500000, .75R: 0.000000, count: 2, class_loss = 113.370529, iou_loss = 1.109016, total_loss = 114.479546 
v3 (mse loss, Normalizer: (iou: 0.75, cls: 1.00) Region 23 Avg (IOU: 0.383612, GIOU: 0.202137), Class: 0.324613, Obj: 0.252123, No Obj: 0.454064, .5R: 0.000000, .75R: 0.000000, count: 1, class_loss = 329.246857, iou_loss = 0.816681, total_loss = 330.063538 
 total_bbox = 223, rewritten_bbox = 0.448430 % 
 MJPEG-stream sent. 
Loaded: 0.000050 seconds

 (next mAP calculation at 1856 iterations) 
 12: 223.921036, 573.172852 avg loss, 0.000000 rate, 0.065445 seconds, 96 images, 3.186324 hours left
v3 (mse loss, Normalizer: (iou: 0.75, cls: 1.00) Region 16 Avg (IOU: 0.348399, GIOU: 0.124640), Class: 0.399080, Obj: 0.651011, No Obj: 0.531466, .5R: 0.000000, .75R: 0.000000, count: 1, class_loss = 110.458282, iou_loss = 0.891136, total_loss = 111.349419 
v3 (mse loss, Normalizer: (iou: 0.75, cls: 1.00) Region 23 Avg (IOU: 0.317409, GIOU: 0.145742), Class: 0.502450, Obj: 0.323598, No Obj: 0.454166, .5R: 0.000000, .75R: 0.000000, count: 5, class_loss = 341.337402, iou_loss = 8.722382, total_loss = 350.059784 
 total_bbox = 229, rewritten_bbox = 0.436681 % 
v3 (mse loss, Normalizer: (iou: 0.75, cls: 1.00) Region 16 Avg (IOU: 0.307079, GIOU: 0.262527), Class: 0.369982, Obj: 0.858633, No Obj: 0.532612, .5R: 0.000000, .75R: 0.000000, count: 1, class_loss = 110.620468, iou_loss = 0.860092, total_loss = 111.480560 
v3 (mse loss, Normalizer: (iou: 0.75, cls: 1.00) Region 23 Avg (IOU: 0.265167, GIOU: 0.043985), Class: 0.569643, Obj: 0.388809, No Obj: 0.453428, .5R: 0.200000, .75R: 0.000000, count: 5, class_loss = 337.992798, iou_loss = 25.351410, total_loss = 363.344208 
 total_bbox = 235, rewritten_bbox = 0.425532 % 
v3 (mse loss, Normalizer: (iou: 0.75, cls: 1.00) Region 16 Avg (IOU: 0.000000, GIOU: 0.000000), Class: 0.000000, Obj: 0.000000, No Obj: 0.532328, .5R: 0.000000, .75R: 0.000000, count: 1, class_loss = 107.610329, iou_loss = 0.000000, total_loss = 107.610329 
v3 (mse loss, Normalizer: (iou: 0.75, cls: 1.00) Region 23 Avg (IOU: 0.210582, GIOU: 0.069563), Class: 0.402188, Obj: 0.412740, No Obj: 0.453070, .5R: 0.000000, .75R: 0.000000, count: 3, class_loss = 334.220734, iou_loss = 6.511932, total_loss = 340.732666 
 total_bbox = 238, rewritten_bbox = 0.420168 % 
v3 (mse loss, Normalizer: (iou: 0.75, cls: 1.00) Region 16 Avg (IOU: 0.286093, GIOU: 0.146335), Class: 0.383188, Obj: 0.570853, No Obj: 0.528776, .5R: 0.000000, .75R: 0.000000, count: 2, class_loss = 111.540092, iou_loss = 2.294342, total_loss = 113.834435 
v3 (mse loss, Normalizer: (iou: 0.75, cls: 1.00) Region 23 Avg (IOU: 0.230838, GIOU: 0.154205), Class: 0.500349, Obj: 0.405293, No Obj: 0.454254, .5R: 0.000000, .75R: 0.000000, count: 2, class_loss = 331.863678, iou_loss = 4.172607, total_loss = 336.036285 
 total_bbox = 242, rewritten_bbox = 0.413223 % 
 MJPEG-stream sent. 
Loaded: 0.000048 seconds

 (next mAP calculation at 1856 iterations) 
 13: 229.305969, 538.786133 avg loss, 0.000000 rate, 0.066728 seconds, 104 images, 3.169015 hours left
v3 (mse loss, Normalizer: (iou: 0.75, cls: 1.00) Region 16 Avg (IOU: 0.000000, GIOU: 0.000000), Class: 0.000000, Obj: 0.000000, No Obj: 0.529811, .5R: 0.000000, .75R: 0.000000, count: 1, class_loss = 106.522911, iou_loss = 0.000000, total_loss = 106.522911 
v3 (mse loss, Normalizer: (iou: 0.75, cls: 1.00) Region 23 Avg (IOU: 0.334111, GIOU: 0.273166), Class: 0.560413, Obj: 0.382282, No Obj: 0.452226, .5R: 0.000000, .75R: 0.000000, count: 7, class_loss = 342.653503, iou_loss = 9.766479, total_loss = 352.419983 
 total_bbox = 249, rewritten_bbox = 0.401606 % 
v3 (mse loss, Normalizer: (iou: 0.75, cls: 1.00) Region 16 Avg (IOU: 0.250537, GIOU: 0.023930), Class: 0.501544, Obj: 0.699857, No Obj: 0.532967, .5R: 0.000000, .75R: 0.000000, count: 1, class_loss = 110.421814, iou_loss = 1.942245, total_loss = 112.364059 
v3 (mse loss, Normalizer: (iou: 0.75, cls: 1.00) Region 23 Avg (IOU: 0.057565, GIOU: 0.057565), Class: 0.698301, Obj: 0.486224, No Obj: 0.452185, .5R: 0.000000, .75R: 0.000000, count: 1, class_loss = 325.608795, iou_loss = 4.203491, total_loss = 329.812286 
 total_bbox = 251, rewritten_bbox = 0.398406 % 
v3 (mse loss, Normalizer: (iou: 0.75, cls: 1.00) Region 16 Avg (IOU: 0.506290, GIOU: 0.491247), Class: 0.570069, Obj: 0.583234, No Obj: 0.532925, .5R: 0.500000, .75R: 0.000000, count: 4, class_loss = 117.766624, iou_loss = 3.015144, total_loss = 120.781769 
v3 (mse loss, Normalizer: (iou: 0.75, cls: 1.00) Region 23 Avg (IOU: 0.119107, GIOU: -0.171368), Class: 0.545672, Obj: 0.494090, No Obj: 0.452734, .5R: 0.000000, .75R: 0.000000, count: 2, class_loss = 328.576660, iou_loss = 9.789856, total_loss = 338.366516 
 total_bbox = 257, rewritten_bbox = 0.389105 % 
v3 (mse loss, Normalizer: (iou: 0.75, cls: 1.00) Region 16 Avg (IOU: 0.383901, GIOU: 0.383902), Class: 0.365610, Obj: 0.564454, No Obj: 0.530795, .5R: 0.000000, .75R: 0.000000, count: 1, class_loss = 109.541527, iou_loss = 0.375023, total_loss = 109.916550 
v3 (mse loss, Normalizer: (iou: 0.75, cls: 1.00) Region 23 Avg (IOU: 0.450038, GIOU: 0.301086), Class: 0.516206, Obj: 0.382731, No Obj: 0.452784, .5R: 0.500000, .75R: 0.000000, count: 4, class_loss = 333.122009, iou_loss = 6.241669, total_loss = 339.363678 
 total_bbox = 262, rewritten_bbox = 0.381679 % 
 MJPEG-stream sent. 
Loaded: 0.000058 seconds

 (next mAP calculation at 1856 iterations) 
 14: 226.193481, 507.526855 avg loss, 0.000000 rate, 0.066353 seconds, 112 images, 3.152165 hours left
v3 (mse loss, Normalizer: (iou: 0.75, cls: 1.00) Region 16 Avg (IOU: 0.704031, GIOU: 0.673525), Class: 0.445400, Obj: 0.747352, No Obj: 0.531769, .5R: 1.000000, .75R: 0.500000, count: 2, class_loss = 112.190552, iou_loss = 0.077980, total_loss = 112.268532 
v3 (mse loss, Normalizer: (iou: 0.75, cls: 1.00) Region 23 Avg (IOU: 0.329213, GIOU: 0.299394), Class: 0.517794, Obj: 0.455107, No Obj: 0.452128, .5R: 0.200000, .75R: 0.200000, count: 5, class_loss = 335.509247, iou_loss = 9.559448, total_loss = 345.068695 
 total_bbox = 269, rewritten_bbox = 0.371747 % 
v3 (mse loss, Normalizer: (iou: 0.75, cls: 1.00) Region 16 Avg (IOU: 0.000000, GIOU: 0.000000), Class: 0.000000, Obj: 0.000000, No Obj: 0.529415, .5R: 0.000000, .75R: 0.000000, count: 1, class_loss = 106.170074, iou_loss = 0.000000, total_loss = 106.170074 
v3 (mse loss, Normalizer: (iou: 0.75, cls: 1.00) Region 23 Avg (IOU: 0.327504, GIOU: 0.295100), Class: 0.326482, Obj: 0.414711, No Obj: 0.453647, .5R: 0.000000, .75R: 0.000000, count: 8, class_loss = 350.313324, iou_loss = 8.298523, total_loss = 358.611847 
 total_bbox = 277, rewritten_bbox = 0.361011 % 
v3 (mse loss, Normalizer: (iou: 0.75, cls: 1.00) Region 16 Avg (IOU: 0.398163, GIOU: 0.344789), Class: 0.635581, Obj: 0.541987, No Obj: 0.529770, .5R: 0.400000, .75R: 0.000000, count: 5, class_loss = 118.772507, iou_loss = 4.419930, total_loss = 123.192436 
v3 (mse loss, Normalizer: (iou: 0.75, cls: 1.00) Region 23 Avg (IOU: 0.443882, GIOU: 0.396984), Class: 0.327312, Obj: 0.520145, No Obj: 0.455900, .5R: 0.000000, .75R: 0.000000, count: 2, class_loss = 332.362823, iou_loss = 1.500763, total_loss = 333.863586 
 total_bbox = 284, rewritten_bbox = 0.352113 % 
v3 (mse loss, Normalizer: (iou: 0.75, cls: 1.00) Region 16 Avg (IOU: 0.322335, GIOU: 0.322336), Class: 0.459128, Obj: 0.432154, No Obj: 0.530811, .5R: 0.000000, .75R: 0.000000, count: 1, class_loss = 110.274811, iou_loss = 0.563934, total_loss = 110.838745 
v3 (mse loss, Normalizer: (iou: 0.75, cls: 1.00) Region 23 Avg (IOU: 0.304983, GIOU: 0.203368), Class: 0.569907, Obj: 0.371764, No Obj: 0.453928, .5R: 0.166667, .75R: 0.000000, count: 6, class_loss = 340.899597, iou_loss = 9.226227, total_loss = 350.125824 
 total_bbox = 291, rewritten_bbox = 0.343643 % 
 MJPEG-stream sent. 
Loaded: 0.000056 seconds

 (next mAP calculation at 1856 iterations) 
 15: 230.017471, 479.775909 avg loss, 0.000000 rate, 0.066985 seconds, 120 images, 3.135401 hours left
v3 (mse loss, Normalizer: (iou: 0.75, cls: 1.00) Region 16 Avg (IOU: 0.321255, GIOU: 0.260588), Class: 0.388384, Obj: 0.573833, No Obj: 0.530068, .5R: 0.000000, .75R: 0.000000, count: 3, class_loss = 114.536644, iou_loss = 2.658875, total_loss = 117.195518 
v3 (mse loss, Normalizer: (iou: 0.75, cls: 1.00) Region 23 Avg (IOU: 0.457415, GIOU: 0.430392), Class: 0.503641, Obj: 0.342676, No Obj: 0.455089, .5R: 0.500000, .75R: 0.000000, count: 2, class_loss = 332.069275, iou_loss = 2.890869, total_loss = 334.960144 
 total_bbox = 296, rewritten_bbox = 0.337838 % 
v3 (mse loss, Normalizer: (iou: 0.75, cls: 1.00) Region 16 Avg (IOU: 0.414646, GIOU: 0.270111), Class: 0.394562, Obj: 0.493040, No Obj: 0.532848, .5R: 0.000000, .75R: 0.000000, count: 2, class_loss = 113.862526, iou_loss = 1.503143, total_loss = 115.365669 
v3 (mse loss, Normalizer: (iou: 0.75, cls: 1.00) Region 23 Avg (IOU: 0.583972, GIOU: 0.515287), Class: 0.182853, Obj: 0.409254, No Obj: 0.452997, .5R: 1.000000, .75R: 0.000000, count: 1, class_loss = 326.412933, iou_loss = 0.372223, total_loss = 326.785156 
 total_bbox = 299, rewritten_bbox = 0.334448 % 
v3 (mse loss, Normalizer: (iou: 0.75, cls: 1.00) Region 16 Avg (IOU: 0.298392, GIOU: 0.298392), Class: 0.342616, Obj: 0.690745, No Obj: 0.530998, .5R: 0.000000, .75R: 0.000000, count: 1, class_loss = 109.752403, iou_loss = 1.078262, total_loss = 110.830666 
v3 (mse loss, Normalizer: (iou: 0.75, cls: 1.00) Region 23 Avg (IOU: 0.285698, GIOU: 0.157523), Class: 0.521128, Obj: 0.385363, No Obj: 0.453122, .5R: 0.176471, .75R: 0.058824, count: 17, class_loss = 368.444641, iou_loss = 71.757416, total_loss = 440.202057 
 total_bbox = 317, rewritten_bbox = 0.946372 % 
v3 (mse loss, Normalizer: (iou: 0.75, cls: 1.00) Region 16 Avg (IOU: 0.303642, GIOU: 0.303642), Class: 0.432689, Obj: 0.691261, No Obj: 0.531956, .5R: 0.000000, .75R: 0.000000, count: 1, class_loss = 109.850815, iou_loss = 0.507782, total_loss = 110.358597 
v3 (mse loss, Normalizer: (iou: 0.75, cls: 1.00) Region 23 Avg (IOU: 0.343143, GIOU: 0.343143), Class: 0.427450, Obj: 0.263647, No Obj: 0.454282, .5R: 0.000000, .75R: 0.000000, count: 1, class_loss = 328.030090, iou_loss = 0.661743, total_loss = 328.691833 
 total_bbox = 319, rewritten_bbox = 0.940439 % 
 MJPEG-stream sent. 
Loaded: 0.000048 seconds

 (next mAP calculation at 1856 iterations) 
 16: 235.548706, 455.353180 avg loss, 0.000000 rate, 0.067581 seconds, 128 images, 3.118945 hours left
v3 (mse loss, Normalizer: (iou: 0.75, cls: 1.00) Region 16 Avg (IOU: 0.315577, GIOU: 0.159125), Class: 0.570100, Obj: 0.460040, No Obj: 0.532014, .5R: 0.000000, .75R: 0.000000, count: 3, class_loss = 114.647522, iou_loss = 3.337624, total_loss = 117.985146 
v3 (mse loss, Normalizer: (iou: 0.75, cls: 1.00) Region 23 Avg (IOU: 0.175422, GIOU: 0.130622), Class: 0.534292, Obj: 0.440779, No Obj: 0.454616, .5R: 0.000000, .75R: 0.000000, count: 4, class_loss = 337.961731, iou_loss = 10.920013, total_loss = 348.881744 
 total_bbox = 326, rewritten_bbox = 0.920245 % 
v3 (mse loss, Normalizer: (iou: 0.75, cls: 1.00) Region 16 Avg (IOU: 0.597465, GIOU: 0.546214), Class: 0.292112, Obj: 0.572575, No Obj: 0.533184, .5R: 1.000000, .75R: 0.000000, count: 2, class_loss = 114.052261, iou_loss = 0.332993, total_loss = 114.385254 
v3 (mse loss, Normalizer: (iou: 0.75, cls: 1.00) Region 23 Avg (IOU: 0.188272, GIOU: 0.188272), Class: 0.459025, Obj: 0.385706, No Obj: 0.453677, .5R: 0.000000, .75R: 0.000000, count: 1, class_loss = 327.122040, iou_loss = 1.538940, total_loss = 328.660980 
 total_bbox = 329, rewritten_bbox = 0.911854 % 
v3 (mse loss, Normalizer: (iou: 0.75, cls: 1.00) Region 16 Avg (IOU: 0.168412, GIOU: -0.251602), Class: 0.249819, Obj: 0.729876, No Obj: 0.533274, .5R: 0.000000, .75R: 0.000000, count: 1, class_loss = 110.334984, iou_loss = 2.447006, total_loss = 112.781990 
v3 (mse loss, Normalizer: (iou: 0.75, cls: 1.00) Region 23 Avg (IOU: 0.336911, GIOU: 0.333270), Class: 0.524508, Obj: 0.477574, No Obj: 0.454336, .5R: 0.000000, .75R: 0.000000, count: 3, class_loss = 334.177765, iou_loss = 3.775421, total_loss = 337.953186 
 total_bbox = 333, rewritten_bbox = 0.900901 % 
v3 (mse loss, Normalizer: (iou: 0.75, cls: 1.00) Region 16 Avg (IOU: 0.486167, GIOU: 0.427924), Class: 0.572390, Obj: 0.447437, No Obj: 0.532913, .5R: 0.333333, .75R: 0.000000, count: 3, class_loss = 115.524567, iou_loss = 1.136810, total_loss = 116.661377 
v3 (mse loss, Normalizer: (iou: 0.75, cls: 1.00) Region 23 Avg (IOU: 0.449790, GIOU: 0.353514), Class: 0.373298, Obj: 0.363576, No Obj: 0.454869, .5R: 0.666667, .75R: 0.000000, count: 3, class_loss = 332.900543, iou_loss = 1.809265, total_loss = 334.709808 
 total_bbox = 339, rewritten_bbox = 0.884956 % 
 MJPEG-stream sent. 
Loaded: 0.000048 seconds

 (next mAP calculation at 1856 iterations) 
 17: 226.502426, 432.468109 avg loss, 0.000000 rate, 0.061875 seconds, 136 images, 3.102783 hours left
v3 (mse loss, Normalizer: (iou: 0.75, cls: 1.00) Region 16 Avg (IOU: 0.559462, GIOU: 0.514845), Class: 0.584139, Obj: 0.580740, No Obj: 0.532240, .5R: 1.000000, .75R: 0.000000, count: 1, class_loss = 109.951477, iou_loss = 0.399284, total_loss = 110.350761 
v3 (mse loss, Normalizer: (iou: 0.75, cls: 1.00) Region 23 Avg (IOU: 0.269618, GIOU: 0.093373), Class: 0.494067, Obj: 0.409320, No Obj: 0.451763, .5R: 0.000000, .75R: 0.000000, count: 12, class_loss = 357.359283, iou_loss = 27.335999, total_loss = 384.695282 
 total_bbox = 352, rewritten_bbox = 0.852273 % 
v3 (mse loss, Normalizer: (iou: 0.75, cls: 1.00) Region 16 Avg (IOU: 0.305681, GIOU: 0.305681), Class: 0.543658, Obj: 0.445252, No Obj: 0.533507, .5R: 0.333333, .75R: 0.000000, count: 3, class_loss = 116.902084, iou_loss = 3.796059, total_loss = 120.698143 
v3 (mse loss, Normalizer: (iou: 0.75, cls: 1.00) Region 23 Avg (IOU: 0.343703, GIOU: 0.285941), Class: 0.563290, Obj: 0.452299, No Obj: 0.452065, .5R: 0.166667, .75R: 0.000000, count: 6, class_loss = 338.753967, iou_loss = 11.753693, total_loss = 350.507660 
 total_bbox = 361, rewritten_bbox = 0.831025 % 
v3 (mse loss, Normalizer: (iou: 0.75, cls: 1.00) Region 16 Avg (IOU: 0.304923, GIOU: 0.197526), Class: 0.310018, Obj: 0.570091, No Obj: 0.531401, .5R: 0.000000, .75R: 0.000000, count: 4, class_loss = 118.684586, iou_loss = 7.131470, total_loss = 125.816055 
v3 (mse loss, Normalizer: (iou: 0.75, cls: 1.00) Region 23 Avg (IOU: 0.346505, GIOU: 0.256952), Class: 0.550289, Obj: 0.601387, No Obj: 0.452030, .5R: 0.333333, .75R: 0.000000, count: 3, class_loss = 332.069061, iou_loss = 3.534149, total_loss = 335.603210 
 total_bbox = 368, rewritten_bbox = 0.815217 % 
v3 (mse loss, Normalizer: (iou: 0.75, cls: 1.00) Region 16 Avg (IOU: 0.608717, GIOU: 0.553446), Class: 0.465234, Obj: 0.616699, No Obj: 0.531129, .5R: 1.000000, .75R: 0.000000, count: 2, class_loss = 111.868248, iou_loss = 0.472977, total_loss = 112.341225 
v3 (mse loss, Normalizer: (iou: 0.75, cls: 1.00) Region 23 Avg (IOU: 0.000000, GIOU: 0.000000), Class: 0.000000, Obj: 0.000000, No Obj: 0.455567, .5R: 0.000000, .75R: 0.000000, count: 1, class_loss = 327.106232, iou_loss = 0.000000, total_loss = 327.106232 
 total_bbox = 370, rewritten_bbox = 0.810811 % 
 MJPEG-stream sent. 
Loaded: 0.000048 seconds

 (next mAP calculation at 1856 iterations) 
 18: 233.389832, 412.560272 avg loss, 0.000000 rate, 0.062067 seconds, 144 images, 3.085516 hours left
v3 (mse loss, Normalizer: (iou: 0.75, cls: 1.00) Region 16 Avg (IOU: 0.333935, GIOU: 0.097841), Class: 0.674375, Obj: 0.604670, No Obj: 0.532623, .5R: 0.000000, .75R: 0.000000, count: 1, class_loss = 110.113045, iou_loss = 0.799637, total_loss = 110.912682 
v3 (mse loss, Normalizer: (iou: 0.75, cls: 1.00) Region 23 Avg (IOU: 0.274919, GIOU: 0.195436), Class: 0.445321, Obj: 0.452721, No Obj: 0.453882, .5R: 0.000000, .75R: 0.000000, count: 6, class_loss = 341.437683, iou_loss = 10.282288, total_loss = 351.719971 
 total_bbox = 377, rewritten_bbox = 0.795756 % 
v3 (mse loss, Normalizer: (iou: 0.75, cls: 1.00) Region 16 Avg (IOU: 0.451299, GIOU: 0.407218), Class: 0.429055, Obj: 0.546689, No Obj: 0.533383, .5R: 0.666667, .75R: 0.000000, count: 3, class_loss = 117.061562, iou_loss = 2.011177, total_loss = 119.072739 
v3 (mse loss, Normalizer: (iou: 0.75, cls: 1.00) Region 23 Avg (IOU: 0.408914, GIOU: 0.373148), Class: 0.789964, Obj: 0.760995, No Obj: 0.452002, .5R: 0.000000, .75R: 0.000000, count: 1, class_loss = 324.726746, iou_loss = 0.860474, total_loss = 325.587219 
 total_bbox = 381, rewritten_bbox = 0.787402 % 
v3 (mse loss, Normalizer: (iou: 0.75, cls: 1.00) Region 16 Avg (IOU: 0.433562, GIOU: 0.433562), Class: 0.514156, Obj: 0.414432, No Obj: 0.532790, .5R: 0.000000, .75R: 0.000000, count: 2, class_loss = 112.247772, iou_loss = 0.610840, total_loss = 112.858612 
v3 (mse loss, Normalizer: (iou: 0.75, cls: 1.00) Region 23 Avg (IOU: 0.290269, GIOU: 0.065479), Class: 0.539135, Obj: 0.373413, No Obj: 0.452247, .5R: 0.000000, .75R: 0.000000, count: 4, class_loss = 332.464203, iou_loss = 7.819305, total_loss = 340.283508 
 total_bbox = 387, rewritten_bbox = 0.775194 % 
v3 (mse loss, Normalizer: (iou: 0.75, cls: 1.00) Region 16 Avg (IOU: 0.451137, GIOU: 0.308238), Class: 0.543432, Obj: 0.433344, No Obj: 0.529858, .5R: 0.000000, .75R: 0.000000, count: 1, class_loss = 109.452362, iou_loss = 0.458435, total_loss = 109.910797 
v3 (mse loss, Normalizer: (iou: 0.75, cls: 1.00) Region 23 Avg (IOU: 0.336462, GIOU: 0.174217), Class: 0.440379, Obj: 0.431326, No Obj: 0.453650, .5R: 0.230769, .75R: 0.000000, count: 26, class_loss = 399.301514, iou_loss = 42.977386, total_loss = 442.278900 
 total_bbox = 414, rewritten_bbox = 0.724638 % 
 MJPEG-stream sent. 
Loaded: 0.000049 seconds

 (next mAP calculation at 1856 iterations) 
 19: 239.078049, 395.212036 avg loss, 0.000000 rate, 0.063240 seconds, 152 images, 3.068463 hours left
v3 (mse loss, Normalizer: (iou: 0.75, cls: 1.00) Region 16 Avg (IOU: 0.365164, GIOU: 0.314432), Class: 0.402449, Obj: 0.563741, No Obj: 0.529386, .5R: 0.666667, .75R: 0.000000, count: 3, class_loss = 114.412453, iou_loss = 6.083641, total_loss = 120.496094 
v3 (mse loss, Normalizer: (iou: 0.75, cls: 1.00) Region 23 Avg (IOU: 0.182543, GIOU: 0.165795), Class: 0.319758, Obj: 0.442934, No Obj: 0.453526, .5R: 0.000000, .75R: 0.000000, count: 2, class_loss = 325.860657, iou_loss = 12.123566, total_loss = 337.984222 
 total_bbox = 419, rewritten_bbox = 0.954654 % 
v3 (mse loss, Normalizer: (iou: 0.75, cls: 1.00) Region 16 Avg (IOU: 0.503494, GIOU: 0.398517), Class: 0.481157, Obj: 0.530682, No Obj: 0.532295, .5R: 1.000000, .75R: 0.000000, count: 1, class_loss = 109.623230, iou_loss = 0.365700, total_loss = 109.988930 
v3 (mse loss, Normalizer: (iou: 0.75, cls: 1.00) Region 23 Avg (IOU: 0.308619, GIOU: 0.160140), Class: 0.608625, Obj: 0.496838, No Obj: 0.452232, .5R: 0.250000, .75R: 0.000000, count: 4, class_loss = 334.563995, iou_loss = 6.810364, total_loss = 341.374359 
 total_bbox = 424, rewritten_bbox = 0.943396 % 
v3 (mse loss, Normalizer: (iou: 0.75, cls: 1.00) Region 16 Avg (IOU: 0.592212, GIOU: 0.581252), Class: 0.501908, Obj: 0.579707, No Obj: 0.527977, .5R: 1.000000, .75R: 0.000000, count: 1, class_loss = 108.610870, iou_loss = 0.278694, total_loss = 108.889565 
v3 (mse loss, Normalizer: (iou: 0.75, cls: 1.00) Region 23 Avg (IOU: 0.251095, GIOU: 0.025897), Class: 0.490774, Obj: 0.375634, No Obj: 0.453517, .5R: 0.000000, .75R: 0.000000, count: 6, class_loss = 341.089661, iou_loss = 16.546234, total_loss = 357.635895 
 total_bbox = 431, rewritten_bbox = 0.928074 % 
v3 (mse loss, Normalizer: (iou: 0.75, cls: 1.00) Region 16 Avg (IOU: 0.551617, GIOU: 0.483824), Class: 0.306017, Obj: 0.495754, No Obj: 0.529728, .5R: 0.666667, .75R: 0.000000, count: 3, class_loss = 114.797958, iou_loss = 1.358482, total_loss = 116.156441 
v3 (mse loss, Normalizer: (iou: 0.75, cls: 1.00) Region 23 Avg (IOU: 0.430451, GIOU: 0.307713), Class: 0.561352, Obj: 0.341927, No Obj: 0.452457, .5R: 0.571429, .75R: 0.000000, count: 7, class_loss = 340.943665, iou_loss = 14.560059, total_loss = 355.503723 
 total_bbox = 441, rewritten_bbox = 0.907029 % 
 MJPEG-stream sent. 
Loaded: 0.000056 seconds

 (next mAP calculation at 1856 iterations) 
 20: 231.003662, 378.791199 avg loss, 0.000000 rate, 0.066903 seconds, 160 images, 3.051843 hours left
v3 (mse loss, Normalizer: (iou: 0.75, cls: 1.00) Region 16 Avg (IOU: 0.155281, GIOU: -0.353291), Class: 0.480414, Obj: 0.717854, No Obj: 0.533460, .5R: 0.000000, .75R: 0.000000, count: 1, class_loss = 110.380730, iou_loss = 2.427216, total_loss = 112.807945 
v3 (mse loss, Normalizer: (iou: 0.75, cls: 1.00) Region 23 Avg (IOU: 0.287787, GIOU: 0.208021), Class: 0.401461, Obj: 0.502445, No Obj: 0.453456, .5R: 0.000000, .75R: 0.000000, count: 9, class_loss = 347.356934, iou_loss = 13.302948, total_loss = 360.659882 
 total_bbox = 451, rewritten_bbox = 1.108647 % 
v3 (mse loss, Normalizer: (iou: 0.75, cls: 1.00) Region 16 Avg (IOU: 0.243859, GIOU: 0.094745), Class: 0.617148, Obj: 0.637304, No Obj: 0.530966, .5R: 0.000000, .75R: 0.000000, count: 2, class_loss = 112.899208, iou_loss = 2.929482, total_loss = 115.828690 
v3 (mse loss, Normalizer: (iou: 0.75, cls: 1.00) Region 23 Avg (IOU: 0.246063, GIOU: 0.170500), Class: 0.475042, Obj: 0.256026, No Obj: 0.452504, .5R: 0.000000, .75R: 0.000000, count: 3, class_loss = 331.809448, iou_loss = 7.130157, total_loss = 338.939606 
 total_bbox = 456, rewritten_bbox = 1.096491 % 
v3 (mse loss, Normalizer: (iou: 0.75, cls: 1.00) Region 16 Avg (IOU: 0.294993, GIOU: 0.144939), Class: 0.551304, Obj: 0.500724, No Obj: 0.530464, .5R: 0.000000, .75R: 0.000000, count: 2, class_loss = 112.162056, iou_loss = 2.575363, total_loss = 114.737419 
v3 (mse loss, Normalizer: (iou: 0.75, cls: 1.00) Region 23 Avg (IOU: 0.000000, GIOU: 0.000000), Class: 0.000000, Obj: 0.000000, No Obj: 0.454291, .5R: 0.000000, .75R: 0.000000, count: 1, class_loss = 324.651093, iou_loss = 0.000000, total_loss = 324.651093 
 total_bbox = 458, rewritten_bbox = 1.091703 % 
v3 (mse loss, Normalizer: (iou: 0.75, cls: 1.00) Region 16 Avg (IOU: 0.552951, GIOU: 0.552951), Class: 0.432136, Obj: 0.489611, No Obj: 0.533704, .5R: 0.500000, .75R: 0.000000, count: 2, class_loss = 113.383812, iou_loss = 0.384186, total_loss = 113.767998 
v3 (mse loss, Normalizer: (iou: 0.75, cls: 1.00) Region 23 Avg (IOU: 0.285951, GIOU: 0.128304), Class: 0.454122, Obj: 0.360292, No Obj: 0.453058, .5R: 0.200000, .75R: 0.000000, count: 5, class_loss = 338.874054, iou_loss = 13.537994, total_loss = 352.412048 
 total_bbox = 465, rewritten_bbox = 1.075269 % 
 MJPEG-stream sent. 
Resizing, random_coef = 1.40 

 352 x 352 
 try to allocate additional workspace_size = 52.43 MB 
 CUDA allocate done! 
Loaded: 0.000037 seconds

 (next mAP calculation at 1856 iterations) 
 21: 229.225586, 363.834625 avg loss, 0.000000 rate, 0.056663 seconds, 168 images, 3.036203 hours left
v3 (mse loss, Normalizer: (iou: 0.75, cls: 1.00) Region 16 Avg (IOU: 0.589157, GIOU: 0.525004), Class: 0.570087, Obj: 0.653229, No Obj: 0.531966, .5R: 1.000000, .75R: 0.000000, count: 1, class_loss = 110.355385, iou_loss = 0.329124, total_loss = 110.684509 
v3 (mse loss, Normalizer: (iou: 0.75, cls: 1.00) Region 23 Avg (IOU: 0.293181, GIOU: 0.153712), Class: 0.430639, Obj: 0.455743, No Obj: 0.453006, .5R: 0.250000, .75R: 0.000000, count: 4, class_loss = 334.897400, iou_loss = 9.962158, total_loss = 344.859558 
 total_bbox = 470, rewritten_bbox = 1.063830 % 
v3 (mse loss, Normalizer: (iou: 0.75, cls: 1.00) Region 16 Avg (IOU: 0.339470, GIOU: 0.120161), Class: 0.596322, Obj: 0.666211, No Obj: 0.529604, .5R: 0.000000, .75R: 0.000000, count: 1, class_loss = 110.177658, iou_loss = 1.721817, total_loss = 111.899475 
v3 (mse loss, Normalizer: (iou: 0.75, cls: 1.00) Region 23 Avg (IOU: 0.438476, GIOU: 0.355987), Class: 0.499577, Obj: 0.498207, No Obj: 0.451137, .5R: 0.333333, .75R: 0.000000, count: 3, class_loss = 328.594818, iou_loss = 1.919434, total_loss = 330.514252 
 total_bbox = 474, rewritten_bbox = 1.054852 % 
v3 (mse loss, Normalizer: (iou: 0.75, cls: 1.00) Region 16 Avg (IOU: 0.414369, GIOU: 0.245574), Class: 0.529195, Obj: 0.554308, No Obj: 0.531510, .5R: 0.000000, .75R: 0.000000, count: 2, class_loss = 112.064072, iou_loss = 1.159180, total_loss = 113.223251 
v3 (mse loss, Normalizer: (iou: 0.75, cls: 1.00) Region 23 Avg (IOU: 0.291723, GIOU: 0.254144), Class: 0.508371, Obj: 0.425444, No Obj: 0.452581, .5R: 0.111111, .75R: 0.000000, count: 9, class_loss = 344.858307, iou_loss = 16.060638, total_loss = 360.918945 
 total_bbox = 485, rewritten_bbox = 1.237113 % 
v3 (mse loss, Normalizer: (iou: 0.75, cls: 1.00) Region 16 Avg (IOU: 0.000000, GIOU: 0.000000), Class: 0.000000, Obj: 0.000000, No Obj: 0.531561, .5R: 0.000000, .75R: 0.000000, count: 1, class_loss = 107.351250, iou_loss = 0.000000, total_loss = 107.351250 
v3 (mse loss, Normalizer: (iou: 0.75, cls: 1.00) Region 23 Avg (IOU: 0.419827, GIOU: 0.360472), Class: 0.422604, Obj: 0.387896, No Obj: 0.452659, .5R: 0.266667, .75R: 0.066667, count: 15, class_loss = 365.730042, iou_loss = 14.948486, total_loss = 380.678528 
 total_bbox = 500, rewritten_bbox = 1.200000 % 
 MJPEG-stream sent. 
Loaded: 0.000039 seconds

 (next mAP calculation at 1856 iterations) 
 22: 232.516220, 350.702789 avg loss, 0.000000 rate, 0.063437 seconds, 176 images, 3.018440 hours left
v3 (mse loss, Normalizer: (iou: 0.75, cls: 1.00) Region 16 Avg (IOU: 0.380189, GIOU: 0.328098), Class: 0.387866, Obj: 0.499455, No Obj: 0.531834, .5R: 0.000000, .75R: 0.000000, count: 2, class_loss = 113.034225, iou_loss = 1.279259, total_loss = 114.313484 
v3 (mse loss, Normalizer: (iou: 0.75, cls: 1.00) Region 23 Avg (IOU: 0.342315, GIOU: 0.259142), Class: 0.549222, Obj: 0.497955, No Obj: 0.453316, .5R: 0.500000, .75R: 0.000000, count: 2, class_loss = 330.712524, iou_loss = 5.142395, total_loss = 335.854919 
 total_bbox = 504, rewritten_bbox = 1.190476 % 
v3 (mse loss, Normalizer: (iou: 0.75, cls: 1.00) Region 16 Avg (IOU: 0.349664, GIOU: 0.349664), Class: 0.704180, Obj: 0.524591, No Obj: 0.533278, .5R: 0.000000, .75R: 0.000000, count: 1, class_loss = 110.511284, iou_loss = 0.931023, total_loss = 111.442307 
v3 (mse loss, Normalizer: (iou: 0.75, cls: 1.00) Region 23 Avg (IOU: 0.248395, GIOU: 0.105624), Class: 0.421326, Obj: 0.380310, No Obj: 0.455500, .5R: 0.000000, .75R: 0.000000, count: 6, class_loss = 348.060669, iou_loss = 10.736267, total_loss = 358.796936 
 total_bbox = 511, rewritten_bbox = 1.174168 % 
v3 (mse loss, Normalizer: (iou: 0.75, cls: 1.00) Region 16 Avg (IOU: 0.528496, GIOU: 0.525463), Class: 0.372864, Obj: 0.505762, No Obj: 0.533019, .5R: 0.666667, .75R: 0.000000, count: 3, class_loss = 116.196968, iou_loss = 1.133743, total_loss = 117.330711 
v3 (mse loss, Normalizer: (iou: 0.75, cls: 1.00) Region 23 Avg (IOU: 0.634660, GIOU: 0.618900), Class: 0.442117, Obj: 0.444553, No Obj: 0.453024, .5R: 1.000000, .75R: 0.000000, count: 2, class_loss = 330.484924, iou_loss = 0.768555, total_loss = 331.253479 
 total_bbox = 516, rewritten_bbox = 1.162791 % 
v3 (mse loss, Normalizer: (iou: 0.75, cls: 1.00) Region 16 Avg (IOU: 0.581892, GIOU: 0.546408), Class: 0.732968, Obj: 0.442005, No Obj: 0.530519, .5R: 1.000000, .75R: 0.000000, count: 1, class_loss = 109.140419, iou_loss = 0.251366, total_loss = 109.391785 
v3 (mse loss, Normalizer: (iou: 0.75, cls: 1.00) Region 23 Avg (IOU: 0.361472, GIOU: 0.283367), Class: 0.433138, Obj: 0.292370, No Obj: 0.453726, .5R: 0.000000, .75R: 0.000000, count: 2, class_loss = 333.286743, iou_loss = 2.959900, total_loss = 336.246643 
 total_bbox = 519, rewritten_bbox = 1.156069 % 
 MJPEG-stream sent. 
Loaded: 0.000050 seconds

 (next mAP calculation at 1856 iterations) 
 23: 226.828781, 338.315399 avg loss, 0.000000 rate, 0.061403 seconds, 184 images, 3.002360 hours left
v3 (mse loss, Normalizer: (iou: 0.75, cls: 1.00) Region 16 Avg (IOU: 0.242767, GIOU: 0.022177), Class: 0.500366, Obj: 0.743403, No Obj: 0.531365, .5R: 0.000000, .75R: 0.000000, count: 2, class_loss = 112.700966, iou_loss = 2.824364, total_loss = 115.525330 
v3 (mse loss, Normalizer: (iou: 0.75, cls: 1.00) Region 23 Avg (IOU: 0.427170, GIOU: 0.407924), Class: 0.594451, Obj: 0.367061, No Obj: 0.453304, .5R: 0.000000, .75R: 0.000000, count: 1, class_loss = 327.656677, iou_loss = 1.080963, total_loss = 328.737640 
 total_bbox = 522, rewritten_bbox = 1.149425 % 
v3 (mse loss, Normalizer: (iou: 0.75, cls: 1.00) Region 16 Avg (IOU: 0.000000, GIOU: 0.000000), Class: 0.000000, Obj: 0.000000, No Obj: 0.532641, .5R: 0.000000, .75R: 0.000000, count: 1, class_loss = 107.507088, iou_loss = 0.000000, total_loss = 107.507088 
v3 (mse loss, Normalizer: (iou: 0.75, cls: 1.00) Region 23 Avg (IOU: 0.353393, GIOU: 0.300142), Class: 0.361930, Obj: 0.304757, No Obj: 0.455283, .5R: 0.000000, .75R: 0.000000, count: 3, class_loss = 334.758301, iou_loss = 3.071136, total_loss = 337.829437 
 total_bbox = 525, rewritten_bbox = 1.142857 % 
v3 (mse loss, Normalizer: (iou: 0.75, cls: 1.00) Region 16 Avg (IOU: 0.250087, GIOU: -0.089234), Class: 0.828704, Obj: 0.753934, No Obj: 0.530050, .5R: 0.000000, .75R: 0.000000, count: 1, class_loss = 109.026794, iou_loss = 0.760841, total_loss = 109.787636 
v3 (mse loss, Normalizer: (iou: 0.75, cls: 1.00) Region 23 Avg (IOU: 0.614973, GIOU: 0.578925), Class: 0.391536, Obj: 0.491295, No Obj: 0.456220, .5R: 1.000000, .75R: 0.000000, count: 1, class_loss = 329.584961, iou_loss = 0.467896, total_loss = 330.052856 
 total_bbox = 527, rewritten_bbox = 1.138520 % 
v3 (mse loss, Normalizer: (iou: 0.75, cls: 1.00) Region 16 Avg (IOU: 0.379396, GIOU: 0.204448), Class: 0.571908, Obj: 0.334998, No Obj: 0.531714, .5R: 0.000000, .75R: 0.000000, count: 1, class_loss = 110.466034, iou_loss = 0.915215, total_loss = 111.381248 
v3 (mse loss, Normalizer: (iou: 0.75, cls: 1.00) Region 23 Avg (IOU: 0.058595, GIOU: -0.727548), Class: 0.478991, Obj: 0.307180, No Obj: 0.456386, .5R: 0.000000, .75R: 0.000000, count: 1, class_loss = 331.125824, iou_loss = 10.003998, total_loss = 341.129822 
 total_bbox = 529, rewritten_bbox = 1.134215 % 
 MJPEG-stream sent. 
Loaded: 0.000048 seconds

 (next mAP calculation at 1856 iterations) 
 24: 222.743881, 326.758240 avg loss, 0.000000 rate, 0.064894 seconds, 192 images, 2.985991 hours left
v3 (mse loss, Normalizer: (iou: 0.75, cls: 1.00) Region 16 Avg (IOU: 0.560339, GIOU: 0.489748), Class: 0.386624, Obj: 0.510573, No Obj: 0.533288, .5R: 0.400000, .75R: 0.400000, count: 5, class_loss = 121.238182, iou_loss = 1.918869, total_loss = 123.157051 
v3 (mse loss, Normalizer: (iou: 0.75, cls: 1.00) Region 23 Avg (IOU: 0.433545, GIOU: 0.412091), Class: 0.556523, Obj: 0.473327, No Obj: 0.452188, .5R: 0.666667, .75R: 0.000000, count: 3, class_loss = 330.477661, iou_loss = 6.450592, total_loss = 336.928253 
 total_bbox = 537, rewritten_bbox = 1.117318 % 
v3 (mse loss, Normalizer: (iou: 0.75, cls: 1.00) Region 16 Avg (IOU: 0.354478, GIOU: 0.138532), Class: 0.517561, Obj: 0.500672, No Obj: 0.530254, .5R: 0.000000, .75R: 0.000000, count: 2, class_loss = 111.665977, iou_loss = 2.338959, total_loss = 114.004936 
v3 (mse loss, Normalizer: (iou: 0.75, cls: 1.00) Region 23 Avg (IOU: 0.270073, GIOU: 0.203654), Class: 0.503531, Obj: 0.376404, No Obj: 0.453514, .5R: 0.000000, .75R: 0.000000, count: 8, class_loss = 347.564545, iou_loss = 23.891663, total_loss = 371.456207 
 total_bbox = 547, rewritten_bbox = 1.096892 % 
v3 (mse loss, Normalizer: (iou: 0.75, cls: 1.00) Region 16 Avg (IOU: 0.414799, GIOU: 0.372202), Class: 0.445914, Obj: 0.603827, No Obj: 0.532337, .5R: 0.250000, .75R: 0.000000, count: 4, class_loss = 117.639206, iou_loss = 2.798470, total_loss = 120.437675 
v3 (mse loss, Normalizer: (iou: 0.75, cls: 1.00) Region 23 Avg (IOU: 0.251455, GIOU: 0.167596), Class: 0.772781, Obj: 0.487997, No Obj: 0.452606, .5R: 0.000000, .75R: 0.000000, count: 1, class_loss = 326.313660, iou_loss = 2.163605, total_loss = 328.477264 
 total_bbox = 552, rewritten_bbox = 1.086957 % 
v3 (mse loss, Normalizer: (iou: 0.75, cls: 1.00) Region 16 Avg (IOU: 0.380859, GIOU: 0.365479), Class: 0.537073, Obj: 0.397965, No Obj: 0.530694, .5R: 0.500000, .75R: 0.000000, count: 2, class_loss = 112.262421, iou_loss = 2.852280, total_loss = 115.114700 
v3 (mse loss, Normalizer: (iou: 0.75, cls: 1.00) Region 23 Avg (IOU: 0.421010, GIOU: 0.357682), Class: 0.573526, Obj: 0.465593, No Obj: 0.452149, .5R: 0.000000, .75R: 0.000000, count: 3, class_loss = 329.703918, iou_loss = 2.243622, total_loss = 331.947540 
 total_bbox = 557, rewritten_bbox = 1.077199 % 
 MJPEG-stream sent. 
Loaded: 0.000053 seconds

 (next mAP calculation at 1856 iterations) 
 25: 230.190460, 317.101471 avg loss, 0.000000 rate, 0.061741 seconds, 200 images, 2.970560 hours left
v3 (mse loss, Normalizer: (iou: 0.75, cls: 1.00) Region 16 Avg (IOU: 0.477750, GIOU: 0.461011), Class: 0.549030, Obj: 0.566916, No Obj: 0.530822, .5R: 0.500000, .75R: 0.000000, count: 4, class_loss = 118.660873, iou_loss = 3.228157, total_loss = 121.889030 
v3 (mse loss, Normalizer: (iou: 0.75, cls: 1.00) Region 23 Avg (IOU: 0.290053, GIOU: 0.130134), Class: 0.467445, Obj: 0.328444, No Obj: 0.456545, .5R: 0.100000, .75R: 0.000000, count: 10, class_loss = 360.767334, iou_loss = 26.125183, total_loss = 386.892517 
 total_bbox = 571, rewritten_bbox = 1.050788 % 
v3 (mse loss, Normalizer: (iou: 0.75, cls: 1.00) Region 16 Avg (IOU: 0.348793, GIOU: 0.132711), Class: 0.481533, Obj: 0.434065, No Obj: 0.531616, .5R: 0.500000, .75R: 0.000000, count: 2, class_loss = 112.879417, iou_loss = 2.893326, total_loss = 115.772743 
v3 (mse loss, Normalizer: (iou: 0.75, cls: 1.00) Region 23 Avg (IOU: 0.529006, GIOU: 0.509330), Class: 0.566067, Obj: 0.555269, No Obj: 0.454146, .5R: 0.333333, .75R: 0.000000, count: 3, class_loss = 332.927124, iou_loss = 1.467072, total_loss = 334.394196 
 total_bbox = 576, rewritten_bbox = 1.041667 % 
v3 (mse loss, Normalizer: (iou: 0.75, cls: 1.00) Region 16 Avg (IOU: 0.255622, GIOU: -0.072403), Class: 0.608852, Obj: 0.590560, No Obj: 0.532764, .5R: 0.000000, .75R: 0.000000, count: 1, class_loss = 109.511589, iou_loss = 1.121170, total_loss = 110.632759 
v3 (mse loss, Normalizer: (iou: 0.75, cls: 1.00) Region 23 Avg (IOU: 0.280094, GIOU: 0.168692), Class: 0.539296, Obj: 0.525287, No Obj: 0.454430, .5R: 0.142857, .75R: 0.000000, count: 7, class_loss = 343.156006, iou_loss = 16.211975, total_loss = 359.367981 
 total_bbox = 584, rewritten_bbox = 1.027397 % 
v3 (mse loss, Normalizer: (iou: 0.75, cls: 1.00) Region 16 Avg (IOU: 0.208473, GIOU: -0.107802), Class: 0.415532, Obj: 0.575674, No Obj: 0.529285, .5R: 0.000000, .75R: 0.000000, count: 2, class_loss = 111.273705, iou_loss = 6.260498, total_loss = 117.534203 
v3 (mse loss, Normalizer: (iou: 0.75, cls: 1.00) Region 23 Avg (IOU: 0.320188, GIOU: 0.059329), Class: 0.779662, Obj: 0.191693, No Obj: 0.457442, .5R: 0.000000, .75R: 0.000000, count: 1, class_loss = 333.569916, iou_loss = 1.093781, total_loss = 334.663696 
 total_bbox = 587, rewritten_bbox = 1.022146 % 
 MJPEG-stream sent. 
Loaded: 0.000049 seconds

 (next mAP calculation at 1856 iterations) 
 26: 235.143387, 308.905670 avg loss, 0.000000 rate, 0.062479 seconds, 208 images, 2.954584 hours left
v3 (mse loss, Normalizer: (iou: 0.75, cls: 1.00) Region 16 Avg (IOU: 0.577683, GIOU: 0.518868), Class: 0.485202, Obj: 0.516939, No Obj: 0.532828, .5R: 0.500000, .75R: 0.000000, count: 2, class_loss = 112.891312, iou_loss = 0.929115, total_loss = 113.820427 
v3 (mse loss, Normalizer: (iou: 0.75, cls: 1.00) Region 23 Avg (IOU: 0.324043, GIOU: 0.142453), Class: 0.580396, Obj: 0.435609, No Obj: 0.454158, .5R: 0.142857, .75R: 0.000000, count: 7, class_loss = 342.648773, iou_loss = 25.846191, total_loss = 368.494965 
 total_bbox = 596, rewritten_bbox = 1.174497 % 
v3 (mse loss, Normalizer: (iou: 0.75, cls: 1.00) Region 16 Avg (IOU: 0.565008, GIOU: 0.565008), Class: 0.317261, Obj: 0.627144, No Obj: 0.534001, .5R: 1.000000, .75R: 0.000000, count: 1, class_loss = 110.232285, iou_loss = 0.117401, total_loss = 110.349686 
v3 (mse loss, Normalizer: (iou: 0.75, cls: 1.00) Region 23 Avg (IOU: 0.341706, GIOU: 0.226633), Class: 0.824280, Obj: 0.794395, No Obj: 0.453347, .5R: 0.000000, .75R: 0.000000, count: 1, class_loss = 328.890411, iou_loss = 1.020691, total_loss = 329.911102 
 total_bbox = 598, rewritten_bbox = 1.170569 % 
v3 (mse loss, Normalizer: (iou: 0.75, cls: 1.00) Region 16 Avg (IOU: 0.594667, GIOU: 0.516739), Class: 0.543113, Obj: 0.712049, No Obj: 0.530650, .5R: 0.500000, .75R: 0.500000, count: 2, class_loss = 111.599403, iou_loss = 0.747414, total_loss = 112.346817 
v3 (mse loss, Normalizer: (iou: 0.75, cls: 1.00) Region 23 Avg (IOU: 0.121137, GIOU: -0.281274), Class: 0.738003, Obj: 0.470556, No Obj: 0.455547, .5R: 0.000000, .75R: 0.000000, count: 4, class_loss = 336.234100, iou_loss = 32.688019, total_loss = 368.922119 
 total_bbox = 604, rewritten_bbox = 1.158940 % 
v3 (mse loss, Normalizer: (iou: 0.75, cls: 1.00) Region 16 Avg (IOU: 0.320102, GIOU: 0.320103), Class: 0.426814, Obj: 0.634361, No Obj: 0.530567, .5R: 0.000000, .75R: 0.000000, count: 1, class_loss = 108.720871, iou_loss = 0.193169, total_loss = 108.914040 
v3 (mse loss, Normalizer: (iou: 0.75, cls: 1.00) Region 23 Avg (IOU: 0.485939, GIOU: 0.479804), Class: 0.679764, Obj: 0.250167, No Obj: 0.453111, .5R: 0.500000, .75R: 0.000000, count: 2, class_loss = 328.686066, iou_loss = 1.688629, total_loss = 330.374695 
 total_bbox = 607, rewritten_bbox = 1.153213 % 
 MJPEG-stream sent. 
Loaded: 0.000050 seconds

 (next mAP calculation at 1856 iterations) 
 27: 230.391724, 301.054260 avg loss, 0.000000 rate, 0.062704 seconds, 216 images, 2.938931 hours left
v3 (mse loss, Normalizer: (iou: 0.75, cls: 1.00) Region 16 Avg (IOU: 0.518885, GIOU: 0.426916), Class: 0.613944, Obj: 0.587414, No Obj: 0.530529, .5R: 1.000000, .75R: 0.000000, count: 1, class_loss = 109.431145, iou_loss = 0.325630, total_loss = 109.756775 
v3 (mse loss, Normalizer: (iou: 0.75, cls: 1.00) Region 23 Avg (IOU: 0.406836, GIOU: 0.341180), Class: 0.663129, Obj: 0.460602, No Obj: 0.454359, .5R: 0.384615, .75R: 0.000000, count: 13, class_loss = 357.779724, iou_loss = 13.466949, total_loss = 371.246674 
 total_bbox = 621, rewritten_bbox = 1.288245 % 
v3 (mse loss, Normalizer: (iou: 0.75, cls: 1.00) Region 16 Avg (IOU: 0.739202, GIOU: 0.733840), Class: 0.308855, Obj: 0.570600, No Obj: 0.530843, .5R: 1.000000, .75R: 0.000000, count: 1, class_loss = 110.044670, iou_loss = 0.249802, total_loss = 110.294472 
v3 (mse loss, Normalizer: (iou: 0.75, cls: 1.00) Region 23 Avg (IOU: 0.488434, GIOU: 0.309287), Class: 0.592558, Obj: 0.464018, No Obj: 0.453789, .5R: 0.500000, .75R: 0.000000, count: 2, class_loss = 329.187683, iou_loss = 2.012360, total_loss = 331.200043 
 total_bbox = 624, rewritten_bbox = 1.282051 % 
v3 (mse loss, Normalizer: (iou: 0.75, cls: 1.00) Region 16 Avg (IOU: 0.000000, GIOU: 0.000000), Class: 0.000000, Obj: 0.000000, No Obj: 0.532373, .5R: 0.000000, .75R: 0.000000, count: 1, class_loss = 107.742485, iou_loss = 0.000000, total_loss = 107.742485 
v3 (mse loss, Normalizer: (iou: 0.75, cls: 1.00) Region 23 Avg (IOU: 0.283130, GIOU: 0.133497), Class: 0.463423, Obj: 0.371975, No Obj: 0.454423, .5R: 0.000000, .75R: 0.000000, count: 2, class_loss = 331.278320, iou_loss = 3.599884, total_loss = 334.878204 
 total_bbox = 626, rewritten_bbox = 1.277955 % 
v3 (mse loss, Normalizer: (iou: 0.75, cls: 1.00) Region 16 Avg (IOU: 0.644338, GIOU: 0.613074), Class: 0.615517, Obj: 0.446527, No Obj: 0.527770, .5R: 1.000000, .75R: 0.500000, count: 2, class_loss = 111.983406, iou_loss = 0.491875, total_loss = 112.475281 
v3 (mse loss, Normalizer: (iou: 0.75, cls: 1.00) Region 23 Avg (IOU: 0.251809, GIOU: 0.161043), Class: 0.551135, Obj: 0.442104, No Obj: 0.454004, .5R: 0.125000, .75R: 0.000000, count: 8, class_loss = 345.622253, iou_loss = 14.490448, total_loss = 360.112701 
 total_bbox = 636, rewritten_bbox = 1.257862 % 
 MJPEG-stream sent. 
Loaded: 0.000048 seconds

 (next mAP calculation at 1856 iterations) 
 28: 229.713333, 293.920166 avg loss, 0.000000 rate, 0.062993 seconds, 224 images, 2.923485 hours left
v3 (mse loss, Normalizer: (iou: 0.75, cls: 1.00) Region 16 Avg (IOU: 0.379585, GIOU: 0.095694), Class: 0.495134, Obj: 0.517541, No Obj: 0.533341, .5R: 0.500000, .75R: 0.000000, count: 2, class_loss = 113.100212, iou_loss = 3.306511, total_loss = 116.406723 
v3 (mse loss, Normalizer: (iou: 0.75, cls: 1.00) Region 23 Avg (IOU: 0.542082, GIOU: 0.442555), Class: 0.536089, Obj: 0.359472, No Obj: 0.452278, .5R: 0.571429, .75R: 0.428571, count: 7, class_loss = 343.765533, iou_loss = 10.726410, total_loss = 354.491943 
 total_bbox = 645, rewritten_bbox = 1.240310 % 
v3 (mse loss, Normalizer: (iou: 0.75, cls: 1.00) Region 16 Avg (IOU: 0.283717, GIOU: 0.263002), Class: 0.555408, Obj: 0.464990, No Obj: 0.531784, .5R: 0.000000, .75R: 0.000000, count: 2, class_loss = 112.858871, iou_loss = 1.570274, total_loss = 114.429146 
v3 (mse loss, Normalizer: (iou: 0.75, cls: 1.00) Region 23 Avg (IOU: 0.275229, GIOU: 0.187355), Class: 0.461962, Obj: 0.403845, No Obj: 0.452622, .5R: 0.000000, .75R: 0.000000, count: 2, class_loss = 329.575867, iou_loss = 2.773193, total_loss = 332.349060 
 total_bbox = 649, rewritten_bbox = 1.232666 % 
v3 (mse loss, Normalizer: (iou: 0.75, cls: 1.00) Region 16 Avg (IOU: 0.410663, GIOU: 0.354816), Class: 0.534033, Obj: 0.648699, No Obj: 0.528981, .5R: 0.500000, .75R: 0.000000, count: 2, class_loss = 110.614922, iou_loss = 0.764641, total_loss = 111.379562 
v3 (mse loss, Normalizer: (iou: 0.75, cls: 1.00) Region 23 Avg (IOU: 0.000000, GIOU: 0.000000), Class: 0.000000, Obj: 0.000000, No Obj: 0.454453, .5R: 0.000000, .75R: 0.000000, count: 1, class_loss = 326.143494, iou_loss = 0.000000, total_loss = 326.143494 
 total_bbox = 651, rewritten_bbox = 1.228879 % 
v3 (mse loss, Normalizer: (iou: 0.75, cls: 1.00) Region 16 Avg (IOU: 0.435717, GIOU: 0.425992), Class: 0.514779, Obj: 0.599601, No Obj: 0.531365, .5R: 0.333333, .75R: 0.000000, count: 3, class_loss = 114.904587, iou_loss = 0.952950, total_loss = 115.857536 
v3 (mse loss, Normalizer: (iou: 0.75, cls: 1.00) Region 23 Avg (IOU: 0.453310, GIOU: 0.453310), Class: 0.397030, Obj: 0.392245, No Obj: 0.452914, .5R: 0.000000, .75R: 0.000000, count: 1, class_loss = 326.086212, iou_loss = 0.459869, total_loss = 326.546082 
 total_bbox = 655, rewritten_bbox = 1.221374 % 
 MJPEG-stream sent. 
Loaded: 0.000049 seconds

 (next mAP calculation at 1856 iterations) 
 29: 224.700439, 286.998199 avg loss, 0.000000 rate, 0.061045 seconds, 232 images, 2.908257 hours left
v3 (mse loss, Normalizer: (iou: 0.75, cls: 1.00) Region 16 Avg (IOU: 0.365214, GIOU: 0.172003), Class: 0.529183, Obj: 0.665269, No Obj: 0.530330, .5R: 0.000000, .75R: 0.000000, count: 2, class_loss = 112.160995, iou_loss = 2.144417, total_loss = 114.305412 
v3 (mse loss, Normalizer: (iou: 0.75, cls: 1.00) Region 23 Avg (IOU: 0.404637, GIOU: 0.391460), Class: 0.375908, Obj: 0.544012, No Obj: 0.456790, .5R: 0.000000, .75R: 0.000000, count: 1, class_loss = 331.351135, iou_loss = 0.860931, total_loss = 332.212067 
 total_bbox = 658, rewritten_bbox = 1.215806 % 
v3 (mse loss, Normalizer: (iou: 0.75, cls: 1.00) Region 16 Avg (IOU: 0.000000, GIOU: 0.000000), Class: 0.000000, Obj: 0.000000, No Obj: 0.530419, .5R: 0.000000, .75R: 0.000000, count: 1, class_loss = 106.689247, iou_loss = 0.000000, total_loss = 106.689247 
v3 (mse loss, Normalizer: (iou: 0.75, cls: 1.00) Region 23 Avg (IOU: 0.186490, GIOU: 0.172625), Class: 0.584826, Obj: 0.240117, No Obj: 0.452900, .5R: 0.000000, .75R: 0.000000, count: 6, class_loss = 339.378540, iou_loss = 30.901886, total_loss = 370.280426 
 total_bbox = 664, rewritten_bbox = 1.355422 % 
v3 (mse loss, Normalizer: (iou: 0.75, cls: 1.00) Region 16 Avg (IOU: 0.348476, GIOU: 0.348476), Class: 0.673278, Obj: 0.448293, No Obj: 0.530286, .5R: 0.000000, .75R: 0.000000, count: 1, class_loss = 108.913773, iou_loss = 0.316284, total_loss = 109.230057 
v3 (mse loss, Normalizer: (iou: 0.75, cls: 1.00) Region 23 Avg (IOU: 0.242496, GIOU: 0.242496), Class: 0.070914, Obj: 0.664560, No Obj: 0.452123, .5R: 0.000000, .75R: 0.000000, count: 1, class_loss = 325.928802, iou_loss = 1.274078, total_loss = 327.202881 
 total_bbox = 666, rewritten_bbox = 1.351351 % 
v3 (mse loss, Normalizer: (iou: 0.75, cls: 1.00) Region 16 Avg (IOU: 0.542926, GIOU: 0.538049), Class: 0.453919, Obj: 0.616252, No Obj: 0.529950, .5R: 0.500000, .75R: 0.000000, count: 2, class_loss = 111.355286, iou_loss = 0.678947, total_loss = 112.034233 
v3 (mse loss, Normalizer: (iou: 0.75, cls: 1.00) Region 23 Avg (IOU: 0.297570, GIOU: 0.013486), Class: 0.607665, Obj: 0.241591, No Obj: 0.454303, .5R: 0.000000, .75R: 0.000000, count: 1, class_loss = 329.889008, iou_loss = 1.760468, total_loss = 331.649475 
 total_bbox = 669, rewritten_bbox = 1.345291 % 
 MJPEG-stream sent. 
Loaded: 0.000050 seconds

 (next mAP calculation at 1856 iterations) 
 30: 225.450485, 280.843414 avg loss, 0.000000 rate, 0.061160 seconds, 240 images, 2.892748 hours left
v3 (mse loss, Normalizer: (iou: 0.75, cls: 1.00) Region 16 Avg (IOU: 0.319800, GIOU: 0.319800), Class: 0.320665, Obj: 0.645305, No Obj: 0.533275, .5R: 0.000000, .75R: 0.000000, count: 1, class_loss = 131.657562, iou_loss = 0.972992, total_loss = 132.630554 
v3 (mse loss, Normalizer: (iou: 0.75, cls: 1.00) Region 23 Avg (IOU: 0.317344, GIOU: 0.194034), Class: 0.478069, Obj: 0.434101, No Obj: 0.454266, .5R: 0.230769, .75R: 0.000000, count: 13, class_loss = 424.406342, iou_loss = 18.908142, total_loss = 443.314484 
 total_bbox = 683, rewritten_bbox = 1.317716 % 
v3 (mse loss, Normalizer: (iou: 0.75, cls: 1.00) Region 16 Avg (IOU: 0.264897, GIOU: 0.128743), Class: 0.572009, Obj: 0.623737, No Obj: 0.530528, .5R: 0.000000, .75R: 0.000000, count: 2, class_loss = 132.146973, iou_loss = 1.917252, total_loss = 134.064224 
v3 (mse loss, Normalizer: (iou: 0.75, cls: 1.00) Region 23 Avg (IOU: 0.555685, GIOU: 0.473593), Class: 0.623812, Obj: 0.549869, No Obj: 0.452687, .5R: 0.500000, .75R: 0.000000, count: 2, class_loss = 390.994202, iou_loss = 0.809723, total_loss = 391.803925 
 total_bbox = 687, rewritten_bbox = 1.310044 % 
v3 (mse loss, Normalizer: (iou: 0.75, cls: 1.00) Region 16 Avg (IOU: 0.350217, GIOU: 0.152374), Class: 0.697371, Obj: 0.644848, No Obj: 0.530737, .5R: 0.000000, .75R: 0.000000, count: 1, class_loss = 128.762451, iou_loss = 0.432251, total_loss = 129.194702 
v3 (mse loss, Normalizer: (iou: 0.75, cls: 1.00) Region 23 Avg (IOU: 0.342866, GIOU: 0.322425), Class: 0.464438, Obj: 0.302426, No Obj: 0.451847, .5R: 0.000000, .75R: 0.000000, count: 1, class_loss = 387.539856, iou_loss = 1.175720, total_loss = 388.715576 
 total_bbox = 689, rewritten_bbox = 1.306241 % 
v3 (mse loss, Normalizer: (iou: 0.75, cls: 1.00) Region 16 Avg (IOU: 0.000000, GIOU: 0.000000), Class: 0.000000, Obj: 0.000000, No Obj: 0.531356, .5R: 0.000000, .75R: 0.000000, count: 1, class_loss = 127.019096, iou_loss = 0.000000, total_loss = 127.019096 
v3 (mse loss, Normalizer: (iou: 0.75, cls: 1.00) Region 23 Avg (IOU: 0.257016, GIOU: -0.025145), Class: 0.329421, Obj: 0.394713, No Obj: 0.454667, .5R: 0.000000, .75R: 0.000000, count: 16, class_loss = 433.911957, iou_loss = 47.004761, total_loss = 480.916718 
 total_bbox = 705, rewritten_bbox = 1.418440 % 
 MJPEG-stream sent. 
Resizing, random_coef = 1.40 

 384 x 384 
 try to allocate additional workspace_size = 52.43 MB 
 CUDA allocate done! 
Loaded: 0.000039 seconds

 (next mAP calculation at 1856 iterations) 
 31: 278.457397, 280.604797 avg loss, 0.000000 rate, 0.060973 seconds, 248 images, 2.877420 hours left
v3 (mse loss, Normalizer: (iou: 0.75, cls: 1.00) Region 16 Avg (IOU: 0.436445, GIOU: 0.274737), Class: 0.462175, Obj: 0.630951, No Obj: 0.530697, .5R: 0.400000, .75R: 0.000000, count: 5, class_loss = 140.425949, iou_loss = 5.948898, total_loss = 146.374847 
v3 (mse loss, Normalizer: (iou: 0.75, cls: 1.00) Region 23 Avg (IOU: 0.302272, GIOU: 0.122170), Class: 0.728359, Obj: 0.538095, No Obj: 0.453751, .5R: 0.000000, .75R: 0.000000, count: 2, class_loss = 393.013702, iou_loss = 4.333832, total_loss = 397.347534 
 total_bbox = 712, rewritten_bbox = 1.404494 % 
v3 (mse loss, Normalizer: (iou: 0.75, cls: 1.00) Region 16 Avg (IOU: 0.396147, GIOU: 0.238791), Class: 0.485556, Obj: 0.592773, No Obj: 0.531626, .5R: 0.600000, .75R: 0.000000, count: 5, class_loss = 141.827332, iou_loss = 5.041473, total_loss = 146.868805 
v3 (mse loss, Normalizer: (iou: 0.75, cls: 1.00) Region 23 Avg (IOU: 0.318529, GIOU: 0.318529), Class: 0.718300, Obj: 0.168710, No Obj: 0.451145, .5R: 0.000000, .75R: 0.000000, count: 1, class_loss = 383.878418, iou_loss = 0.829407, total_loss = 384.707825 
 total_bbox = 718, rewritten_bbox = 1.392758 % 
v3 (mse loss, Normalizer: (iou: 0.75, cls: 1.00) Region 16 Avg (IOU: 0.154239, GIOU: 0.067224), Class: 0.646008, Obj: 0.543519, No Obj: 0.531019, .5R: 0.000000, .75R: 0.000000, count: 1, class_loss = 130.650269, iou_loss = 3.073090, total_loss = 133.723358 
v3 (mse loss, Normalizer: (iou: 0.75, cls: 1.00) Region 23 Avg (IOU: 0.240343, GIOU: 0.240343), Class: 0.481049, Obj: 0.324233, No Obj: 0.454351, .5R: 0.000000, .75R: 0.000000, count: 2, class_loss = 394.229004, iou_loss = 4.674866, total_loss = 398.903870 
 total_bbox = 721, rewritten_bbox = 1.386963 % 
v3 (mse loss, Normalizer: (iou: 0.75, cls: 1.00) Region 16 Avg (IOU: 0.446554, GIOU: 0.274315), Class: 0.570814, Obj: 0.470433, No Obj: 0.531007, .5R: 0.333333, .75R: 0.000000, count: 3, class_loss = 134.987335, iou_loss = 2.341034, total_loss = 137.328369 
v3 (mse loss, Normalizer: (iou: 0.75, cls: 1.00) Region 23 Avg (IOU: 0.000000, GIOU: 0.000000), Class: 0.000000, Obj: 0.000000, No Obj: 0.452295, .5R: 0.000000, .75R: 0.000000, count: 1, class_loss = 384.878448, iou_loss = 0.000000, total_loss = 384.878448 
 total_bbox = 724, rewritten_bbox = 1.381215 % 
 MJPEG-stream sent. 
Loaded: 0.000044 seconds

 (next mAP calculation at 1856 iterations) 
 32: 266.266632, 279.170990 avg loss, 0.000000 rate, 0.066404 seconds, 256 images, 2.862201 hours left
v3 (mse loss, Normalizer: (iou: 0.75, cls: 1.00) Region 16 Avg (IOU: 0.000000, GIOU: 0.000000), Class: 0.000000, Obj: 0.000000, No Obj: 0.532185, .5R: 0.000000, .75R: 0.000000, count: 1, class_loss = 127.590538, iou_loss = 0.000000, total_loss = 127.590538 
v3 (mse loss, Normalizer: (iou: 0.75, cls: 1.00) Region 23 Avg (IOU: 0.484510, GIOU: 0.446382), Class: 0.390913, Obj: 0.383745, No Obj: 0.452364, .5R: 0.375000, .75R: 0.125000, count: 8, class_loss = 407.623596, iou_loss = 10.676178, total_loss = 418.299774 
 total_bbox = 732, rewritten_bbox = 1.366120 % 
v3 (mse loss, Normalizer: (iou: 0.75, cls: 1.00) Region 16 Avg (IOU: 0.614154, GIOU: 0.563430), Class: 0.613010, Obj: 0.649437, No Obj: 0.532799, .5R: 1.000000, .75R: 0.000000, count: 1, class_loss = 131.061142, iou_loss = 0.511414, total_loss = 131.572556 
v3 (mse loss, Normalizer: (iou: 0.75, cls: 1.00) Region 23 Avg (IOU: 0.385496, GIOU: 0.374276), Class: 0.625135, Obj: 0.305901, No Obj: 0.453060, .5R: 0.333333, .75R: 0.000000, count: 6, class_loss = 404.014465, iou_loss = 6.297821, total_loss = 410.312286 
 total_bbox = 739, rewritten_bbox = 1.353180 % 
v3 (mse loss, Normalizer: (iou: 0.75, cls: 1.00) Region 16 Avg (IOU: 0.606132, GIOU: 0.603462), Class: 0.518315, Obj: 0.501010, No Obj: 0.529025, .5R: 0.500000, .75R: 0.500000, count: 2, class_loss = 131.685394, iou_loss = 0.407425, total_loss = 132.092819 
v3 (mse loss, Normalizer: (iou: 0.75, cls: 1.00) Region 23 Avg (IOU: 0.000000, GIOU: 0.000000), Class: 0.000000, Obj: 0.000000, No Obj: 0.454249, .5R: 0.000000, .75R: 0.000000, count: 1, class_loss = 384.889618, iou_loss = 0.000000, total_loss = 384.889618 
 total_bbox = 741, rewritten_bbox = 1.349528 % 
v3 (mse loss, Normalizer: (iou: 0.75, cls: 1.00) Region 16 Avg (IOU: 0.634127, GIOU: 0.581792), Class: 0.396858, Obj: 0.643004, No Obj: 0.530541, .5R: 1.000000, .75R: 0.000000, count: 2, class_loss = 131.908478, iou_loss = 0.634018, total_loss = 132.542496 
v3 (mse loss, Normalizer: (iou: 0.75, cls: 1.00) Region 23 Avg (IOU: 0.616699, GIOU: 0.569786), Class: 0.569301, Obj: 0.475723, No Obj: 0.454232, .5R: 1.000000, .75R: 0.000000, count: 2, class_loss = 391.888458, iou_loss = 0.717285, total_loss = 392.605743 
 total_bbox = 745, rewritten_bbox = 1.342282 % 
 MJPEG-stream sent. 
Loaded: 0.000049 seconds

 (next mAP calculation at 1856 iterations) 
 33: 266.238220, 277.877716 avg loss, 0.000000 rate, 0.066795 seconds, 264 images, 2.848342 hours left
v3 (mse loss, Normalizer: (iou: 0.75, cls: 1.00) Region 16 Avg (IOU: 0.240665, GIOU: 0.111920), Class: 0.683361, Obj: 0.632516, No Obj: 0.531365, .5R: 0.000000, .75R: 0.000000, count: 2, class_loss = 133.130020, iou_loss = 2.237167, total_loss = 135.367188 
v3 (mse loss, Normalizer: (iou: 0.75, cls: 1.00) Region 23 Avg (IOU: 0.000000, GIOU: 0.000000), Class: 0.000000, Obj: 0.000000, No Obj: 0.451037, .5R: 0.000000, .75R: 0.000000, count: 1, class_loss = 384.372131, iou_loss = 0.000000, total_loss = 384.372131 
 total_bbox = 747, rewritten_bbox = 1.338688 % 
v3 (mse loss, Normalizer: (iou: 0.75, cls: 1.00) Region 16 Avg (IOU: 0.530843, GIOU: 0.477073), Class: 0.305831, Obj: 0.538870, No Obj: 0.532486, .5R: 0.500000, .75R: 0.000000, count: 2, class_loss = 133.317062, iou_loss = 0.750153, total_loss = 134.067215 
v3 (mse loss, Normalizer: (iou: 0.75, cls: 1.00) Region 23 Avg (IOU: 0.329864, GIOU: 0.140853), Class: 0.666106, Obj: 0.423377, No Obj: 0.452092, .5R: 0.142857, .75R: 0.000000, count: 7, class_loss = 403.550873, iou_loss = 11.633026, total_loss = 415.183899 
 total_bbox = 756, rewritten_bbox = 1.322751 % 
v3 (mse loss, Normalizer: (iou: 0.75, cls: 1.00) Region 16 Avg (IOU: 0.263511, GIOU: 0.263511), Class: 0.461407, Obj: 0.647897, No Obj: 0.531196, .5R: 0.000000, .75R: 0.000000, count: 1, class_loss = 130.332550, iou_loss = 1.146362, total_loss = 131.478912 
v3 (mse loss, Normalizer: (iou: 0.75, cls: 1.00) Region 23 Avg (IOU: 0.462449, GIOU: 0.412229), Class: 0.576347, Obj: 0.385470, No Obj: 0.454967, .5R: 0.000000, .75R: 0.000000, count: 1, class_loss = 390.933960, iou_loss = 0.549835, total_loss = 391.483795 
 total_bbox = 758, rewritten_bbox = 1.319261 % 
v3 (mse loss, Normalizer: (iou: 0.75, cls: 1.00) Region 16 Avg (IOU: 0.000000, GIOU: 0.000000), Class: 0.000000, Obj: 0.000000, No Obj: 0.530751, .5R: 0.000000, .75R: 0.000000, count: 1, class_loss = 127.327820, iou_loss = 0.000000, total_loss = 127.327820 
v3 (mse loss, Normalizer: (iou: 0.75, cls: 1.00) Region 23 Avg (IOU: 0.298572, GIOU: 0.288990), Class: 0.608438, Obj: 0.606255, No Obj: 0.453925, .5R: 0.000000, .75R: 0.000000, count: 3, class_loss = 393.436127, iou_loss = 5.354736, total_loss = 398.790863 
 total_bbox = 761, rewritten_bbox = 1.314060 % 
 MJPEG-stream sent. 
Loaded: 0.000049 seconds

 (next mAP calculation at 1856 iterations) 
 34: 264.758972, 276.565857 avg loss, 0.000000 rate, 0.066457 seconds, 272 images, 2.834709 hours left
v3 (mse loss, Normalizer: (iou: 0.75, cls: 1.00) Region 16 Avg (IOU: 0.000000, GIOU: 0.000000), Class: 0.000000, Obj: 0.000000, No Obj: 0.530417, .5R: 0.000000, .75R: 0.000000, count: 1, class_loss = 126.460197, iou_loss = 0.000000, total_loss = 126.460197 
v3 (mse loss, Normalizer: (iou: 0.75, cls: 1.00) Region 23 Avg (IOU: 0.290052, GIOU: 0.130455), Class: 0.539299, Obj: 0.531481, No Obj: 0.458136, .5R: 0.111111, .75R: 0.000000, count: 9, class_loss = 420.269440, iou_loss = 16.231354, total_loss = 436.500793 
 total_bbox = 770, rewritten_bbox = 1.298701 % 
v3 (mse loss, Normalizer: (iou: 0.75, cls: 1.00) Region 16 Avg (IOU: 0.337449, GIOU: 0.311561), Class: 0.514257, Obj: 0.605375, No Obj: 0.533071, .5R: 0.333333, .75R: 0.000000, count: 3, class_loss = 135.729599, iou_loss = 2.921051, total_loss = 138.650650 
v3 (mse loss, Normalizer: (iou: 0.75, cls: 1.00) Region 23 Avg (IOU: 0.163523, GIOU: -0.108263), Class: 0.399405, Obj: 0.236340, No Obj: 0.455039, .5R: 0.000000, .75R: 0.000000, count: 1, class_loss = 393.104523, iou_loss = 3.752350, total_loss = 396.856873 
 total_bbox = 774, rewritten_bbox = 1.291990 % 
v3 (mse loss, Normalizer: (iou: 0.75, cls: 1.00) Region 16 Avg (IOU: 0.058226, GIOU: -0.074113), Class: 0.895506, Obj: 0.394348, No Obj: 0.528462, .5R: 0.000000, .75R: 0.000000, count: 1, class_loss = 127.965652, iou_loss = 8.278183, total_loss = 136.243835 
v3 (mse loss, Normalizer: (iou: 0.75, cls: 1.00) Region 23 Avg (IOU: 0.349244, GIOU: 0.278366), Class: 0.542356, Obj: 0.533832, No Obj: 0.454415, .5R: 0.285714, .75R: 0.000000, count: 7, class_loss = 405.352966, iou_loss = 11.834473, total_loss = 417.187439 
 total_bbox = 782, rewritten_bbox = 1.278772 % 
v3 (mse loss, Normalizer: (iou: 0.75, cls: 1.00) Region 16 Avg (IOU: 0.484344, GIOU: 0.467559), Class: 0.554241, Obj: 0.470896, No Obj: 0.531720, .5R: 0.333333, .75R: 0.000000, count: 3, class_loss = 136.181717, iou_loss = 2.033890, total_loss = 138.215607 
v3 (mse loss, Normalizer: (iou: 0.75, cls: 1.00) Region 23 Avg (IOU: 0.000000, GIOU: 0.000000), Class: 0.000000, Obj: 0.000000, No Obj: 0.453237, .5R: 0.000000, .75R: 0.000000, count: 1, class_loss = 384.601746, iou_loss = 0.000000, total_loss = 384.601746 
 total_bbox = 785, rewritten_bbox = 1.273885 % 
 MJPEG-stream sent. 
Loaded: 0.000050 seconds

 (next mAP calculation at 1856 iterations) 
 35: 271.839661, 276.093231 avg loss, 0.000000 rate, 0.067204 seconds, 280 images, 2.821137 hours left
v3 (mse loss, Normalizer: (iou: 0.75, cls: 1.00) Region 16 Avg (IOU: 0.341700, GIOU: 0.141048), Class: 0.353920, Obj: 0.454450, No Obj: 0.531608, .5R: 0.000000, .75R: 0.000000, count: 2, class_loss = 132.544357, iou_loss = 1.415909, total_loss = 133.960266 
v3 (mse loss, Normalizer: (iou: 0.75, cls: 1.00) Region 23 Avg (IOU: 0.623707, GIOU: 0.618668), Class: 0.775640, Obj: 0.457871, No Obj: 0.454565, .5R: 1.000000, .75R: 0.000000, count: 1, class_loss = 390.921082, iou_loss = 0.522400, total_loss = 391.443481 
 total_bbox = 788, rewritten_bbox = 1.269036 % 
v3 (mse loss, Normalizer: (iou: 0.75, cls: 1.00) Region 16 Avg (IOU: 0.653633, GIOU: 0.653633), Class: 0.498680, Obj: 0.520145, No Obj: 0.532465, .5R: 1.000000, .75R: 0.000000, count: 1, class_loss = 130.599899, iou_loss = 0.135757, total_loss = 130.735657 
v3 (mse loss, Normalizer: (iou: 0.75, cls: 1.00) Region 23 Avg (IOU: 0.356151, GIOU: 0.292624), Class: 0.432678, Obj: 0.478977, No Obj: 0.454257, .5R: 0.000000, .75R: 0.000000, count: 4, class_loss = 396.937256, iou_loss = 4.500031, total_loss = 401.437286 
 total_bbox = 793, rewritten_bbox = 1.261034 % 
v3 (mse loss, Normalizer: (iou: 0.75, cls: 1.00) Region 16 Avg (IOU: 0.310770, GIOU: 0.214320), Class: 0.422246, Obj: 0.556187, No Obj: 0.532390, .5R: 0.000000, .75R: 0.000000, count: 2, class_loss = 132.784653, iou_loss = 1.775497, total_loss = 134.560150 
v3 (mse loss, Normalizer: (iou: 0.75, cls: 1.00) Region 23 Avg (IOU: 0.000000, GIOU: 0.000000), Class: 0.000000, Obj: 0.000000, No Obj: 0.452327, .5R: 0.000000, .75R: 0.000000, count: 1, class_loss = 383.969635, iou_loss = 0.000000, total_loss = 383.969635 
 total_bbox = 795, rewritten_bbox = 1.257862 % 
v3 (mse loss, Normalizer: (iou: 0.75, cls: 1.00) Region 16 Avg (IOU: 0.391984, GIOU: 0.214164), Class: 0.586883, Obj: 0.562141, No Obj: 0.532276, .5R: 0.000000, .75R: 0.000000, count: 1, class_loss = 129.767776, iou_loss = 0.749390, total_loss = 130.517166 
v3 (mse loss, Normalizer: (iou: 0.75, cls: 1.00) Region 23 Avg (IOU: 0.181073, GIOU: 0.141597), Class: 0.545324, Obj: 0.388448, No Obj: 0.455858, .5R: 0.000000, .75R: 0.000000, count: 3, class_loss = 394.791656, iou_loss = 7.210266, total_loss = 402.001923 
 total_bbox = 799, rewritten_bbox = 1.251565 % 
 MJPEG-stream sent. 
Loaded: 0.000048 seconds

 (next mAP calculation at 1856 iterations) 
 36: 263.578186, 274.841736 avg loss, 0.000000 rate, 0.066378 seconds, 288 images, 2.807867 hours left
v3 (mse loss, Normalizer: (iou: 0.75, cls: 1.00) Region 16 Avg (IOU: 0.000000, GIOU: 0.000000), Class: 0.000000, Obj: 0.000000, No Obj: 0.531576, .5R: 0.000000, .75R: 0.000000, count: 1, class_loss = 128.117950, iou_loss = 0.000000, total_loss = 128.117950 
v3 (mse loss, Normalizer: (iou: 0.75, cls: 1.00) Region 23 Avg (IOU: 0.610501, GIOU: 0.585612), Class: 0.630724, Obj: 0.432942, No Obj: 0.454789, .5R: 0.666667, .75R: 0.000000, count: 3, class_loss = 398.090363, iou_loss = 1.202087, total_loss = 399.292450 
 total_bbox = 802, rewritten_bbox = 1.246883 % 
v3 (mse loss, Normalizer: (iou: 0.75, cls: 1.00) Region 16 Avg (IOU: 0.550674, GIOU: 0.490674), Class: 0.476650, Obj: 0.516630, No Obj: 0.532592, .5R: 0.500000, .75R: 0.000000, count: 2, class_loss = 133.072906, iou_loss = 0.597458, total_loss = 133.670364 
v3 (mse loss, Normalizer: (iou: 0.75, cls: 1.00) Region 23 Avg (IOU: 0.300339, GIOU: 0.218967), Class: 0.525035, Obj: 0.486435, No Obj: 0.453023, .5R: 0.117647, .75R: 0.000000, count: 17, class_loss = 431.436951, iou_loss = 27.353210, total_loss = 458.790161 
 total_bbox = 821, rewritten_bbox = 1.218027 % 
v3 (mse loss, Normalizer: (iou: 0.75, cls: 1.00) Region 16 Avg (IOU: 0.410678, GIOU: 0.397981), Class: 0.401505, Obj: 0.565107, No Obj: 0.531021, .5R: 0.333333, .75R: 0.000000, count: 3, class_loss = 136.085007, iou_loss = 1.809036, total_loss = 137.894043 
v3 (mse loss, Normalizer: (iou: 0.75, cls: 1.00) Region 23 Avg (IOU: 0.413823, GIOU: 0.357186), Class: 0.554433, Obj: 0.467956, No Obj: 0.451618, .5R: 0.333333, .75R: 0.166667, count: 6, class_loss = 401.803253, iou_loss = 5.175812, total_loss = 406.979065 
 total_bbox = 830, rewritten_bbox = 1.204819 % 
v3 (mse loss, Normalizer: (iou: 0.75, cls: 1.00) Region 16 Avg (IOU: 0.371139, GIOU: 0.248288), Class: 0.456180, Obj: 0.533344, No Obj: 0.533409, .5R: 0.333333, .75R: 0.000000, count: 3, class_loss = 136.542374, iou_loss = 2.068832, total_loss = 138.611206 
v3 (mse loss, Normalizer: (iou: 0.75, cls: 1.00) Region 23 Avg (IOU: 0.786415, GIOU: 0.772444), Class: 0.752235, Obj: 0.593009, No Obj: 0.452863, .5R: 1.000000, .75R: 1.000000, count: 1, class_loss = 387.401489, iou_loss = 0.241089, total_loss = 387.642578 
 total_bbox = 834, rewritten_bbox = 1.199041 % 
 MJPEG-stream sent. 
Loaded: 0.000050 seconds

 (next mAP calculation at 1856 iterations) 
 37: 273.874695, 274.745026 avg loss, 0.000000 rate, 0.067821 seconds, 296 images, 2.794545 hours left
v3 (mse loss, Normalizer: (iou: 0.75, cls: 1.00) Region 16 Avg (IOU: 0.279118, GIOU: 0.034583), Class: 0.550033, Obj: 0.677647, No Obj: 0.532638, .5R: 0.000000, .75R: 0.000000, count: 3, class_loss = 133.293686, iou_loss = 2.463821, total_loss = 135.757507 
v3 (mse loss, Normalizer: (iou: 0.75, cls: 1.00) Region 23 Avg (IOU: 0.391616, GIOU: 0.243632), Class: 0.630663, Obj: 0.308553, No Obj: 0.451014, .5R: 0.333333, .75R: 0.000000, count: 3, class_loss = 390.722198, iou_loss = 4.005249, total_loss = 394.727448 
 total_bbox = 840, rewritten_bbox = 1.309524 % 
v3 (mse loss, Normalizer: (iou: 0.75, cls: 1.00) Region 16 Avg (IOU: 0.275839, GIOU: 0.275839), Class: 0.644213, Obj: 0.504292, No Obj: 0.531982, .5R: 0.000000, .75R: 0.000000, count: 1, class_loss = 130.561920, iou_loss = 1.004669, total_loss = 131.566589 
v3 (mse loss, Normalizer: (iou: 0.75, cls: 1.00) Region 23 Avg (IOU: 0.429123, GIOU: 0.366777), Class: 0.554563, Obj: 0.366730, No Obj: 0.453985, .5R: 0.400000, .75R: 0.000000, count: 5, class_loss = 400.311188, iou_loss = 4.313568, total_loss = 404.624756 
 total_bbox = 846, rewritten_bbox = 1.300236 % 
v3 (mse loss, Normalizer: (iou: 0.75, cls: 1.00) Region 16 Avg (IOU: 0.709639, GIOU: 0.677817), Class: 0.446114, Obj: 0.653706, No Obj: 0.528647, .5R: 1.000000, .75R: 0.666667, count: 3, class_loss = 133.096680, iou_loss = 0.938309, total_loss = 134.034988 
v3 (mse loss, Normalizer: (iou: 0.75, cls: 1.00) Region 23 Avg (IOU: 0.297325, GIOU: 0.227766), Class: 0.407944, Obj: 0.532646, No Obj: 0.458665, .5R: 0.111111, .75R: 0.000000, count: 9, class_loss = 415.848114, iou_loss = 19.367767, total_loss = 435.215881 
 total_bbox = 858, rewritten_bbox = 1.398601 % 
v3 (mse loss, Normalizer: (iou: 0.75, cls: 1.00) Region 16 Avg (IOU: 0.781627, GIOU: 0.781627), Class: 0.274217, Obj: 0.786178, No Obj: 0.532304, .5R: 1.000000, .75R: 1.000000, count: 1, class_loss = 130.570740, iou_loss = 0.166946, total_loss = 130.737686 
v3 (mse loss, Normalizer: (iou: 0.75, cls: 1.00) Region 23 Avg (IOU: 0.517769, GIOU: 0.517769), Class: 0.519111, Obj: 0.345050, No Obj: 0.452137, .5R: 0.500000, .75R: 0.000000, count: 2, class_loss = 387.460846, iou_loss = 0.545013, total_loss = 388.005859 
 total_bbox = 861, rewritten_bbox = 1.393728 % 
 MJPEG-stream sent. 
Loaded: 0.000049 seconds

 (next mAP calculation at 1856 iterations) 
 38: 269.333832, 274.203918 avg loss, 0.000000 rate, 0.072901 seconds, 304 images, 2.781678 hours left
v3 (mse loss, Normalizer: (iou: 0.75, cls: 1.00) Region 16 Avg (IOU: 0.000000, GIOU: 0.000000), Class: 0.000000, Obj: 0.000000, No Obj: 0.529575, .5R: 0.000000, .75R: 0.000000, count: 1, class_loss = 127.785233, iou_loss = 0.000000, total_loss = 127.785233 
v3 (mse loss, Normalizer: (iou: 0.75, cls: 1.00) Region 23 Avg (IOU: 0.415690, GIOU: 0.352640), Class: 0.443273, Obj: 0.488276, No Obj: 0.454255, .5R: 0.375000, .75R: 0.000000, count: 8, class_loss = 410.033569, iou_loss = 12.032654, total_loss = 422.066223 
 total_bbox = 869, rewritten_bbox = 1.380898 % 
v3 (mse loss, Normalizer: (iou: 0.75, cls: 1.00) Region 16 Avg (IOU: 0.531025, GIOU: 0.470723), Class: 0.289049, Obj: 0.392738, No Obj: 0.532835, .5R: 1.000000, .75R: 0.000000, count: 1, class_loss = 132.210434, iou_loss = 0.255524, total_loss = 132.465958 
v3 (mse loss, Normalizer: (iou: 0.75, cls: 1.00) Region 23 Avg (IOU: 0.485092, GIOU: 0.442744), Class: 0.418476, Obj: 0.201230, No Obj: 0.455794, .5R: 0.000000, .75R: 0.000000, count: 1, class_loss = 394.987366, iou_loss = 0.430237, total_loss = 395.417603 
 total_bbox = 871, rewritten_bbox = 1.377727 % 
v3 (mse loss, Normalizer: (iou: 0.75, cls: 1.00) Region 16 Avg (IOU: 0.407056, GIOU: 0.347569), Class: 0.602710, Obj: 0.756469, No Obj: 0.532037, .5R: 0.000000, .75R: 0.000000, count: 2, class_loss = 130.844482, iou_loss = 0.733521, total_loss = 131.578003 
v3 (mse loss, Normalizer: (iou: 0.75, cls: 1.00) Region 23 Avg (IOU: 0.000000, GIOU: 0.000000), Class: 0.000000, Obj: 0.000000, No Obj: 0.453271, .5R: 0.000000, .75R: 0.000000, count: 1, class_loss = 386.022278, iou_loss = 0.000000, total_loss = 386.022278 
 total_bbox = 873, rewritten_bbox = 1.374570 % 
v3 (mse loss, Normalizer: (iou: 0.75, cls: 1.00) Region 16 Avg (IOU: 0.438869, GIOU: 0.281859), Class: 0.258585, Obj: 0.517706, No Obj: 0.530289, .5R: 0.333333, .75R: 0.000000, count: 3, class_loss = 136.837051, iou_loss = 1.870850, total_loss = 138.707901 
v3 (mse loss, Normalizer: (iou: 0.75, cls: 1.00) Region 23 Avg (IOU: 0.389849, GIOU: 0.337458), Class: 0.539762, Obj: 0.512293, No Obj: 0.454425, .5R: 0.285714, .75R: 0.000000, count: 7, class_loss = 405.112000, iou_loss = 6.139130, total_loss = 411.251129 
 total_bbox = 883, rewritten_bbox = 1.359003 % 
 MJPEG-stream sent. 
Loaded: 0.000054 seconds

 (next mAP calculation at 1856 iterations) 
 39: 268.161774, 273.599701 avg loss, 0.000000 rate, 0.067477 seconds, 312 images, 2.770067 hours left
v3 (mse loss, Normalizer: (iou: 0.75, cls: 1.00) Region 16 Avg (IOU: 0.375185, GIOU: 0.242917), Class: 0.408320, Obj: 0.549368, No Obj: 0.530319, .5R: 0.333333, .75R: 0.000000, count: 3, class_loss = 135.737228, iou_loss = 5.085327, total_loss = 140.822556 
v3 (mse loss, Normalizer: (iou: 0.75, cls: 1.00) Region 23 Avg (IOU: 0.309088, GIOU: 0.129348), Class: 0.749308, Obj: 0.522910, No Obj: 0.455972, .5R: 0.187500, .75R: 0.000000, count: 16, class_loss = 422.506104, iou_loss = 35.939484, total_loss = 458.445587 
 total_bbox = 902, rewritten_bbox = 1.552106 % 
v3 (mse loss, Normalizer: (iou: 0.75, cls: 1.00) Region 16 Avg (IOU: 0.460806, GIOU: 0.335111), Class: 0.571821, Obj: 0.600078, No Obj: 0.531945, .5R: 0.000000, .75R: 0.000000, count: 2, class_loss = 133.442551, iou_loss = 1.291122, total_loss = 134.733673 
v3 (mse loss, Normalizer: (iou: 0.75, cls: 1.00) Region 23 Avg (IOU: 0.444910, GIOU: 0.333258), Class: 0.804050, Obj: 0.513177, No Obj: 0.454163, .5R: 0.000000, .75R: 0.000000, count: 1, class_loss = 389.427399, iou_loss = 0.618378, total_loss = 390.045776 
 total_bbox = 905, rewritten_bbox = 1.546961 % 
v3 (mse loss, Normalizer: (iou: 0.75, cls: 1.00) Region 16 Avg (IOU: 0.270674, GIOU: 0.173778), Class: 0.575425, Obj: 0.435762, No Obj: 0.532975, .5R: 0.000000, .75R: 0.000000, count: 4, class_loss = 139.516022, iou_loss = 7.788208, total_loss = 147.304230 
v3 (mse loss, Normalizer: (iou: 0.75, cls: 1.00) Region 23 Avg (IOU: 0.302938, GIOU: 0.205266), Class: 0.522884, Obj: 0.241103, No Obj: 0.450729, .5R: 0.000000, .75R: 0.000000, count: 1, class_loss = 382.617554, iou_loss = 1.435303, total_loss = 384.052856 
 total_bbox = 910, rewritten_bbox = 1.538462 % 
v3 (mse loss, Normalizer: (iou: 0.75, cls: 1.00) Region 16 Avg (IOU: 0.569878, GIOU: 0.566893), Class: 0.530176, Obj: 0.446260, No Obj: 0.530207, .5R: 0.500000, .75R: 0.500000, count: 2, class_loss = 131.585739, iou_loss = 0.814041, total_loss = 132.399780 
v3 (mse loss, Normalizer: (iou: 0.75, cls: 1.00) Region 23 Avg (IOU: 0.369078, GIOU: 0.300717), Class: 0.221799, Obj: 0.563036, No Obj: 0.457502, .5R: 0.333333, .75R: 0.000000, count: 3, class_loss = 398.308807, iou_loss = 1.997955, total_loss = 400.306763 
 total_bbox = 915, rewritten_bbox = 1.530055 % 
 MJPEG-stream sent. 
Loaded: 0.000044 seconds

 (next mAP calculation at 1856 iterations) 
 40: 273.513916, 273.591125 avg loss, 0.000000 rate, 0.068297 seconds, 320 images, 2.757368 hours left
v3 (mse loss, Normalizer: (iou: 0.75, cls: 1.00) Region 16 Avg (IOU: 0.448599, GIOU: 0.226246), Class: 0.635028, Obj: 0.343571, No Obj: 0.529652, .5R: 0.500000, .75R: 0.000000, count: 2, class_loss = 110.813171, iou_loss = 2.341454, total_loss = 113.154625 
v3 (mse loss, Normalizer: (iou: 0.75, cls: 1.00) Region 23 Avg (IOU: 0.245891, GIOU: 0.198178), Class: 0.685291, Obj: 0.293160, No Obj: 0.454515, .5R: 0.000000, .75R: 0.000000, count: 2, class_loss = 330.947968, iou_loss = 3.696350, total_loss = 334.644318 
 total_bbox = 919, rewritten_bbox = 1.523395 % 
v3 (mse loss, Normalizer: (iou: 0.75, cls: 1.00) Region 16 Avg (IOU: 0.695286, GIOU: 0.695286), Class: 0.646993, Obj: 0.621576, No Obj: 0.529813, .5R: 1.000000, .75R: 0.000000, count: 1, class_loss = 108.445663, iou_loss = 0.038193, total_loss = 108.483856 
v3 (mse loss, Normalizer: (iou: 0.75, cls: 1.00) Region 23 Avg (IOU: 0.472107, GIOU: 0.396008), Class: 0.534214, Obj: 0.558954, No Obj: 0.453878, .5R: 0.500000, .75R: 0.000000, count: 2, class_loss = 327.851410, iou_loss = 1.394470, total_loss = 329.245880 
 total_bbox = 922, rewritten_bbox = 1.518438 % 
v3 (mse loss, Normalizer: (iou: 0.75, cls: 1.00) Region 16 Avg (IOU: 0.436222, GIOU: 0.283522), Class: 0.494198, Obj: 0.439895, No Obj: 0.531531, .5R: 0.000000, .75R: 0.000000, count: 1, class_loss = 109.986359, iou_loss = 0.875549, total_loss = 110.861908 
v3 (mse loss, Normalizer: (iou: 0.75, cls: 1.00) Region 23 Avg (IOU: 0.265490, GIOU: -0.033429), Class: 0.640065, Obj: 0.299810, No Obj: 0.454408, .5R: 0.250000, .75R: 0.000000, count: 4, class_loss = 336.807434, iou_loss = 10.195190, total_loss = 347.002625 
 total_bbox = 927, rewritten_bbox = 1.510248 % 
v3 (mse loss, Normalizer: (iou: 0.75, cls: 1.00) Region 16 Avg (IOU: 0.193941, GIOU: 0.193941), Class: 0.519965, Obj: 0.455155, No Obj: 0.532006, .5R: 0.000000, .75R: 0.000000, count: 1, class_loss = 109.606415, iou_loss = 0.476997, total_loss = 110.083412 
v3 (mse loss, Normalizer: (iou: 0.75, cls: 1.00) Region 23 Avg (IOU: 0.271871, GIOU: -0.043784), Class: 0.398119, Obj: 0.203081, No Obj: 0.455810, .5R: 0.000000, .75R: 0.000000, count: 1, class_loss = 332.276428, iou_loss = 1.795380, total_loss = 334.071808 
 total_bbox = 929, rewritten_bbox = 1.506997 % 
 MJPEG-stream sent. 
Resizing, random_coef = 1.40 

 352 x 352 
 try to allocate additional workspace_size = 52.43 MB 
 CUDA allocate done! 
Loaded: 0.000043 seconds

 (next mAP calculation at 1856 iterations) 
 41: 223.443542, 268.576355 avg loss, 0.000000 rate, 0.055070 seconds, 328 images, 2.744977 hours left
v3 (mse loss, Normalizer: (iou: 0.75, cls: 1.00) Region 16 Avg (IOU: 0.292992, GIOU: 0.246670), Class: 0.482254, Obj: 0.489111, No Obj: 0.533234, .5R: 0.500000, .75R: 0.000000, count: 2, class_loss = 114.290894, iou_loss = 4.786484, total_loss = 119.077377 
v3 (mse loss, Normalizer: (iou: 0.75, cls: 1.00) Region 23 Avg (IOU: 0.000000, GIOU: 0.000000), Class: 0.000000, Obj: 0.000000, No Obj: 0.452266, .5R: 0.000000, .75R: 0.000000, count: 1, class_loss = 323.236328, iou_loss = 0.000000, total_loss = 323.236328 
 total_bbox = 931, rewritten_bbox = 1.503759 % 
v3 (mse loss, Normalizer: (iou: 0.75, cls: 1.00) Region 16 Avg (IOU: 0.541569, GIOU: 0.516282), Class: 0.415146, Obj: 0.579756, No Obj: 0.532346, .5R: 1.000000, .75R: 0.000000, count: 1, class_loss = 110.615379, iou_loss = 0.547356, total_loss = 111.162735 
v3 (mse loss, Normalizer: (iou: 0.75, cls: 1.00) Region 23 Avg (IOU: 0.247055, GIOU: 0.220403), Class: 0.541750, Obj: 0.517444, No Obj: 0.453927, .5R: 0.000000, .75R: 0.000000, count: 4, class_loss = 336.761169, iou_loss = 5.726135, total_loss = 342.487305 
 total_bbox = 936, rewritten_bbox = 1.495726 % 
v3 (mse loss, Normalizer: (iou: 0.75, cls: 1.00) Region 16 Avg (IOU: 0.294000, GIOU: 0.043794), Class: 0.435241, Obj: 0.353735, No Obj: 0.533709, .5R: 0.000000, .75R: 0.000000, count: 1, class_loss = 111.554962, iou_loss = 0.950188, total_loss = 112.505150 
v3 (mse loss, Normalizer: (iou: 0.75, cls: 1.00) Region 23 Avg (IOU: 0.207536, GIOU: -0.072344), Class: 0.293108, Obj: 0.216533, No Obj: 0.453793, .5R: 0.000000, .75R: 0.000000, count: 2, class_loss = 331.522766, iou_loss = 6.088989, total_loss = 337.611755 
 total_bbox = 939, rewritten_bbox = 1.490948 % 
v3 (mse loss, Normalizer: (iou: 0.75, cls: 1.00) Region 16 Avg (IOU: 0.451512, GIOU: 0.451512), Class: 0.161389, Obj: 0.587405, No Obj: 0.527710, .5R: 0.000000, .75R: 0.000000, count: 1, class_loss = 108.473938, iou_loss = 0.450012, total_loss = 108.923950 
v3 (mse loss, Normalizer: (iou: 0.75, cls: 1.00) Region 23 Avg (IOU: 0.277229, GIOU: 0.176447), Class: 0.449654, Obj: 0.465415, No Obj: 0.456524, .5R: 0.125000, .75R: 0.000000, count: 8, class_loss = 349.126923, iou_loss = 16.966125, total_loss = 366.093048 
 total_bbox = 948, rewritten_bbox = 1.476793 % 
 MJPEG-stream sent. 
Loaded: 0.000050 seconds

 (next mAP calculation at 1856 iterations) 
 42: 227.637207, 264.482452 avg loss, 0.000000 rate, 0.062871 seconds, 336 images, 2.729770 hours left
v3 (mse loss, Normalizer: (iou: 0.75, cls: 1.00) Region 16 Avg (IOU: 0.319616, GIOU: 0.135323), Class: 0.525917, Obj: 0.414339, No Obj: 0.528712, .5R: 0.000000, .75R: 0.000000, count: 2, class_loss = 111.928963, iou_loss = 2.117348, total_loss = 114.046310 
v3 (mse loss, Normalizer: (iou: 0.75, cls: 1.00) Region 23 Avg (IOU: 0.212895, GIOU: -0.110440), Class: 0.685445, Obj: 0.701318, No Obj: 0.454746, .5R: 0.000000, .75R: 0.000000, count: 1, class_loss = 329.114227, iou_loss = 2.548615, total_loss = 331.662842 
 total_bbox = 951, rewritten_bbox = 1.472135 % 
v3 (mse loss, Normalizer: (iou: 0.75, cls: 1.00) Region 16 Avg (IOU: 0.502649, GIOU: 0.460140), Class: 0.246765, Obj: 0.352330, No Obj: 0.532300, .5R: 1.000000, .75R: 0.000000, count: 1, class_loss = 110.508972, iou_loss = 0.879944, total_loss = 111.388916 
v3 (mse loss, Normalizer: (iou: 0.75, cls: 1.00) Region 23 Avg (IOU: 0.278647, GIOU: 0.181315), Class: 0.579662, Obj: 0.251957, No Obj: 0.453466, .5R: 0.000000, .75R: 0.000000, count: 3, class_loss = 333.992188, iou_loss = 8.644440, total_loss = 342.636627 
 total_bbox = 955, rewritten_bbox = 1.465969 % 
v3 (mse loss, Normalizer: (iou: 0.75, cls: 1.00) Region 16 Avg (IOU: 0.431960, GIOU: 0.426710), Class: 0.630003, Obj: 0.612343, No Obj: 0.531848, .5R: 0.500000, .75R: 0.500000, count: 2, class_loss = 111.297356, iou_loss = 3.511719, total_loss = 114.809074 
v3 (mse loss, Normalizer: (iou: 0.75, cls: 1.00) Region 23 Avg (IOU: 0.308868, GIOU: 0.154326), Class: 0.463681, Obj: 0.395373, No Obj: 0.452949, .5R: 0.285714, .75R: 0.000000, count: 7, class_loss = 346.229645, iou_loss = 19.764404, total_loss = 365.994049 
 total_bbox = 964, rewritten_bbox = 1.452282 % 
v3 (mse loss, Normalizer: (iou: 0.75, cls: 1.00) Region 16 Avg (IOU: 0.436472, GIOU: 0.305858), Class: 0.302534, Obj: 0.667142, No Obj: 0.530142, .5R: 0.000000, .75R: 0.000000, count: 1, class_loss = 109.669411, iou_loss = 0.431770, total_loss = 110.101181 
v3 (mse loss, Normalizer: (iou: 0.75, cls: 1.00) Region 23 Avg (IOU: 0.300946, GIOU: 0.101033), Class: 0.360949, Obj: 0.446373, No Obj: 0.453663, .5R: 0.071429, .75R: 0.000000, count: 14, class_loss = 365.813782, iou_loss = 25.694458, total_loss = 391.508240 
 total_bbox = 979, rewritten_bbox = 1.430031 % 
 MJPEG-stream sent. 
Loaded: 0.000059 seconds

 (next mAP calculation at 1856 iterations) 
 43: 235.268402, 261.561035 avg loss, 0.000000 rate, 0.061320 seconds, 344 images, 2.716451 hours left
v3 (mse loss, Normalizer: (iou: 0.75, cls: 1.00) Region 16 Avg (IOU: 0.595591, GIOU: 0.521872), Class: 0.538248, Obj: 0.533785, No Obj: 0.531719, .5R: 0.500000, .75R: 0.000000, count: 2, class_loss = 112.975845, iou_loss = 0.633705, total_loss = 113.609550 
v3 (mse loss, Normalizer: (iou: 0.75, cls: 1.00) Region 23 Avg (IOU: 0.198445, GIOU: 0.085232), Class: 0.412966, Obj: 0.330839, No Obj: 0.452979, .5R: 0.000000, .75R: 0.000000, count: 5, class_loss = 339.560242, iou_loss = 13.932007, total_loss = 353.492249 
 total_bbox = 986, rewritten_bbox = 1.419878 % 
v3 (mse loss, Normalizer: (iou: 0.75, cls: 1.00) Region 16 Avg (IOU: 0.510355, GIOU: 0.469754), Class: 0.659688, Obj: 0.655311, No Obj: 0.528617, .5R: 0.500000, .75R: 0.000000, count: 2, class_loss = 110.091515, iou_loss = 1.022598, total_loss = 111.114113 
v3 (mse loss, Normalizer: (iou: 0.75, cls: 1.00) Region 23 Avg (IOU: 0.526490, GIOU: 0.517077), Class: 0.729733, Obj: 0.159000, No Obj: 0.458173, .5R: 1.000000, .75R: 0.000000, count: 1, class_loss = 330.929688, iou_loss = 0.485748, total_loss = 331.415436 
 total_bbox = 989, rewritten_bbox = 1.415571 % 
v3 (mse loss, Normalizer: (iou: 0.75, cls: 1.00) Region 16 Avg (IOU: 0.290443, GIOU: -0.019047), Class: 0.525730, Obj: 0.596029, No Obj: 0.532022, .5R: 0.000000, .75R: 0.000000, count: 2, class_loss = 113.464088, iou_loss = 2.206741, total_loss = 115.670830 
v3 (mse loss, Normalizer: (iou: 0.75, cls: 1.00) Region 23 Avg (IOU: 0.133077, GIOU: 0.041389), Class: 0.480135, Obj: 0.432039, No Obj: 0.452200, .5R: 0.000000, .75R: 0.000000, count: 2, class_loss = 327.314880, iou_loss = 7.898499, total_loss = 335.213379 
 total_bbox = 993, rewritten_bbox = 1.409869 % 
v3 (mse loss, Normalizer: (iou: 0.75, cls: 1.00) Region 16 Avg (IOU: 0.450837, GIOU: 0.344532), Class: 0.484369, Obj: 0.628404, No Obj: 0.530792, .5R: 0.500000, .75R: 0.000000, count: 2, class_loss = 111.998009, iou_loss = 1.188217, total_loss = 113.186226 
v3 (mse loss, Normalizer: (iou: 0.75, cls: 1.00) Region 23 Avg (IOU: 0.333541, GIOU: 0.134032), Class: 0.537443, Obj: 0.412884, No Obj: 0.452156, .5R: 0.333333, .75R: 0.000000, count: 3, class_loss = 331.072723, iou_loss = 7.117401, total_loss = 338.190125 
 total_bbox = 998, rewritten_bbox = 1.402806 % 
 MJPEG-stream sent. 
Loaded: 0.000048 seconds

 (next mAP calculation at 1856 iterations) 
 44: 226.486496, 258.053589 avg loss, 0.000000 rate, 0.066437 seconds, 352 images, 2.702921 hours left
v3 (mse loss, Normalizer: (iou: 0.75, cls: 1.00) Region 16 Avg (IOU: 0.395897, GIOU: 0.388995), Class: 0.515771, Obj: 0.545965, No Obj: 0.530854, .5R: 0.333333, .75R: 0.000000, count: 3, class_loss = 114.790665, iou_loss = 1.253616, total_loss = 116.044281 
v3 (mse loss, Normalizer: (iou: 0.75, cls: 1.00) Region 23 Avg (IOU: 0.000000, GIOU: 0.000000), Class: 0.000000, Obj: 0.000000, No Obj: 0.453157, .5R: 0.000000, .75R: 0.000000, count: 1, class_loss = 323.663086, iou_loss = 0.000000, total_loss = 323.663086 
 total_bbox = 1001, rewritten_bbox = 1.398601 % 
v3 (mse loss, Normalizer: (iou: 0.75, cls: 1.00) Region 16 Avg (IOU: 0.807261, GIOU: 0.807261), Class: 0.325726, Obj: 0.711768, No Obj: 0.531138, .5R: 1.000000, .75R: 1.000000, count: 1, class_loss = 109.102943, iou_loss = 0.056351, total_loss = 109.159294 
v3 (mse loss, Normalizer: (iou: 0.75, cls: 1.00) Region 23 Avg (IOU: 0.436751, GIOU: 0.400655), Class: 0.414625, Obj: 0.443014, No Obj: 0.454617, .5R: 0.200000, .75R: 0.000000, count: 5, class_loss = 335.794220, iou_loss = 4.377136, total_loss = 340.171356 
 total_bbox = 1007, rewritten_bbox = 1.390268 % 
v3 (mse loss, Normalizer: (iou: 0.75, cls: 1.00) Region 16 Avg (IOU: 0.529026, GIOU: 0.438900), Class: 0.565416, Obj: 0.653256, No Obj: 0.530993, .5R: 0.500000, .75R: 0.000000, count: 2, class_loss = 111.694107, iou_loss = 0.756401, total_loss = 112.450508 
v3 (mse loss, Normalizer: (iou: 0.75, cls: 1.00) Region 23 Avg (IOU: 0.497484, GIOU: 0.428930), Class: 0.626773, Obj: 0.472990, No Obj: 0.455795, .5R: 0.500000, .75R: 0.000000, count: 2, class_loss = 332.543030, iou_loss = 1.504883, total_loss = 334.047913 
 total_bbox = 1011, rewritten_bbox = 1.384768 % 
v3 (mse loss, Normalizer: (iou: 0.75, cls: 1.00) Region 16 Avg (IOU: 0.266526, GIOU: 0.231014), Class: 0.518830, Obj: 0.730958, No Obj: 0.533157, .5R: 0.000000, .75R: 0.000000, count: 2, class_loss = 112.088730, iou_loss = 2.144524, total_loss = 114.233253 
v3 (mse loss, Normalizer: (iou: 0.75, cls: 1.00) Region 23 Avg (IOU: 0.262969, GIOU: 0.112137), Class: 0.484503, Obj: 0.239781, No Obj: 0.452571, .5R: 0.000000, .75R: 0.000000, count: 3, class_loss = 333.201904, iou_loss = 4.777008, total_loss = 337.978912 
 total_bbox = 1016, rewritten_bbox = 1.377953 % 
 MJPEG-stream sent. 
Loaded: 0.000046 seconds

 (next mAP calculation at 1856 iterations) 
 45: 223.468567, 254.595093 avg loss, 0.000000 rate, 0.061418 seconds, 360 images, 2.690661 hours left
v3 (mse loss, Normalizer: (iou: 0.75, cls: 1.00) Region 16 Avg (IOU: 0.569204, GIOU: 0.497638), Class: 0.410010, Obj: 0.555420, No Obj: 0.530565, .5R: 0.666667, .75R: 0.000000, count: 3, class_loss = 115.185158, iou_loss = 1.246811, total_loss = 116.431969 
v3 (mse loss, Normalizer: (iou: 0.75, cls: 1.00) Region 23 Avg (IOU: 0.269705, GIOU: 0.148288), Class: 0.409360, Obj: 0.424309, No Obj: 0.452924, .5R: 0.000000, .75R: 0.000000, count: 5, class_loss = 338.247253, iou_loss = 9.245880, total_loss = 347.493134 
 total_bbox = 1024, rewritten_bbox = 1.367188 % 
v3 (mse loss, Normalizer: (iou: 0.75, cls: 1.00) Region 16 Avg (IOU: 0.591136, GIOU: 0.531835), Class: 0.469495, Obj: 0.456517, No Obj: 0.530809, .5R: 0.500000, .75R: 0.500000, count: 2, class_loss = 112.288559, iou_loss = 1.012421, total_loss = 113.300980 
v3 (mse loss, Normalizer: (iou: 0.75, cls: 1.00) Region 23 Avg (IOU: 0.363339, GIOU: 0.209279), Class: 0.501046, Obj: 0.398917, No Obj: 0.453107, .5R: 0.333333, .75R: 0.000000, count: 3, class_loss = 331.343262, iou_loss = 3.950500, total_loss = 335.293762 
 total_bbox = 1029, rewritten_bbox = 1.360544 % 
v3 (mse loss, Normalizer: (iou: 0.75, cls: 1.00) Region 16 Avg (IOU: 0.660222, GIOU: 0.660222), Class: 0.294926, Obj: 0.668479, No Obj: 0.533739, .5R: 1.000000, .75R: 0.000000, count: 1, class_loss = 110.570023, iou_loss = 0.462570, total_loss = 111.032593 
v3 (mse loss, Normalizer: (iou: 0.75, cls: 1.00) Region 23 Avg (IOU: 0.334624, GIOU: 0.237858), Class: 0.565420, Obj: 0.472368, No Obj: 0.452386, .5R: 0.111111, .75R: 0.000000, count: 9, class_loss = 347.716644, iou_loss = 12.623810, total_loss = 360.340454 
 total_bbox = 1039, rewritten_bbox = 1.347449 % 
v3 (mse loss, Normalizer: (iou: 0.75, cls: 1.00) Region 16 Avg (IOU: 0.401114, GIOU: 0.401114), Class: 0.694620, Obj: 0.500420, No Obj: 0.528142, .5R: 0.000000, .75R: 0.000000, count: 1, class_loss = 107.884956, iou_loss = 0.328415, total_loss = 108.213371 
v3 (mse loss, Normalizer: (iou: 0.75, cls: 1.00) Region 23 Avg (IOU: 0.162986, GIOU: 0.147202), Class: 0.739021, Obj: 0.459615, No Obj: 0.453124, .5R: 0.000000, .75R: 0.000000, count: 2, class_loss = 329.193420, iou_loss = 4.586731, total_loss = 333.780151 
 total_bbox = 1042, rewritten_bbox = 1.343570 % 
 MJPEG-stream sent. 
Loaded: 0.000047 seconds

 (next mAP calculation at 1856 iterations) 
 46: 228.235794, 251.959167 avg loss, 0.000000 rate, 0.062655 seconds, 368 images, 2.677407 hours left
v3 (mse loss, Normalizer: (iou: 0.75, cls: 1.00) Region 16 Avg (IOU: 0.441881, GIOU: 0.397314), Class: 0.620896, Obj: 0.547468, No Obj: 0.532357, .5R: 0.000000, .75R: 0.000000, count: 1, class_loss = 109.937172, iou_loss = 1.004059, total_loss = 110.941231 
v3 (mse loss, Normalizer: (iou: 0.75, cls: 1.00) Region 23 Avg (IOU: 0.204620, GIOU: -0.164773), Class: 0.495964, Obj: 0.313094, No Obj: 0.452500, .5R: 0.000000, .75R: 0.000000, count: 2, class_loss = 328.256836, iou_loss = 11.887146, total_loss = 340.143982 
 total_bbox = 1045, rewritten_bbox = 1.339713 % 
v3 (mse loss, Normalizer: (iou: 0.75, cls: 1.00) Region 16 Avg (IOU: 0.451561, GIOU: 0.407122), Class: 0.390494, Obj: 0.541985, No Obj: 0.529886, .5R: 0.500000, .75R: 0.000000, count: 2, class_loss = 111.647903, iou_loss = 1.200737, total_loss = 112.848640 
v3 (mse loss, Normalizer: (iou: 0.75, cls: 1.00) Region 23 Avg (IOU: 0.000000, GIOU: 0.000000), Class: 0.000000, Obj: 0.000000, No Obj: 0.453485, .5R: 0.000000, .75R: 0.000000, count: 1, class_loss = 323.800629, iou_loss = 0.000000, total_loss = 323.800629 
 total_bbox = 1047, rewritten_bbox = 1.337154 % 
v3 (mse loss, Normalizer: (iou: 0.75, cls: 1.00) Region 16 Avg (IOU: 0.491434, GIOU: 0.491434), Class: 0.603658, Obj: 0.601491, No Obj: 0.531505, .5R: 0.000000, .75R: 0.000000, count: 1, class_loss = 109.664963, iou_loss = 0.525536, total_loss = 110.190498 
v3 (mse loss, Normalizer: (iou: 0.75, cls: 1.00) Region 23 Avg (IOU: 0.029535, GIOU: 0.029535), Class: 0.532553, Obj: 0.159599, No Obj: 0.452927, .5R: 0.000000, .75R: 0.000000, count: 1, class_loss = 328.287262, iou_loss = 7.016205, total_loss = 335.303467 
 total_bbox = 1049, rewritten_bbox = 1.334604 % 
v3 (mse loss, Normalizer: (iou: 0.75, cls: 1.00) Region 16 Avg (IOU: 0.000000, GIOU: 0.000000), Class: 0.000000, Obj: 0.000000, No Obj: 0.528589, .5R: 0.000000, .75R: 0.000000, count: 1, class_loss = 106.037651, iou_loss = 0.000000, total_loss = 106.037651 
v3 (mse loss, Normalizer: (iou: 0.75, cls: 1.00) Region 23 Avg (IOU: 0.309496, GIOU: 0.235067), Class: 0.487100, Obj: 0.348387, No Obj: 0.453797, .5R: 0.250000, .75R: 0.000000, count: 8, class_loss = 348.707642, iou_loss = 18.054688, total_loss = 366.762329 
 total_bbox = 1057, rewritten_bbox = 1.324503 % 
 MJPEG-stream sent. 
Loaded: 0.000049 seconds

 (next mAP calculation at 1856 iterations) 
 47: 225.753571, 249.338608 avg loss, 0.000000 rate, 0.063018 seconds, 376 images, 2.664561 hours left
v3 (mse loss, Normalizer: (iou: 0.75, cls: 1.00) Region 16 Avg (IOU: 0.219415, GIOU: -0.098856), Class: 0.314770, Obj: 0.517183, No Obj: 0.529414, .5R: 0.000000, .75R: 0.000000, count: 2, class_loss = 112.261978, iou_loss = 4.193672, total_loss = 116.455650 
v3 (mse loss, Normalizer: (iou: 0.75, cls: 1.00) Region 23 Avg (IOU: 0.402468, GIOU: 0.383244), Class: 0.617688, Obj: 0.482851, No Obj: 0.455581, .5R: 0.333333, .75R: 0.000000, count: 3, class_loss = 334.639832, iou_loss = 4.077026, total_loss = 338.716858 
 total_bbox = 1062, rewritten_bbox = 1.318267 % 
v3 (mse loss, Normalizer: (iou: 0.75, cls: 1.00) Region 16 Avg (IOU: 0.413815, GIOU: 0.369371), Class: 0.415566, Obj: 0.564334, No Obj: 0.531433, .5R: 0.000000, .75R: 0.000000, count: 3, class_loss = 114.791878, iou_loss = 1.445641, total_loss = 116.237518 
v3 (mse loss, Normalizer: (iou: 0.75, cls: 1.00) Region 23 Avg (IOU: 0.446956, GIOU: 0.409912), Class: 0.726589, Obj: 0.211034, No Obj: 0.453760, .5R: 0.500000, .75R: 0.000000, count: 2, class_loss = 331.623016, iou_loss = 1.017365, total_loss = 332.640381 
 total_bbox = 1067, rewritten_bbox = 1.312090 % 
v3 (mse loss, Normalizer: (iou: 0.75, cls: 1.00) Region 16 Avg (IOU: 0.489798, GIOU: 0.481438), Class: 0.571064, Obj: 0.668195, No Obj: 0.531359, .5R: 0.666667, .75R: 0.000000, count: 3, class_loss = 113.750488, iou_loss = 1.090813, total_loss = 114.841301 
v3 (mse loss, Normalizer: (iou: 0.75, cls: 1.00) Region 23 Avg (IOU: 0.087133, GIOU: 0.087133), Class: 0.585140, Obj: 0.721486, No Obj: 0.453172, .5R: 0.000000, .75R: 0.000000, count: 2, class_loss = 326.171448, iou_loss = 15.350952, total_loss = 341.522400 
 total_bbox = 1072, rewritten_bbox = 1.399254 % 
v3 (mse loss, Normalizer: (iou: 0.75, cls: 1.00) Region 16 Avg (IOU: 0.360867, GIOU: 0.203094), Class: 0.396970, Obj: 0.657127, No Obj: 0.527522, .5R: 0.333333, .75R: 0.000000, count: 3, class_loss = 114.494141, iou_loss = 4.210220, total_loss = 118.704361 
v3 (mse loss, Normalizer: (iou: 0.75, cls: 1.00) Region 23 Avg (IOU: 0.000000, GIOU: 0.000000), Class: 0.000000, Obj: 0.000000, No Obj: 0.455252, .5R: 0.000000, .75R: 0.000000, count: 1, class_loss = 325.311646, iou_loss = 0.000000, total_loss = 325.311646 
 total_bbox = 1075, rewritten_bbox = 1.395349 % 
 MJPEG-stream sent. 
Loaded: 0.000050 seconds

 (next mAP calculation at 1856 iterations) 
 48: 225.553757, 246.960129 avg loss, 0.000000 rate, 0.061784 seconds, 384 images, 2.651925 hours left
v3 (mse loss, Normalizer: (iou: 0.75, cls: 1.00) Region 16 Avg (IOU: 0.289982, GIOU: 0.079460), Class: 0.548929, Obj: 0.535702, No Obj: 0.532308, .5R: 0.000000, .75R: 0.000000, count: 2, class_loss = 111.518257, iou_loss = 2.100899, total_loss = 113.619156 
v3 (mse loss, Normalizer: (iou: 0.75, cls: 1.00) Region 23 Avg (IOU: 0.639711, GIOU: 0.595204), Class: 0.418155, Obj: 0.284299, No Obj: 0.454566, .5R: 1.000000, .75R: 0.000000, count: 2, class_loss = 333.266968, iou_loss = 0.725342, total_loss = 333.992310 
 total_bbox = 1079, rewritten_bbox = 1.390176 % 
v3 (mse loss, Normalizer: (iou: 0.75, cls: 1.00) Region 16 Avg (IOU: 0.312118, GIOU: 0.061138), Class: 0.436510, Obj: 0.700511, No Obj: 0.531784, .5R: 0.000000, .75R: 0.000000, count: 1, class_loss = 109.606087, iou_loss = 0.892128, total_loss = 110.498215 
v3 (mse loss, Normalizer: (iou: 0.75, cls: 1.00) Region 23 Avg (IOU: 0.443507, GIOU: 0.443507), Class: 0.413137, Obj: 0.301406, No Obj: 0.452994, .5R: 0.500000, .75R: 0.000000, count: 2, class_loss = 332.043457, iou_loss = 1.158752, total_loss = 333.202209 
 total_bbox = 1082, rewritten_bbox = 1.386322 % 
v3 (mse loss, Normalizer: (iou: 0.75, cls: 1.00) Region 16 Avg (IOU: 0.441141, GIOU: 0.367181), Class: 0.636811, Obj: 0.554921, No Obj: 0.533009, .5R: 0.333333, .75R: 0.000000, count: 3, class_loss = 114.975250, iou_loss = 2.127716, total_loss = 117.102966 
v3 (mse loss, Normalizer: (iou: 0.75, cls: 1.00) Region 23 Avg (IOU: 0.000000, GIOU: 0.000000), Class: 0.000000, Obj: 0.000000, No Obj: 0.456608, .5R: 0.000000, .75R: 0.000000, count: 1, class_loss = 330.917908, iou_loss = 0.000000, total_loss = 330.917908 
 total_bbox = 1085, rewritten_bbox = 1.382488 % 
v3 (mse loss, Normalizer: (iou: 0.75, cls: 1.00) Region 16 Avg (IOU: 0.846680, GIOU: 0.844089), Class: 0.659264, Obj: 0.421340, No Obj: 0.532861, .5R: 1.000000, .75R: 1.000000, count: 1, class_loss = 110.070137, iou_loss = 0.144585, total_loss = 110.214722 
v3 (mse loss, Normalizer: (iou: 0.75, cls: 1.00) Region 23 Avg (IOU: 0.217040, GIOU: 0.179790), Class: 0.596464, Obj: 0.431474, No Obj: 0.456538, .5R: 0.000000, .75R: 0.000000, count: 7, class_loss = 349.031372, iou_loss = 18.843842, total_loss = 367.875214 
 total_bbox = 1093, rewritten_bbox = 1.372370 % 
 MJPEG-stream sent. 
Loaded: 0.000049 seconds

 (next mAP calculation at 1856 iterations) 
 49: 227.177841, 244.981903 avg loss, 0.000000 rate, 0.061142 seconds, 392 images, 2.639140 hours left
v3 (mse loss, Normalizer: (iou: 0.75, cls: 1.00) Region 16 Avg (IOU: 0.427879, GIOU: 0.338491), Class: 0.583370, Obj: 0.595587, No Obj: 0.532375, .5R: 0.333333, .75R: 0.000000, count: 3, class_loss = 114.174965, iou_loss = 1.570930, total_loss = 115.745895 
v3 (mse loss, Normalizer: (iou: 0.75, cls: 1.00) Region 23 Avg (IOU: 0.134149, GIOU: -0.047440), Class: 0.429202, Obj: 0.573803, No Obj: 0.451235, .5R: 0.000000, .75R: 0.000000, count: 3, class_loss = 330.661774, iou_loss = 10.702423, total_loss = 341.364197 
 total_bbox = 1099, rewritten_bbox = 1.364877 % 
v3 (mse loss, Normalizer: (iou: 0.75, cls: 1.00) Region 16 Avg (IOU: 0.360097, GIOU: 0.245227), Class: 0.371065, Obj: 0.769124, No Obj: 0.531195, .5R: 0.000000, .75R: 0.000000, count: 1, class_loss = 109.791603, iou_loss = 0.743774, total_loss = 110.535378 
v3 (mse loss, Normalizer: (iou: 0.75, cls: 1.00) Region 23 Avg (IOU: 0.460021, GIOU: 0.336543), Class: 0.401468, Obj: 0.554521, No Obj: 0.453577, .5R: 0.666667, .75R: 0.000000, count: 3, class_loss = 330.403625, iou_loss = 3.587646, total_loss = 333.991272 
 total_bbox = 1103, rewritten_bbox = 1.359927 % 
v3 (mse loss, Normalizer: (iou: 0.75, cls: 1.00) Region 16 Avg (IOU: 0.365045, GIOU: 0.191327), Class: 0.432684, Obj: 0.481348, No Obj: 0.532200, .5R: 0.000000, .75R: 0.000000, count: 2, class_loss = 112.874802, iou_loss = 1.472717, total_loss = 114.347519 
v3 (mse loss, Normalizer: (iou: 0.75, cls: 1.00) Region 23 Avg (IOU: 0.594077, GIOU: 0.571646), Class: 0.631974, Obj: 0.429072, No Obj: 0.452944, .5R: 0.666667, .75R: 0.333333, count: 3, class_loss = 332.075806, iou_loss = 1.322601, total_loss = 333.398407 
 total_bbox = 1108, rewritten_bbox = 1.353791 % 
v3 (mse loss, Normalizer: (iou: 0.75, cls: 1.00) Region 16 Avg (IOU: 0.459791, GIOU: 0.459791), Class: 0.459248, Obj: 0.640853, No Obj: 0.532573, .5R: 0.000000, .75R: 0.000000, count: 1, class_loss = 109.978539, iou_loss = 0.354385, total_loss = 110.332924 
v3 (mse loss, Normalizer: (iou: 0.75, cls: 1.00) Region 23 Avg (IOU: 0.408368, GIOU: 0.341012), Class: 0.490316, Obj: 0.370093, No Obj: 0.453232, .5R: 0.250000, .75R: 0.250000, count: 4, class_loss = 334.833191, iou_loss = 5.384094, total_loss = 340.217285 
 total_bbox = 1113, rewritten_bbox = 1.347709 % 
 MJPEG-stream sent. 
Loaded: 0.000049 seconds

 (next mAP calculation at 1856 iterations) 
 50: 224.991592, 242.982880 avg loss, 0.000000 rate, 0.061388 seconds, 400 images, 2.626341 hours left
v3 (mse loss, Normalizer: (iou: 0.75, cls: 1.00) Region 16 Avg (IOU: 0.310415, GIOU: 0.153771), Class: 0.697585, Obj: 0.665181, No Obj: 0.528344, .5R: 0.000000, .75R: 0.000000, count: 2, class_loss = 200.634308, iou_loss = 2.220657, total_loss = 202.854965 
v3 (mse loss, Normalizer: (iou: 0.75, cls: 1.00) Region 23 Avg (IOU: 0.000000, GIOU: 0.000000), Class: 0.000000, Obj: 0.000000, No Obj: 0.453929, .5R: 0.000000, .75R: 0.000000, count: 1, class_loss = 603.349182, iou_loss = 0.000000, total_loss = 603.349182 
 total_bbox = 1115, rewritten_bbox = 1.345291 % 
v3 (mse loss, Normalizer: (iou: 0.75, cls: 1.00) Region 16 Avg (IOU: 0.429079, GIOU: 0.425740), Class: 0.519343, Obj: 0.564601, No Obj: 0.530454, .5R: 0.500000, .75R: 0.250000, count: 4, class_loss = 209.310150, iou_loss = 3.619690, total_loss = 212.929840 
v3 (mse loss, Normalizer: (iou: 0.75, cls: 1.00) Region 23 Avg (IOU: 0.000000, GIOU: 0.000000), Class: 0.000000, Obj: 0.000000, No Obj: 0.453178, .5R: 0.000000, .75R: 0.000000, count: 1, class_loss = 602.400085, iou_loss = 0.000000, total_loss = 602.400085 
 total_bbox = 1119, rewritten_bbox = 1.340483 % 
v3 (mse loss, Normalizer: (iou: 0.75, cls: 1.00) Region 16 Avg (IOU: 0.551367, GIOU: 0.503693), Class: 0.437828, Obj: 0.571485, No Obj: 0.527556, .5R: 0.500000, .75R: 0.000000, count: 2, class_loss = 201.702835, iou_loss = 0.790039, total_loss = 202.492874 
v3 (mse loss, Normalizer: (iou: 0.75, cls: 1.00) Region 23 Avg (IOU: 0.000000, GIOU: 0.000000), Class: 0.000000, Obj: 0.000000, No Obj: 0.453214, .5R: 0.000000, .75R: 0.000000, count: 1, class_loss = 602.207703, iou_loss = 0.000000, total_loss = 602.207703 
 total_bbox = 1121, rewritten_bbox = 1.338091 % 
v3 (mse loss, Normalizer: (iou: 0.75, cls: 1.00) Region 16 Avg (IOU: 0.434046, GIOU: 0.272687), Class: 0.588724, Obj: 0.572462, No Obj: 0.531555, .5R: 0.500000, .75R: 0.000000, count: 2, class_loss = 204.632843, iou_loss = 2.690887, total_loss = 207.323730 
v3 (mse loss, Normalizer: (iou: 0.75, cls: 1.00) Region 23 Avg (IOU: 0.422641, GIOU: 0.347775), Class: 0.441076, Obj: 0.490424, No Obj: 0.455406, .5R: 0.350000, .75R: 0.050000, count: 20, class_loss = 662.816101, iou_loss = 23.549988, total_loss = 686.366089 
 total_bbox = 1143, rewritten_bbox = 1.312336 % 
 MJPEG-stream sent. 
Resizing, random_coef = 1.40 

 480 x 480 
 try to allocate additional workspace_size = 52.43 MB 
 CUDA allocate done! 
Loaded: 0.000051 seconds

 (next mAP calculation at 1856 iterations) 
 51: 414.990601, 260.183655 avg loss, 0.000000 rate, 0.082143 seconds, 408 images, 2.613724 hours left
v3 (mse loss, Normalizer: (iou: 0.75, cls: 1.00) Region 16 Avg (IOU: 0.581794, GIOU: 0.573571), Class: 0.540282, Obj: 0.509812, No Obj: 0.530347, .5R: 0.500000, .75R: 0.000000, count: 2, class_loss = 205.065857, iou_loss = 0.612076, total_loss = 205.677933 
v3 (mse loss, Normalizer: (iou: 0.75, cls: 1.00) Region 23 Avg (IOU: 0.341757, GIOU: 0.315981), Class: 0.637143, Obj: 0.331702, No Obj: 0.455182, .5R: 0.000000, .75R: 0.000000, count: 2, class_loss = 614.369568, iou_loss = 2.385681, total_loss = 616.755249 
 total_bbox = 1147, rewritten_bbox = 1.307759 % 
v3 (mse loss, Normalizer: (iou: 0.75, cls: 1.00) Region 16 Avg (IOU: 0.240076, GIOU: -0.092391), Class: 0.481966, Obj: 0.766053, No Obj: 0.533420, .5R: 0.000000, .75R: 0.000000, count: 2, class_loss = 204.528870, iou_loss = 2.385422, total_loss = 206.914291 
v3 (mse loss, Normalizer: (iou: 0.75, cls: 1.00) Region 23 Avg (IOU: 0.000000, GIOU: 0.000000), Class: 0.000000, Obj: 0.000000, No Obj: 0.452948, .5R: 0.000000, .75R: 0.000000, count: 1, class_loss = 603.853088, iou_loss = 0.000000, total_loss = 603.853088 
 total_bbox = 1149, rewritten_bbox = 1.305483 % 
v3 (mse loss, Normalizer: (iou: 0.75, cls: 1.00) Region 16 Avg (IOU: 0.339996, GIOU: 0.281310), Class: 0.565270, Obj: 0.575197, No Obj: 0.532830, .5R: 0.000000, .75R: 0.000000, count: 3, class_loss = 207.566467, iou_loss = 2.535034, total_loss = 210.101501 
v3 (mse loss, Normalizer: (iou: 0.75, cls: 1.00) Region 23 Avg (IOU: 0.470288, GIOU: 0.470289), Class: 0.626655, Obj: 0.397252, No Obj: 0.451146, .5R: 0.000000, .75R: 0.000000, count: 1, class_loss = 601.380981, iou_loss = 0.416931, total_loss = 601.797913 
 total_bbox = 1153, rewritten_bbox = 1.300954 % 
v3 (mse loss, Normalizer: (iou: 0.75, cls: 1.00) Region 16 Avg (IOU: 0.404154, GIOU: 0.308259), Class: 0.436535, Obj: 0.431383, No Obj: 0.531022, .5R: 0.000000, .75R: 0.000000, count: 2, class_loss = 204.692963, iou_loss = 1.398682, total_loss = 206.091644 
v3 (mse loss, Normalizer: (iou: 0.75, cls: 1.00) Region 23 Avg (IOU: 0.499878, GIOU: 0.421779), Class: 0.636076, Obj: 0.516381, No Obj: 0.454585, .5R: 0.600000, .75R: 0.200000, count: 5, class_loss = 617.544373, iou_loss = 4.516113, total_loss = 622.060486 
 total_bbox = 1160, rewritten_bbox = 1.293103 % 
 MJPEG-stream sent. 
Loaded: 0.000054 seconds

 (next mAP calculation at 1856 iterations) 
 52: 409.156525, 275.080933 avg loss, 0.000000 rate, 0.090890 seconds, 416 images, 2.605843 hours left
v3 (mse loss, Normalizer: (iou: 0.75, cls: 1.00) Region 16 Avg (IOU: 0.239756, GIOU: 0.080182), Class: 0.410782, Obj: 0.671173, No Obj: 0.529971, .5R: 0.000000, .75R: 0.000000, count: 2, class_loss = 202.066666, iou_loss = 2.937546, total_loss = 205.004211 
v3 (mse loss, Normalizer: (iou: 0.75, cls: 1.00) Region 23 Avg (IOU: 0.058211, GIOU: -0.187076), Class: 0.486624, Obj: 0.396408, No Obj: 0.455902, .5R: 0.000000, .75R: 0.000000, count: 3, class_loss = 617.402832, iou_loss = 25.605408, total_loss = 643.008240 
 total_bbox = 1165, rewritten_bbox = 1.287554 % 
v3 (mse loss, Normalizer: (iou: 0.75, cls: 1.00) Region 16 Avg (IOU: 0.341756, GIOU: 0.188075), Class: 0.420461, Obj: 0.513449, No Obj: 0.528892, .5R: 0.250000, .75R: 0.000000, count: 4, class_loss = 208.312469, iou_loss = 6.907043, total_loss = 215.219513 
v3 (mse loss, Normalizer: (iou: 0.75, cls: 1.00) Region 23 Avg (IOU: 0.224614, GIOU: 0.046993), Class: 0.619364, Obj: 0.394437, No Obj: 0.455770, .5R: 0.125000, .75R: 0.000000, count: 8, class_loss = 629.752930, iou_loss = 23.722778, total_loss = 653.475708 
 total_bbox = 1177, rewritten_bbox = 1.274426 % 
v3 (mse loss, Normalizer: (iou: 0.75, cls: 1.00) Region 16 Avg (IOU: 0.437112, GIOU: 0.320860), Class: 0.410212, Obj: 0.606428, No Obj: 0.530719, .5R: 0.500000, .75R: 0.000000, count: 4, class_loss = 210.417297, iou_loss = 3.827286, total_loss = 214.244583 
v3 (mse loss, Normalizer: (iou: 0.75, cls: 1.00) Region 23 Avg (IOU: 0.000000, GIOU: 0.000000), Class: 0.000000, Obj: 0.000000, No Obj: 0.453381, .5R: 0.000000, .75R: 0.000000, count: 1, class_loss = 602.997009, iou_loss = 0.000000, total_loss = 602.997009 
 total_bbox = 1181, rewritten_bbox = 1.270110 % 
v3 (mse loss, Normalizer: (iou: 0.75, cls: 1.00) Region 16 Avg (IOU: 0.585184, GIOU: 0.549075), Class: 0.449711, Obj: 0.455799, No Obj: 0.529741, .5R: 0.500000, .75R: 0.500000, count: 2, class_loss = 203.930786, iou_loss = 1.252899, total_loss = 205.183685 
v3 (mse loss, Normalizer: (iou: 0.75, cls: 1.00) Region 23 Avg (IOU: 0.526504, GIOU: 0.520677), Class: 0.386277, Obj: 0.478837, No Obj: 0.454909, .5R: 0.500000, .75R: 0.000000, count: 2, class_loss = 610.759277, iou_loss = 1.391357, total_loss = 612.150635 
 total_bbox = 1185, rewritten_bbox = 1.265823 % 
 MJPEG-stream sent. 
Loaded: 0.000050 seconds

 (next mAP calculation at 1856 iterations) 
 53: 418.910461, 289.463898 avg loss, 0.000000 rate, 0.091872 seconds, 424 images, 2.599983 hours left
v3 (mse loss, Normalizer: (iou: 0.75, cls: 1.00) Region 16 Avg (IOU: 0.278802, GIOU: 0.197846), Class: 0.652169, Obj: 0.700491, No Obj: 0.531731, .5R: 0.000000, .75R: 0.000000, count: 2, class_loss = 204.442352, iou_loss = 3.540070, total_loss = 207.982422 
v3 (mse loss, Normalizer: (iou: 0.75, cls: 1.00) Region 23 Avg (IOU: 0.358899, GIOU: 0.195986), Class: 0.570362, Obj: 0.424023, No Obj: 0.453903, .5R: 0.000000, .75R: 0.000000, count: 1, class_loss = 608.254150, iou_loss = 0.941589, total_loss = 609.195740 
 total_bbox = 1188, rewritten_bbox = 1.262626 % 
v3 (mse loss, Normalizer: (iou: 0.75, cls: 1.00) Region 16 Avg (IOU: 0.514925, GIOU: 0.436965), Class: 0.487720, Obj: 0.495541, No Obj: 0.531964, .5R: 0.428571, .75R: 0.142857, count: 7, class_loss = 217.828659, iou_loss = 3.631088, total_loss = 221.459747 
v3 (mse loss, Normalizer: (iou: 0.75, cls: 1.00) Region 23 Avg (IOU: 0.520008, GIOU: 0.456314), Class: 0.530137, Obj: 0.332306, No Obj: 0.454494, .5R: 0.666667, .75R: 0.000000, count: 3, class_loss = 616.163330, iou_loss = 2.250488, total_loss = 618.413818 
 total_bbox = 1198, rewritten_bbox = 1.252087 % 
v3 (mse loss, Normalizer: (iou: 0.75, cls: 1.00) Region 16 Avg (IOU: 0.492077, GIOU: 0.434378), Class: 0.422324, Obj: 0.704651, No Obj: 0.532130, .5R: 0.333333, .75R: 0.333333, count: 3, class_loss = 207.154770, iou_loss = 1.444336, total_loss = 208.599106 
v3 (mse loss, Normalizer: (iou: 0.75, cls: 1.00) Region 23 Avg (IOU: 0.000000, GIOU: 0.000000), Class: 0.000000, Obj: 0.000000, No Obj: 0.452836, .5R: 0.000000, .75R: 0.000000, count: 1, class_loss = 603.035828, iou_loss = 0.000000, total_loss = 603.035828 
 total_bbox = 1201, rewritten_bbox = 1.248959 % 
v3 (mse loss, Normalizer: (iou: 0.75, cls: 1.00) Region 16 Avg (IOU: 0.310469, GIOU: 0.202437), Class: 0.495417, Obj: 0.652941, No Obj: 0.532039, .5R: 0.000000, .75R: 0.000000, count: 2, class_loss = 203.972549, iou_loss = 1.977234, total_loss = 205.949783 
v3 (mse loss, Normalizer: (iou: 0.75, cls: 1.00) Region 23 Avg (IOU: 0.000000, GIOU: 0.000000), Class: 0.000000, Obj: 0.000000, No Obj: 0.455111, .5R: 0.000000, .75R: 0.000000, count: 1, class_loss = 605.603210, iou_loss = 0.000000, total_loss = 605.603210 
 total_bbox = 1203, rewritten_bbox = 1.246883 % 
 MJPEG-stream sent. 
Loaded: 0.000049 seconds

 (next mAP calculation at 1856 iterations) 
 54: 410.029968, 301.520508 avg loss, 0.000000 rate, 0.091830 seconds, 432 images, 2.594399 hours left
v3 (mse loss, Normalizer: (iou: 0.75, cls: 1.00) Region 16 Avg (IOU: 0.333130, GIOU: 0.179609), Class: 0.413084, Obj: 0.612353, No Obj: 0.531748, .5R: 0.333333, .75R: 0.333333, count: 3, class_loss = 206.936874, iou_loss = 10.198242, total_loss = 217.135117 
v3 (mse loss, Normalizer: (iou: 0.75, cls: 1.00) Region 23 Avg (IOU: 0.361138, GIOU: 0.357440), Class: 0.385142, Obj: 0.258705, No Obj: 0.457794, .5R: 0.500000, .75R: 0.000000, count: 2, class_loss = 618.053650, iou_loss = 3.040283, total_loss = 621.093933 
 total_bbox = 1208, rewritten_bbox = 1.241722 % 
v3 (mse loss, Normalizer: (iou: 0.75, cls: 1.00) Region 16 Avg (IOU: 0.346587, GIOU: 0.328910), Class: 0.444364, Obj: 0.665913, No Obj: 0.531561, .5R: 0.000000, .75R: 0.000000, count: 1, class_loss = 201.802246, iou_loss = 0.925156, total_loss = 202.727402 
v3 (mse loss, Normalizer: (iou: 0.75, cls: 1.00) Region 23 Avg (IOU: 0.272508, GIOU: 0.064729), Class: 0.422154, Obj: 0.435582, No Obj: 0.455378, .5R: 0.111111, .75R: 0.000000, count: 9, class_loss = 635.810303, iou_loss = 21.114197, total_loss = 656.924500 
 total_bbox = 1218, rewritten_bbox = 1.231527 % 
v3 (mse loss, Normalizer: (iou: 0.75, cls: 1.00) Region 16 Avg (IOU: 0.269078, GIOU: 0.142144), Class: 0.232253, Obj: 0.711185, No Obj: 0.527484, .5R: 0.000000, .75R: 0.000000, count: 1, class_loss = 199.298477, iou_loss = 0.722015, total_loss = 200.020493 
v3 (mse loss, Normalizer: (iou: 0.75, cls: 1.00) Region 23 Avg (IOU: 0.330009, GIOU: 0.310853), Class: 0.618446, Obj: 0.509590, No Obj: 0.454068, .5R: 0.500000, .75R: 0.000000, count: 2, class_loss = 607.514771, iou_loss = 7.603455, total_loss = 615.118225 
 total_bbox = 1221, rewritten_bbox = 1.228501 % 
v3 (mse loss, Normalizer: (iou: 0.75, cls: 1.00) Region 16 Avg (IOU: 0.932779, GIOU: 0.932661), Class: 0.474860, Obj: 0.551937, No Obj: 0.531121, .5R: 1.000000, .75R: 1.000000, count: 1, class_loss = 201.868820, iou_loss = 0.010727, total_loss = 201.879547 
v3 (mse loss, Normalizer: (iou: 0.75, cls: 1.00) Region 23 Avg (IOU: 0.431134, GIOU: 0.291068), Class: 0.457772, Obj: 0.404542, No Obj: 0.452832, .5R: 0.142857, .75R: 0.000000, count: 7, class_loss = 620.485596, iou_loss = 7.522522, total_loss = 628.008118 
 total_bbox = 1229, rewritten_bbox = 1.220505 % 
 MJPEG-stream sent. 
Loaded: 0.000051 seconds

 (next mAP calculation at 1856 iterations) 
 55: 417.863434, 313.154785 avg loss, 0.000000 rate, 0.089863 seconds, 440 images, 2.588861 hours left
v3 (mse loss, Normalizer: (iou: 0.75, cls: 1.00) Region 16 Avg (IOU: 0.267461, GIOU: 0.046055), Class: 0.507189, Obj: 0.513670, No Obj: 0.530943, .5R: 0.000000, .75R: 0.000000, count: 2, class_loss = 204.812119, iou_loss = 4.319336, total_loss = 209.131454 
v3 (mse loss, Normalizer: (iou: 0.75, cls: 1.00) Region 23 Avg (IOU: 0.288230, GIOU: 0.065135), Class: 0.484914, Obj: 0.455898, No Obj: 0.453669, .5R: 0.066667, .75R: 0.000000, count: 15, class_loss = 643.234802, iou_loss = 38.498779, total_loss = 681.733582 
 total_bbox = 1246, rewritten_bbox = 1.203852 % 
v3 (mse loss, Normalizer: (iou: 0.75, cls: 1.00) Region 16 Avg (IOU: 0.564827, GIOU: 0.506526), Class: 0.403688, Obj: 0.612299, No Obj: 0.531389, .5R: 0.800000, .75R: 0.000000, count: 5, class_loss = 210.566635, iou_loss = 1.444489, total_loss = 212.011124 
v3 (mse loss, Normalizer: (iou: 0.75, cls: 1.00) Region 23 Avg (IOU: 0.098023, GIOU: 0.098023), Class: 0.268763, Obj: 0.194610, No Obj: 0.453706, .5R: 0.000000, .75R: 0.000000, count: 1, class_loss = 606.043640, iou_loss = 3.024780, total_loss = 609.068420 
 total_bbox = 1252, rewritten_bbox = 1.198083 % 
v3 (mse loss, Normalizer: (iou: 0.75, cls: 1.00) Region 16 Avg (IOU: 0.574582, GIOU: 0.528531), Class: 0.493605, Obj: 0.580533, No Obj: 0.531707, .5R: 0.500000, .75R: 0.250000, count: 4, class_loss = 209.587585, iou_loss = 1.622681, total_loss = 211.210266 
v3 (mse loss, Normalizer: (iou: 0.75, cls: 1.00) Region 23 Avg (IOU: 0.490869, GIOU: 0.387931), Class: 0.526144, Obj: 0.434710, No Obj: 0.453735, .5R: 0.500000, .75R: 0.000000, count: 2, class_loss = 608.181641, iou_loss = 1.114624, total_loss = 609.296265 
 total_bbox = 1258, rewritten_bbox = 1.192369 % 
v3 (mse loss, Normalizer: (iou: 0.75, cls: 1.00) Region 16 Avg (IOU: 0.512280, GIOU: 0.441987), Class: 0.499951, Obj: 0.662595, No Obj: 0.531051, .5R: 0.500000, .75R: 0.000000, count: 2, class_loss = 204.171463, iou_loss = 1.044296, total_loss = 205.215759 
v3 (mse loss, Normalizer: (iou: 0.75, cls: 1.00) Region 23 Avg (IOU: 0.207008, GIOU: 0.059804), Class: 0.630481, Obj: 0.555649, No Obj: 0.453972, .5R: 0.000000, .75R: 0.000000, count: 3, class_loss = 612.515198, iou_loss = 8.176270, total_loss = 620.691467 
 total_bbox = 1263, rewritten_bbox = 1.187648 % 
 MJPEG-stream sent. 
Loaded: 0.000050 seconds

 (next mAP calculation at 1856 iterations) 
 56: 419.794800, 323.818787 avg loss, 0.000000 rate, 0.091193 seconds, 448 images, 2.582942 hours left
v3 (mse loss, Normalizer: (iou: 0.75, cls: 1.00) Region 16 Avg (IOU: 0.402251, GIOU: 0.068788), Class: 0.592192, Obj: 0.572208, No Obj: 0.529923, .5R: 0.500000, .75R: 0.000000, count: 2, class_loss = 203.005783, iou_loss = 3.008850, total_loss = 206.014633 
v3 (mse loss, Normalizer: (iou: 0.75, cls: 1.00) Region 23 Avg (IOU: 0.332271, GIOU: 0.245726), Class: 0.480756, Obj: 0.558680, No Obj: 0.453035, .5R: 0.200000, .75R: 0.000000, count: 10, class_loss = 629.662598, iou_loss = 15.969116, total_loss = 645.631714 
 total_bbox = 1275, rewritten_bbox = 1.176471 % 
v3 (mse loss, Normalizer: (iou: 0.75, cls: 1.00) Region 16 Avg (IOU: 0.392356, GIOU: 0.248721), Class: 0.406387, Obj: 0.524196, No Obj: 0.529188, .5R: 0.000000, .75R: 0.000000, count: 3, class_loss = 207.001480, iou_loss = 2.876862, total_loss = 209.878342 
v3 (mse loss, Normalizer: (iou: 0.75, cls: 1.00) Region 23 Avg (IOU: 0.250272, GIOU: 0.211656), Class: 0.663759, Obj: 0.158943, No Obj: 0.453813, .5R: 0.000000, .75R: 0.000000, count: 2, class_loss = 607.016602, iou_loss = 7.625366, total_loss = 614.641968 
 total_bbox = 1280, rewritten_bbox = 1.250000 % 
v3 (mse loss, Normalizer: (iou: 0.75, cls: 1.00) Region 16 Avg (IOU: 0.392920, GIOU: 0.392920), Class: 0.577504, Obj: 0.579931, No Obj: 0.530797, .5R: 0.000000, .75R: 0.000000, count: 3, class_loss = 205.457718, iou_loss = 1.283325, total_loss = 206.741043 
v3 (mse loss, Normalizer: (iou: 0.75, cls: 1.00) Region 23 Avg (IOU: 0.372807, GIOU: 0.352282), Class: 0.430876, Obj: 0.346387, No Obj: 0.451783, .5R: 0.500000, .75R: 0.000000, count: 4, class_loss = 609.360046, iou_loss = 7.220276, total_loss = 616.580322 
 total_bbox = 1287, rewritten_bbox = 1.243201 % 
v3 (mse loss, Normalizer: (iou: 0.75, cls: 1.00) Region 16 Avg (IOU: 0.491971, GIOU: 0.398031), Class: 0.517287, Obj: 0.627300, No Obj: 0.531273, .5R: 0.750000, .75R: 0.000000, count: 4, class_loss = 207.026566, iou_loss = 2.651794, total_loss = 209.678360 
v3 (mse loss, Normalizer: (iou: 0.75, cls: 1.00) Region 23 Avg (IOU: 0.000000, GIOU: 0.000000), Class: 0.000000, Obj: 0.000000, No Obj: 0.453255, .5R: 0.000000, .75R: 0.000000, count: 1, class_loss = 604.032898, iou_loss = 0.000000, total_loss = 604.032898 
 total_bbox = 1291, rewritten_bbox = 1.239349 % 
 MJPEG-stream sent. 
Loaded: 0.000052 seconds

 (next mAP calculation at 1856 iterations) 
 57: 414.149902, 332.851898 avg loss, 0.000000 rate, 0.089640 seconds, 456 images, 2.577379 hours left
v3 (mse loss, Normalizer: (iou: 0.75, cls: 1.00) Region 16 Avg (IOU: 0.580981, GIOU: 0.510780), Class: 0.691545, Obj: 0.673672, No Obj: 0.530954, .5R: 1.000000, .75R: 0.000000, count: 1, class_loss = 199.436203, iou_loss = 0.337799, total_loss = 199.774002 
v3 (mse loss, Normalizer: (iou: 0.75, cls: 1.00) Region 23 Avg (IOU: 0.161357, GIOU: 0.049702), Class: 0.854818, Obj: 0.377148, No Obj: 0.453443, .5R: 0.000000, .75R: 0.000000, count: 3, class_loss = 609.001221, iou_loss = 7.505005, total_loss = 616.506226 
 total_bbox = 1295, rewritten_bbox = 1.235521 % 
v3 (mse loss, Normalizer: (iou: 0.75, cls: 1.00) Region 16 Avg (IOU: 0.337078, GIOU: 0.331563), Class: 0.492009, Obj: 0.651780, No Obj: 0.529286, .5R: 0.000000, .75R: 0.000000, count: 2, class_loss = 201.558777, iou_loss = 1.247742, total_loss = 202.806519 
v3 (mse loss, Normalizer: (iou: 0.75, cls: 1.00) Region 23 Avg (IOU: 0.000000, GIOU: 0.000000), Class: 0.000000, Obj: 0.000000, No Obj: 0.452133, .5R: 0.000000, .75R: 0.000000, count: 1, class_loss = 596.048035, iou_loss = 0.000000, total_loss = 596.048035 
 total_bbox = 1297, rewritten_bbox = 1.233616 % 
v3 (mse loss, Normalizer: (iou: 0.75, cls: 1.00) Region 16 Avg (IOU: 0.440583, GIOU: 0.370440), Class: 0.355576, Obj: 0.547528, No Obj: 0.529578, .5R: 0.500000, .75R: 0.000000, count: 6, class_loss = 214.665543, iou_loss = 5.982651, total_loss = 220.648193 
v3 (mse loss, Normalizer: (iou: 0.75, cls: 1.00) Region 23 Avg (IOU: 0.000000, GIOU: 0.000000), Class: 0.000000, Obj: 0.000000, No Obj: 0.453929, .5R: 0.000000, .75R: 0.000000, count: 1, class_loss = 601.698792, iou_loss = 0.000000, total_loss = 601.698792 
 total_bbox = 1303, rewritten_bbox = 1.227936 % 
v3 (mse loss, Normalizer: (iou: 0.75, cls: 1.00) Region 16 Avg (IOU: 0.278644, GIOU: 0.253190), Class: 0.425208, Obj: 0.617520, No Obj: 0.531068, .5R: 0.333333, .75R: 0.000000, count: 3, class_loss = 206.103836, iou_loss = 2.754532, total_loss = 208.858368 
v3 (mse loss, Normalizer: (iou: 0.75, cls: 1.00) Region 23 Avg (IOU: 0.186868, GIOU: -0.040176), Class: 0.510171, Obj: 0.405910, No Obj: 0.452141, .5R: 0.000000, .75R: 0.000000, count: 5, class_loss = 615.676819, iou_loss = 25.262390, total_loss = 640.939209 
 total_bbox = 1311, rewritten_bbox = 1.220442 % 
 MJPEG-stream sent. 
Loaded: 0.000051 seconds

 (next mAP calculation at 1856 iterations) 
 58: 410.909912, 340.657715 avg loss, 0.000000 rate, 0.088881 seconds, 464 images, 2.571526 hours left
v3 (mse loss, Normalizer: (iou: 0.75, cls: 1.00) Region 16 Avg (IOU: 0.495260, GIOU: 0.495260), Class: 0.387391, Obj: 0.488124, No Obj: 0.531794, .5R: 0.000000, .75R: 0.000000, count: 1, class_loss = 201.802521, iou_loss = 0.197388, total_loss = 201.999908 
v3 (mse loss, Normalizer: (iou: 0.75, cls: 1.00) Region 23 Avg (IOU: 0.264182, GIOU: 0.147918), Class: 0.454406, Obj: 0.564817, No Obj: 0.456763, .5R: 0.000000, .75R: 0.000000, count: 3, class_loss = 618.731262, iou_loss = 5.650269, total_loss = 624.381531 
 total_bbox = 1315, rewritten_bbox = 1.216730 % 
v3 (mse loss, Normalizer: (iou: 0.75, cls: 1.00) Region 16 Avg (IOU: 0.701560, GIOU: 0.701561), Class: 0.370433, Obj: 0.440391, No Obj: 0.531243, .5R: 1.000000, .75R: 0.000000, count: 1, class_loss = 202.244461, iou_loss = 0.129639, total_loss = 202.374100 
v3 (mse loss, Normalizer: (iou: 0.75, cls: 1.00) Region 23 Avg (IOU: 0.139574, GIOU: -0.023774), Class: 0.535266, Obj: 0.521297, No Obj: 0.451544, .5R: 0.000000, .75R: 0.000000, count: 2, class_loss = 604.816711, iou_loss = 8.069458, total_loss = 612.886169 
 total_bbox = 1318, rewritten_bbox = 1.213961 % 
v3 (mse loss, Normalizer: (iou: 0.75, cls: 1.00) Region 16 Avg (IOU: 0.250223, GIOU: -0.056185), Class: 0.553988, Obj: 0.399592, No Obj: 0.528709, .5R: 0.000000, .75R: 0.000000, count: 1, class_loss = 199.808517, iou_loss = 2.102036, total_loss = 201.910553 
v3 (mse loss, Normalizer: (iou: 0.75, cls: 1.00) Region 23 Avg (IOU: 0.319732, GIOU: 0.192489), Class: 0.612843, Obj: 0.394698, No Obj: 0.458325, .5R: 0.200000, .75R: 0.000000, count: 10, class_loss = 643.637390, iou_loss = 21.222839, total_loss = 664.860229 
 total_bbox = 1329, rewritten_bbox = 1.203913 % 
v3 (mse loss, Normalizer: (iou: 0.75, cls: 1.00) Region 16 Avg (IOU: 0.384815, GIOU: 0.360974), Class: 0.509582, Obj: 0.470821, No Obj: 0.527406, .5R: 0.333333, .75R: 0.000000, count: 3, class_loss = 204.791199, iou_loss = 4.413788, total_loss = 209.204987 
v3 (mse loss, Normalizer: (iou: 0.75, cls: 1.00) Region 23 Avg (IOU: 0.000000, GIOU: 0.000000), Class: 0.000000, Obj: 0.000000, No Obj: 0.454149, .5R: 0.000000, .75R: 0.000000, count: 1, class_loss = 603.437805, iou_loss = 0.000000, total_loss = 603.437805 
 total_bbox = 1332, rewritten_bbox = 1.201201 % 
 MJPEG-stream sent. 
Loaded: 0.000049 seconds

 (next mAP calculation at 1856 iterations) 
 59: 415.131927, 348.105133 avg loss, 0.000000 rate, 0.089034 seconds, 472 images, 2.565561 hours left
v3 (mse loss, Normalizer: (iou: 0.75, cls: 1.00) Region 16 Avg (IOU: 0.281918, GIOU: 0.093947), Class: 0.412777, Obj: 0.642476, No Obj: 0.531215, .5R: 0.000000, .75R: 0.000000, count: 4, class_loss = 209.055481, iou_loss = 6.184692, total_loss = 215.240173 
v3 (mse loss, Normalizer: (iou: 0.75, cls: 1.00) Region 23 Avg (IOU: 0.647157, GIOU: 0.634712), Class: 0.236087, Obj: 0.564989, No Obj: 0.453831, .5R: 1.000000, .75R: 0.000000, count: 1, class_loss = 606.693542, iou_loss = 0.204773, total_loss = 606.898315 
 total_bbox = 1337, rewritten_bbox = 1.196709 % 
v3 (mse loss, Normalizer: (iou: 0.75, cls: 1.00) Region 16 Avg (IOU: 0.800735, GIOU: 0.799707), Class: 0.498011, Obj: 0.509064, No Obj: 0.529198, .5R: 1.000000, .75R: 1.000000, count: 1, class_loss = 200.011673, iou_loss = 0.093048, total_loss = 200.104721 
v3 (mse loss, Normalizer: (iou: 0.75, cls: 1.00) Region 23 Avg (IOU: 0.380248, GIOU: 0.366304), Class: 0.435663, Obj: 0.587271, No Obj: 0.455265, .5R: 0.500000, .75R: 0.000000, count: 2, class_loss = 614.126221, iou_loss = 2.408691, total_loss = 616.534912 
 total_bbox = 1340, rewritten_bbox = 1.194030 % 
v3 (mse loss, Normalizer: (iou: 0.75, cls: 1.00) Region 16 Avg (IOU: 0.247324, GIOU: 0.222878), Class: 0.656906, Obj: 0.584577, No Obj: 0.529473, .5R: 0.000000, .75R: 0.000000, count: 2, class_loss = 201.942520, iou_loss = 5.581818, total_loss = 207.524338 
v3 (mse loss, Normalizer: (iou: 0.75, cls: 1.00) Region 23 Avg (IOU: 0.379929, GIOU: 0.156515), Class: 0.478161, Obj: 0.467308, No Obj: 0.455280, .5R: 0.250000, .75R: 0.000000, count: 4, class_loss = 616.318848, iou_loss = 12.959351, total_loss = 629.278198 
 total_bbox = 1346, rewritten_bbox = 1.188707 % 
v3 (mse loss, Normalizer: (iou: 0.75, cls: 1.00) Region 16 Avg (IOU: 0.276432, GIOU: 0.194098), Class: 0.369842, Obj: 0.669955, No Obj: 0.530110, .5R: 0.000000, .75R: 0.000000, count: 3, class_loss = 204.459091, iou_loss = 3.762482, total_loss = 208.221573 
v3 (mse loss, Normalizer: (iou: 0.75, cls: 1.00) Region 23 Avg (IOU: 0.410171, GIOU: 0.347920), Class: 0.383534, Obj: 0.465463, No Obj: 0.454831, .5R: 0.222222, .75R: 0.000000, count: 9, class_loss = 632.361694, iou_loss = 7.326782, total_loss = 639.688477 
 total_bbox = 1358, rewritten_bbox = 1.178203 % 
 MJPEG-stream sent. 
Loaded: 0.000051 seconds

 (next mAP calculation at 1856 iterations) 
 60: 415.436340, 354.838257 avg loss, 0.000000 rate, 0.090594 seconds, 480 images, 2.559689 hours left
v3 (mse loss, Normalizer: (iou: 0.75, cls: 1.00) Region 16 Avg (IOU: 0.500609, GIOU: 0.493902), Class: 0.583127, Obj: 0.632672, No Obj: 0.529086, .5R: 0.666667, .75R: 0.000000, count: 3, class_loss = 260.385040, iou_loss = 3.041992, total_loss = 263.427032 
v3 (mse loss, Normalizer: (iou: 0.75, cls: 1.00) Region 23 Avg (IOU: 0.187988, GIOU: 0.187988), Class: 0.486370, Obj: 0.411053, No Obj: 0.454066, .5R: 0.000000, .75R: 0.000000, count: 1, class_loss = 769.162292, iou_loss = 2.287415, total_loss = 771.449707 
 total_bbox = 1362, rewritten_bbox = 1.174743 % 
v3 (mse loss, Normalizer: (iou: 0.75, cls: 1.00) Region 16 Avg (IOU: 0.320646, GIOU: 0.288913), Class: 0.532934, Obj: 0.616880, No Obj: 0.531649, .5R: 0.000000, .75R: 0.000000, count: 5, class_loss = 270.128906, iou_loss = 6.153351, total_loss = 276.282257 
v3 (mse loss, Normalizer: (iou: 0.75, cls: 1.00) Region 23 Avg (IOU: 0.000000, GIOU: 0.000000), Class: 0.000000, Obj: 0.000000, No Obj: 0.455457, .5R: 0.000000, .75R: 0.000000, count: 1, class_loss = 777.859192, iou_loss = 0.000000, total_loss = 777.859192 
 total_bbox = 1367, rewritten_bbox = 1.170446 % 
v3 (mse loss, Normalizer: (iou: 0.75, cls: 1.00) Region 16 Avg (IOU: 0.177940, GIOU: 0.177940), Class: 0.521256, Obj: 0.690602, No Obj: 0.528852, .5R: 0.000000, .75R: 0.000000, count: 1, class_loss = 255.279282, iou_loss = 1.496536, total_loss = 256.775818 
v3 (mse loss, Normalizer: (iou: 0.75, cls: 1.00) Region 23 Avg (IOU: 0.222913, GIOU: 0.080917), Class: 0.551795, Obj: 0.498862, No Obj: 0.453496, .5R: 0.000000, .75R: 0.000000, count: 7, class_loss = 791.359680, iou_loss = 17.234741, total_loss = 808.594421 
 total_bbox = 1375, rewritten_bbox = 1.163636 % 
v3 (mse loss, Normalizer: (iou: 0.75, cls: 1.00) Region 16 Avg (IOU: 0.452842, GIOU: 0.451001), Class: 0.395859, Obj: 0.453192, No Obj: 0.532060, .5R: 0.666667, .75R: 0.000000, count: 3, class_loss = 265.420746, iou_loss = 2.301239, total_loss = 267.721985 
v3 (mse loss, Normalizer: (iou: 0.75, cls: 1.00) Region 23 Avg (IOU: 0.412309, GIOU: 0.293345), Class: 0.456813, Obj: 0.498966, No Obj: 0.451192, .5R: 0.272727, .75R: 0.000000, count: 11, class_loss = 798.384583, iou_loss = 14.128418, total_loss = 812.513000 
 total_bbox = 1389, rewritten_bbox = 1.151908 % 
 MJPEG-stream sent. 
Resizing, random_coef = 1.40 

 544 x 544 
 try to allocate additional workspace_size = 52.43 MB 
 CUDA allocate done! 
Loaded: 0.000051 seconds

 (next mAP calculation at 1856 iterations) 
 61: 529.327881, 372.287231 avg loss, 0.000000 rate, 0.110348 seconds, 488 images, 2.554222 hours left
v3 (mse loss, Normalizer: (iou: 0.75, cls: 1.00) Region 16 Avg (IOU: 0.374476, GIOU: 0.325028), Class: 0.382373, Obj: 0.576906, No Obj: 0.531188, .5R: 0.000000, .75R: 0.000000, count: 5, class_loss = 270.220734, iou_loss = 4.447113, total_loss = 274.667847 
v3 (mse loss, Normalizer: (iou: 0.75, cls: 1.00) Region 23 Avg (IOU: 0.244409, GIOU: 0.240705), Class: 0.578267, Obj: 0.551934, No Obj: 0.454018, .5R: 0.000000, .75R: 0.000000, count: 3, class_loss = 783.542542, iou_loss = 5.477478, total_loss = 789.020020 
 total_bbox = 1397, rewritten_bbox = 1.145311 % 
v3 (mse loss, Normalizer: (iou: 0.75, cls: 1.00) Region 16 Avg (IOU: 0.000000, GIOU: 0.000000), Class: 0.000000, Obj: 0.000000, No Obj: 0.532296, .5R: 0.000000, .75R: 0.000000, count: 1, class_loss = 255.513229, iou_loss = 0.000000, total_loss = 255.513229 
v3 (mse loss, Normalizer: (iou: 0.75, cls: 1.00) Region 23 Avg (IOU: 0.597437, GIOU: 0.573774), Class: 0.348688, Obj: 0.542076, No Obj: 0.452454, .5R: 0.500000, .75R: 0.000000, count: 2, class_loss = 776.137817, iou_loss = 0.996033, total_loss = 777.133850 
 total_bbox = 1399, rewritten_bbox = 1.143674 % 
v3 (mse loss, Normalizer: (iou: 0.75, cls: 1.00) Region 16 Avg (IOU: 0.643480, GIOU: 0.643480), Class: 0.496151, Obj: 0.557053, No Obj: 0.532308, .5R: 1.000000, .75R: 0.000000, count: 1, class_loss = 260.401428, iou_loss = 0.218567, total_loss = 260.619995 
v3 (mse loss, Normalizer: (iou: 0.75, cls: 1.00) Region 23 Avg (IOU: 0.372247, GIOU: 0.240719), Class: 0.103436, Obj: 0.486394, No Obj: 0.452902, .5R: 0.250000, .75R: 0.000000, count: 4, class_loss = 786.491211, iou_loss = 5.523132, total_loss = 792.014343 
 total_bbox = 1404, rewritten_bbox = 1.139601 % 
v3 (mse loss, Normalizer: (iou: 0.75, cls: 1.00) Region 16 Avg (IOU: 0.437224, GIOU: 0.372238), Class: 0.510932, Obj: 0.572026, No Obj: 0.531987, .5R: 0.333333, .75R: 0.000000, count: 3, class_loss = 263.592682, iou_loss = 1.339996, total_loss = 264.932678 
v3 (mse loss, Normalizer: (iou: 0.75, cls: 1.00) Region 23 Avg (IOU: 0.000000, GIOU: 0.000000), Class: 0.000000, Obj: 0.000000, No Obj: 0.451854, .5R: 0.000000, .75R: 0.000000, count: 1, class_loss = 771.156067, iou_loss = 0.000000, total_loss = 771.156067 
 total_bbox = 1407, rewritten_bbox = 1.137171 % 
 MJPEG-stream sent. 
Loaded: 0.000049 seconds

 (next mAP calculation at 1856 iterations) 
 62: 523.132263, 387.371735 avg loss, 0.000000 rate, 0.120522 seconds, 496 images, 2.553197 hours left
v3 (mse loss, Normalizer: (iou: 0.75, cls: 1.00) Region 16 Avg (IOU: 0.406798, GIOU: 0.350300), Class: 0.395899, Obj: 0.386990, No Obj: 0.531571, .5R: 0.000000, .75R: 0.000000, count: 1, class_loss = 259.169617, iou_loss = 0.640411, total_loss = 259.810028 
v3 (mse loss, Normalizer: (iou: 0.75, cls: 1.00) Region 23 Avg (IOU: 0.360858, GIOU: 0.236946), Class: 0.491806, Obj: 0.493912, No Obj: 0.454277, .5R: 0.142857, .75R: 0.000000, count: 7, class_loss = 797.831360, iou_loss = 8.050354, total_loss = 805.881714 
 total_bbox = 1415, rewritten_bbox = 1.130742 % 
v3 (mse loss, Normalizer: (iou: 0.75, cls: 1.00) Region 16 Avg (IOU: 0.313989, GIOU: 0.182058), Class: 0.737504, Obj: 0.647507, No Obj: 0.530254, .5R: 0.000000, .75R: 0.000000, count: 2, class_loss = 260.349243, iou_loss = 1.788574, total_loss = 262.137817 
v3 (mse loss, Normalizer: (iou: 0.75, cls: 1.00) Region 23 Avg (IOU: 0.000000, GIOU: 0.000000), Class: 0.000000, Obj: 0.000000, No Obj: 0.452939, .5R: 0.000000, .75R: 0.000000, count: 1, class_loss = 772.987854, iou_loss = 0.000000, total_loss = 772.987854 
 total_bbox = 1417, rewritten_bbox = 1.129146 % 
v3 (mse loss, Normalizer: (iou: 0.75, cls: 1.00) Region 16 Avg (IOU: 0.398348, GIOU: 0.388185), Class: 0.512447, Obj: 0.495511, No Obj: 0.532715, .5R: 0.428571, .75R: 0.000000, count: 7, class_loss = 275.780121, iou_loss = 9.408051, total_loss = 285.188171 
v3 (mse loss, Normalizer: (iou: 0.75, cls: 1.00) Region 23 Avg (IOU: 0.277312, GIOU: 0.109158), Class: 0.500725, Obj: 0.636899, No Obj: 0.452328, .5R: 0.000000, .75R: 0.000000, count: 2, class_loss = 779.767639, iou_loss = 3.097900, total_loss = 782.865540 
 total_bbox = 1426, rewritten_bbox = 1.122020 % 
v3 (mse loss, Normalizer: (iou: 0.75, cls: 1.00) Region 16 Avg (IOU: 0.401288, GIOU: 0.305003), Class: 0.535309, Obj: 0.582012, No Obj: 0.531346, .5R: 0.250000, .75R: 0.250000, count: 4, class_loss = 266.728363, iou_loss = 4.209503, total_loss = 270.937866 
v3 (mse loss, Normalizer: (iou: 0.75, cls: 1.00) Region 23 Avg (IOU: 0.389105, GIOU: 0.201647), Class: 0.446214, Obj: 0.393079, No Obj: 0.456472, .5R: 0.181818, .75R: 0.090909, count: 11, class_loss = 812.078613, iou_loss = 16.417358, total_loss = 828.495972 
 total_bbox = 1441, rewritten_bbox = 1.110340 % 
 MJPEG-stream sent. 
Loaded: 0.000051 seconds

 (next mAP calculation at 1856 iterations) 
 63: 533.538086, 401.988373 avg loss, 0.000000 rate, 0.123790 seconds, 504 images, 2.554440 hours left
v3 (mse loss, Normalizer: (iou: 0.75, cls: 1.00) Region 16 Avg (IOU: 0.000000, GIOU: 0.000000), Class: 0.000000, Obj: 0.000000, No Obj: 0.530129, .5R: 0.000000, .75R: 0.000000, count: 1, class_loss = 254.170944, iou_loss = 0.000000, total_loss = 254.170944 
v3 (mse loss, Normalizer: (iou: 0.75, cls: 1.00) Region 23 Avg (IOU: 0.360226, GIOU: 0.295765), Class: 0.544062, Obj: 0.338975, No Obj: 0.453459, .5R: 0.000000, .75R: 0.000000, count: 3, class_loss = 778.199158, iou_loss = 3.850342, total_loss = 782.049500 
 total_bbox = 1444, rewritten_bbox = 1.108033 % 
v3 (mse loss, Normalizer: (iou: 0.75, cls: 1.00) Region 16 Avg (IOU: 0.339167, GIOU: 0.339167), Class: 0.431462, Obj: 0.566175, No Obj: 0.529071, .5R: 0.250000, .75R: 0.000000, count: 4, class_loss = 263.967712, iou_loss = 3.693329, total_loss = 267.661041 
v3 (mse loss, Normalizer: (iou: 0.75, cls: 1.00) Region 23 Avg (IOU: 0.425132, GIOU: 0.280169), Class: 0.519938, Obj: 0.594463, No Obj: 0.452673, .5R: 0.500000, .75R: 0.000000, count: 2, class_loss = 777.244263, iou_loss = 1.814880, total_loss = 779.059143 
 total_bbox = 1450, rewritten_bbox = 1.103448 % 
v3 (mse loss, Normalizer: (iou: 0.75, cls: 1.00) Region 16 Avg (IOU: 0.485039, GIOU: 0.455287), Class: 0.510686, Obj: 0.543662, No Obj: 0.531450, .5R: 0.666667, .75R: 0.000000, count: 3, class_loss = 264.150574, iou_loss = 1.357086, total_loss = 265.507660 
v3 (mse loss, Normalizer: (iou: 0.75, cls: 1.00) Region 23 Avg (IOU: 0.000000, GIOU: 0.000000), Class: 0.000000, Obj: 0.000000, No Obj: 0.451684, .5R: 0.000000, .75R: 0.000000, count: 1, class_loss = 767.208008, iou_loss = 0.000000, total_loss = 767.208008 
 total_bbox = 1453, rewritten_bbox = 1.101170 % 
v3 (mse loss, Normalizer: (iou: 0.75, cls: 1.00) Region 16 Avg (IOU: 0.489449, GIOU: 0.330907), Class: 0.517150, Obj: 0.664664, No Obj: 0.532164, .5R: 0.500000, .75R: 0.000000, count: 2, class_loss = 260.328674, iou_loss = 2.317535, total_loss = 262.646210 
v3 (mse loss, Normalizer: (iou: 0.75, cls: 1.00) Region 23 Avg (IOU: 0.441728, GIOU: 0.373763), Class: 0.513590, Obj: 0.430794, No Obj: 0.453389, .5R: 0.500000, .75R: 0.000000, count: 4, class_loss = 781.639954, iou_loss = 6.807373, total_loss = 788.447327 
 total_bbox = 1459, rewritten_bbox = 1.096642 % 
 MJPEG-stream sent. 
Loaded: 0.000050 seconds

 (next mAP calculation at 1856 iterations) 
 64: 520.843750, 413.873901 avg loss, 0.000000 rate, 0.120355 seconds, 512 images, 2.556396 hours left
v3 (mse loss, Normalizer: (iou: 0.75, cls: 1.00) Region 16 Avg (IOU: 0.179718, GIOU: -0.050545), Class: 0.480281, Obj: 0.741084, No Obj: 0.529568, .5R: 0.000000, .75R: 0.000000, count: 2, class_loss = 260.164062, iou_loss = 5.181763, total_loss = 265.345825 
v3 (mse loss, Normalizer: (iou: 0.75, cls: 1.00) Region 23 Avg (IOU: 0.130512, GIOU: 0.130512), Class: 0.164269, Obj: 0.797663, No Obj: 0.455561, .5R: 0.000000, .75R: 0.000000, count: 1, class_loss = 780.118225, iou_loss = 2.539978, total_loss = 782.658203 
 total_bbox = 1462, rewritten_bbox = 1.094391 % 
v3 (mse loss, Normalizer: (iou: 0.75, cls: 1.00) Region 16 Avg (IOU: 0.366160, GIOU: 0.302158), Class: 0.478665, Obj: 0.538747, No Obj: 0.532676, .5R: 0.000000, .75R: 0.000000, count: 3, class_loss = 263.939301, iou_loss = 2.016266, total_loss = 265.955566 
v3 (mse loss, Normalizer: (iou: 0.75, cls: 1.00) Region 23 Avg (IOU: 0.288007, GIOU: 0.238663), Class: 0.593439, Obj: 0.441995, No Obj: 0.452535, .5R: 0.166667, .75R: 0.000000, count: 6, class_loss = 787.469055, iou_loss = 14.025635, total_loss = 801.494690 
 total_bbox = 1471, rewritten_bbox = 1.087695 % 
v3 (mse loss, Normalizer: (iou: 0.75, cls: 1.00) Region 16 Avg (IOU: 0.000000, GIOU: 0.000000), Class: 0.000000, Obj: 0.000000, No Obj: 0.530417, .5R: 0.000000, .75R: 0.000000, count: 1, class_loss = 255.136566, iou_loss = 0.000000, total_loss = 255.136566 
v3 (mse loss, Normalizer: (iou: 0.75, cls: 1.00) Region 23 Avg (IOU: 0.286069, GIOU: 0.170479), Class: 0.543570, Obj: 0.488686, No Obj: 0.455818, .5R: 0.100000, .75R: 0.000000, count: 20, class_loss = 835.818542, iou_loss = 38.898315, total_loss = 874.716858 
 total_bbox = 1491, rewritten_bbox = 1.140174 % 
v3 (mse loss, Normalizer: (iou: 0.75, cls: 1.00) Region 16 Avg (IOU: 0.392992, GIOU: 0.166871), Class: 0.468062, Obj: 0.586641, No Obj: 0.529281, .5R: 0.333333, .75R: 0.000000, count: 3, class_loss = 262.510071, iou_loss = 7.371765, total_loss = 269.881836 
v3 (mse loss, Normalizer: (iou: 0.75, cls: 1.00) Region 23 Avg (IOU: 0.000000, GIOU: 0.000000), Class: 0.000000, Obj: 0.000000, No Obj: 0.453618, .5R: 0.000000, .75R: 0.000000, count: 1, class_loss = 776.761353, iou_loss = 0.000000, total_loss = 776.761353 
 total_bbox = 1494, rewritten_bbox = 1.137885 % 
 MJPEG-stream sent. 
Loaded: 0.000052 seconds

 (next mAP calculation at 1856 iterations) 
 65: 536.493835, 426.135895 avg loss, 0.000000 rate, 0.125082 seconds, 520 images, 2.557570 hours left
v3 (mse loss, Normalizer: (iou: 0.75, cls: 1.00) Region 16 Avg (IOU: 0.200428, GIOU: 0.200428), Class: 0.467955, Obj: 0.701474, No Obj: 0.529266, .5R: 0.000000, .75R: 0.000000, count: 2, class_loss = 257.853882, iou_loss = 2.906006, total_loss = 260.759888 
v3 (mse loss, Normalizer: (iou: 0.75, cls: 1.00) Region 23 Avg (IOU: 0.276223, GIOU: 0.197626), Class: 0.545592, Obj: 0.445536, No Obj: 0.453598, .5R: 0.000000, .75R: 0.000000, count: 1, class_loss = 775.109863, iou_loss = 1.011719, total_loss = 776.121582 
 total_bbox = 1497, rewritten_bbox = 1.135605 % 
v3 (mse loss, Normalizer: (iou: 0.75, cls: 1.00) Region 16 Avg (IOU: 0.528913, GIOU: 0.454233), Class: 0.643967, Obj: 0.597730, No Obj: 0.529675, .5R: 0.500000, .75R: 0.000000, count: 2, class_loss = 260.086487, iou_loss = 1.116974, total_loss = 261.203461 
v3 (mse loss, Normalizer: (iou: 0.75, cls: 1.00) Region 23 Avg (IOU: 0.466709, GIOU: 0.317777), Class: 0.568106, Obj: 0.333800, No Obj: 0.452270, .5R: 0.500000, .75R: 0.166667, count: 6, class_loss = 789.533997, iou_loss = 6.017273, total_loss = 795.551270 
 total_bbox = 1505, rewritten_bbox = 1.129568 % 
v3 (mse loss, Normalizer: (iou: 0.75, cls: 1.00) Region 16 Avg (IOU: 0.000000, GIOU: 0.000000), Class: 0.000000, Obj: 0.000000, No Obj: 0.531394, .5R: 0.000000, .75R: 0.000000, count: 1, class_loss = 255.219513, iou_loss = 0.000000, total_loss = 255.219513 
v3 (mse loss, Normalizer: (iou: 0.75, cls: 1.00) Region 23 Avg (IOU: 0.256065, GIOU: 0.076205), Class: 0.559851, Obj: 0.333678, No Obj: 0.451644, .5R: 0.000000, .75R: 0.000000, count: 9, class_loss = 794.190857, iou_loss = 23.882812, total_loss = 818.073669 
 total_bbox = 1514, rewritten_bbox = 1.122853 % 
v3 (mse loss, Normalizer: (iou: 0.75, cls: 1.00) Region 16 Avg (IOU: 0.562477, GIOU: 0.532052), Class: 0.484923, Obj: 0.514214, No Obj: 0.530138, .5R: 0.400000, .75R: 0.200000, count: 5, class_loss = 266.707855, iou_loss = 2.196838, total_loss = 268.904694 
v3 (mse loss, Normalizer: (iou: 0.75, cls: 1.00) Region 23 Avg (IOU: 0.206810, GIOU: -0.053484), Class: 0.484501, Obj: 0.413006, No Obj: 0.453833, .5R: 0.000000, .75R: 0.000000, count: 4, class_loss = 788.586975, iou_loss = 11.388489, total_loss = 799.975464 
 total_bbox = 1523, rewritten_bbox = 1.116218 % 
 MJPEG-stream sent. 
Loaded: 0.000050 seconds

 (next mAP calculation at 1856 iterations) 
 66: 529.476196, 436.469910 avg loss, 0.000000 rate, 0.122253 seconds, 528 images, 2.559781 hours left
v3 (mse loss, Normalizer: (iou: 0.75, cls: 1.00) Region 16 Avg (IOU: 0.607799, GIOU: 0.511133), Class: 0.338632, Obj: 0.654901, No Obj: 0.531973, .5R: 0.500000, .75R: 0.500000, count: 2, class_loss = 262.306458, iou_loss = 0.781372, total_loss = 263.087830 
v3 (mse loss, Normalizer: (iou: 0.75, cls: 1.00) Region 23 Avg (IOU: 0.000000, GIOU: 0.000000), Class: 0.000000, Obj: 0.000000, No Obj: 0.452220, .5R: 0.000000, .75R: 0.000000, count: 1, class_loss = 770.708313, iou_loss = 0.000000, total_loss = 770.708313 
 total_bbox = 1525, rewritten_bbox = 1.114754 % 
v3 (mse loss, Normalizer: (iou: 0.75, cls: 1.00) Region 16 Avg (IOU: 0.378377, GIOU: 0.174597), Class: 0.522833, Obj: 0.586806, No Obj: 0.527092, .5R: 0.333333, .75R: 0.000000, count: 3, class_loss = 258.690735, iou_loss = 4.668457, total_loss = 263.359192 
v3 (mse loss, Normalizer: (iou: 0.75, cls: 1.00) Region 23 Avg (IOU: 0.105535, GIOU: -0.137672), Class: 0.689453, Obj: 0.549209, No Obj: 0.456049, .5R: 0.000000, .75R: 0.000000, count: 2, class_loss = 786.617126, iou_loss = 9.589172, total_loss = 796.206299 
 total_bbox = 1530, rewritten_bbox = 1.111111 % 
v3 (mse loss, Normalizer: (iou: 0.75, cls: 1.00) Region 16 Avg (IOU: 0.144052, GIOU: 0.144052), Class: 0.235291, Obj: 0.772572, No Obj: 0.529223, .5R: 0.000000, .75R: 0.000000, count: 2, class_loss = 258.779938, iou_loss = 4.108582, total_loss = 262.888519 
v3 (mse loss, Normalizer: (iou: 0.75, cls: 1.00) Region 23 Avg (IOU: 0.241311, GIOU: 0.025840), Class: 0.544720, Obj: 0.476569, No Obj: 0.454297, .5R: 0.142857, .75R: 0.000000, count: 7, class_loss = 801.815002, iou_loss = 25.754944, total_loss = 827.569946 
 total_bbox = 1539, rewritten_bbox = 1.104613 % 
v3 (mse loss, Normalizer: (iou: 0.75, cls: 1.00) Region 16 Avg (IOU: 0.607078, GIOU: 0.605678), Class: 0.547048, Obj: 0.552069, No Obj: 0.530285, .5R: 0.666667, .75R: 0.333333, count: 3, class_loss = 259.079010, iou_loss = 0.809753, total_loss = 259.888763 
v3 (mse loss, Normalizer: (iou: 0.75, cls: 1.00) Region 23 Avg (IOU: 0.309133, GIOU: 0.253648), Class: 0.585500, Obj: 0.520269, No Obj: 0.453115, .5R: 0.000000, .75R: 0.000000, count: 7, class_loss = 786.996948, iou_loss = 7.652222, total_loss = 794.649170 
 total_bbox = 1549, rewritten_bbox = 1.226598 % 
 MJPEG-stream sent. 
Loaded: 0.000052 seconds

 (next mAP calculation at 1856 iterations) 
 67: 529.794739, 445.802399 avg loss, 0.000000 rate, 0.121299 seconds, 536 images, 2.561342 hours left
v3 (mse loss, Normalizer: (iou: 0.75, cls: 1.00) Region 16 Avg (IOU: 0.000000, GIOU: 0.000000), Class: 0.000000, Obj: 0.000000, No Obj: 0.528965, .5R: 0.000000, .75R: 0.000000, count: 1, class_loss = 253.173538, iou_loss = 0.000000, total_loss = 253.173538 
v3 (mse loss, Normalizer: (iou: 0.75, cls: 1.00) Region 23 Avg (IOU: 0.308519, GIOU: 0.248681), Class: 0.571132, Obj: 0.405092, No Obj: 0.452010, .5R: 0.100000, .75R: 0.000000, count: 10, class_loss = 797.139099, iou_loss = 18.857117, total_loss = 815.996216 
 total_bbox = 1559, rewritten_bbox = 1.218730 % 
v3 (mse loss, Normalizer: (iou: 0.75, cls: 1.00) Region 16 Avg (IOU: 0.437495, GIOU: 0.436991), Class: 0.412911, Obj: 0.468731, No Obj: 0.532417, .5R: 0.250000, .75R: 0.000000, count: 8, class_loss = 277.893341, iou_loss = 5.725616, total_loss = 283.618958 
v3 (mse loss, Normalizer: (iou: 0.75, cls: 1.00) Region 23 Avg (IOU: 0.119304, GIOU: -0.410716), Class: 0.441159, Obj: 0.175376, No Obj: 0.451775, .5R: 0.000000, .75R: 0.000000, count: 1, class_loss = 771.340759, iou_loss = 5.052612, total_loss = 776.393372 
 total_bbox = 1568, rewritten_bbox = 1.211735 % 
v3 (mse loss, Normalizer: (iou: 0.75, cls: 1.00) Region 16 Avg (IOU: 0.530640, GIOU: 0.475766), Class: 0.559765, Obj: 0.551049, No Obj: 0.531173, .5R: 0.333333, .75R: 0.000000, count: 3, class_loss = 262.557495, iou_loss = 0.915863, total_loss = 263.473358 
v3 (mse loss, Normalizer: (iou: 0.75, cls: 1.00) Region 23 Avg (IOU: 0.230591, GIOU: 0.171500), Class: 0.611269, Obj: 0.493232, No Obj: 0.451704, .5R: 0.000000, .75R: 0.000000, count: 4, class_loss = 777.230530, iou_loss = 8.562622, total_loss = 785.793152 
 total_bbox = 1575, rewritten_bbox = 1.206349 % 
v3 (mse loss, Normalizer: (iou: 0.75, cls: 1.00) Region 16 Avg (IOU: 0.630204, GIOU: 0.580653), Class: 0.380397, Obj: 0.584050, No Obj: 0.531471, .5R: 1.000000, .75R: 0.000000, count: 2, class_loss = 260.120880, iou_loss = 0.198700, total_loss = 260.319580 
v3 (mse loss, Normalizer: (iou: 0.75, cls: 1.00) Region 23 Avg (IOU: 0.389161, GIOU: 0.290331), Class: 0.533128, Obj: 0.400431, No Obj: 0.453272, .5R: 0.500000, .75R: 0.000000, count: 4, class_loss = 786.312256, iou_loss = 6.200928, total_loss = 792.513184 
 total_bbox = 1581, rewritten_bbox = 1.201771 % 
 MJPEG-stream sent. 
Loaded: 0.000052 seconds

 (next mAP calculation at 1856 iterations) 
 68: 528.910156, 454.113190 avg loss, 0.000000 rate, 0.122705 seconds, 544 images, 2.562675 hours left
v3 (mse loss, Normalizer: (iou: 0.75, cls: 1.00) Region 16 Avg (IOU: 0.551778, GIOU: 0.492365), Class: 0.435050, Obj: 0.555923, No Obj: 0.530769, .5R: 0.500000, .75R: 0.250000, count: 4, class_loss = 265.010040, iou_loss = 2.098175, total_loss = 267.108215 
v3 (mse loss, Normalizer: (iou: 0.75, cls: 1.00) Region 23 Avg (IOU: 0.173863, GIOU: 0.071737), Class: 0.599613, Obj: 0.330144, No Obj: 0.452835, .5R: 0.000000, .75R: 0.000000, count: 2, class_loss = 778.041260, iou_loss = 10.004822, total_loss = 788.046082 
 total_bbox = 1587, rewritten_bbox = 1.197227 % 
v3 (mse loss, Normalizer: (iou: 0.75, cls: 1.00) Region 16 Avg (IOU: 0.329335, GIOU: 0.313317), Class: 0.395998, Obj: 0.498874, No Obj: 0.530205, .5R: 0.333333, .75R: 0.000000, count: 3, class_loss = 262.690399, iou_loss = 3.612183, total_loss = 266.302582 
v3 (mse loss, Normalizer: (iou: 0.75, cls: 1.00) Region 23 Avg (IOU: 0.605506, GIOU: 0.602890), Class: 0.546046, Obj: 0.541190, No Obj: 0.453520, .5R: 0.750000, .75R: 0.250000, count: 4, class_loss = 785.456726, iou_loss = 1.958862, total_loss = 787.415588 
 total_bbox = 1594, rewritten_bbox = 1.191970 % 
v3 (mse loss, Normalizer: (iou: 0.75, cls: 1.00) Region 16 Avg (IOU: 0.604853, GIOU: 0.588706), Class: 0.558345, Obj: 0.422342, No Obj: 0.529292, .5R: 0.666667, .75R: 0.000000, count: 3, class_loss = 261.154846, iou_loss = 0.955902, total_loss = 262.110748 
v3 (mse loss, Normalizer: (iou: 0.75, cls: 1.00) Region 23 Avg (IOU: 0.000000, GIOU: 0.000000), Class: 0.000000, Obj: 0.000000, No Obj: 0.454776, .5R: 0.000000, .75R: 0.000000, count: 1, class_loss = 776.549561, iou_loss = 0.000000, total_loss = 776.549561 
 total_bbox = 1597, rewritten_bbox = 1.189731 % 
v3 (mse loss, Normalizer: (iou: 0.75, cls: 1.00) Region 16 Avg (IOU: 0.065475, GIOU: 0.065475), Class: 0.320860, Obj: 0.517203, No Obj: 0.530095, .5R: 0.000000, .75R: 0.000000, count: 1, class_loss = 256.149902, iou_loss = 1.408569, total_loss = 257.558472 
v3 (mse loss, Normalizer: (iou: 0.75, cls: 1.00) Region 23 Avg (IOU: 0.407862, GIOU: 0.365942), Class: 0.537693, Obj: 0.462279, No Obj: 0.455608, .5R: 0.375000, .75R: 0.000000, count: 16, class_loss = 826.760803, iou_loss = 15.971313, total_loss = 842.732117 
 total_bbox = 1614, rewritten_bbox = 1.177199 % 
 MJPEG-stream sent. 
Loaded: 0.000048 seconds

 (next mAP calculation at 1856 iterations) 
 69: 530.977905, 461.799652 avg loss, 0.000000 rate, 0.122717 seconds, 552 images, 2.564307 hours left
v3 (mse loss, Normalizer: (iou: 0.75, cls: 1.00) Region 16 Avg (IOU: 0.616740, GIOU: 0.609274), Class: 0.618273, Obj: 0.449151, No Obj: 0.531263, .5R: 1.000000, .75R: 0.000000, count: 2, class_loss = 261.486633, iou_loss = 0.452332, total_loss = 261.938965 
v3 (mse loss, Normalizer: (iou: 0.75, cls: 1.00) Region 23 Avg (IOU: 0.000000, GIOU: 0.000000), Class: 0.000000, Obj: 0.000000, No Obj: 0.454823, .5R: 0.000000, .75R: 0.000000, count: 1, class_loss = 777.867004, iou_loss = 0.000000, total_loss = 777.867004 
 total_bbox = 1616, rewritten_bbox = 1.175743 % 
v3 (mse loss, Normalizer: (iou: 0.75, cls: 1.00) Region 16 Avg (IOU: 0.250506, GIOU: 0.250506), Class: 0.425751, Obj: 0.645998, No Obj: 0.532499, .5R: 0.000000, .75R: 0.000000, count: 1, class_loss = 258.847504, iou_loss = 0.656342, total_loss = 259.503845 
v3 (mse loss, Normalizer: (iou: 0.75, cls: 1.00) Region 23 Avg (IOU: 0.135729, GIOU: -0.142986), Class: 0.448529, Obj: 0.376864, No Obj: 0.451532, .5R: 0.000000, .75R: 0.000000, count: 2, class_loss = 775.915710, iou_loss = 6.632446, total_loss = 782.548157 
 total_bbox = 1619, rewritten_bbox = 1.173564 % 
v3 (mse loss, Normalizer: (iou: 0.75, cls: 1.00) Region 16 Avg (IOU: 0.166027, GIOU: 0.166027), Class: 0.476545, Obj: 0.377276, No Obj: 0.530178, .5R: 0.000000, .75R: 0.000000, count: 1, class_loss = 256.436737, iou_loss = 2.559479, total_loss = 258.996216 
v3 (mse loss, Normalizer: (iou: 0.75, cls: 1.00) Region 23 Avg (IOU: 0.226395, GIOU: 0.226395), Class: 0.354609, Obj: 0.062455, No Obj: 0.452971, .5R: 0.000000, .75R: 0.000000, count: 1, class_loss = 777.574890, iou_loss = 1.970825, total_loss = 779.545715 
 total_bbox = 1621, rewritten_bbox = 1.172116 % 
v3 (mse loss, Normalizer: (iou: 0.75, cls: 1.00) Region 16 Avg (IOU: 0.383042, GIOU: 0.238175), Class: 0.468448, Obj: 0.680549, No Obj: 0.532572, .5R: 0.333333, .75R: 0.000000, count: 3, class_loss = 262.967194, iou_loss = 2.392426, total_loss = 265.359619 
v3 (mse loss, Normalizer: (iou: 0.75, cls: 1.00) Region 23 Avg (IOU: 0.479491, GIOU: 0.383373), Class: 0.458030, Obj: 0.600756, No Obj: 0.453838, .5R: 0.333333, .75R: 0.000000, count: 3, class_loss = 782.889282, iou_loss = 2.501831, total_loss = 785.391113 
 total_bbox = 1627, rewritten_bbox = 1.167794 % 
 MJPEG-stream sent. 
Loaded: 0.000050 seconds

 (next mAP calculation at 1856 iterations) 
 70: 521.393799, 467.759064 avg loss, 0.000000 rate, 0.120353 seconds, 560 images, 2.565924 hours left
v3 (mse loss, Normalizer: (iou: 0.75, cls: 1.00) Region 16 Avg (IOU: 0.508531, GIOU: 0.508531), Class: 0.510785, Obj: 0.574662, No Obj: 0.533734, .5R: 0.500000, .75R: 0.000000, count: 2, class_loss = 132.751022, iou_loss = 0.669250, total_loss = 133.420273 
v3 (mse loss, Normalizer: (iou: 0.75, cls: 1.00) Region 23 Avg (IOU: 0.568632, GIOU: 0.500076), Class: 0.630293, Obj: 0.341434, No Obj: 0.453313, .5R: 0.500000, .75R: 0.000000, count: 2, class_loss = 392.327240, iou_loss = 0.959625, total_loss = 393.286865 
 total_bbox = 1631, rewritten_bbox = 1.164930 % 
v3 (mse loss, Normalizer: (iou: 0.75, cls: 1.00) Region 16 Avg (IOU: 0.746997, GIOU: 0.727204), Class: 0.422786, Obj: 0.426014, No Obj: 0.531026, .5R: 1.000000, .75R: 0.000000, count: 1, class_loss = 129.501877, iou_loss = 0.389175, total_loss = 129.891052 
v3 (mse loss, Normalizer: (iou: 0.75, cls: 1.00) Region 23 Avg (IOU: 0.196678, GIOU: -0.050537), Class: 0.669304, Obj: 0.641673, No Obj: 0.450308, .5R: 0.111111, .75R: 0.000000, count: 9, class_loss = 403.984985, iou_loss = 35.087769, total_loss = 439.072754 
 total_bbox = 1641, rewritten_bbox = 1.157831 % 
v3 (mse loss, Normalizer: (iou: 0.75, cls: 1.00) Region 16 Avg (IOU: 0.376188, GIOU: 0.263542), Class: 0.555839, Obj: 0.569455, No Obj: 0.533870, .5R: 0.250000, .75R: 0.000000, count: 4, class_loss = 138.333603, iou_loss = 3.855347, total_loss = 142.188950 
v3 (mse loss, Normalizer: (iou: 0.75, cls: 1.00) Region 23 Avg (IOU: 0.283008, GIOU: 0.128280), Class: 0.593803, Obj: 0.375025, No Obj: 0.453764, .5R: 0.142857, .75R: 0.000000, count: 7, class_loss = 408.322662, iou_loss = 12.379822, total_loss = 420.702484 
 total_bbox = 1652, rewritten_bbox = 1.150121 % 
v3 (mse loss, Normalizer: (iou: 0.75, cls: 1.00) Region 16 Avg (IOU: 0.331850, GIOU: 0.245818), Class: 0.479905, Obj: 0.474907, No Obj: 0.530569, .5R: 0.000000, .75R: 0.000000, count: 2, class_loss = 132.563522, iou_loss = 1.631256, total_loss = 134.194778 
v3 (mse loss, Normalizer: (iou: 0.75, cls: 1.00) Region 23 Avg (IOU: 0.163983, GIOU: 0.163983), Class: 0.365114, Obj: 0.701760, No Obj: 0.452201, .5R: 0.000000, .75R: 0.000000, count: 1, class_loss = 386.298309, iou_loss = 1.843536, total_loss = 388.141846 
 total_bbox = 1655, rewritten_bbox = 1.148036 % 
 MJPEG-stream sent. 
Resizing, random_coef = 1.40 

 384 x 384 
 try to allocate additional workspace_size = 52.43 MB 
 CUDA allocate done! 
Loaded: 0.000053 seconds

 (next mAP calculation at 1856 iterations) 
 71: 272.612366, 448.244385 avg loss, 0.000000 rate, 0.059268 seconds, 568 images, 2.567000 hours left
v3 (mse loss, Normalizer: (iou: 0.75, cls: 1.00) Region 16 Avg (IOU: 0.511895, GIOU: 0.445965), Class: 0.590599, Obj: 0.711859, No Obj: 0.530701, .5R: 1.000000, .75R: 0.000000, count: 1, class_loss = 130.916229, iou_loss = 0.567108, total_loss = 131.483337 
v3 (mse loss, Normalizer: (iou: 0.75, cls: 1.00) Region 23 Avg (IOU: 0.379587, GIOU: 0.313462), Class: 0.379544, Obj: 0.426402, No Obj: 0.454485, .5R: 0.250000, .75R: 0.000000, count: 4, class_loss = 398.852448, iou_loss = 4.828369, total_loss = 403.680817 
 total_bbox = 1660, rewritten_bbox = 1.144578 % 
v3 (mse loss, Normalizer: (iou: 0.75, cls: 1.00) Region 16 Avg (IOU: 0.674835, GIOU: 0.667181), Class: 0.581874, Obj: 0.455108, No Obj: 0.532598, .5R: 1.000000, .75R: 0.000000, count: 1, class_loss = 131.352905, iou_loss = 0.172821, total_loss = 131.525726 
v3 (mse loss, Normalizer: (iou: 0.75, cls: 1.00) Region 23 Avg (IOU: 0.192573, GIOU: 0.192573), Class: 0.295553, Obj: 0.185467, No Obj: 0.451713, .5R: 0.000000, .75R: 0.000000, count: 1, class_loss = 386.926575, iou_loss = 1.995209, total_loss = 388.921783 
 total_bbox = 1662, rewritten_bbox = 1.143201 % 
v3 (mse loss, Normalizer: (iou: 0.75, cls: 1.00) Region 16 Avg (IOU: 0.000000, GIOU: 0.000000), Class: 0.000000, Obj: 0.000000, No Obj: 0.530868, .5R: 0.000000, .75R: 0.000000, count: 1, class_loss = 127.511269, iou_loss = 0.000000, total_loss = 127.511269 
v3 (mse loss, Normalizer: (iou: 0.75, cls: 1.00) Region 23 Avg (IOU: 0.407569, GIOU: 0.238763), Class: 0.520179, Obj: 0.230418, No Obj: 0.453095, .5R: 0.333333, .75R: 0.000000, count: 3, class_loss = 396.853607, iou_loss = 3.488861, total_loss = 400.342468 
 total_bbox = 1665, rewritten_bbox = 1.141141 % 
v3 (mse loss, Normalizer: (iou: 0.75, cls: 1.00) Region 16 Avg (IOU: 0.212705, GIOU: 0.056042), Class: 0.644144, Obj: 0.543366, No Obj: 0.529886, .5R: 0.000000, .75R: 0.000000, count: 2, class_loss = 132.789337, iou_loss = 3.276566, total_loss = 136.065903 
v3 (mse loss, Normalizer: (iou: 0.75, cls: 1.00) Region 23 Avg (IOU: 0.374965, GIOU: 0.305970), Class: 0.412587, Obj: 0.364123, No Obj: 0.452969, .5R: 0.000000, .75R: 0.000000, count: 2, class_loss = 392.472351, iou_loss = 2.350067, total_loss = 394.822418 
 total_bbox = 1669, rewritten_bbox = 1.138406 % 
 MJPEG-stream sent. 
Loaded: 0.000049 seconds

 (next mAP calculation at 1856 iterations) 
 72: 264.294220, 429.849365 avg loss, 0.000000 rate, 0.066546 seconds, 576 images, 2.554503 hours left
v3 (mse loss, Normalizer: (iou: 0.75, cls: 1.00) Region 16 Avg (IOU: 0.422308, GIOU: 0.377106), Class: 0.317077, Obj: 0.692010, No Obj: 0.528904, .5R: 0.250000, .75R: 0.250000, count: 4, class_loss = 137.017700, iou_loss = 3.534561, total_loss = 140.552261 
v3 (mse loss, Normalizer: (iou: 0.75, cls: 1.00) Region 23 Avg (IOU: 0.385526, GIOU: 0.300193), Class: 0.540423, Obj: 0.456769, No Obj: 0.452435, .5R: 0.000000, .75R: 0.000000, count: 2, class_loss = 389.012482, iou_loss = 1.568207, total_loss = 390.580688 
 total_bbox = 1675, rewritten_bbox = 1.134328 % 
v3 (mse loss, Normalizer: (iou: 0.75, cls: 1.00) Region 16 Avg (IOU: 0.514138, GIOU: 0.475773), Class: 0.393804, Obj: 0.459680, No Obj: 0.530081, .5R: 0.500000, .75R: 0.000000, count: 2, class_loss = 132.847824, iou_loss = 0.937729, total_loss = 133.785553 
v3 (mse loss, Normalizer: (iou: 0.75, cls: 1.00) Region 23 Avg (IOU: 0.289717, GIOU: -0.001882), Class: 0.612858, Obj: 0.653684, No Obj: 0.454327, .5R: 0.000000, .75R: 0.000000, count: 1, class_loss = 389.267242, iou_loss = 1.806030, total_loss = 391.073273 
 total_bbox = 1678, rewritten_bbox = 1.132300 % 
v3 (mse loss, Normalizer: (iou: 0.75, cls: 1.00) Region 16 Avg (IOU: 0.169519, GIOU: 0.169519), Class: 0.498307, Obj: 0.436696, No Obj: 0.528776, .5R: 0.000000, .75R: 0.000000, count: 1, class_loss = 130.109390, iou_loss = 0.531357, total_loss = 130.640747 
v3 (mse loss, Normalizer: (iou: 0.75, cls: 1.00) Region 23 Avg (IOU: 0.408478, GIOU: 0.380247), Class: 0.452258, Obj: 0.432118, No Obj: 0.452119, .5R: 0.250000, .75R: 0.250000, count: 4, class_loss = 394.255310, iou_loss = 4.622009, total_loss = 398.877319 
 total_bbox = 1683, rewritten_bbox = 1.128936 % 
v3 (mse loss, Normalizer: (iou: 0.75, cls: 1.00) Region 16 Avg (IOU: 0.257326, GIOU: -0.073243), Class: 0.865999, Obj: 0.485125, No Obj: 0.530438, .5R: 0.000000, .75R: 0.000000, count: 1, class_loss = 129.816605, iou_loss = 1.167389, total_loss = 130.983994 
v3 (mse loss, Normalizer: (iou: 0.75, cls: 1.00) Region 23 Avg (IOU: 0.139923, GIOU: -0.254889), Class: 0.626767, Obj: 0.324983, No Obj: 0.451904, .5R: 0.000000, .75R: 0.000000, count: 1, class_loss = 385.019806, iou_loss = 4.290619, total_loss = 389.310425 
 total_bbox = 1685, rewritten_bbox = 1.127596 % 
 MJPEG-stream sent. 
Loaded: 0.000050 seconds

 (next mAP calculation at 1856 iterations) 
 73: 263.225525, 413.186981 avg loss, 0.000000 rate, 0.066276 seconds, 584 images, 2.543746 hours left
v3 (mse loss, Normalizer: (iou: 0.75, cls: 1.00) Region 16 Avg (IOU: 0.491815, GIOU: 0.378234), Class: 0.496698, Obj: 0.699039, No Obj: 0.530797, .5R: 0.000000, .75R: 0.000000, count: 1, class_loss = 129.744431, iou_loss = 0.331177, total_loss = 130.075607 
v3 (mse loss, Normalizer: (iou: 0.75, cls: 1.00) Region 23 Avg (IOU: 0.337798, GIOU: 0.173181), Class: 0.466808, Obj: 0.421695, No Obj: 0.452548, .5R: 0.111111, .75R: 0.000000, count: 9, class_loss = 412.422852, iou_loss = 13.399017, total_loss = 425.821869 
 total_bbox = 1695, rewritten_bbox = 1.120944 % 
v3 (mse loss, Normalizer: (iou: 0.75, cls: 1.00) Region 16 Avg (IOU: 0.256616, GIOU: 0.143786), Class: 0.692456, Obj: 0.588490, No Obj: 0.528214, .5R: 0.000000, .75R: 0.000000, count: 1, class_loss = 129.016174, iou_loss = 1.711151, total_loss = 130.727325 
v3 (mse loss, Normalizer: (iou: 0.75, cls: 1.00) Region 23 Avg (IOU: 0.362944, GIOU: 0.228431), Class: 0.606572, Obj: 0.441172, No Obj: 0.452021, .5R: 0.142857, .75R: 0.142857, count: 7, class_loss = 402.888214, iou_loss = 20.214020, total_loss = 423.102234 
 total_bbox = 1703, rewritten_bbox = 1.115678 % 
v3 (mse loss, Normalizer: (iou: 0.75, cls: 1.00) Region 16 Avg (IOU: 0.595403, GIOU: 0.549838), Class: 0.549669, Obj: 0.511733, No Obj: 0.527609, .5R: 0.500000, .75R: 0.000000, count: 2, class_loss = 131.368713, iou_loss = 0.736160, total_loss = 132.104874 
v3 (mse loss, Normalizer: (iou: 0.75, cls: 1.00) Region 23 Avg (IOU: 0.000000, GIOU: 0.000000), Class: 0.000000, Obj: 0.000000, No Obj: 0.451401, .5R: 0.000000, .75R: 0.000000, count: 1, class_loss = 382.081055, iou_loss = 0.000000, total_loss = 382.081055 
 total_bbox = 1705, rewritten_bbox = 1.114370 % 
v3 (mse loss, Normalizer: (iou: 0.75, cls: 1.00) Region 16 Avg (IOU: 0.178077, GIOU: 0.047803), Class: 0.466127, Obj: 0.387522, No Obj: 0.531977, .5R: 0.000000, .75R: 0.000000, count: 3, class_loss = 136.053986, iou_loss = 5.856277, total_loss = 141.910263 
v3 (mse loss, Normalizer: (iou: 0.75, cls: 1.00) Region 23 Avg (IOU: 0.000000, GIOU: 0.000000), Class: 0.000000, Obj: 0.000000, No Obj: 0.452768, .5R: 0.000000, .75R: 0.000000, count: 1, class_loss = 384.005371, iou_loss = 0.000000, total_loss = 384.005371 
 total_bbox = 1708, rewritten_bbox = 1.112412 % 
 MJPEG-stream sent. 
Loaded: 0.000038 seconds

 (next mAP calculation at 1856 iterations) 
 74: 268.728577, 398.741150 avg loss, 0.000000 rate, 0.066460 seconds, 592 images, 2.533036 hours left
v3 (mse loss, Normalizer: (iou: 0.75, cls: 1.00) Region 16 Avg (IOU: 0.251367, GIOU: 0.034627), Class: 0.466808, Obj: 0.304535, No Obj: 0.531499, .5R: 0.000000, .75R: 0.000000, count: 1, class_loss = 129.539047, iou_loss = 1.490540, total_loss = 131.029587 
v3 (mse loss, Normalizer: (iou: 0.75, cls: 1.00) Region 23 Avg (IOU: 0.309072, GIOU: 0.076894), Class: 0.427440, Obj: 0.514754, No Obj: 0.451880, .5R: 0.000000, .75R: 0.000000, count: 3, class_loss = 393.089905, iou_loss = 4.744965, total_loss = 397.834869 
 total_bbox = 1712, rewritten_bbox = 1.109813 % 
v3 (mse loss, Normalizer: (iou: 0.75, cls: 1.00) Region 16 Avg (IOU: 0.461334, GIOU: 0.453193), Class: 0.509317, Obj: 0.476050, No Obj: 0.529377, .5R: 0.500000, .75R: 0.000000, count: 2, class_loss = 131.924500, iou_loss = 2.085922, total_loss = 134.010422 
v3 (mse loss, Normalizer: (iou: 0.75, cls: 1.00) Region 23 Avg (IOU: 0.425522, GIOU: 0.316790), Class: 0.570416, Obj: 0.507691, No Obj: 0.453253, .5R: 0.500000, .75R: 0.000000, count: 2, class_loss = 390.847504, iou_loss = 1.516663, total_loss = 392.364166 
 total_bbox = 1716, rewritten_bbox = 1.107226 % 
v3 (mse loss, Normalizer: (iou: 0.75, cls: 1.00) Region 16 Avg (IOU: 0.336343, GIOU: 0.243343), Class: 0.424079, Obj: 0.472365, No Obj: 0.530884, .5R: 0.000000, .75R: 0.000000, count: 2, class_loss = 133.255814, iou_loss = 1.277390, total_loss = 134.533203 
v3 (mse loss, Normalizer: (iou: 0.75, cls: 1.00) Region 23 Avg (IOU: 0.000000, GIOU: 0.000000), Class: 0.000000, Obj: 0.000000, No Obj: 0.449679, .5R: 0.000000, .75R: 0.000000, count: 1, class_loss = 380.577118, iou_loss = 0.000000, total_loss = 380.577118 
 total_bbox = 1718, rewritten_bbox = 1.105937 % 
v3 (mse loss, Normalizer: (iou: 0.75, cls: 1.00) Region 16 Avg (IOU: 0.402582, GIOU: 0.402582), Class: 0.427338, Obj: 0.647391, No Obj: 0.530619, .5R: 0.000000, .75R: 0.000000, count: 1, class_loss = 128.487213, iou_loss = 0.604614, total_loss = 129.091827 
v3 (mse loss, Normalizer: (iou: 0.75, cls: 1.00) Region 23 Avg (IOU: 0.439632, GIOU: 0.307695), Class: 0.631535, Obj: 0.329468, No Obj: 0.451372, .5R: 0.000000, .75R: 0.000000, count: 2, class_loss = 390.661774, iou_loss = 1.172424, total_loss = 391.834198 
 total_bbox = 1721, rewritten_bbox = 1.104009 % 
 MJPEG-stream sent. 
Loaded: 0.000038 seconds

 (next mAP calculation at 1856 iterations) 
 75: 261.409424, 385.007965 avg loss, 0.000000 rate, 0.065906 seconds, 600 images, 2.522472 hours left
v3 (mse loss, Normalizer: (iou: 0.75, cls: 1.00) Region 16 Avg (IOU: 0.498497, GIOU: 0.482163), Class: 0.464580, Obj: 0.584696, No Obj: 0.532042, .5R: 0.750000, .75R: 0.000000, count: 4, class_loss = 137.159271, iou_loss = 2.958069, total_loss = 140.117340 
v3 (mse loss, Normalizer: (iou: 0.75, cls: 1.00) Region 23 Avg (IOU: 0.059655, GIOU: 0.059655), Class: 0.203657, Obj: 0.149309, No Obj: 0.450457, .5R: 0.000000, .75R: 0.000000, count: 1, class_loss = 385.436859, iou_loss = 4.899139, total_loss = 390.335999 
 total_bbox = 1726, rewritten_bbox = 1.100811 % 
v3 (mse loss, Normalizer: (iou: 0.75, cls: 1.00) Region 16 Avg (IOU: 0.342456, GIOU: 0.342455), Class: 0.407199, Obj: 0.549330, No Obj: 0.531058, .5R: 0.500000, .75R: 0.000000, count: 2, class_loss = 133.289688, iou_loss = 2.034988, total_loss = 135.324677 
v3 (mse loss, Normalizer: (iou: 0.75, cls: 1.00) Region 23 Avg (IOU: 0.292866, GIOU: 0.292866), Class: 0.584061, Obj: 0.417873, No Obj: 0.453591, .5R: 0.000000, .75R: 0.000000, count: 1, class_loss = 390.035645, iou_loss = 0.772400, total_loss = 390.808044 
 total_bbox = 1729, rewritten_bbox = 1.098901 % 
v3 (mse loss, Normalizer: (iou: 0.75, cls: 1.00) Region 16 Avg (IOU: 0.000000, GIOU: 0.000000), Class: 0.000000, Obj: 0.000000, No Obj: 0.529844, .5R: 0.000000, .75R: 0.000000, count: 1, class_loss = 126.773598, iou_loss = 0.000000, total_loss = 126.773598 
v3 (mse loss, Normalizer: (iou: 0.75, cls: 1.00) Region 23 Avg (IOU: 0.608272, GIOU: 0.568955), Class: 0.498335, Obj: 0.396119, No Obj: 0.454433, .5R: 0.800000, .75R: 0.000000, count: 5, class_loss = 399.459625, iou_loss = 3.000977, total_loss = 402.460602 
 total_bbox = 1734, rewritten_bbox = 1.095732 % 
v3 (mse loss, Normalizer: (iou: 0.75, cls: 1.00) Region 16 Avg (IOU: 0.476859, GIOU: 0.456767), Class: 0.433201, Obj: 0.641185, No Obj: 0.531064, .5R: 0.500000, .75R: 0.000000, count: 2, class_loss = 132.669724, iou_loss = 0.602844, total_loss = 133.272568 
v3 (mse loss, Normalizer: (iou: 0.75, cls: 1.00) Region 23 Avg (IOU: 0.347916, GIOU: 0.334015), Class: 0.508743, Obj: 0.457500, No Obj: 0.453194, .5R: 0.333333, .75R: 0.000000, count: 6, class_loss = 403.212494, iou_loss = 8.682007, total_loss = 411.894501 
 total_bbox = 1742, rewritten_bbox = 1.090700 % 
 MJPEG-stream sent. 
Loaded: 0.000049 seconds

 (next mAP calculation at 1856 iterations) 
 76: 266.373413, 373.144501 avg loss, 0.000000 rate, 0.066399 seconds, 608 images, 2.511890 hours left
v3 (mse loss, Normalizer: (iou: 0.75, cls: 1.00) Region 16 Avg (IOU: 0.522274, GIOU: 0.425625), Class: 0.481851, Obj: 0.500014, No Obj: 0.529599, .5R: 0.333333, .75R: 0.000000, count: 3, class_loss = 135.201279, iou_loss = 1.200027, total_loss = 136.401306 
v3 (mse loss, Normalizer: (iou: 0.75, cls: 1.00) Region 23 Avg (IOU: 0.000000, GIOU: 0.000000), Class: 0.000000, Obj: 0.000000, No Obj: 0.450193, .5R: 0.000000, .75R: 0.000000, count: 1, class_loss = 381.614197, iou_loss = 0.000000, total_loss = 381.614197 
 total_bbox = 1745, rewritten_bbox = 1.088825 % 
v3 (mse loss, Normalizer: (iou: 0.75, cls: 1.00) Region 16 Avg (IOU: 0.296745, GIOU: 0.296745), Class: 0.285980, Obj: 0.635971, No Obj: 0.533711, .5R: 0.000000, .75R: 0.000000, count: 1, class_loss = 130.106766, iou_loss = 0.733612, total_loss = 130.840378 
v3 (mse loss, Normalizer: (iou: 0.75, cls: 1.00) Region 23 Avg (IOU: 0.276007, GIOU: 0.053865), Class: 0.615874, Obj: 0.471678, No Obj: 0.451984, .5R: 0.400000, .75R: 0.000000, count: 5, class_loss = 397.015350, iou_loss = 17.681732, total_loss = 414.697083 
 total_bbox = 1751, rewritten_bbox = 1.085094 % 
v3 (mse loss, Normalizer: (iou: 0.75, cls: 1.00) Region 16 Avg (IOU: 0.286063, GIOU: 0.286063), Class: 0.437683, Obj: 0.643590, No Obj: 0.530898, .5R: 0.000000, .75R: 0.000000, count: 1, class_loss = 129.084015, iou_loss = 0.511169, total_loss = 129.595184 
v3 (mse loss, Normalizer: (iou: 0.75, cls: 1.00) Region 23 Avg (IOU: 0.222012, GIOU: 0.094324), Class: 0.437151, Obj: 0.478752, No Obj: 0.452917, .5R: 0.000000, .75R: 0.000000, count: 15, class_loss = 427.872986, iou_loss = 44.083099, total_loss = 471.956085 
 total_bbox = 1767, rewritten_bbox = 1.075269 % 
v3 (mse loss, Normalizer: (iou: 0.75, cls: 1.00) Region 16 Avg (IOU: 0.237803, GIOU: 0.015558), Class: 0.479861, Obj: 0.831993, No Obj: 0.528501, .5R: 0.000000, .75R: 0.000000, count: 1, class_loss = 129.767471, iou_loss = 1.532059, total_loss = 131.299530 
v3 (mse loss, Normalizer: (iou: 0.75, cls: 1.00) Region 23 Avg (IOU: 0.485671, GIOU: 0.485671), Class: 0.415256, Obj: 0.536963, No Obj: 0.451292, .5R: 0.500000, .75R: 0.000000, count: 2, class_loss = 386.558655, iou_loss = 0.607727, total_loss = 387.166382 
 total_bbox = 1770, rewritten_bbox = 1.073446 % 
 MJPEG-stream sent. 
Loaded: 0.000049 seconds

 (next mAP calculation at 1856 iterations) 
 77: 272.946289, 363.124695 avg loss, 0.000000 rate, 0.067198 seconds, 616 images, 2.501526 hours left
v3 (mse loss, Normalizer: (iou: 0.75, cls: 1.00) Region 16 Avg (IOU: 0.348844, GIOU: 0.072810), Class: 0.531671, Obj: 0.574772, No Obj: 0.529176, .5R: 0.500000, .75R: 0.000000, count: 2, class_loss = 131.853531, iou_loss = 3.815826, total_loss = 135.669357 
v3 (mse loss, Normalizer: (iou: 0.75, cls: 1.00) Region 23 Avg (IOU: 0.426210, GIOU: 0.365293), Class: 0.617828, Obj: 0.356755, No Obj: 0.451236, .5R: 0.400000, .75R: 0.000000, count: 5, class_loss = 396.619995, iou_loss = 5.330811, total_loss = 401.950806 
 total_bbox = 1777, rewritten_bbox = 1.069218 % 
v3 (mse loss, Normalizer: (iou: 0.75, cls: 1.00) Region 16 Avg (IOU: 0.402832, GIOU: 0.262025), Class: 0.568480, Obj: 0.517986, No Obj: 0.531162, .5R: 0.000000, .75R: 0.000000, count: 3, class_loss = 135.088211, iou_loss = 2.279541, total_loss = 137.367752 
v3 (mse loss, Normalizer: (iou: 0.75, cls: 1.00) Region 23 Avg (IOU: 0.471311, GIOU: 0.446518), Class: 0.469454, Obj: 0.533858, No Obj: 0.452496, .5R: 0.500000, .75R: 0.000000, count: 6, class_loss = 399.654816, iou_loss = 4.396729, total_loss = 404.051544 
 total_bbox = 1786, rewritten_bbox = 1.063830 % 
v3 (mse loss, Normalizer: (iou: 0.75, cls: 1.00) Region 16 Avg (IOU: 0.748556, GIOU: 0.735955), Class: 0.457667, Obj: 0.626587, No Obj: 0.531802, .5R: 1.000000, .75R: 0.500000, count: 2, class_loss = 132.651245, iou_loss = 0.184753, total_loss = 132.835999 
v3 (mse loss, Normalizer: (iou: 0.75, cls: 1.00) Region 23 Avg (IOU: 0.657557, GIOU: 0.651588), Class: 0.680131, Obj: 0.405243, No Obj: 0.450442, .5R: 1.000000, .75R: 0.500000, count: 2, class_loss = 385.429260, iou_loss = 1.068726, total_loss = 386.497986 
 total_bbox = 1790, rewritten_bbox = 1.061453 % 
v3 (mse loss, Normalizer: (iou: 0.75, cls: 1.00) Region 16 Avg (IOU: 0.566134, GIOU: 0.539773), Class: 0.599960, Obj: 0.439511, No Obj: 0.531530, .5R: 0.500000, .75R: 0.000000, count: 2, class_loss = 132.427811, iou_loss = 0.761414, total_loss = 133.189224 
v3 (mse loss, Normalizer: (iou: 0.75, cls: 1.00) Region 23 Avg (IOU: 0.202340, GIOU: 0.002626), Class: 0.472806, Obj: 0.577971, No Obj: 0.452001, .5R: 0.000000, .75R: 0.000000, count: 4, class_loss = 393.626434, iou_loss = 12.994415, total_loss = 406.620850 
 total_bbox = 1796, rewritten_bbox = 1.057907 % 
 MJPEG-stream sent. 
Loaded: 0.000050 seconds

 (next mAP calculation at 1856 iterations) 
 78: 267.272949, 353.539520 avg loss, 0.000000 rate, 0.067495 seconds, 624 images, 2.491442 hours left
v3 (mse loss, Normalizer: (iou: 0.75, cls: 1.00) Region 16 Avg (IOU: 0.433025, GIOU: 0.342798), Class: 0.526632, Obj: 0.558022, No Obj: 0.529069, .5R: 0.250000, .75R: 0.000000, count: 4, class_loss = 137.641495, iou_loss = 2.694260, total_loss = 140.335754 
v3 (mse loss, Normalizer: (iou: 0.75, cls: 1.00) Region 23 Avg (IOU: 0.157201, GIOU: -0.002782), Class: 0.472761, Obj: 0.425650, No Obj: 0.449221, .5R: 0.000000, .75R: 0.000000, count: 7, class_loss = 400.535706, iou_loss = 25.865631, total_loss = 426.401337 
 total_bbox = 1807, rewritten_bbox = 1.051466 % 
v3 (mse loss, Normalizer: (iou: 0.75, cls: 1.00) Region 16 Avg (IOU: 0.522814, GIOU: 0.448349), Class: 0.476783, Obj: 0.652184, No Obj: 0.532957, .5R: 0.500000, .75R: 0.000000, count: 2, class_loss = 134.600510, iou_loss = 0.758926, total_loss = 135.359436 
v3 (mse loss, Normalizer: (iou: 0.75, cls: 1.00) Region 23 Avg (IOU: 0.214586, GIOU: -0.042111), Class: 0.465036, Obj: 0.393958, No Obj: 0.450798, .5R: 0.000000, .75R: 0.000000, count: 12, class_loss = 412.939209, iou_loss = 38.683319, total_loss = 451.622528 
 total_bbox = 1821, rewritten_bbox = 1.098298 % 
v3 (mse loss, Normalizer: (iou: 0.75, cls: 1.00) Region 16 Avg (IOU: 0.676072, GIOU: 0.647360), Class: 0.444644, Obj: 0.614448, No Obj: 0.529605, .5R: 1.000000, .75R: 0.000000, count: 1, class_loss = 129.439453, iou_loss = 0.347015, total_loss = 129.786469 
v3 (mse loss, Normalizer: (iou: 0.75, cls: 1.00) Region 23 Avg (IOU: 0.375903, GIOU: 0.273631), Class: 0.602608, Obj: 0.460310, No Obj: 0.455218, .5R: 0.000000, .75R: 0.000000, count: 4, class_loss = 400.191437, iou_loss = 4.450409, total_loss = 404.641846 
 total_bbox = 1826, rewritten_bbox = 1.095290 % 
v3 (mse loss, Normalizer: (iou: 0.75, cls: 1.00) Region 16 Avg (IOU: 0.619094, GIOU: 0.578131), Class: 0.499164, Obj: 0.577520, No Obj: 0.531261, .5R: 1.000000, .75R: 0.000000, count: 2, class_loss = 133.312149, iou_loss = 0.199432, total_loss = 133.511581 
v3 (mse loss, Normalizer: (iou: 0.75, cls: 1.00) Region 23 Avg (IOU: 0.336890, GIOU: 0.281218), Class: 0.577009, Obj: 0.426008, No Obj: 0.451916, .5R: 0.250000, .75R: 0.000000, count: 16, class_loss = 427.287811, iou_loss = 24.118439, total_loss = 451.406250 
 total_bbox = 1844, rewritten_bbox = 1.084599 % 
 MJPEG-stream sent. 
Loaded: 0.000049 seconds

 (next mAP calculation at 1856 iterations) 
 79: 284.133148, 346.598877 avg loss, 0.000000 rate, 0.068464 seconds, 632 images, 2.481525 hours left
v3 (mse loss, Normalizer: (iou: 0.75, cls: 1.00) Region 16 Avg (IOU: 0.347172, GIOU: 0.347172), Class: 0.422215, Obj: 0.768063, No Obj: 0.532368, .5R: 0.000000, .75R: 0.000000, count: 1, class_loss = 129.497955, iou_loss = 0.362335, total_loss = 129.860291 
v3 (mse loss, Normalizer: (iou: 0.75, cls: 1.00) Region 23 Avg (IOU: 0.362719, GIOU: 0.321522), Class: 0.574541, Obj: 0.420852, No Obj: 0.451379, .5R: 0.214286, .75R: 0.000000, count: 14, class_loss = 421.804901, iou_loss = 22.166656, total_loss = 443.971558 
 total_bbox = 1859, rewritten_bbox = 1.075847 % 
v3 (mse loss, Normalizer: (iou: 0.75, cls: 1.00) Region 16 Avg (IOU: 0.377709, GIOU: 0.335622), Class: 0.411782, Obj: 0.665836, No Obj: 0.528250, .5R: 0.000000, .75R: 0.000000, count: 2, class_loss = 131.686447, iou_loss = 1.211807, total_loss = 132.898254 
v3 (mse loss, Normalizer: (iou: 0.75, cls: 1.00) Region 23 Avg (IOU: 0.373845, GIOU: 0.322050), Class: 0.541026, Obj: 0.406297, No Obj: 0.452748, .5R: 0.300000, .75R: 0.000000, count: 10, class_loss = 412.070190, iou_loss = 10.623566, total_loss = 422.693756 
 total_bbox = 1871, rewritten_bbox = 1.068947 % 
v3 (mse loss, Normalizer: (iou: 0.75, cls: 1.00) Region 16 Avg (IOU: 0.186916, GIOU: -0.271632), Class: 0.274565, Obj: 0.892127, No Obj: 0.530335, .5R: 0.000000, .75R: 0.000000, count: 1, class_loss = 128.855057, iou_loss = 1.288025, total_loss = 130.143082 
v3 (mse loss, Normalizer: (iou: 0.75, cls: 1.00) Region 23 Avg (IOU: 0.313529, GIOU: 0.062399), Class: 0.504066, Obj: 0.392042, No Obj: 0.452485, .5R: 0.200000, .75R: 0.000000, count: 5, class_loss = 398.114044, iou_loss = 19.878326, total_loss = 417.992371 
 total_bbox = 1877, rewritten_bbox = 1.065530 % 
v3 (mse loss, Normalizer: (iou: 0.75, cls: 1.00) Region 16 Avg (IOU: 0.156029, GIOU: -0.201771), Class: 0.375972, Obj: 0.601292, No Obj: 0.530695, .5R: 0.000000, .75R: 0.000000, count: 2, class_loss = 132.487106, iou_loss = 5.695114, total_loss = 138.182220 
v3 (mse loss, Normalizer: (iou: 0.75, cls: 1.00) Region 23 Avg (IOU: 0.000000, GIOU: 0.000000), Class: 0.000000, Obj: 0.000000, No Obj: 0.452285, .5R: 0.000000, .75R: 0.000000, count: 1, class_loss = 382.260223, iou_loss = 0.000000, total_loss = 382.260223 
 total_bbox = 1879, rewritten_bbox = 1.064396 % 
 MJPEG-stream sent. 
Loaded: 0.000050 seconds

 (next mAP calculation at 1856 iterations) 
 80: 274.750214, 339.414001 avg loss, 0.000000 rate, 0.067464 seconds, 640 images, 2.471922 hours left
v3 (mse loss, Normalizer: (iou: 0.75, cls: 1.00) Region 16 Avg (IOU: 0.419065, GIOU: 0.405096), Class: 0.503264, Obj: 0.535025, No Obj: 0.528720, .5R: 0.500000, .75R: 0.000000, count: 2, class_loss = 203.411911, iou_loss = 0.959137, total_loss = 204.371048 
v3 (mse loss, Normalizer: (iou: 0.75, cls: 1.00) Region 23 Avg (IOU: 0.085054, GIOU: 0.085054), Class: 0.156182, Obj: 0.773484, No Obj: 0.453993, .5R: 0.000000, .75R: 0.000000, count: 1, class_loss = 604.291321, iou_loss = 3.443665, total_loss = 607.734985 
 total_bbox = 1882, rewritten_bbox = 1.062699 % 
v3 (mse loss, Normalizer: (iou: 0.75, cls: 1.00) Region 16 Avg (IOU: 0.305195, GIOU: 0.165073), Class: 0.562172, Obj: 0.584196, No Obj: 0.528578, .5R: 0.000000, .75R: 0.000000, count: 3, class_loss = 206.023148, iou_loss = 2.796707, total_loss = 208.819855 
v3 (mse loss, Normalizer: (iou: 0.75, cls: 1.00) Region 23 Avg (IOU: 0.374590, GIOU: 0.315823), Class: 0.504062, Obj: 0.421663, No Obj: 0.452078, .5R: 0.166667, .75R: 0.000000, count: 6, class_loss = 617.141724, iou_loss = 6.413574, total_loss = 623.555298 
 total_bbox = 1891, rewritten_bbox = 1.057642 % 
v3 (mse loss, Normalizer: (iou: 0.75, cls: 1.00) Region 16 Avg (IOU: 0.219241, GIOU: 0.118538), Class: 0.521279, Obj: 0.563855, No Obj: 0.528439, .5R: 0.000000, .75R: 0.000000, count: 4, class_loss = 206.647385, iou_loss = 8.272278, total_loss = 214.919662 
v3 (mse loss, Normalizer: (iou: 0.75, cls: 1.00) Region 23 Avg (IOU: 0.000000, GIOU: 0.000000), Class: 0.000000, Obj: 0.000000, No Obj: 0.453605, .5R: 0.000000, .75R: 0.000000, count: 1, class_loss = 604.443542, iou_loss = 0.000000, total_loss = 604.443542 
 total_bbox = 1895, rewritten_bbox = 1.055409 % 
v3 (mse loss, Normalizer: (iou: 0.75, cls: 1.00) Region 16 Avg (IOU: 0.087519, GIOU: -0.554819), Class: 0.633819, Obj: 0.469337, No Obj: 0.530859, .5R: 0.000000, .75R: 0.000000, count: 1, class_loss = 201.594315, iou_loss = 6.521637, total_loss = 208.115952 
v3 (mse loss, Normalizer: (iou: 0.75, cls: 1.00) Region 23 Avg (IOU: 0.464831, GIOU: 0.360073), Class: 0.574107, Obj: 0.356328, No Obj: 0.450558, .5R: 0.250000, .75R: 0.250000, count: 4, class_loss = 607.187439, iou_loss = 4.973755, total_loss = 612.161194 
 total_bbox = 1900, rewritten_bbox = 1.052632 % 
 MJPEG-stream sent. 
Resizing, random_coef = 1.40 

 480 x 480 
 try to allocate additional workspace_size = 52.43 MB 
 CUDA allocate done! 
Loaded: 0.000050 seconds

 (next mAP calculation at 1856 iterations) 
 81: 410.515198, 346.524109 avg loss, 0.000000 rate, 0.079260 seconds, 648 images, 2.462194 hours left
v3 (mse loss, Normalizer: (iou: 0.75, cls: 1.00) Region 16 Avg (IOU: 0.343317, GIOU: 0.230166), Class: 0.505810, Obj: 0.654503, No Obj: 0.529514, .5R: 0.000000, .75R: 0.000000, count: 3, class_loss = 203.890503, iou_loss = 2.324417, total_loss = 206.214920 
v3 (mse loss, Normalizer: (iou: 0.75, cls: 1.00) Region 23 Avg (IOU: 0.283142, GIOU: 0.197542), Class: 0.508558, Obj: 0.590870, No Obj: 0.451780, .5R: 0.166667, .75R: 0.000000, count: 6, class_loss = 617.101257, iou_loss = 11.386475, total_loss = 628.487732 
 total_bbox = 1909, rewritten_bbox = 1.047669 % 
v3 (mse loss, Normalizer: (iou: 0.75, cls: 1.00) Region 16 Avg (IOU: 0.504434, GIOU: 0.399243), Class: 0.494141, Obj: 0.621539, No Obj: 0.531020, .5R: 0.666667, .75R: 0.000000, count: 3, class_loss = 205.460892, iou_loss = 2.034805, total_loss = 207.495697 
v3 (mse loss, Normalizer: (iou: 0.75, cls: 1.00) Region 23 Avg (IOU: 0.273088, GIOU: -0.004632), Class: 0.680989, Obj: 0.400130, No Obj: 0.450981, .5R: 0.000000, .75R: 0.000000, count: 2, class_loss = 602.190247, iou_loss = 3.903503, total_loss = 606.093750 
 total_bbox = 1914, rewritten_bbox = 1.044932 % 
v3 (mse loss, Normalizer: (iou: 0.75, cls: 1.00) Region 16 Avg (IOU: 0.348261, GIOU: 0.302360), Class: 0.468118, Obj: 0.676236, No Obj: 0.530394, .5R: 0.250000, .75R: 0.000000, count: 4, class_loss = 208.850342, iou_loss = 4.676819, total_loss = 213.527161 
v3 (mse loss, Normalizer: (iou: 0.75, cls: 1.00) Region 23 Avg (IOU: 0.533377, GIOU: 0.533376), Class: 0.406208, Obj: 0.528911, No Obj: 0.452226, .5R: 1.000000, .75R: 0.000000, count: 1, class_loss = 599.872131, iou_loss = 0.282043, total_loss = 600.154175 
 total_bbox = 1919, rewritten_bbox = 1.042210 % 
v3 (mse loss, Normalizer: (iou: 0.75, cls: 1.00) Region 16 Avg (IOU: 0.544791, GIOU: 0.441743), Class: 0.440031, Obj: 0.612667, No Obj: 0.530254, .5R: 0.600000, .75R: 0.200000, count: 5, class_loss = 210.341400, iou_loss = 2.636734, total_loss = 212.978134 
v3 (mse loss, Normalizer: (iou: 0.75, cls: 1.00) Region 23 Avg (IOU: 0.227360, GIOU: 0.058069), Class: 0.178178, Obj: 0.499693, No Obj: 0.451675, .5R: 0.066667, .75R: 0.000000, count: 15, class_loss = 644.489685, iou_loss = 43.766479, total_loss = 688.256165 
 total_bbox = 1939, rewritten_bbox = 1.031460 % 
 MJPEG-stream sent. 
Loaded: 0.000050 seconds

 (next mAP calculation at 1856 iterations) 
 82: 420.400970, 353.911804 avg loss, 0.000000 rate, 0.091614 seconds, 656 images, 2.455180 hours left
v3 (mse loss, Normalizer: (iou: 0.75, cls: 1.00) Region 16 Avg (IOU: 0.611974, GIOU: 0.550546), Class: 0.534875, Obj: 0.490096, No Obj: 0.530507, .5R: 1.000000, .75R: 0.000000, count: 3, class_loss = 205.899734, iou_loss = 0.928085, total_loss = 206.827820 
v3 (mse loss, Normalizer: (iou: 0.75, cls: 1.00) Region 23 Avg (IOU: 0.412107, GIOU: 0.217440), Class: 0.287267, Obj: 0.463547, No Obj: 0.451048, .5R: 0.333333, .75R: 0.000000, count: 3, class_loss = 608.112183, iou_loss = 4.009644, total_loss = 612.121826 
 total_bbox = 1945, rewritten_bbox = 1.028278 % 
v3 (mse loss, Normalizer: (iou: 0.75, cls: 1.00) Region 16 Avg (IOU: 0.520192, GIOU: 0.434180), Class: 0.604692, Obj: 0.544837, No Obj: 0.531379, .5R: 0.500000, .75R: 0.000000, count: 2, class_loss = 203.833267, iou_loss = 0.608780, total_loss = 204.442047 
v3 (mse loss, Normalizer: (iou: 0.75, cls: 1.00) Region 23 Avg (IOU: 0.000000, GIOU: 0.000000), Class: 0.000000, Obj: 0.000000, No Obj: 0.451999, .5R: 0.000000, .75R: 0.000000, count: 1, class_loss = 601.578247, iou_loss = 0.000000, total_loss = 601.578247 
 total_bbox = 1947, rewritten_bbox = 1.027221 % 
v3 (mse loss, Normalizer: (iou: 0.75, cls: 1.00) Region 16 Avg (IOU: 0.512669, GIOU: 0.512669), Class: 0.424556, Obj: 0.470864, No Obj: 0.527854, .5R: 1.000000, .75R: 0.000000, count: 1, class_loss = 198.822922, iou_loss = 0.287109, total_loss = 199.110031 
v3 (mse loss, Normalizer: (iou: 0.75, cls: 1.00) Region 23 Avg (IOU: 0.299602, GIOU: 0.111087), Class: 0.926373, Obj: 0.311279, No Obj: 0.455453, .5R: 0.000000, .75R: 0.000000, count: 1, class_loss = 606.521973, iou_loss = 1.454102, total_loss = 607.976074 
 total_bbox = 1949, rewritten_bbox = 1.026167 % 
v3 (mse loss, Normalizer: (iou: 0.75, cls: 1.00) Region 16 Avg (IOU: 0.402058, GIOU: 0.218207), Class: 0.489889, Obj: 0.613736, No Obj: 0.528000, .5R: 0.250000, .75R: 0.000000, count: 4, class_loss = 205.850540, iou_loss = 4.983368, total_loss = 210.833908 
v3 (mse loss, Normalizer: (iou: 0.75, cls: 1.00) Region 23 Avg (IOU: 0.000000, GIOU: 0.000000), Class: 0.000000, Obj: 0.000000, No Obj: 0.451081, .5R: 0.000000, .75R: 0.000000, count: 1, class_loss = 596.331909, iou_loss = 0.000000, total_loss = 596.331909 
 total_bbox = 1953, rewritten_bbox = 1.024065 % 
 MJPEG-stream sent. 
Loaded: 0.000053 seconds

 (next mAP calculation at 1856 iterations) 
 83: 404.902740, 359.010895 avg loss, 0.000000 rate, 0.089472 seconds, 664 images, 2.450980 hours left
v3 (mse loss, Normalizer: (iou: 0.75, cls: 1.00) Region 16 Avg (IOU: 0.398112, GIOU: 0.256084), Class: 0.662890, Obj: 0.502592, No Obj: 0.531703, .5R: 0.000000, .75R: 0.000000, count: 2, class_loss = 203.776123, iou_loss = 1.717789, total_loss = 205.493912 
v3 (mse loss, Normalizer: (iou: 0.75, cls: 1.00) Region 23 Avg (IOU: 0.143632, GIOU: 0.143632), Class: 0.743028, Obj: 0.294079, No Obj: 0.450022, .5R: 0.000000, .75R: 0.000000, count: 1, class_loss = 597.013062, iou_loss = 2.958862, total_loss = 599.971924 
 total_bbox = 1956, rewritten_bbox = 1.022495 % 
v3 (mse loss, Normalizer: (iou: 0.75, cls: 1.00) Region 16 Avg (IOU: 0.324173, GIOU: 0.087431), Class: 0.535088, Obj: 0.491673, No Obj: 0.529600, .5R: 0.500000, .75R: 0.000000, count: 2, class_loss = 203.847260, iou_loss = 3.767670, total_loss = 207.614929 
v3 (mse loss, Normalizer: (iou: 0.75, cls: 1.00) Region 23 Avg (IOU: 0.000000, GIOU: 0.000000), Class: 0.000000, Obj: 0.000000, No Obj: 0.454705, .5R: 0.000000, .75R: 0.000000, count: 1, class_loss = 605.734009, iou_loss = 0.000000, total_loss = 605.734009 
 total_bbox = 1958, rewritten_bbox = 1.021450 % 
v3 (mse loss, Normalizer: (iou: 0.75, cls: 1.00) Region 16 Avg (IOU: 0.337152, GIOU: 0.208144), Class: 0.518849, Obj: 0.556308, No Obj: 0.528284, .5R: 0.000000, .75R: 0.000000, count: 2, class_loss = 203.710709, iou_loss = 2.759674, total_loss = 206.470383 
v3 (mse loss, Normalizer: (iou: 0.75, cls: 1.00) Region 23 Avg (IOU: 0.000000, GIOU: 0.000000), Class: 0.000000, Obj: 0.000000, No Obj: 0.449993, .5R: 0.000000, .75R: 0.000000, count: 1, class_loss = 594.878418, iou_loss = 0.000000, total_loss = 594.878418 
 total_bbox = 1960, rewritten_bbox = 1.020408 % 
v3 (mse loss, Normalizer: (iou: 0.75, cls: 1.00) Region 16 Avg (IOU: 0.379299, GIOU: 0.089580), Class: 0.700134, Obj: 0.714797, No Obj: 0.528739, .5R: 0.333333, .75R: 0.333333, count: 3, class_loss = 203.510452, iou_loss = 5.870804, total_loss = 209.381256 
v3 (mse loss, Normalizer: (iou: 0.75, cls: 1.00) Region 23 Avg (IOU: 0.000000, GIOU: 0.000000), Class: 0.000000, Obj: 0.000000, No Obj: 0.452608, .5R: 0.000000, .75R: 0.000000, count: 1, class_loss = 598.676453, iou_loss = 0.000000, total_loss = 598.676453 
 total_bbox = 1963, rewritten_bbox = 1.018849 % 
 MJPEG-stream sent. 
Loaded: 0.000050 seconds

 (next mAP calculation at 1856 iterations) 
 84: 403.527649, 363.462585 avg loss, 0.000000 rate, 0.088811 seconds, 672 images, 2.446346 hours left
v3 (mse loss, Normalizer: (iou: 0.75, cls: 1.00) Region 16 Avg (IOU: 0.494563, GIOU: 0.291484), Class: 0.465534, Obj: 0.430525, No Obj: 0.527761, .5R: 0.500000, .75R: 0.500000, count: 2, class_loss = 201.446045, iou_loss = 2.093719, total_loss = 203.539764 
v3 (mse loss, Normalizer: (iou: 0.75, cls: 1.00) Region 23 Avg (IOU: 0.355300, GIOU: 0.313133), Class: 0.727355, Obj: 0.456137, No Obj: 0.453933, .5R: 0.285714, .75R: 0.142857, count: 7, class_loss = 618.830322, iou_loss = 14.387268, total_loss = 633.217590 
 total_bbox = 1972, rewritten_bbox = 1.014199 % 
v3 (mse loss, Normalizer: (iou: 0.75, cls: 1.00) Region 16 Avg (IOU: 0.376532, GIOU: 0.228227), Class: 0.364853, Obj: 0.643341, No Obj: 0.530546, .5R: 0.000000, .75R: 0.000000, count: 2, class_loss = 203.509567, iou_loss = 1.849503, total_loss = 205.359070 
v3 (mse loss, Normalizer: (iou: 0.75, cls: 1.00) Region 23 Avg (IOU: 0.317526, GIOU: 0.197728), Class: 0.507705, Obj: 0.457941, No Obj: 0.452643, .5R: 0.142857, .75R: 0.000000, count: 14, class_loss = 640.072083, iou_loss = 25.163757, total_loss = 665.235840 
 total_bbox = 1988, rewritten_bbox = 1.006036 % 
v3 (mse loss, Normalizer: (iou: 0.75, cls: 1.00) Region 16 Avg (IOU: 0.265223, GIOU: 0.205476), Class: 0.386250, Obj: 0.562311, No Obj: 0.526178, .5R: 0.000000, .75R: 0.000000, count: 1, class_loss = 198.338120, iou_loss = 1.335815, total_loss = 199.673935 
v3 (mse loss, Normalizer: (iou: 0.75, cls: 1.00) Region 23 Avg (IOU: 0.401640, GIOU: 0.287173), Class: 0.590068, Obj: 0.394217, No Obj: 0.452181, .5R: 0.333333, .75R: 0.000000, count: 3, class_loss = 603.108826, iou_loss = 4.333557, total_loss = 607.442383 
 total_bbox = 1992, rewritten_bbox = 1.004016 % 
v3 (mse loss, Normalizer: (iou: 0.75, cls: 1.00) Region 16 Avg (IOU: 0.505200, GIOU: 0.382841), Class: 0.590303, Obj: 0.589520, No Obj: 0.529993, .5R: 0.500000, .75R: 0.000000, count: 2, class_loss = 203.907867, iou_loss = 0.803162, total_loss = 204.711029 
v3 (mse loss, Normalizer: (iou: 0.75, cls: 1.00) Region 23 Avg (IOU: 0.276838, GIOU: 0.154924), Class: 0.539031, Obj: 0.567163, No Obj: 0.451420, .5R: 0.000000, .75R: 0.000000, count: 5, class_loss = 613.813965, iou_loss = 7.816040, total_loss = 621.630005 
 total_bbox = 1999, rewritten_bbox = 1.000500 % 
 MJPEG-stream sent. 
Loaded: 0.000049 seconds

 (next mAP calculation at 1856 iterations) 
 85: 417.601227, 368.876465 avg loss, 0.000000 rate, 0.092232 seconds, 680 images, 2.441611 hours left
v3 (mse loss, Normalizer: (iou: 0.75, cls: 1.00) Region 16 Avg (IOU: 0.375408, GIOU: 0.221936), Class: 0.231947, Obj: 0.750098, No Obj: 0.528758, .5R: 0.000000, .75R: 0.000000, count: 1, class_loss = 199.438828, iou_loss = 0.776611, total_loss = 200.215439 
v3 (mse loss, Normalizer: (iou: 0.75, cls: 1.00) Region 23 Avg (IOU: 0.265518, GIOU: -0.061331), Class: 0.642782, Obj: 0.394036, No Obj: 0.452116, .5R: 0.000000, .75R: 0.000000, count: 1, class_loss = 601.151062, iou_loss = 1.938965, total_loss = 603.090027 
 total_bbox = 2001, rewritten_bbox = 0.999500 % 
v3 (mse loss, Normalizer: (iou: 0.75, cls: 1.00) Region 16 Avg (IOU: 0.344174, GIOU: 0.314632), Class: 0.596494, Obj: 0.416579, No Obj: 0.530761, .5R: 0.500000, .75R: 0.000000, count: 2, class_loss = 204.236908, iou_loss = 1.439987, total_loss = 205.676895 
v3 (mse loss, Normalizer: (iou: 0.75, cls: 1.00) Region 23 Avg (IOU: 0.000000, GIOU: 0.000000), Class: 0.000000, Obj: 0.000000, No Obj: 0.452156, .5R: 0.000000, .75R: 0.000000, count: 1, class_loss = 599.895020, iou_loss = 0.000000, total_loss = 599.895020 
 total_bbox = 2003, rewritten_bbox = 0.998502 % 
v3 (mse loss, Normalizer: (iou: 0.75, cls: 1.00) Region 16 Avg (IOU: 0.287106, GIOU: 0.195925), Class: 0.677240, Obj: 0.494008, No Obj: 0.531663, .5R: 0.000000, .75R: 0.000000, count: 2, class_loss = 204.688370, iou_loss = 5.235977, total_loss = 209.924347 
v3 (mse loss, Normalizer: (iou: 0.75, cls: 1.00) Region 23 Avg (IOU: 0.268893, GIOU: 0.198971), Class: 0.454033, Obj: 0.367983, No Obj: 0.450925, .5R: 0.000000, .75R: 0.000000, count: 4, class_loss = 610.648499, iou_loss = 6.592102, total_loss = 617.240601 
 total_bbox = 2009, rewritten_bbox = 0.995520 % 
v3 (mse loss, Normalizer: (iou: 0.75, cls: 1.00) Region 16 Avg (IOU: 0.348853, GIOU: 0.258302), Class: 0.487948, Obj: 0.594573, No Obj: 0.529531, .5R: 0.200000, .75R: 0.000000, count: 5, class_loss = 210.076706, iou_loss = 4.923431, total_loss = 215.000137 
v3 (mse loss, Normalizer: (iou: 0.75, cls: 1.00) Region 23 Avg (IOU: 0.000000, GIOU: 0.000000), Class: 0.000000, Obj: 0.000000, No Obj: 0.451056, .5R: 0.000000, .75R: 0.000000, count: 1, class_loss = 597.194580, iou_loss = 0.000000, total_loss = 597.194580 
 total_bbox = 2014, rewritten_bbox = 0.993049 % 
 MJPEG-stream sent. 
Loaded: 0.000050 seconds

 (next mAP calculation at 1856 iterations) 
 86: 406.029663, 372.591797 avg loss, 0.000000 rate, 0.088389 seconds, 688 images, 2.437682 hours left
v3 (mse loss, Normalizer: (iou: 0.75, cls: 1.00) Region 16 Avg (IOU: 0.294916, GIOU: 0.193570), Class: 0.478308, Obj: 0.634760, No Obj: 0.531304, .5R: 0.250000, .75R: 0.000000, count: 4, class_loss = 210.156876, iou_loss = 4.466858, total_loss = 214.623734 
v3 (mse loss, Normalizer: (iou: 0.75, cls: 1.00) Region 23 Avg (IOU: 0.411315, GIOU: 0.404006), Class: 0.574656, Obj: 0.555182, No Obj: 0.450539, .5R: 0.500000, .75R: 0.000000, count: 4, class_loss = 607.447998, iou_loss = 5.269653, total_loss = 612.717651 
 total_bbox = 2022, rewritten_bbox = 0.989120 % 
v3 (mse loss, Normalizer: (iou: 0.75, cls: 1.00) Region 16 Avg (IOU: 0.355789, GIOU: 0.297130), Class: 0.387778, Obj: 0.535990, No Obj: 0.529936, .5R: 0.500000, .75R: 0.000000, count: 2, class_loss = 201.660965, iou_loss = 3.002167, total_loss = 204.663132 
v3 (mse loss, Normalizer: (iou: 0.75, cls: 1.00) Region 23 Avg (IOU: 0.000000, GIOU: 0.000000), Class: 0.000000, Obj: 0.000000, No Obj: 0.454585, .5R: 0.000000, .75R: 0.000000, count: 1, class_loss = 603.954651, iou_loss = 0.000000, total_loss = 603.954651 
 total_bbox = 2024, rewritten_bbox = 0.988142 % 
v3 (mse loss, Normalizer: (iou: 0.75, cls: 1.00) Region 16 Avg (IOU: 0.611006, GIOU: 0.582134), Class: 0.664011, Obj: 0.597699, No Obj: 0.530986, .5R: 1.000000, .75R: 0.000000, count: 2, class_loss = 203.222870, iou_loss = 0.179428, total_loss = 203.402298 
v3 (mse loss, Normalizer: (iou: 0.75, cls: 1.00) Region 23 Avg (IOU: 0.613240, GIOU: 0.579843), Class: 0.367345, Obj: 0.557743, No Obj: 0.450204, .5R: 1.000000, .75R: 0.000000, count: 1, class_loss = 597.586121, iou_loss = 0.247131, total_loss = 597.833252 
 total_bbox = 2027, rewritten_bbox = 0.986680 % 
v3 (mse loss, Normalizer: (iou: 0.75, cls: 1.00) Region 16 Avg (IOU: 0.400551, GIOU: 0.147329), Class: 0.412834, Obj: 0.593076, No Obj: 0.526672, .5R: 0.500000, .75R: 0.000000, count: 4, class_loss = 206.891098, iou_loss = 7.524078, total_loss = 214.415176 
v3 (mse loss, Normalizer: (iou: 0.75, cls: 1.00) Region 23 Avg (IOU: 0.351108, GIOU: 0.272266), Class: 0.739069, Obj: 0.290156, No Obj: 0.452178, .5R: 0.000000, .75R: 0.000000, count: 3, class_loss = 610.723572, iou_loss = 3.344727, total_loss = 614.068298 
 total_bbox = 2034, rewritten_bbox = 0.983284 % 
 MJPEG-stream sent. 
Loaded: 0.000051 seconds

 (next mAP calculation at 1856 iterations) 
 87: 408.209778, 376.153595 avg loss, 0.000000 rate, 0.089118 seconds, 696 images, 2.432940 hours left
v3 (mse loss, Normalizer: (iou: 0.75, cls: 1.00) Region 16 Avg (IOU: 0.000000, GIOU: 0.000000), Class: 0.000000, Obj: 0.000000, No Obj: 0.529933, .5R: 0.000000, .75R: 0.000000, count: 1, class_loss = 198.051910, iou_loss = 0.000000, total_loss = 198.051910 
v3 (mse loss, Normalizer: (iou: 0.75, cls: 1.00) Region 23 Avg (IOU: 0.368324, GIOU: 0.266286), Class: 0.473454, Obj: 0.418852, No Obj: 0.452840, .5R: 0.363636, .75R: 0.000000, count: 11, class_loss = 631.967407, iou_loss = 21.739319, total_loss = 653.706726 
 total_bbox = 2045, rewritten_bbox = 0.977995 % 
v3 (mse loss, Normalizer: (iou: 0.75, cls: 1.00) Region 16 Avg (IOU: 0.455914, GIOU: 0.405701), Class: 0.415913, Obj: 0.603981, No Obj: 0.530636, .5R: 0.333333, .75R: 0.000000, count: 3, class_loss = 205.843079, iou_loss = 1.767929, total_loss = 207.611008 
v3 (mse loss, Normalizer: (iou: 0.75, cls: 1.00) Region 23 Avg (IOU: 0.000000, GIOU: 0.000000), Class: 0.000000, Obj: 0.000000, No Obj: 0.451167, .5R: 0.000000, .75R: 0.000000, count: 1, class_loss = 596.342834, iou_loss = 0.000000, total_loss = 596.342834 
 total_bbox = 2048, rewritten_bbox = 0.976562 % 
v3 (mse loss, Normalizer: (iou: 0.75, cls: 1.00) Region 16 Avg (IOU: 0.480039, GIOU: 0.386752), Class: 0.518977, Obj: 0.354229, No Obj: 0.524708, .5R: 0.500000, .75R: 0.000000, count: 2, class_loss = 200.879944, iou_loss = 0.895142, total_loss = 201.775085 
v3 (mse loss, Normalizer: (iou: 0.75, cls: 1.00) Region 23 Avg (IOU: 0.379893, GIOU: 0.358551), Class: 0.594840, Obj: 0.313198, No Obj: 0.457307, .5R: 0.000000, .75R: 0.000000, count: 1, class_loss = 612.302673, iou_loss = 0.934937, total_loss = 613.237610 
 total_bbox = 2051, rewritten_bbox = 0.975134 % 
v3 (mse loss, Normalizer: (iou: 0.75, cls: 1.00) Region 16 Avg (IOU: 0.560603, GIOU: 0.551757), Class: 0.464810, Obj: 0.538615, No Obj: 0.529657, .5R: 1.000000, .75R: 0.000000, count: 3, class_loss = 207.362961, iou_loss = 0.955658, total_loss = 208.318619 
v3 (mse loss, Normalizer: (iou: 0.75, cls: 1.00) Region 23 Avg (IOU: 0.350024, GIOU: 0.222615), Class: 0.580783, Obj: 0.403750, No Obj: 0.448462, .5R: 0.000000, .75R: 0.000000, count: 4, class_loss = 599.461304, iou_loss = 4.663574, total_loss = 604.124878 
 total_bbox = 2058, rewritten_bbox = 0.971817 % 
 MJPEG-stream sent. 
Loaded: 0.000049 seconds

 (next mAP calculation at 1856 iterations) 
 88: 410.396057, 379.577850 avg loss, 0.000000 rate, 0.089485 seconds, 704 images, 2.428407 hours left
v3 (mse loss, Normalizer: (iou: 0.75, cls: 1.00) Region 16 Avg (IOU: 0.594019, GIOU: 0.530797), Class: 0.441429, Obj: 0.440864, No Obj: 0.528509, .5R: 1.000000, .75R: 0.000000, count: 3, class_loss = 205.544037, iou_loss = 0.916153, total_loss = 206.460190 
v3 (mse loss, Normalizer: (iou: 0.75, cls: 1.00) Region 23 Avg (IOU: 0.424741, GIOU: 0.354920), Class: 0.510428, Obj: 0.421411, No Obj: 0.452661, .5R: 0.300000, .75R: 0.000000, count: 20, class_loss = 659.228210, iou_loss = 18.220703, total_loss = 677.448914 
 total_bbox = 2081, rewritten_bbox = 0.961076 % 
v3 (mse loss, Normalizer: (iou: 0.75, cls: 1.00) Region 16 Avg (IOU: 0.378959, GIOU: 0.311937), Class: 0.564974, Obj: 0.484246, No Obj: 0.529961, .5R: 0.000000, .75R: 0.000000, count: 2, class_loss = 203.492599, iou_loss = 1.460907, total_loss = 204.953506 
v3 (mse loss, Normalizer: (iou: 0.75, cls: 1.00) Region 23 Avg (IOU: 0.483717, GIOU: 0.381254), Class: 0.571825, Obj: 0.492607, No Obj: 0.450834, .5R: 0.500000, .75R: 0.166667, count: 6, class_loss = 613.151184, iou_loss = 5.813354, total_loss = 618.964539 
 total_bbox = 2089, rewritten_bbox = 0.957396 % 
v3 (mse loss, Normalizer: (iou: 0.75, cls: 1.00) Region 16 Avg (IOU: 0.370738, GIOU: 0.218336), Class: 0.160097, Obj: 0.531129, No Obj: 0.529693, .5R: 0.250000, .75R: 0.250000, count: 4, class_loss = 210.226471, iou_loss = 6.651276, total_loss = 216.877747 
v3 (mse loss, Normalizer: (iou: 0.75, cls: 1.00) Region 23 Avg (IOU: 0.378628, GIOU: 0.285437), Class: 0.648724, Obj: 0.373820, No Obj: 0.451396, .5R: 0.142857, .75R: 0.000000, count: 7, class_loss = 617.184753, iou_loss = 7.837219, total_loss = 625.021973 
 total_bbox = 2100, rewritten_bbox = 0.952381 % 
v3 (mse loss, Normalizer: (iou: 0.75, cls: 1.00) Region 16 Avg (IOU: 0.316259, GIOU: 0.310131), Class: 0.572618, Obj: 0.504142, No Obj: 0.528629, .5R: 0.000000, .75R: 0.000000, count: 4, class_loss = 207.438705, iou_loss = 4.296097, total_loss = 211.734802 
v3 (mse loss, Normalizer: (iou: 0.75, cls: 1.00) Region 23 Avg (IOU: 0.000000, GIOU: 0.000000), Class: 0.000000, Obj: 0.000000, No Obj: 0.450216, .5R: 0.000000, .75R: 0.000000, count: 1, class_loss = 596.351562, iou_loss = 0.000000, total_loss = 596.351562 
 total_bbox = 2104, rewritten_bbox = 0.950570 % 
 MJPEG-stream sent. 
Loaded: 0.000051 seconds

 (next mAP calculation at 1856 iterations) 
 89: 419.726654, 383.592743 avg loss, 0.000000 rate, 0.092092 seconds, 712 images, 2.424000 hours left
v3 (mse loss, Normalizer: (iou: 0.75, cls: 1.00) Region 16 Avg (IOU: 0.346518, GIOU: 0.324815), Class: 0.591448, Obj: 0.656308, No Obj: 0.528297, .5R: 0.000000, .75R: 0.000000, count: 4, class_loss = 205.744629, iou_loss = 2.508438, total_loss = 208.253067 
v3 (mse loss, Normalizer: (iou: 0.75, cls: 1.00) Region 23 Avg (IOU: 0.000000, GIOU: 0.000000), Class: 0.000000, Obj: 0.000000, No Obj: 0.450734, .5R: 0.000000, .75R: 0.000000, count: 1, class_loss = 594.407410, iou_loss = 0.000000, total_loss = 594.407410 
 total_bbox = 2108, rewritten_bbox = 0.948767 % 
v3 (mse loss, Normalizer: (iou: 0.75, cls: 1.00) Region 16 Avg (IOU: 0.285298, GIOU: 0.199443), Class: 0.466684, Obj: 0.642945, No Obj: 0.529147, .5R: 0.000000, .75R: 0.000000, count: 2, class_loss = 201.267227, iou_loss = 2.192657, total_loss = 203.459885 
v3 (mse loss, Normalizer: (iou: 0.75, cls: 1.00) Region 23 Avg (IOU: 0.565134, GIOU: 0.554373), Class: 0.396108, Obj: 0.421693, No Obj: 0.452467, .5R: 0.333333, .75R: 0.333333, count: 3, class_loss = 610.328735, iou_loss = 1.156433, total_loss = 611.485168 
 total_bbox = 2113, rewritten_bbox = 0.946522 % 
v3 (mse loss, Normalizer: (iou: 0.75, cls: 1.00) Region 16 Avg (IOU: 0.251287, GIOU: -0.072594), Class: 0.472012, Obj: 0.569711, No Obj: 0.530154, .5R: 0.000000, .75R: 0.000000, count: 1, class_loss = 200.362213, iou_loss = 1.217850, total_loss = 201.580063 
v3 (mse loss, Normalizer: (iou: 0.75, cls: 1.00) Region 23 Avg (IOU: 0.349899, GIOU: 0.260874), Class: 0.397097, Obj: 0.267629, No Obj: 0.450947, .5R: 0.285714, .75R: 0.000000, count: 7, class_loss = 619.865723, iou_loss = 10.780334, total_loss = 630.646057 
 total_bbox = 2121, rewritten_bbox = 0.942951 % 
v3 (mse loss, Normalizer: (iou: 0.75, cls: 1.00) Region 16 Avg (IOU: 0.340853, GIOU: 0.300599), Class: 0.539730, Obj: 0.561274, No Obj: 0.527044, .5R: 0.000000, .75R: 0.000000, count: 2, class_loss = 200.731445, iou_loss = 1.620392, total_loss = 202.351837 
v3 (mse loss, Normalizer: (iou: 0.75, cls: 1.00) Region 23 Avg (IOU: 0.000000, GIOU: 0.000000), Class: 0.000000, Obj: 0.000000, No Obj: 0.448731, .5R: 0.000000, .75R: 0.000000, count: 1, class_loss = 593.142273, iou_loss = 0.000000, total_loss = 593.142273 
 total_bbox = 2123, rewritten_bbox = 0.942063 % 
 MJPEG-stream sent. 
Loaded: 0.000054 seconds

 (next mAP calculation at 1856 iterations) 
 90: 405.665710, 385.800049 avg loss, 0.000000 rate, 0.088805 seconds, 720 images, 2.420216 hours left
v3 (mse loss, Normalizer: (iou: 0.75, cls: 1.00) Region 16 Avg (IOU: 0.495240, GIOU: 0.495240), Class: 0.356593, Obj: 0.665645, No Obj: 0.525920, .5R: 0.500000, .75R: 0.000000, count: 2, class_loss = 226.461227, iou_loss = 0.888336, total_loss = 227.349564 
v3 (mse loss, Normalizer: (iou: 0.75, cls: 1.00) Region 23 Avg (IOU: 0.000000, GIOU: 0.000000), Class: 0.000000, Obj: 0.000000, No Obj: 0.453571, .5R: 0.000000, .75R: 0.000000, count: 1, class_loss = 683.971375, iou_loss = 0.000000, total_loss = 683.971375 
 total_bbox = 2125, rewritten_bbox = 0.941176 % 
v3 (mse loss, Normalizer: (iou: 0.75, cls: 1.00) Region 16 Avg (IOU: 0.000000, GIOU: 0.000000), Class: 0.000000, Obj: 0.000000, No Obj: 0.529343, .5R: 0.000000, .75R: 0.000000, count: 1, class_loss = 225.760132, iou_loss = 0.000000, total_loss = 225.760132 
v3 (mse loss, Normalizer: (iou: 0.75, cls: 1.00) Region 23 Avg (IOU: 0.385165, GIOU: 0.232055), Class: 0.430168, Obj: 0.356359, No Obj: 0.449117, .5R: 0.166667, .75R: 0.000000, count: 6, class_loss = 688.622498, iou_loss = 6.673462, total_loss = 695.295959 
 total_bbox = 2131, rewritten_bbox = 0.938527 % 
v3 (mse loss, Normalizer: (iou: 0.75, cls: 1.00) Region 16 Avg (IOU: 0.328173, GIOU: 0.201479), Class: 0.415242, Obj: 0.557793, No Obj: 0.529289, .5R: 0.333333, .75R: 0.000000, count: 3, class_loss = 232.469345, iou_loss = 5.569077, total_loss = 238.038422 
v3 (mse loss, Normalizer: (iou: 0.75, cls: 1.00) Region 23 Avg (IOU: 0.302116, GIOU: 0.199792), Class: 0.719279, Obj: 0.053190, No Obj: 0.452926, .5R: 0.000000, .75R: 0.000000, count: 1, class_loss = 688.101929, iou_loss = 1.344482, total_loss = 689.446411 
 total_bbox = 2135, rewritten_bbox = 0.936768 % 
v3 (mse loss, Normalizer: (iou: 0.75, cls: 1.00) Region 16 Avg (IOU: 0.650395, GIOU: 0.623396), Class: 0.516257, Obj: 0.562953, No Obj: 0.530322, .5R: 1.000000, .75R: 0.166667, count: 6, class_loss = 239.014130, iou_loss = 2.140457, total_loss = 241.154587 
v3 (mse loss, Normalizer: (iou: 0.75, cls: 1.00) Region 23 Avg (IOU: 0.061237, GIOU: 0.061236), Class: 0.621648, Obj: 0.651305, No Obj: 0.449382, .5R: 0.000000, .75R: 0.000000, count: 1, class_loss = 674.783386, iou_loss = 4.468689, total_loss = 679.252075 
 total_bbox = 2142, rewritten_bbox = 0.933707 % 
 MJPEG-stream sent. 
Resizing, random_coef = 1.40 

 512 x 512 
 try to allocate additional workspace_size = 52.43 MB 
 CUDA allocate done! 
Loaded: 0.000052 seconds

 (next mAP calculation at 1856 iterations) 
 91: 460.033569, 393.223389 avg loss, 0.000000 rate, 0.089126 seconds, 728 images, 2.415740 hours left
v3 (mse loss, Normalizer: (iou: 0.75, cls: 1.00) Region 16 Avg (IOU: 0.327944, GIOU: 0.327944), Class: 0.380157, Obj: 0.609498, No Obj: 0.530885, .5R: 0.000000, .75R: 0.000000, count: 2, class_loss = 231.573563, iou_loss = 1.910553, total_loss = 233.484116 
v3 (mse loss, Normalizer: (iou: 0.75, cls: 1.00) Region 23 Avg (IOU: 0.398364, GIOU: 0.371283), Class: 0.511919, Obj: 0.420721, No Obj: 0.450189, .5R: 0.250000, .75R: 0.000000, count: 4, class_loss = 690.809326, iou_loss = 4.352356, total_loss = 695.161682 
 total_bbox = 2148, rewritten_bbox = 0.931099 % 
v3 (mse loss, Normalizer: (iou: 0.75, cls: 1.00) Region 16 Avg (IOU: 0.413639, GIOU: 0.408178), Class: 0.381127, Obj: 0.646406, No Obj: 0.529659, .5R: 0.500000, .75R: 0.000000, count: 2, class_loss = 231.303665, iou_loss = 1.245026, total_loss = 232.548691 
v3 (mse loss, Normalizer: (iou: 0.75, cls: 1.00) Region 23 Avg (IOU: 0.289000, GIOU: 0.192873), Class: 0.358822, Obj: 0.325069, No Obj: 0.449686, .5R: 0.000000, .75R: 0.000000, count: 9, class_loss = 703.989746, iou_loss = 19.133667, total_loss = 723.123413 
 total_bbox = 2159, rewritten_bbox = 0.926355 % 
v3 (mse loss, Normalizer: (iou: 0.75, cls: 1.00) Region 16 Avg (IOU: 0.487828, GIOU: 0.474447), Class: 0.504164, Obj: 0.457927, No Obj: 0.530991, .5R: 0.500000, .75R: 0.000000, count: 2, class_loss = 231.737854, iou_loss = 1.172501, total_loss = 232.910355 
v3 (mse loss, Normalizer: (iou: 0.75, cls: 1.00) Region 23 Avg (IOU: 0.396310, GIOU: 0.290236), Class: 0.501393, Obj: 0.301179, No Obj: 0.448711, .5R: 0.000000, .75R: 0.000000, count: 2, class_loss = 680.966248, iou_loss = 1.647278, total_loss = 682.613525 
 total_bbox = 2163, rewritten_bbox = 0.924642 % 
v3 (mse loss, Normalizer: (iou: 0.75, cls: 1.00) Region 16 Avg (IOU: 0.374533, GIOU: 0.298425), Class: 0.422542, Obj: 0.551230, No Obj: 0.529979, .5R: 0.000000, .75R: 0.000000, count: 5, class_loss = 239.289734, iou_loss = 4.410965, total_loss = 243.700699 
v3 (mse loss, Normalizer: (iou: 0.75, cls: 1.00) Region 23 Avg (IOU: 0.444173, GIOU: 0.388121), Class: 0.624527, Obj: 0.616123, No Obj: 0.448581, .5R: 0.333333, .75R: 0.000000, count: 3, class_loss = 679.869751, iou_loss = 2.351135, total_loss = 682.220886 
 total_bbox = 2171, rewritten_bbox = 0.921234 % 
 MJPEG-stream sent. 
Loaded: 0.000053 seconds

 (next mAP calculation at 1856 iterations) 
 92: 465.720428, 400.473083 avg loss, 0.000000 rate, 0.100478 seconds, 736 images, 2.411380 hours left
v3 (mse loss, Normalizer: (iou: 0.75, cls: 1.00) Region 16 Avg (IOU: 0.531353, GIOU: 0.369570), Class: 0.527818, Obj: 0.379848, No Obj: 0.527165, .5R: 0.500000, .75R: 0.500000, count: 2, class_loss = 227.648071, iou_loss = 1.045593, total_loss = 228.693665 
v3 (mse loss, Normalizer: (iou: 0.75, cls: 1.00) Region 23 Avg (IOU: 0.000000, GIOU: 0.000000), Class: 0.000000, Obj: 0.000000, No Obj: 0.448043, .5R: 0.000000, .75R: 0.000000, count: 1, class_loss = 668.461487, iou_loss = 0.000000, total_loss = 668.461487 
 total_bbox = 2173, rewritten_bbox = 0.920387 % 
v3 (mse loss, Normalizer: (iou: 0.75, cls: 1.00) Region 16 Avg (IOU: 0.302227, GIOU: 0.026341), Class: 0.369297, Obj: 0.722259, No Obj: 0.529959, .5R: 0.000000, .75R: 0.000000, count: 2, class_loss = 230.209015, iou_loss = 3.398636, total_loss = 233.607651 
v3 (mse loss, Normalizer: (iou: 0.75, cls: 1.00) Region 23 Avg (IOU: 0.458203, GIOU: 0.320809), Class: 0.558533, Obj: 0.454582, No Obj: 0.448067, .5R: 0.333333, .75R: 0.000000, count: 6, class_loss = 688.338806, iou_loss = 5.944580, total_loss = 694.283386 
 total_bbox = 2181, rewritten_bbox = 0.917011 % 
v3 (mse loss, Normalizer: (iou: 0.75, cls: 1.00) Region 16 Avg (IOU: 0.464917, GIOU: 0.335733), Class: 0.301011, Obj: 0.425565, No Obj: 0.528840, .5R: 0.000000, .75R: 0.000000, count: 1, class_loss = 227.953857, iou_loss = 0.918182, total_loss = 228.872040 
v3 (mse loss, Normalizer: (iou: 0.75, cls: 1.00) Region 23 Avg (IOU: 0.233854, GIOU: 0.017545), Class: 0.410981, Obj: 0.438174, No Obj: 0.449661, .5R: 0.166667, .75R: 0.083333, count: 12, class_loss = 712.374756, iou_loss = 47.041382, total_loss = 759.416138 
 total_bbox = 2194, rewritten_bbox = 0.911577 % 
v3 (mse loss, Normalizer: (iou: 0.75, cls: 1.00) Region 16 Avg (IOU: 0.270928, GIOU: 0.161024), Class: 0.513900, Obj: 0.613229, No Obj: 0.529395, .5R: 0.000000, .75R: 0.000000, count: 3, class_loss = 231.746567, iou_loss = 3.429581, total_loss = 235.176147 
v3 (mse loss, Normalizer: (iou: 0.75, cls: 1.00) Region 23 Avg (IOU: 0.000000, GIOU: 0.000000), Class: 0.000000, Obj: 0.000000, No Obj: 0.451199, .5R: 0.000000, .75R: 0.000000, count: 1, class_loss = 676.226318, iou_loss = 0.000000, total_loss = 676.226318 
 total_bbox = 2197, rewritten_bbox = 0.910332 % 
 MJPEG-stream sent. 
Loaded: 0.000050 seconds

 (next mAP calculation at 1856 iterations) 
 93: 465.592102, 406.984985 avg loss, 0.000000 rate, 0.099935 seconds, 744 images, 2.409583 hours left
v3 (mse loss, Normalizer: (iou: 0.75, cls: 1.00) Region 16 Avg (IOU: 0.515923, GIOU: 0.392577), Class: 0.463345, Obj: 0.371527, No Obj: 0.530523, .5R: 0.333333, .75R: 0.333333, count: 3, class_loss = 236.078445, iou_loss = 2.460312, total_loss = 238.538757 
v3 (mse loss, Normalizer: (iou: 0.75, cls: 1.00) Region 23 Avg (IOU: 0.000000, GIOU: 0.000000), Class: 0.000000, Obj: 0.000000, No Obj: 0.447634, .5R: 0.000000, .75R: 0.000000, count: 1, class_loss = 669.270325, iou_loss = 0.000000, total_loss = 669.270325 
 total_bbox = 2200, rewritten_bbox = 0.909091 % 
v3 (mse loss, Normalizer: (iou: 0.75, cls: 1.00) Region 16 Avg (IOU: 0.579018, GIOU: 0.518720), Class: 0.511945, Obj: 0.508039, No Obj: 0.525361, .5R: 1.000000, .75R: 0.000000, count: 1, class_loss = 223.430481, iou_loss = 0.310638, total_loss = 223.741119 
v3 (mse loss, Normalizer: (iou: 0.75, cls: 1.00) Region 23 Avg (IOU: 0.386448, GIOU: 0.252695), Class: 0.694996, Obj: 0.518755, No Obj: 0.452406, .5R: 0.142857, .75R: 0.000000, count: 7, class_loss = 699.123291, iou_loss = 9.424194, total_loss = 708.547485 
 total_bbox = 2208, rewritten_bbox = 0.905797 % 
v3 (mse loss, Normalizer: (iou: 0.75, cls: 1.00) Region 16 Avg (IOU: 0.244339, GIOU: -0.092596), Class: 0.549144, Obj: 0.727164, No Obj: 0.527537, .5R: 0.000000, .75R: 0.000000, count: 2, class_loss = 228.311569, iou_loss = 2.718140, total_loss = 231.029709 
v3 (mse loss, Normalizer: (iou: 0.75, cls: 1.00) Region 23 Avg (IOU: 0.262363, GIOU: 0.255577), Class: 0.684408, Obj: 0.504636, No Obj: 0.448510, .5R: 0.000000, .75R: 0.000000, count: 1, class_loss = 672.726318, iou_loss = 1.718384, total_loss = 674.444702 
 total_bbox = 2211, rewritten_bbox = 0.904568 % 
v3 (mse loss, Normalizer: (iou: 0.75, cls: 1.00) Region 16 Avg (IOU: 0.331934, GIOU: 0.286382), Class: 0.538551, Obj: 0.701859, No Obj: 0.528942, .5R: 0.000000, .75R: 0.000000, count: 2, class_loss = 230.107529, iou_loss = 1.385788, total_loss = 231.493317 
v3 (mse loss, Normalizer: (iou: 0.75, cls: 1.00) Region 23 Avg (IOU: 0.000000, GIOU: 0.000000), Class: 0.000000, Obj: 0.000000, No Obj: 0.449830, .5R: 0.000000, .75R: 0.000000, count: 1, class_loss = 674.145630, iou_loss = 0.000000, total_loss = 674.145630 
 total_bbox = 2213, rewritten_bbox = 0.903751 % 
 MJPEG-stream sent. 
Loaded: 0.000055 seconds

 (next mAP calculation at 1856 iterations) 
 94: 456.401367, 411.926636 avg loss, 0.000000 rate, 0.098651 seconds, 752 images, 2.407683 hours left
v3 (mse loss, Normalizer: (iou: 0.75, cls: 1.00) Region 16 Avg (IOU: 0.528248, GIOU: 0.432712), Class: 0.382027, Obj: 0.466475, No Obj: 0.529436, .5R: 0.800000, .75R: 0.000000, count: 5, class_loss = 238.518127, iou_loss = 3.703644, total_loss = 242.221771 
v3 (mse loss, Normalizer: (iou: 0.75, cls: 1.00) Region 23 Avg (IOU: 0.432712, GIOU: 0.326109), Class: 0.495698, Obj: 0.462093, No Obj: 0.449025, .5R: 0.300000, .75R: 0.000000, count: 10, class_loss = 698.994751, iou_loss = 9.488831, total_loss = 708.483582 
 total_bbox = 2228, rewritten_bbox = 0.897666 % 
v3 (mse loss, Normalizer: (iou: 0.75, cls: 1.00) Region 16 Avg (IOU: 0.295348, GIOU: 0.295348), Class: 0.650713, Obj: 0.454276, No Obj: 0.527848, .5R: 0.000000, .75R: 0.000000, count: 2, class_loss = 229.699997, iou_loss = 3.548004, total_loss = 233.248001 
v3 (mse loss, Normalizer: (iou: 0.75, cls: 1.00) Region 23 Avg (IOU: 0.271623, GIOU: -0.033354), Class: 0.260277, Obj: 0.444215, No Obj: 0.453088, .5R: 0.000000, .75R: 0.000000, count: 1, class_loss = 685.636841, iou_loss = 1.727844, total_loss = 687.364685 
 total_bbox = 2231, rewritten_bbox = 0.896459 % 
v3 (mse loss, Normalizer: (iou: 0.75, cls: 1.00) Region 16 Avg (IOU: 0.359974, GIOU: 0.148706), Class: 0.402462, Obj: 0.591194, No Obj: 0.526948, .5R: 0.000000, .75R: 0.000000, count: 1, class_loss = 225.006760, iou_loss = 1.449265, total_loss = 226.456024 
v3 (mse loss, Normalizer: (iou: 0.75, cls: 1.00) Region 23 Avg (IOU: 0.202446, GIOU: 0.084172), Class: 0.791109, Obj: 0.464725, No Obj: 0.451713, .5R: 0.000000, .75R: 0.000000, count: 7, class_loss = 695.652649, iou_loss = 22.199402, total_loss = 717.852051 
 total_bbox = 2239, rewritten_bbox = 0.893256 % 
v3 (mse loss, Normalizer: (iou: 0.75, cls: 1.00) Region 16 Avg (IOU: 0.425057, GIOU: 0.386333), Class: 0.374127, Obj: 0.612952, No Obj: 0.529993, .5R: 0.333333, .75R: 0.000000, count: 3, class_loss = 233.373123, iou_loss = 1.826431, total_loss = 235.199554 
v3 (mse loss, Normalizer: (iou: 0.75, cls: 1.00) Region 23 Avg (IOU: 0.000000, GIOU: 0.000000), Class: 0.000000, Obj: 0.000000, No Obj: 0.445971, .5R: 0.000000, .75R: 0.000000, count: 1, class_loss = 664.409729, iou_loss = 0.000000, total_loss = 664.409729 
 total_bbox = 2242, rewritten_bbox = 0.892061 % 
 MJPEG-stream sent. 
Loaded: 0.000050 seconds

 (next mAP calculation at 1856 iterations) 
 95: 464.404419, 417.174408 avg loss, 0.000000 rate, 0.102117 seconds, 760 images, 2.405517 hours left
v3 (mse loss, Normalizer: (iou: 0.75, cls: 1.00) Region 16 Avg (IOU: 0.347931, GIOU: 0.265496), Class: 0.513179, Obj: 0.609376, No Obj: 0.528022, .5R: 0.000000, .75R: 0.000000, count: 4, class_loss = 234.385941, iou_loss = 3.280777, total_loss = 237.666718 
v3 (mse loss, Normalizer: (iou: 0.75, cls: 1.00) Region 23 Avg (IOU: 0.000000, GIOU: 0.000000), Class: 0.000000, Obj: 0.000000, No Obj: 0.450760, .5R: 0.000000, .75R: 0.000000, count: 1, class_loss = 678.777893, iou_loss = 0.000000, total_loss = 678.777893 
 total_bbox = 2246, rewritten_bbox = 0.890472 % 
v3 (mse loss, Normalizer: (iou: 0.75, cls: 1.00) Region 16 Avg (IOU: 0.470097, GIOU: 0.398032), Class: 0.623721, Obj: 0.481071, No Obj: 0.529782, .5R: 0.666667, .75R: 0.000000, count: 3, class_loss = 232.920731, iou_loss = 1.859756, total_loss = 234.780487 
v3 (mse loss, Normalizer: (iou: 0.75, cls: 1.00) Region 23 Avg (IOU: 0.264966, GIOU: 0.013063), Class: 0.681504, Obj: 0.209252, No Obj: 0.448275, .5R: 0.000000, .75R: 0.000000, count: 3, class_loss = 681.716492, iou_loss = 5.533203, total_loss = 687.249695 
 total_bbox = 2252, rewritten_bbox = 0.888099 % 
v3 (mse loss, Normalizer: (iou: 0.75, cls: 1.00) Region 16 Avg (IOU: 0.181773, GIOU: -0.295191), Class: 0.407140, Obj: 0.549444, No Obj: 0.530295, .5R: 0.000000, .75R: 0.000000, count: 1, class_loss = 228.659607, iou_loss = 2.154572, total_loss = 230.814178 
v3 (mse loss, Normalizer: (iou: 0.75, cls: 1.00) Region 23 Avg (IOU: 0.228312, GIOU: 0.151532), Class: 0.641863, Obj: 0.524566, No Obj: 0.449297, .5R: 0.000000, .75R: 0.000000, count: 6, class_loss = 689.742065, iou_loss = 14.627747, total_loss = 704.369812 
 total_bbox = 2259, rewritten_bbox = 0.885347 % 
v3 (mse loss, Normalizer: (iou: 0.75, cls: 1.00) Region 16 Avg (IOU: 0.363963, GIOU: 0.208844), Class: 0.479541, Obj: 0.519382, No Obj: 0.527513, .5R: 0.000000, .75R: 0.000000, count: 2, class_loss = 228.030258, iou_loss = 1.519653, total_loss = 229.549911 
v3 (mse loss, Normalizer: (iou: 0.75, cls: 1.00) Region 23 Avg (IOU: 0.208308, GIOU: 0.139499), Class: 0.500073, Obj: 0.267022, No Obj: 0.451949, .5R: 0.000000, .75R: 0.000000, count: 4, class_loss = 690.625854, iou_loss = 14.447998, total_loss = 705.073853 
 total_bbox = 2265, rewritten_bbox = 0.883002 % 
 MJPEG-stream sent. 
Loaded: 0.000051 seconds

 (next mAP calculation at 1856 iterations) 
 96: 463.535309, 421.810486 avg loss, 0.000000 rate, 0.100399 seconds, 768 images, 2.404141 hours left
v3 (mse loss, Normalizer: (iou: 0.75, cls: 1.00) Region 16 Avg (IOU: 0.196553, GIOU: 0.123770), Class: 0.513763, Obj: 0.536517, No Obj: 0.526750, .5R: 0.000000, .75R: 0.000000, count: 2, class_loss = 225.935501, iou_loss = 2.181290, total_loss = 228.116791 
v3 (mse loss, Normalizer: (iou: 0.75, cls: 1.00) Region 23 Avg (IOU: 0.344801, GIOU: 0.257514), Class: 0.450159, Obj: 0.447701, No Obj: 0.450348, .5R: 0.200000, .75R: 0.000000, count: 5, class_loss = 684.884644, iou_loss = 5.402161, total_loss = 690.286804 
 total_bbox = 2272, rewritten_bbox = 0.880282 % 
v3 (mse loss, Normalizer: (iou: 0.75, cls: 1.00) Region 16 Avg (IOU: 0.432797, GIOU: 0.350228), Class: 0.554294, Obj: 0.534759, No Obj: 0.527006, .5R: 0.333333, .75R: 0.000000, count: 3, class_loss = 230.563660, iou_loss = 3.196106, total_loss = 233.759766 
v3 (mse loss, Normalizer: (iou: 0.75, cls: 1.00) Region 23 Avg (IOU: 0.000000, GIOU: 0.000000), Class: 0.000000, Obj: 0.000000, No Obj: 0.451366, .5R: 0.000000, .75R: 0.000000, count: 1, class_loss = 676.477905, iou_loss = 0.000000, total_loss = 676.477905 
 total_bbox = 2275, rewritten_bbox = 0.879121 % 
v3 (mse loss, Normalizer: (iou: 0.75, cls: 1.00) Region 16 Avg (IOU: 0.230043, GIOU: 0.227111), Class: 0.249600, Obj: 0.647555, No Obj: 0.528730, .5R: 0.000000, .75R: 0.000000, count: 2, class_loss = 229.815872, iou_loss = 3.324448, total_loss = 233.140320 
v3 (mse loss, Normalizer: (iou: 0.75, cls: 1.00) Region 23 Avg (IOU: 0.385973, GIOU: 0.347716), Class: 0.154558, Obj: 0.147326, No Obj: 0.450607, .5R: 0.000000, .75R: 0.000000, count: 1, class_loss = 683.521362, iou_loss = 0.927124, total_loss = 684.448486 
 total_bbox = 2278, rewritten_bbox = 0.877963 % 
v3 (mse loss, Normalizer: (iou: 0.75, cls: 1.00) Region 16 Avg (IOU: 0.286264, GIOU: 0.286264), Class: 0.800057, Obj: 0.659133, No Obj: 0.530505, .5R: 0.000000, .75R: 0.000000, count: 1, class_loss = 227.209229, iou_loss = 0.483932, total_loss = 227.693161 
v3 (mse loss, Normalizer: (iou: 0.75, cls: 1.00) Region 23 Avg (IOU: 0.379142, GIOU: 0.314562), Class: 0.398531, Obj: 0.445255, No Obj: 0.448126, .5R: 0.333333, .75R: 0.000000, count: 3, class_loss = 677.634705, iou_loss = 5.880615, total_loss = 683.515320 
 total_bbox = 2282, rewritten_bbox = 0.876424 % 
 MJPEG-stream sent. 
Loaded: 0.000050 seconds

 (next mAP calculation at 1856 iterations) 
 97: 457.179810, 425.347412 avg loss, 0.000000 rate, 0.099470 seconds, 776 images, 2.402397 hours left
v3 (mse loss, Normalizer: (iou: 0.75, cls: 1.00) Region 16 Avg (IOU: 0.405824, GIOU: 0.328333), Class: 0.568219, Obj: 0.642466, No Obj: 0.528033, .5R: 0.333333, .75R: 0.000000, count: 3, class_loss = 232.532562, iou_loss = 2.470459, total_loss = 235.003021 
v3 (mse loss, Normalizer: (iou: 0.75, cls: 1.00) Region 23 Avg (IOU: 0.000000, GIOU: 0.000000), Class: 0.000000, Obj: 0.000000, No Obj: 0.450218, .5R: 0.000000, .75R: 0.000000, count: 1, class_loss = 676.586609, iou_loss = 0.000000, total_loss = 676.586609 
 total_bbox = 2285, rewritten_bbox = 0.875274 % 
v3 (mse loss, Normalizer: (iou: 0.75, cls: 1.00) Region 16 Avg (IOU: 0.295987, GIOU: 0.149577), Class: 0.409345, Obj: 0.588577, No Obj: 0.529259, .5R: 0.000000, .75R: 0.000000, count: 3, class_loss = 231.892075, iou_loss = 4.180740, total_loss = 236.072815 
v3 (mse loss, Normalizer: (iou: 0.75, cls: 1.00) Region 23 Avg (IOU: 0.495370, GIOU: 0.372758), Class: 0.656186, Obj: 0.279889, No Obj: 0.451513, .5R: 0.666667, .75R: 0.000000, count: 3, class_loss = 685.940735, iou_loss = 3.041260, total_loss = 688.981995 
 total_bbox = 2291, rewritten_bbox = 0.872981 % 
v3 (mse loss, Normalizer: (iou: 0.75, cls: 1.00) Region 16 Avg (IOU: 0.472436, GIOU: 0.452171), Class: 0.591098, Obj: 0.681574, No Obj: 0.527437, .5R: 0.500000, .75R: 0.000000, count: 2, class_loss = 226.431473, iou_loss = 1.192459, total_loss = 227.623932 
v3 (mse loss, Normalizer: (iou: 0.75, cls: 1.00) Region 23 Avg (IOU: 0.000000, GIOU: 0.000000), Class: 0.000000, Obj: 0.000000, No Obj: 0.448889, .5R: 0.000000, .75R: 0.000000, count: 1, class_loss = 667.097351, iou_loss = 0.000000, total_loss = 667.097351 
 total_bbox = 2293, rewritten_bbox = 0.872220 % 
v3 (mse loss, Normalizer: (iou: 0.75, cls: 1.00) Region 16 Avg (IOU: 0.282225, GIOU: 0.174873), Class: 0.470826, Obj: 0.544581, No Obj: 0.528156, .5R: 0.000000, .75R: 0.000000, count: 4, class_loss = 235.340805, iou_loss = 4.108978, total_loss = 239.449783 
v3 (mse loss, Normalizer: (iou: 0.75, cls: 1.00) Region 23 Avg (IOU: 0.197069, GIOU: -0.024340), Class: 0.450516, Obj: 0.506238, No Obj: 0.447976, .5R: 0.000000, .75R: 0.000000, count: 5, class_loss = 684.371399, iou_loss = 14.963867, total_loss = 699.335266 
 total_bbox = 2302, rewritten_bbox = 0.868810 % 
 MJPEG-stream sent. 
Loaded: 0.000050 seconds

 (next mAP calculation at 1856 iterations) 
 98: 458.768860, 428.689545 avg loss, 0.000000 rate, 0.099228 seconds, 784 images, 2.400465 hours left
v3 (mse loss, Normalizer: (iou: 0.75, cls: 1.00) Region 16 Avg (IOU: 0.490136, GIOU: 0.490136), Class: 0.283229, Obj: 0.311736, No Obj: 0.527954, .5R: 0.000000, .75R: 0.000000, count: 1, class_loss = 226.821381, iou_loss = 0.515701, total_loss = 227.337082 
v3 (mse loss, Normalizer: (iou: 0.75, cls: 1.00) Region 23 Avg (IOU: 0.382991, GIOU: 0.326254), Class: 0.485264, Obj: 0.411585, No Obj: 0.450990, .5R: 0.214286, .75R: 0.000000, count: 14, class_loss = 711.762329, iou_loss = 17.641907, total_loss = 729.404236 
 total_bbox = 2317, rewritten_bbox = 0.863185 % 
v3 (mse loss, Normalizer: (iou: 0.75, cls: 1.00) Region 16 Avg (IOU: 0.294189, GIOU: 0.153894), Class: 0.654211, Obj: 0.497228, No Obj: 0.526967, .5R: 0.000000, .75R: 0.000000, count: 3, class_loss = 230.604446, iou_loss = 5.209122, total_loss = 235.813568 
v3 (mse loss, Normalizer: (iou: 0.75, cls: 1.00) Region 23 Avg (IOU: 0.000000, GIOU: 0.000000), Class: 0.000000, Obj: 0.000000, No Obj: 0.450328, .5R: 0.000000, .75R: 0.000000, count: 1, class_loss = 679.270508, iou_loss = 0.000000, total_loss = 679.270508 
 total_bbox = 2320, rewritten_bbox = 0.862069 % 
v3 (mse loss, Normalizer: (iou: 0.75, cls: 1.00) Region 16 Avg (IOU: 0.503744, GIOU: 0.400292), Class: 0.362877, Obj: 0.583819, No Obj: 0.523131, .5R: 0.500000, .75R: 0.000000, count: 2, class_loss = 224.280457, iou_loss = 1.090973, total_loss = 225.371429 
v3 (mse loss, Normalizer: (iou: 0.75, cls: 1.00) Region 23 Avg (IOU: 0.425442, GIOU: 0.291259), Class: 0.409166, Obj: 0.465822, No Obj: 0.452062, .5R: 0.000000, .75R: 0.000000, count: 2, class_loss = 683.967834, iou_loss = 1.603882, total_loss = 685.571716 
 total_bbox = 2324, rewritten_bbox = 0.860585 % 
v3 (mse loss, Normalizer: (iou: 0.75, cls: 1.00) Region 16 Avg (IOU: 0.404716, GIOU: 0.302209), Class: 0.356085, Obj: 0.595939, No Obj: 0.526539, .5R: 0.333333, .75R: 0.333333, count: 3, class_loss = 230.804794, iou_loss = 4.154678, total_loss = 234.959473 
v3 (mse loss, Normalizer: (iou: 0.75, cls: 1.00) Region 23 Avg (IOU: 0.000000, GIOU: 0.000000), Class: 0.000000, Obj: 0.000000, No Obj: 0.453424, .5R: 0.000000, .75R: 0.000000, count: 1, class_loss = 678.384399, iou_loss = 0.000000, total_loss = 678.384399 
 total_bbox = 2327, rewritten_bbox = 0.859476 % 
 MJPEG-stream sent. 
Loaded: 0.000051 seconds

 (next mAP calculation at 1856 iterations) 
 99: 462.014038, 432.022003 avg loss, 0.000000 rate, 0.100154 seconds, 792 images, 2.398497 hours left
v3 (mse loss, Normalizer: (iou: 0.75, cls: 1.00) Region 16 Avg (IOU: 0.545095, GIOU: 0.502901), Class: 0.461554, Obj: 0.495985, No Obj: 0.527893, .5R: 0.500000, .75R: 0.000000, count: 4, class_loss = 234.776306, iou_loss = 1.489395, total_loss = 236.265701 
v3 (mse loss, Normalizer: (iou: 0.75, cls: 1.00) Region 23 Avg (IOU: 0.000000, GIOU: 0.000000), Class: 0.000000, Obj: 0.000000, No Obj: 0.448644, .5R: 0.000000, .75R: 0.000000, count: 1, class_loss = 671.463135, iou_loss = 0.000000, total_loss = 671.463135 
 total_bbox = 2331, rewritten_bbox = 0.858001 % 
v3 (mse loss, Normalizer: (iou: 0.75, cls: 1.00) Region 16 Avg (IOU: 0.561967, GIOU: 0.532779), Class: 0.529815, Obj: 0.323151, No Obj: 0.528001, .5R: 1.000000, .75R: 0.000000, count: 1, class_loss = 226.612991, iou_loss = 0.581802, total_loss = 227.194794 
v3 (mse loss, Normalizer: (iou: 0.75, cls: 1.00) Region 23 Avg (IOU: 0.450550, GIOU: 0.386507), Class: 0.416984, Obj: 0.374422, No Obj: 0.447842, .5R: 0.250000, .75R: 0.000000, count: 4, class_loss = 676.551697, iou_loss = 2.879944, total_loss = 679.431641 
 total_bbox = 2336, rewritten_bbox = 0.856164 % 
v3 (mse loss, Normalizer: (iou: 0.75, cls: 1.00) Region 16 Avg (IOU: 0.366165, GIOU: 0.285089), Class: 0.516073, Obj: 0.572978, No Obj: 0.528784, .5R: 0.200000, .75R: 0.000000, count: 5, class_loss = 237.832672, iou_loss = 8.715149, total_loss = 246.547821 
v3 (mse loss, Normalizer: (iou: 0.75, cls: 1.00) Region 23 Avg (IOU: 0.610404, GIOU: 0.561176), Class: 0.350845, Obj: 0.617569, No Obj: 0.448341, .5R: 1.000000, .75R: 0.000000, count: 1, class_loss = 672.050964, iou_loss = 0.786621, total_loss = 672.837585 
 total_bbox = 2342, rewritten_bbox = 0.853971 % 
v3 (mse loss, Normalizer: (iou: 0.75, cls: 1.00) Region 16 Avg (IOU: 0.299502, GIOU: 0.287966), Class: 0.535797, Obj: 0.573119, No Obj: 0.528179, .5R: 0.000000, .75R: 0.000000, count: 2, class_loss = 229.036606, iou_loss = 1.988174, total_loss = 231.024780 
v3 (mse loss, Normalizer: (iou: 0.75, cls: 1.00) Region 23 Avg (IOU: 0.382464, GIOU: 0.247246), Class: 0.494920, Obj: 0.428893, No Obj: 0.448057, .5R: 0.000000, .75R: 0.000000, count: 1, class_loss = 674.852783, iou_loss = 1.073608, total_loss = 675.926392 
 total_bbox = 2345, rewritten_bbox = 0.852878 % 
 MJPEG-stream sent. 
Loaded: 0.000051 seconds

 (next mAP calculation at 1856 iterations) 
 100: 455.086487, 434.328461 avg loss, 0.000000 rate, 0.099437 seconds, 800 images, 2.396755 hours left
Saving weights to backup_test/voc_trial_yolo-v3-tiny_last.weights
v3 (mse loss, Normalizer: (iou: 0.75, cls: 1.00) Region 16 Avg (IOU: 0.000000, GIOU: 0.000000), Class: 0.000000, Obj: 0.000000, No Obj: 0.527199, .5R: 0.000000, .75R: 0.000000, count: 1, class_loss = 170.646896, iou_loss = 0.000000, total_loss = 170.646896 
v3 (mse loss, Normalizer: (iou: 0.75, cls: 1.00) Region 23 Avg (IOU: 0.407350, GIOU: 0.350745), Class: 0.498597, Obj: 0.406025, No Obj: 0.447060, .5R: 0.250000, .75R: 0.000000, count: 8, class_loss = 532.165955, iou_loss = 9.449585, total_loss = 541.615540 
 total_bbox = 2353, rewritten_bbox = 0.849979 % 
v3 (mse loss, Normalizer: (iou: 0.75, cls: 1.00) Region 16 Avg (IOU: 0.719995, GIOU: 0.719995), Class: 0.514209, Obj: 0.525888, No Obj: 0.526893, .5R: 1.000000, .75R: 0.000000, count: 1, class_loss = 174.175034, iou_loss = 0.151901, total_loss = 174.326935 
v3 (mse loss, Normalizer: (iou: 0.75, cls: 1.00) Region 23 Avg (IOU: 0.289677, GIOU: 0.048111), Class: 0.597349, Obj: 0.355942, No Obj: 0.449017, .5R: 0.000000, .75R: 0.000000, count: 4, class_loss = 525.302734, iou_loss = 9.029846, total_loss = 534.332581 
 total_bbox = 2358, rewritten_bbox = 0.848176 % 
v3 (mse loss, Normalizer: (iou: 0.75, cls: 1.00) Region 16 Avg (IOU: 0.196844, GIOU: 0.038747), Class: 0.655179, Obj: 0.499233, No Obj: 0.526402, .5R: 0.000000, .75R: 0.000000, count: 3, class_loss = 179.298126, iou_loss = 10.340027, total_loss = 189.638153 
v3 (mse loss, Normalizer: (iou: 0.75, cls: 1.00) Region 23 Avg (IOU: 0.509562, GIOU: 0.463429), Class: 0.693649, Obj: 0.403374, No Obj: 0.449570, .5R: 1.000000, .75R: 0.000000, count: 1, class_loss = 519.033997, iou_loss = 0.794312, total_loss = 519.828308 
 total_bbox = 2362, rewritten_bbox = 0.846740 % 
v3 (mse loss, Normalizer: (iou: 0.75, cls: 1.00) Region 16 Avg (IOU: 0.439283, GIOU: 0.351791), Class: 0.488011, Obj: 0.491679, No Obj: 0.525126, .5R: 0.600000, .75R: 0.000000, count: 5, class_loss = 182.347778, iou_loss = 4.036560, total_loss = 186.384338 
v3 (mse loss, Normalizer: (iou: 0.75, cls: 1.00) Region 23 Avg (IOU: 0.376082, GIOU: 0.376082), Class: 0.398960, Obj: 0.474467, No Obj: 0.450567, .5R: 0.000000, .75R: 0.000000, count: 1, class_loss = 518.148987, iou_loss = 0.897583, total_loss = 519.046570 
 total_bbox = 2368, rewritten_bbox = 0.844595 % 
 MJPEG-stream sent. 
Resizing, random_coef = 1.40 

 448 x 448 
 try to allocate additional workspace_size = 52.43 MB 
 CUDA allocate done! 
Loaded: 0.003180 seconds

 (next mAP calculation at 1856 iterations) 
 101: 354.477417, 426.343353 avg loss, 0.000000 rate, 0.072201 seconds, 808 images, 2.394870 hours left
v3 (mse loss, Normalizer: (iou: 0.75, cls: 1.00) Region 16 Avg (IOU: 0.612532, GIOU: 0.585593), Class: 0.501769, Obj: 0.450732, No Obj: 0.524706, .5R: 1.000000, .75R: 0.000000, count: 2, class_loss = 173.718704, iou_loss = 0.575439, total_loss = 174.294144 
v3 (mse loss, Normalizer: (iou: 0.75, cls: 1.00) Region 23 Avg (IOU: 0.398717, GIOU: 0.301577), Class: 0.572865, Obj: 0.481319, No Obj: 0.449099, .5R: 0.307692, .75R: 0.153846, count: 13, class_loss = 547.257568, iou_loss = 20.721008, total_loss = 567.978577 
 total_bbox = 2383, rewritten_bbox = 0.839278 % 
v3 (mse loss, Normalizer: (iou: 0.75, cls: 1.00) Region 16 Avg (IOU: 0.444648, GIOU: 0.298361), Class: 0.351895, Obj: 0.566596, No Obj: 0.528441, .5R: 0.500000, .75R: 0.250000, count: 4, class_loss = 183.193405, iou_loss = 5.251541, total_loss = 188.444946 
v3 (mse loss, Normalizer: (iou: 0.75, cls: 1.00) Region 23 Avg (IOU: 0.000000, GIOU: 0.000000), Class: 0.000000, Obj: 0.000000, No Obj: 0.446004, .5R: 0.000000, .75R: 0.000000, count: 1, class_loss = 509.268250, iou_loss = 0.000000, total_loss = 509.268250 
 total_bbox = 2387, rewritten_bbox = 0.837872 % 
v3 (mse loss, Normalizer: (iou: 0.75, cls: 1.00) Region 16 Avg (IOU: 0.398265, GIOU: 0.335723), Class: 0.504657, Obj: 0.583210, No Obj: 0.528622, .5R: 0.333333, .75R: 0.000000, count: 3, class_loss = 179.647491, iou_loss = 2.683533, total_loss = 182.331024 
v3 (mse loss, Normalizer: (iou: 0.75, cls: 1.00) Region 23 Avg (IOU: 0.000000, GIOU: 0.000000), Class: 0.000000, Obj: 0.000000, No Obj: 0.445160, .5R: 0.000000, .75R: 0.000000, count: 1, class_loss = 506.040649, iou_loss = 0.000000, total_loss = 506.040649 
 total_bbox = 2390, rewritten_bbox = 0.836820 % 
v3 (mse loss, Normalizer: (iou: 0.75, cls: 1.00) Region 16 Avg (IOU: 0.290111, GIOU: -0.011089), Class: 0.675328, Obj: 0.449100, No Obj: 0.529346, .5R: 0.000000, .75R: 0.000000, count: 1, class_loss = 175.419983, iou_loss = 1.465714, total_loss = 176.885696 
v3 (mse loss, Normalizer: (iou: 0.75, cls: 1.00) Region 23 Avg (IOU: 0.215952, GIOU: 0.155833), Class: 0.641832, Obj: 0.293327, No Obj: 0.446366, .5R: 0.000000, .75R: 0.000000, count: 3, class_loss = 518.103027, iou_loss = 5.766846, total_loss = 523.869873 
 total_bbox = 2394, rewritten_bbox = 0.835422 % 
 MJPEG-stream sent. 
Loaded: 0.000051 seconds

 (next mAP calculation at 1856 iterations) 
 102: 353.639130, 419.072937 avg loss, 0.000000 rate, 0.081046 seconds, 816 images, 2.387654 hours left
v3 (mse loss, Normalizer: (iou: 0.75, cls: 1.00) Region 16 Avg (IOU: 0.309055, GIOU: 0.174386), Class: 0.358712, Obj: 0.458563, No Obj: 0.527014, .5R: 0.166667, .75R: 0.000000, count: 6, class_loss = 187.469620, iou_loss = 9.106018, total_loss = 196.575638 
v3 (mse loss, Normalizer: (iou: 0.75, cls: 1.00) Region 23 Avg (IOU: 0.181371, GIOU: -0.283912), Class: 0.505651, Obj: 0.133768, No Obj: 0.447780, .5R: 0.000000, .75R: 0.000000, count: 1, class_loss = 514.587708, iou_loss = 3.015320, total_loss = 517.603027 
 total_bbox = 2401, rewritten_bbox = 0.832986 % 
v3 (mse loss, Normalizer: (iou: 0.75, cls: 1.00) Region 16 Avg (IOU: 0.663625, GIOU: 0.663624), Class: 0.484193, Obj: 0.592707, No Obj: 0.529176, .5R: 1.000000, .75R: 0.000000, count: 1, class_loss = 173.804474, iou_loss = 0.113632, total_loss = 173.918106 
v3 (mse loss, Normalizer: (iou: 0.75, cls: 1.00) Region 23 Avg (IOU: 0.200578, GIOU: 0.200578), Class: 0.704752, Obj: 0.328027, No Obj: 0.448359, .5R: 0.000000, .75R: 0.000000, count: 1, class_loss = 516.441101, iou_loss = 1.925110, total_loss = 518.366211 
 total_bbox = 2403, rewritten_bbox = 0.832293 % 
v3 (mse loss, Normalizer: (iou: 0.75, cls: 1.00) Region 16 Avg (IOU: 0.332162, GIOU: 0.332162), Class: 0.557763, Obj: 0.552630, No Obj: 0.527101, .5R: 0.000000, .75R: 0.000000, count: 2, class_loss = 175.879471, iou_loss = 1.935379, total_loss = 177.814850 
v3 (mse loss, Normalizer: (iou: 0.75, cls: 1.00) Region 23 Avg (IOU: 0.197622, GIOU: 0.132188), Class: 0.480730, Obj: 0.413433, No Obj: 0.448144, .5R: 0.000000, .75R: 0.000000, count: 7, class_loss = 533.712646, iou_loss = 21.124695, total_loss = 554.837341 
 total_bbox = 2412, rewritten_bbox = 0.829187 % 
v3 (mse loss, Normalizer: (iou: 0.75, cls: 1.00) Region 16 Avg (IOU: 0.120578, GIOU: -0.441252), Class: 0.290485, Obj: 0.779309, No Obj: 0.527895, .5R: 0.000000, .75R: 0.000000, count: 1, class_loss = 174.536697, iou_loss = 3.222504, total_loss = 177.759201 
v3 (mse loss, Normalizer: (iou: 0.75, cls: 1.00) Region 23 Avg (IOU: 0.164247, GIOU: 0.164247), Class: 0.499858, Obj: 0.345821, No Obj: 0.446088, .5R: 0.000000, .75R: 0.000000, count: 2, class_loss = 513.599365, iou_loss = 5.292175, total_loss = 518.891541 
 total_bbox = 2415, rewritten_bbox = 0.828157 % 
 MJPEG-stream sent. 
Loaded: 0.000061 seconds

 (next mAP calculation at 1856 iterations) 
 103: 354.470764, 412.612732 avg loss, 0.000000 rate, 0.080973 seconds, 824 images, 2.381778 hours left
v3 (mse loss, Normalizer: (iou: 0.75, cls: 1.00) Region 16 Avg (IOU: 0.390769, GIOU: 0.191356), Class: 0.438785, Obj: 0.589047, No Obj: 0.526155, .5R: 0.333333, .75R: 0.000000, count: 3, class_loss = 178.067154, iou_loss = 2.701080, total_loss = 180.768234 
v3 (mse loss, Normalizer: (iou: 0.75, cls: 1.00) Region 23 Avg (IOU: 0.000000, GIOU: 0.000000), Class: 0.000000, Obj: 0.000000, No Obj: 0.445530, .5R: 0.000000, .75R: 0.000000, count: 1, class_loss = 507.346863, iou_loss = 0.000000, total_loss = 507.346863 
 total_bbox = 2418, rewritten_bbox = 0.827130 % 
v3 (mse loss, Normalizer: (iou: 0.75, cls: 1.00) Region 16 Avg (IOU: 0.346180, GIOU: 0.091075), Class: 0.552381, Obj: 0.600268, No Obj: 0.527089, .5R: 0.500000, .75R: 0.000000, count: 2, class_loss = 174.965591, iou_loss = 2.029144, total_loss = 176.994736 
v3 (mse loss, Normalizer: (iou: 0.75, cls: 1.00) Region 23 Avg (IOU: 0.000000, GIOU: 0.000000), Class: 0.000000, Obj: 0.000000, No Obj: 0.447563, .5R: 0.000000, .75R: 0.000000, count: 1, class_loss = 514.193604, iou_loss = 0.000000, total_loss = 514.193604 
 total_bbox = 2420, rewritten_bbox = 0.826446 % 
v3 (mse loss, Normalizer: (iou: 0.75, cls: 1.00) Region 16 Avg (IOU: 0.393762, GIOU: 0.207228), Class: 0.409179, Obj: 0.452915, No Obj: 0.528997, .5R: 0.000000, .75R: 0.000000, count: 1, class_loss = 173.911850, iou_loss = 0.597626, total_loss = 174.509476 
v3 (mse loss, Normalizer: (iou: 0.75, cls: 1.00) Region 23 Avg (IOU: 0.460215, GIOU: 0.460215), Class: 0.248728, Obj: 0.567810, No Obj: 0.444906, .5R: 0.000000, .75R: 0.000000, count: 1, class_loss = 509.553162, iou_loss = 0.430817, total_loss = 509.983978 
 total_bbox = 2422, rewritten_bbox = 0.825764 % 
v3 (mse loss, Normalizer: (iou: 0.75, cls: 1.00) Region 16 Avg (IOU: 0.314913, GIOU: 0.233919), Class: 0.363997, Obj: 0.502222, No Obj: 0.527195, .5R: 0.000000, .75R: 0.000000, count: 1, class_loss = 173.351761, iou_loss = 1.100739, total_loss = 174.452499 
v3 (mse loss, Normalizer: (iou: 0.75, cls: 1.00) Region 23 Avg (IOU: 0.640109, GIOU: 0.595046), Class: 0.335888, Obj: 0.698642, No Obj: 0.447028, .5R: 1.000000, .75R: 0.000000, count: 1, class_loss = 512.776428, iou_loss = 0.172241, total_loss = 512.948669 
 total_bbox = 2424, rewritten_bbox = 0.825082 % 
 MJPEG-stream sent. 
Loaded: 0.000049 seconds

 (next mAP calculation at 1856 iterations) 
 104: 343.899750, 405.741425 avg loss, 0.000000 rate, 0.079020 seconds, 832 images, 2.375947 hours left
v3 (mse loss, Normalizer: (iou: 0.75, cls: 1.00) Region 16 Avg (IOU: 0.515322, GIOU: 0.515322), Class: 0.409725, Obj: 0.525033, No Obj: 0.526263, .5R: 1.000000, .75R: 0.000000, count: 1, class_loss = 172.052689, iou_loss = 0.183533, total_loss = 172.236221 
v3 (mse loss, Normalizer: (iou: 0.75, cls: 1.00) Region 23 Avg (IOU: 0.412048, GIOU: 0.374873), Class: 0.499816, Obj: 0.509461, No Obj: 0.446631, .5R: 0.200000, .75R: 0.200000, count: 5, class_loss = 523.534729, iou_loss = 5.389832, total_loss = 528.924561 
 total_bbox = 2430, rewritten_bbox = 0.823045 % 
v3 (mse loss, Normalizer: (iou: 0.75, cls: 1.00) Region 16 Avg (IOU: 0.780301, GIOU: 0.780301), Class: 0.622156, Obj: 0.544742, No Obj: 0.529806, .5R: 1.000000, .75R: 1.000000, count: 1, class_loss = 175.456390, iou_loss = 0.094299, total_loss = 175.550690 
v3 (mse loss, Normalizer: (iou: 0.75, cls: 1.00) Region 23 Avg (IOU: 0.327028, GIOU: 0.084635), Class: 0.382560, Obj: 0.397246, No Obj: 0.446284, .5R: 0.000000, .75R: 0.000000, count: 2, class_loss = 516.499084, iou_loss = 2.453918, total_loss = 518.953003 
 total_bbox = 2433, rewritten_bbox = 0.822030 % 
v3 (mse loss, Normalizer: (iou: 0.75, cls: 1.00) Region 16 Avg (IOU: 0.000000, GIOU: 0.000000), Class: 0.000000, Obj: 0.000000, No Obj: 0.526081, .5R: 0.000000, .75R: 0.000000, count: 1, class_loss = 169.632324, iou_loss = 0.000000, total_loss = 169.632324 
v3 (mse loss, Normalizer: (iou: 0.75, cls: 1.00) Region 23 Avg (IOU: 0.241452, GIOU: 0.013192), Class: 0.360505, Obj: 0.483289, No Obj: 0.449682, .5R: 0.100000, .75R: 0.000000, count: 10, class_loss = 546.285400, iou_loss = 28.869507, total_loss = 575.154907 
 total_bbox = 2443, rewritten_bbox = 0.818666 % 
v3 (mse loss, Normalizer: (iou: 0.75, cls: 1.00) Region 16 Avg (IOU: 0.462955, GIOU: 0.452519), Class: 0.522163, Obj: 0.603964, No Obj: 0.525171, .5R: 0.333333, .75R: 0.000000, count: 3, class_loss = 177.339401, iou_loss = 1.539993, total_loss = 178.879395 
v3 (mse loss, Normalizer: (iou: 0.75, cls: 1.00) Region 23 Avg (IOU: 0.450817, GIOU: 0.444472), Class: 0.609018, Obj: 0.211521, No Obj: 0.447397, .5R: 0.500000, .75R: 0.500000, count: 2, class_loss = 515.834167, iou_loss = 3.079041, total_loss = 518.913208 
 total_bbox = 2448, rewritten_bbox = 0.816993 % 
 MJPEG-stream sent. 
Loaded: 0.000049 seconds

 (next mAP calculation at 1856 iterations) 
 105: 354.780518, 400.645325 avg loss, 0.000000 rate, 0.080326 seconds, 840 images, 2.369738 hours left
v3 (mse loss, Normalizer: (iou: 0.75, cls: 1.00) Region 16 Avg (IOU: 0.524036, GIOU: 0.436939), Class: 0.350549, Obj: 0.568550, No Obj: 0.526482, .5R: 0.666667, .75R: 0.000000, count: 3, class_loss = 176.928162, iou_loss = 0.955643, total_loss = 177.883804 
v3 (mse loss, Normalizer: (iou: 0.75, cls: 1.00) Region 23 Avg (IOU: 0.000000, GIOU: 0.000000), Class: 0.000000, Obj: 0.000000, No Obj: 0.446318, .5R: 0.000000, .75R: 0.000000, count: 1, class_loss = 508.860657, iou_loss = 0.000000, total_loss = 508.860657 
 total_bbox = 2451, rewritten_bbox = 0.815993 % 
v3 (mse loss, Normalizer: (iou: 0.75, cls: 1.00) Region 16 Avg (IOU: 0.296640, GIOU: 0.165615), Class: 0.625130, Obj: 0.626804, No Obj: 0.527762, .5R: 0.000000, .75R: 0.000000, count: 3, class_loss = 178.343872, iou_loss = 3.044800, total_loss = 181.388672 
v3 (mse loss, Normalizer: (iou: 0.75, cls: 1.00) Region 23 Avg (IOU: 0.000000, GIOU: 0.000000), Class: 0.000000, Obj: 0.000000, No Obj: 0.444954, .5R: 0.000000, .75R: 0.000000, count: 1, class_loss = 504.144867, iou_loss = 0.000000, total_loss = 504.144867 
 total_bbox = 2454, rewritten_bbox = 0.814996 % 
v3 (mse loss, Normalizer: (iou: 0.75, cls: 1.00) Region 16 Avg (IOU: 0.181628, GIOU: 0.181629), Class: 0.390435, Obj: 0.465662, No Obj: 0.527065, .5R: 0.000000, .75R: 0.000000, count: 1, class_loss = 173.774673, iou_loss = 1.596222, total_loss = 175.370895 
v3 (mse loss, Normalizer: (iou: 0.75, cls: 1.00) Region 23 Avg (IOU: 0.304276, GIOU: 0.205733), Class: 0.529420, Obj: 0.383695, No Obj: 0.446873, .5R: 0.250000, .75R: 0.000000, count: 12, class_loss = 541.954590, iou_loss = 28.284607, total_loss = 570.239197 
 total_bbox = 2467, rewritten_bbox = 0.851236 % 
v3 (mse loss, Normalizer: (iou: 0.75, cls: 1.00) Region 16 Avg (IOU: 0.314811, GIOU: 0.260626), Class: 0.520898, Obj: 0.679082, No Obj: 0.526056, .5R: 0.000000, .75R: 0.000000, count: 2, class_loss = 174.935226, iou_loss = 2.023758, total_loss = 176.958984 
v3 (mse loss, Normalizer: (iou: 0.75, cls: 1.00) Region 23 Avg (IOU: 0.356871, GIOU: 0.095555), Class: 0.633775, Obj: 0.252795, No Obj: 0.449579, .5R: 0.500000, .75R: 0.000000, count: 2, class_loss = 519.206238, iou_loss = 3.772766, total_loss = 522.979004 
 total_bbox = 2471, rewritten_bbox = 0.849858 % 
 MJPEG-stream sent. 
Loaded: 0.000053 seconds

 (next mAP calculation at 1856 iterations) 
 106: 352.228271, 395.803619 avg loss, 0.000000 rate, 0.080072 seconds, 848 images, 2.363881 hours left
v3 (mse loss, Normalizer: (iou: 0.75, cls: 1.00) Region 16 Avg (IOU: 0.699677, GIOU: 0.665696), Class: 0.625693, Obj: 0.501402, No Obj: 0.528164, .5R: 1.000000, .75R: 0.333333, count: 3, class_loss = 178.243713, iou_loss = 0.651443, total_loss = 178.895157 
v3 (mse loss, Normalizer: (iou: 0.75, cls: 1.00) Region 23 Avg (IOU: 0.000000, GIOU: 0.000000), Class: 0.000000, Obj: 0.000000, No Obj: 0.445840, .5R: 0.000000, .75R: 0.000000, count: 1, class_loss = 508.946411, iou_loss = 0.000000, total_loss = 508.946411 
 total_bbox = 2474, rewritten_bbox = 0.848828 % 
v3 (mse loss, Normalizer: (iou: 0.75, cls: 1.00) Region 16 Avg (IOU: 0.190032, GIOU: -0.086191), Class: 0.305300, Obj: 0.588013, No Obj: 0.526157, .5R: 0.000000, .75R: 0.000000, count: 2, class_loss = 176.089951, iou_loss = 5.474701, total_loss = 181.564651 
v3 (mse loss, Normalizer: (iou: 0.75, cls: 1.00) Region 23 Avg (IOU: 0.470501, GIOU: 0.293205), Class: 0.511198, Obj: 0.522934, No Obj: 0.447840, .5R: 0.500000, .75R: 0.000000, count: 2, class_loss = 517.373413, iou_loss = 1.995667, total_loss = 519.369080 
 total_bbox = 2478, rewritten_bbox = 0.847458 % 
v3 (mse loss, Normalizer: (iou: 0.75, cls: 1.00) Region 16 Avg (IOU: 0.000000, GIOU: 0.000000), Class: 0.000000, Obj: 0.000000, No Obj: 0.528601, .5R: 0.000000, .75R: 0.000000, count: 1, class_loss = 171.862244, iou_loss = 0.000000, total_loss = 171.862244 
v3 (mse loss, Normalizer: (iou: 0.75, cls: 1.00) Region 23 Avg (IOU: 0.410007, GIOU: 0.345704), Class: 0.472781, Obj: 0.428573, No Obj: 0.443672, .5R: 0.214286, .75R: 0.071429, count: 14, class_loss = 538.032104, iou_loss = 19.105225, total_loss = 557.137329 
 total_bbox = 2492, rewritten_bbox = 0.882825 % 
v3 (mse loss, Normalizer: (iou: 0.75, cls: 1.00) Region 16 Avg (IOU: 0.000000, GIOU: 0.000000), Class: 0.000000, Obj: 0.000000, No Obj: 0.526353, .5R: 0.000000, .75R: 0.000000, count: 1, class_loss = 169.987869, iou_loss = 0.000000, total_loss = 169.987869 
v3 (mse loss, Normalizer: (iou: 0.75, cls: 1.00) Region 23 Avg (IOU: 0.401701, GIOU: 0.266318), Class: 0.660339, Obj: 0.566376, No Obj: 0.447591, .5R: 0.250000, .75R: 0.000000, count: 8, class_loss = 529.196228, iou_loss = 10.559082, total_loss = 539.755310 
 total_bbox = 2500, rewritten_bbox = 0.880000 % 
 MJPEG-stream sent. 
Loaded: 0.000052 seconds

 (next mAP calculation at 1856 iterations) 
 107: 353.439758, 391.567230 avg loss, 0.000000 rate, 0.081522 seconds, 856 images, 2.358027 hours left
v3 (mse loss, Normalizer: (iou: 0.75, cls: 1.00) Region 16 Avg (IOU: 0.538849, GIOU: 0.535550), Class: 0.739690, Obj: 0.596286, No Obj: 0.525905, .5R: 0.500000, .75R: 0.000000, count: 2, class_loss = 175.088928, iou_loss = 0.684387, total_loss = 175.773315 
v3 (mse loss, Normalizer: (iou: 0.75, cls: 1.00) Region 23 Avg (IOU: 0.000000, GIOU: 0.000000), Class: 0.000000, Obj: 0.000000, No Obj: 0.447659, .5R: 0.000000, .75R: 0.000000, count: 1, class_loss = 508.708313, iou_loss = 0.000000, total_loss = 508.708313 
 total_bbox = 2502, rewritten_bbox = 0.879297 % 
v3 (mse loss, Normalizer: (iou: 0.75, cls: 1.00) Region 16 Avg (IOU: 0.409535, GIOU: 0.372780), Class: 0.488113, Obj: 0.503707, No Obj: 0.526246, .5R: 0.250000, .75R: 0.000000, count: 4, class_loss = 179.228790, iou_loss = 3.355789, total_loss = 182.584579 
v3 (mse loss, Normalizer: (iou: 0.75, cls: 1.00) Region 23 Avg (IOU: 0.386183, GIOU: 0.266860), Class: 0.394814, Obj: 0.504759, No Obj: 0.444845, .5R: 0.500000, .75R: 0.000000, count: 2, class_loss = 510.920563, iou_loss = 3.290558, total_loss = 514.211121 
 total_bbox = 2508, rewritten_bbox = 0.877193 % 
v3 (mse loss, Normalizer: (iou: 0.75, cls: 1.00) Region 16 Avg (IOU: 0.202610, GIOU: 0.130367), Class: 0.201477, Obj: 0.562322, No Obj: 0.526906, .5R: 0.000000, .75R: 0.000000, count: 1, class_loss = 172.588989, iou_loss = 2.209595, total_loss = 174.798584 
v3 (mse loss, Normalizer: (iou: 0.75, cls: 1.00) Region 23 Avg (IOU: 0.298904, GIOU: 0.126703), Class: 0.624456, Obj: 0.465030, No Obj: 0.449495, .5R: 0.000000, .75R: 0.000000, count: 3, class_loss = 523.462219, iou_loss = 6.437012, total_loss = 529.899231 
 total_bbox = 2512, rewritten_bbox = 0.875796 % 
v3 (mse loss, Normalizer: (iou: 0.75, cls: 1.00) Region 16 Avg (IOU: 0.444021, GIOU: 0.396269), Class: 0.304711, Obj: 0.680370, No Obj: 0.526804, .5R: 0.000000, .75R: 0.000000, count: 1, class_loss = 173.740143, iou_loss = 0.364349, total_loss = 174.104492 
v3 (mse loss, Normalizer: (iou: 0.75, cls: 1.00) Region 23 Avg (IOU: 0.224724, GIOU: 0.099865), Class: 0.479850, Obj: 0.589463, No Obj: 0.446812, .5R: 0.000000, .75R: 0.000000, count: 5, class_loss = 525.223328, iou_loss = 12.056946, total_loss = 537.280273 
 total_bbox = 2518, rewritten_bbox = 0.873709 % 
 MJPEG-stream sent. 
Loaded: 0.000050 seconds

 (next mAP calculation at 1856 iterations) 
 108: 349.669983, 387.377502 avg loss, 0.000000 rate, 0.079473 seconds, 864 images, 2.352552 hours left
v3 (mse loss, Normalizer: (iou: 0.75, cls: 1.00) Region 16 Avg (IOU: 0.545624, GIOU: 0.366091), Class: 0.615173, Obj: 0.620123, No Obj: 0.527608, .5R: 0.500000, .75R: 0.500000, count: 2, class_loss = 174.893127, iou_loss = 1.110138, total_loss = 176.003265 
v3 (mse loss, Normalizer: (iou: 0.75, cls: 1.00) Region 23 Avg (IOU: 0.000000, GIOU: 0.000000), Class: 0.000000, Obj: 0.000000, No Obj: 0.448186, .5R: 0.000000, .75R: 0.000000, count: 1, class_loss = 512.726807, iou_loss = 0.000000, total_loss = 512.726807 
 total_bbox = 2520, rewritten_bbox = 0.873016 % 
v3 (mse loss, Normalizer: (iou: 0.75, cls: 1.00) Region 16 Avg (IOU: 0.490026, GIOU: 0.469485), Class: 0.472193, Obj: 0.751984, No Obj: 0.526869, .5R: 0.000000, .75R: 0.000000, count: 1, class_loss = 173.761337, iou_loss = 0.416580, total_loss = 174.177917 
v3 (mse loss, Normalizer: (iou: 0.75, cls: 1.00) Region 23 Avg (IOU: 0.295392, GIOU: 0.216801), Class: 0.536902, Obj: 0.465911, No Obj: 0.442496, .5R: 0.153846, .75R: 0.038462, count: 26, class_loss = 568.989868, iou_loss = 40.560364, total_loss = 609.550232 
 total_bbox = 2547, rewritten_bbox = 0.863761 % 
v3 (mse loss, Normalizer: (iou: 0.75, cls: 1.00) Region 16 Avg (IOU: 0.261029, GIOU: 0.091640), Class: 0.485728, Obj: 0.611474, No Obj: 0.526354, .5R: 0.000000, .75R: 0.000000, count: 3, class_loss = 178.414963, iou_loss = 3.556854, total_loss = 181.971817 
v3 (mse loss, Normalizer: (iou: 0.75, cls: 1.00) Region 23 Avg (IOU: 0.000000, GIOU: 0.000000), Class: 0.000000, Obj: 0.000000, No Obj: 0.445842, .5R: 0.000000, .75R: 0.000000, count: 1, class_loss = 506.663208, iou_loss = 0.000000, total_loss = 506.663208 
 total_bbox = 2550, rewritten_bbox = 0.862745 % 
v3 (mse loss, Normalizer: (iou: 0.75, cls: 1.00) Region 16 Avg (IOU: 0.449138, GIOU: 0.332804), Class: 0.593082, Obj: 0.625624, No Obj: 0.527921, .5R: 0.333333, .75R: 0.000000, count: 3, class_loss = 177.696091, iou_loss = 1.518860, total_loss = 179.214951 
v3 (mse loss, Normalizer: (iou: 0.75, cls: 1.00) Region 23 Avg (IOU: 0.513481, GIOU: 0.477531), Class: 0.489080, Obj: 0.614011, No Obj: 0.445064, .5R: 0.666667, .75R: 0.000000, count: 3, class_loss = 514.550781, iou_loss = 1.116028, total_loss = 515.666809 
 total_bbox = 2556, rewritten_bbox = 0.860720 % 
 MJPEG-stream sent. 
Loaded: 0.000050 seconds

 (next mAP calculation at 1856 iterations) 
 109: 356.996887, 384.339447 avg loss, 0.000000 rate, 0.081692 seconds, 872 images, 2.346677 hours left
v3 (mse loss, Normalizer: (iou: 0.75, cls: 1.00) Region 16 Avg (IOU: 0.285674, GIOU: 0.158293), Class: 0.477787, Obj: 0.461736, No Obj: 0.525456, .5R: 0.000000, .75R: 0.000000, count: 2, class_loss = 172.394989, iou_loss = 1.181854, total_loss = 173.576843 
v3 (mse loss, Normalizer: (iou: 0.75, cls: 1.00) Region 23 Avg (IOU: 0.135313, GIOU: -0.191644), Class: 0.713821, Obj: 0.651736, No Obj: 0.445221, .5R: 0.000000, .75R: 0.000000, count: 2, class_loss = 509.231842, iou_loss = 11.339508, total_loss = 520.571350 
 total_bbox = 2560, rewritten_bbox = 0.898438 % 
v3 (mse loss, Normalizer: (iou: 0.75, cls: 1.00) Region 16 Avg (IOU: 0.370025, GIOU: 0.370025), Class: 0.699339, Obj: 0.572900, No Obj: 0.526242, .5R: 0.000000, .75R: 0.000000, count: 1, class_loss = 172.164047, iou_loss = 0.531906, total_loss = 172.695953 
v3 (mse loss, Normalizer: (iou: 0.75, cls: 1.00) Region 23 Avg (IOU: 0.210804, GIOU: 0.098349), Class: 0.635721, Obj: 0.383220, No Obj: 0.447042, .5R: 0.000000, .75R: 0.000000, count: 3, class_loss = 521.328369, iou_loss = 9.008362, total_loss = 530.336731 
 total_bbox = 2564, rewritten_bbox = 0.897036 % 
v3 (mse loss, Normalizer: (iou: 0.75, cls: 1.00) Region 16 Avg (IOU: 0.514058, GIOU: 0.427335), Class: 0.513392, Obj: 0.576838, No Obj: 0.523759, .5R: 1.000000, .75R: 0.000000, count: 1, class_loss = 171.785202, iou_loss = 0.343491, total_loss = 172.128693 
v3 (mse loss, Normalizer: (iou: 0.75, cls: 1.00) Region 23 Avg (IOU: 0.544059, GIOU: 0.544059), Class: 0.401726, Obj: 0.416771, No Obj: 0.443875, .5R: 1.000000, .75R: 0.000000, count: 1, class_loss = 507.874542, iou_loss = 0.304474, total_loss = 508.179016 
 total_bbox = 2566, rewritten_bbox = 0.896337 % 
v3 (mse loss, Normalizer: (iou: 0.75, cls: 1.00) Region 16 Avg (IOU: 0.485007, GIOU: 0.447203), Class: 0.651019, Obj: 0.671510, No Obj: 0.524441, .5R: 0.500000, .75R: 0.000000, count: 2, class_loss = 173.574402, iou_loss = 1.000244, total_loss = 174.574646 
v3 (mse loss, Normalizer: (iou: 0.75, cls: 1.00) Region 23 Avg (IOU: 0.656370, GIOU: 0.618925), Class: 0.494045, Obj: 0.531204, No Obj: 0.442953, .5R: 1.000000, .75R: 0.500000, count: 2, class_loss = 507.080780, iou_loss = 0.761871, total_loss = 507.842651 
 total_bbox = 2570, rewritten_bbox = 0.894942 % 
 MJPEG-stream sent. 
Loaded: 0.000050 seconds

 (next mAP calculation at 1856 iterations) 
 110: 344.988251, 380.404327 avg loss, 0.000000 rate, 0.079149 seconds, 880 images, 2.341353 hours left
v3 (mse loss, Normalizer: (iou: 0.75, cls: 1.00) Region 16 Avg (IOU: 0.227056, GIOU: 0.227056), Class: 0.519537, Obj: 0.600298, No Obj: 0.525841, .5R: 0.000000, .75R: 0.000000, count: 3, class_loss = 319.870697, iou_loss = 2.063385, total_loss = 321.934082 
v3 (mse loss, Normalizer: (iou: 0.75, cls: 1.00) Region 23 Avg (IOU: 0.000000, GIOU: 0.000000), Class: 0.000000, Obj: 0.000000, No Obj: 0.442851, .5R: 0.000000, .75R: 0.000000, count: 1, class_loss = 922.376831, iou_loss = 0.000000, total_loss = 922.376831 
 total_bbox = 2573, rewritten_bbox = 0.893898 % 
v3 (mse loss, Normalizer: (iou: 0.75, cls: 1.00) Region 16 Avg (IOU: 0.420576, GIOU: 0.311281), Class: 0.405181, Obj: 0.637793, No Obj: 0.524345, .5R: 0.250000, .75R: 0.000000, count: 4, class_loss = 320.021973, iou_loss = 2.194489, total_loss = 322.216461 
v3 (mse loss, Normalizer: (iou: 0.75, cls: 1.00) Region 23 Avg (IOU: 0.488732, GIOU: 0.322051), Class: 0.474907, Obj: 0.519285, No Obj: 0.445330, .5R: 0.500000, .75R: 0.000000, count: 2, class_loss = 935.035950, iou_loss = 2.015625, total_loss = 937.051575 
 total_bbox = 2579, rewritten_bbox = 0.930593 % 
v3 (mse loss, Normalizer: (iou: 0.75, cls: 1.00) Region 16 Avg (IOU: 0.568247, GIOU: 0.474809), Class: 0.322718, Obj: 0.385478, No Obj: 0.523868, .5R: 0.500000, .75R: 0.000000, count: 2, class_loss = 316.924011, iou_loss = 0.983337, total_loss = 317.907349 
v3 (mse loss, Normalizer: (iou: 0.75, cls: 1.00) Region 23 Avg (IOU: 0.000000, GIOU: 0.000000), Class: 0.000000, Obj: 0.000000, No Obj: 0.447288, .5R: 0.000000, .75R: 0.000000, count: 1, class_loss = 936.678894, iou_loss = 0.000000, total_loss = 936.678894 
 total_bbox = 2581, rewritten_bbox = 0.929872 % 
v3 (mse loss, Normalizer: (iou: 0.75, cls: 1.00) Region 16 Avg (IOU: 0.386365, GIOU: 0.386365), Class: 0.554904, Obj: 0.655691, No Obj: 0.523565, .5R: 0.000000, .75R: 0.000000, count: 1, class_loss = 314.485870, iou_loss = 0.750092, total_loss = 315.235962 
v3 (mse loss, Normalizer: (iou: 0.75, cls: 1.00) Region 23 Avg (IOU: 0.330381, GIOU: 0.119069), Class: 0.197953, Obj: 0.331619, No Obj: 0.444018, .5R: 0.000000, .75R: 0.000000, count: 1, class_loss = 929.422913, iou_loss = 1.376465, total_loss = 930.799377 
 total_bbox = 2583, rewritten_bbox = 0.929152 % 
 MJPEG-stream sent. 
Resizing, random_coef = 1.40 

 608 x 608 
 try to allocate additional workspace_size = 52.43 MB 
 CUDA allocate done! 
Loaded: 0.000042 seconds

 (next mAP calculation at 1856 iterations) 
 111: 625.525085, 404.916412 avg loss, 0.000000 rate, 0.127449 seconds, 888 images, 2.335517 hours left
v3 (mse loss, Normalizer: (iou: 0.75, cls: 1.00) Region 16 Avg (IOU: 0.426984, GIOU: 0.415025), Class: 0.500879, Obj: 0.458446, No Obj: 0.523423, .5R: 0.500000, .75R: 0.000000, count: 2, class_loss = 315.561523, iou_loss = 1.035400, total_loss = 316.596924 
v3 (mse loss, Normalizer: (iou: 0.75, cls: 1.00) Region 23 Avg (IOU: 0.000000, GIOU: 0.000000), Class: 0.000000, Obj: 0.000000, No Obj: 0.448012, .5R: 0.000000, .75R: 0.000000, count: 1, class_loss = 940.713989, iou_loss = 0.000000, total_loss = 940.713989 
 total_bbox = 2585, rewritten_bbox = 0.928433 % 
v3 (mse loss, Normalizer: (iou: 0.75, cls: 1.00) Region 16 Avg (IOU: 0.563412, GIOU: 0.563412), Class: 0.439045, Obj: 0.566743, No Obj: 0.527695, .5R: 1.000000, .75R: 0.000000, count: 1, class_loss = 316.485291, iou_loss = 0.130219, total_loss = 316.615509 
v3 (mse loss, Normalizer: (iou: 0.75, cls: 1.00) Region 23 Avg (IOU: 0.152609, GIOU: 0.104458), Class: 0.439066, Obj: 0.331692, No Obj: 0.444218, .5R: 0.000000, .75R: 0.000000, count: 4, class_loss = 939.225403, iou_loss = 15.868896, total_loss = 955.094299 
 total_bbox = 2590, rewritten_bbox = 0.926641 % 
v3 (mse loss, Normalizer: (iou: 0.75, cls: 1.00) Region 16 Avg (IOU: 0.364345, GIOU: 0.346545), Class: 0.519582, Obj: 0.443240, No Obj: 0.525795, .5R: 0.333333, .75R: 0.000000, count: 3, class_loss = 321.370697, iou_loss = 4.462494, total_loss = 325.833191 
v3 (mse loss, Normalizer: (iou: 0.75, cls: 1.00) Region 23 Avg (IOU: 0.275897, GIOU: 0.130063), Class: 0.476138, Obj: 0.404710, No Obj: 0.445633, .5R: 0.000000, .75R: 0.000000, count: 11, class_loss = 965.467529, iou_loss = 24.069031, total_loss = 989.536560 
 total_bbox = 2604, rewritten_bbox = 0.960061 % 
v3 (mse loss, Normalizer: (iou: 0.75, cls: 1.00) Region 16 Avg (IOU: 0.517217, GIOU: 0.492706), Class: 0.196758, Obj: 0.658952, No Obj: 0.526082, .5R: 1.000000, .75R: 0.000000, count: 2, class_loss = 318.869293, iou_loss = 1.390228, total_loss = 320.259521 
v3 (mse loss, Normalizer: (iou: 0.75, cls: 1.00) Region 23 Avg (IOU: 0.564744, GIOU: 0.564744), Class: 0.747015, Obj: 0.805388, No Obj: 0.443916, .5R: 1.000000, .75R: 0.000000, count: 1, class_loss = 932.465576, iou_loss = 0.268372, total_loss = 932.733948 
 total_bbox = 2607, rewritten_bbox = 0.958957 % 
 MJPEG-stream sent. 
Loaded: 0.000042 seconds

 (next mAP calculation at 1856 iterations) 
 112: 637.172974, 428.142059 avg loss, 0.000000 rate, 0.145182 seconds, 896 images, 2.340456 hours left
v3 (mse loss, Normalizer: (iou: 0.75, cls: 1.00) Region 16 Avg (IOU: 0.545056, GIOU: 0.474088), Class: 0.301856, Obj: 0.412431, No Obj: 0.524438, .5R: 0.666667, .75R: 0.000000, count: 3, class_loss = 319.074127, iou_loss = 1.618500, total_loss = 320.692627 
v3 (mse loss, Normalizer: (iou: 0.75, cls: 1.00) Region 23 Avg (IOU: 0.266020, GIOU: 0.163681), Class: 0.511503, Obj: 0.449759, No Obj: 0.444637, .5R: 0.000000, .75R: 0.000000, count: 5, class_loss = 940.441528, iou_loss = 9.803894, total_loss = 950.245422 
 total_bbox = 2615, rewritten_bbox = 0.956023 % 
v3 (mse loss, Normalizer: (iou: 0.75, cls: 1.00) Region 16 Avg (IOU: 0.497547, GIOU: 0.443196), Class: 0.289327, Obj: 0.867388, No Obj: 0.524802, .5R: 0.000000, .75R: 0.000000, count: 1, class_loss = 313.667664, iou_loss = 0.555267, total_loss = 314.222931 
v3 (mse loss, Normalizer: (iou: 0.75, cls: 1.00) Region 23 Avg (IOU: 0.401085, GIOU: 0.401085), Class: 0.392276, Obj: 0.378459, No Obj: 0.444311, .5R: 0.000000, .75R: 0.000000, count: 2, class_loss = 928.567200, iou_loss = 1.516663, total_loss = 930.083862 
 total_bbox = 2618, rewritten_bbox = 0.954927 % 
v3 (mse loss, Normalizer: (iou: 0.75, cls: 1.00) Region 16 Avg (IOU: 0.222738, GIOU: -0.147256), Class: 0.781409, Obj: 0.604886, No Obj: 0.525390, .5R: 0.000000, .75R: 0.000000, count: 1, class_loss = 314.713959, iou_loss = 1.866943, total_loss = 316.580902 
v3 (mse loss, Normalizer: (iou: 0.75, cls: 1.00) Region 23 Avg (IOU: 0.237644, GIOU: 0.172174), Class: 0.545995, Obj: 0.344540, No Obj: 0.444279, .5R: 0.000000, .75R: 0.000000, count: 8, class_loss = 950.997253, iou_loss = 18.476013, total_loss = 969.473267 
 total_bbox = 2627, rewritten_bbox = 0.951656 % 
v3 (mse loss, Normalizer: (iou: 0.75, cls: 1.00) Region 16 Avg (IOU: 0.496223, GIOU: 0.461429), Class: 0.466357, Obj: 0.591407, No Obj: 0.525179, .5R: 0.600000, .75R: 0.000000, count: 5, class_loss = 326.234650, iou_loss = 3.413239, total_loss = 329.647888 
v3 (mse loss, Normalizer: (iou: 0.75, cls: 1.00) Region 23 Avg (IOU: 0.479619, GIOU: 0.414562), Class: 0.620773, Obj: 0.474606, No Obj: 0.443073, .5R: 0.500000, .75R: 0.000000, count: 2, class_loss = 923.477356, iou_loss = 1.382080, total_loss = 924.859436 
 total_bbox = 2634, rewritten_bbox = 0.949127 % 
 MJPEG-stream sent. 
Loaded: 0.000048 seconds

 (next mAP calculation at 1856 iterations) 
 113: 631.975769, 448.525421 avg loss, 0.000000 rate, 0.144584 seconds, 904 images, 2.349281 hours left
v3 (mse loss, Normalizer: (iou: 0.75, cls: 1.00) Region 16 Avg (IOU: 0.351315, GIOU: 0.188581), Class: 0.351433, Obj: 0.553689, No Obj: 0.525320, .5R: 0.000000, .75R: 0.000000, count: 4, class_loss = 323.798798, iou_loss = 4.350677, total_loss = 328.149475 
v3 (mse loss, Normalizer: (iou: 0.75, cls: 1.00) Region 23 Avg (IOU: 0.333876, GIOU: 0.184576), Class: 0.538841, Obj: 0.466814, No Obj: 0.442551, .5R: 0.000000, .75R: 0.000000, count: 7, class_loss = 941.227661, iou_loss = 8.657593, total_loss = 949.885254 
 total_bbox = 2645, rewritten_bbox = 0.945180 % 
v3 (mse loss, Normalizer: (iou: 0.75, cls: 1.00) Region 16 Avg (IOU: 0.322613, GIOU: 0.251599), Class: 0.434598, Obj: 0.566468, No Obj: 0.523554, .5R: 0.000000, .75R: 0.000000, count: 2, class_loss = 316.182251, iou_loss = 3.052124, total_loss = 319.234375 
v3 (mse loss, Normalizer: (iou: 0.75, cls: 1.00) Region 23 Avg (IOU: 0.000000, GIOU: 0.000000), Class: 0.000000, Obj: 0.000000, No Obj: 0.446334, .5R: 0.000000, .75R: 0.000000, count: 1, class_loss = 934.165771, iou_loss = 0.000000, total_loss = 934.165771 
 total_bbox = 2647, rewritten_bbox = 0.944465 % 
v3 (mse loss, Normalizer: (iou: 0.75, cls: 1.00) Region 16 Avg (IOU: 0.414001, GIOU: 0.210802), Class: 0.821564, Obj: 0.736649, No Obj: 0.523268, .5R: 0.500000, .75R: 0.000000, count: 2, class_loss = 314.651123, iou_loss = 3.483673, total_loss = 318.134796 
v3 (mse loss, Normalizer: (iou: 0.75, cls: 1.00) Region 23 Avg (IOU: 0.252106, GIOU: 0.165787), Class: 0.643441, Obj: 0.498322, No Obj: 0.445577, .5R: 0.125000, .75R: 0.000000, count: 8, class_loss = 953.833069, iou_loss = 19.485413, total_loss = 973.318481 
 total_bbox = 2657, rewritten_bbox = 0.940911 % 
v3 (mse loss, Normalizer: (iou: 0.75, cls: 1.00) Region 16 Avg (IOU: 0.524020, GIOU: 0.476496), Class: 0.542748, Obj: 0.622105, No Obj: 0.521026, .5R: 0.666667, .75R: 0.000000, count: 3, class_loss = 315.162292, iou_loss = 2.369080, total_loss = 317.531372 
v3 (mse loss, Normalizer: (iou: 0.75, cls: 1.00) Region 23 Avg (IOU: 0.322076, GIOU: 0.064927), Class: 0.797395, Obj: 0.508004, No Obj: 0.447807, .5R: 0.000000, .75R: 0.000000, count: 2, class_loss = 936.963684, iou_loss = 2.907471, total_loss = 939.871155 
 total_bbox = 2662, rewritten_bbox = 0.939143 % 
 MJPEG-stream sent. 
Loaded: 0.000051 seconds

 (next mAP calculation at 1856 iterations) 
 114: 635.036377, 467.176514 avg loss, 0.000000 rate, 0.145221 seconds, 912 images, 2.357886 hours left
v3 (mse loss, Normalizer: (iou: 0.75, cls: 1.00) Region 16 Avg (IOU: 0.351888, GIOU: 0.297903), Class: 0.365874, Obj: 0.495815, No Obj: 0.525037, .5R: 0.000000, .75R: 0.000000, count: 4, class_loss = 322.757416, iou_loss = 3.986267, total_loss = 326.743683 
v3 (mse loss, Normalizer: (iou: 0.75, cls: 1.00) Region 23 Avg (IOU: 0.359289, GIOU: 0.270984), Class: 0.520211, Obj: 0.399435, No Obj: 0.444357, .5R: 0.125000, .75R: 0.000000, count: 8, class_loss = 949.246216, iou_loss = 10.440125, total_loss = 959.686340 
 total_bbox = 2674, rewritten_bbox = 0.934929 % 
v3 (mse loss, Normalizer: (iou: 0.75, cls: 1.00) Region 16 Avg (IOU: 0.361957, GIOU: 0.341329), Class: 0.635074, Obj: 0.610064, No Obj: 0.525036, .5R: 0.500000, .75R: 0.000000, count: 4, class_loss = 321.230896, iou_loss = 5.784058, total_loss = 327.014954 
v3 (mse loss, Normalizer: (iou: 0.75, cls: 1.00) Region 23 Avg (IOU: 0.055784, GIOU: 0.055784), Class: 0.456056, Obj: 0.626878, No Obj: 0.441298, .5R: 0.000000, .75R: 0.000000, count: 1, class_loss = 918.137329, iou_loss = 6.396606, total_loss = 924.533936 
 total_bbox = 2679, rewritten_bbox = 0.933184 % 
v3 (mse loss, Normalizer: (iou: 0.75, cls: 1.00) Region 16 Avg (IOU: 0.386956, GIOU: 0.383514), Class: 0.509773, Obj: 0.676236, No Obj: 0.522077, .5R: 0.500000, .75R: 0.000000, count: 2, class_loss = 313.077576, iou_loss = 0.909302, total_loss = 313.986877 
v3 (mse loss, Normalizer: (iou: 0.75, cls: 1.00) Region 23 Avg (IOU: 0.000000, GIOU: 0.000000), Class: 0.000000, Obj: 0.000000, No Obj: 0.445080, .5R: 0.000000, .75R: 0.000000, count: 1, class_loss = 921.718811, iou_loss = 0.000000, total_loss = 921.718811 
 total_bbox = 2681, rewritten_bbox = 0.932488 % 
v3 (mse loss, Normalizer: (iou: 0.75, cls: 1.00) Region 16 Avg (IOU: 0.365077, GIOU: 0.249140), Class: 0.668397, Obj: 0.474595, No Obj: 0.524237, .5R: 0.000000, .75R: 0.000000, count: 3, class_loss = 318.203308, iou_loss = 2.454224, total_loss = 320.657532 
v3 (mse loss, Normalizer: (iou: 0.75, cls: 1.00) Region 23 Avg (IOU: 0.392306, GIOU: 0.348819), Class: 0.574534, Obj: 0.486964, No Obj: 0.444204, .5R: 0.000000, .75R: 0.000000, count: 3, class_loss = 930.602844, iou_loss = 2.893616, total_loss = 933.496460 
 total_bbox = 2687, rewritten_bbox = 0.930406 % 
 MJPEG-stream sent. 
Loaded: 0.000052 seconds

 (next mAP calculation at 1856 iterations) 
 115: 628.479858, 483.306854 avg loss, 0.000000 rate, 0.144241 seconds, 920 images, 2.366546 hours left
v3 (mse loss, Normalizer: (iou: 0.75, cls: 1.00) Region 16 Avg (IOU: 0.385949, GIOU: 0.247020), Class: 0.471440, Obj: 0.672565, No Obj: 0.523522, .5R: 0.333333, .75R: 0.000000, count: 3, class_loss = 319.442352, iou_loss = 3.344635, total_loss = 322.786987 
v3 (mse loss, Normalizer: (iou: 0.75, cls: 1.00) Region 23 Avg (IOU: 0.000000, GIOU: 0.000000), Class: 0.000000, Obj: 0.000000, No Obj: 0.441173, .5R: 0.000000, .75R: 0.000000, count: 1, class_loss = 917.946594, iou_loss = 0.000000, total_loss = 917.946594 
 total_bbox = 2690, rewritten_bbox = 0.929368 % 
v3 (mse loss, Normalizer: (iou: 0.75, cls: 1.00) Region 16 Avg (IOU: 0.067823, GIOU: 0.067823), Class: 0.560625, Obj: 0.850250, No Obj: 0.521168, .5R: 0.000000, .75R: 0.000000, count: 1, class_loss = 309.129425, iou_loss = 3.149017, total_loss = 312.278442 
v3 (mse loss, Normalizer: (iou: 0.75, cls: 1.00) Region 23 Avg (IOU: 0.255269, GIOU: -0.037332), Class: 0.497671, Obj: 0.588705, No Obj: 0.445053, .5R: 0.000000, .75R: 0.000000, count: 2, class_loss = 929.836914, iou_loss = 4.463928, total_loss = 934.300842 
 total_bbox = 2693, rewritten_bbox = 0.928333 % 
v3 (mse loss, Normalizer: (iou: 0.75, cls: 1.00) Region 16 Avg (IOU: 0.402426, GIOU: 0.402426), Class: 0.397949, Obj: 0.658646, No Obj: 0.522915, .5R: 0.000000, .75R: 0.000000, count: 1, class_loss = 310.843750, iou_loss = 0.254913, total_loss = 311.098663 
v3 (mse loss, Normalizer: (iou: 0.75, cls: 1.00) Region 23 Avg (IOU: 0.289852, GIOU: 0.058667), Class: 0.439465, Obj: 0.406441, No Obj: 0.443298, .5R: 0.000000, .75R: 0.000000, count: 7, class_loss = 940.085022, iou_loss = 11.874390, total_loss = 951.959412 
 total_bbox = 2701, rewritten_bbox = 0.925583 % 
v3 (mse loss, Normalizer: (iou: 0.75, cls: 1.00) Region 16 Avg (IOU: 0.425395, GIOU: 0.349607), Class: 0.481862, Obj: 0.401322, No Obj: 0.524648, .5R: 0.333333, .75R: 0.000000, count: 6, class_loss = 327.149475, iou_loss = 4.801880, total_loss = 331.951355 
v3 (mse loss, Normalizer: (iou: 0.75, cls: 1.00) Region 23 Avg (IOU: 0.239767, GIOU: 0.105115), Class: 0.693986, Obj: 0.418243, No Obj: 0.441395, .5R: 0.285714, .75R: 0.000000, count: 7, class_loss = 936.099243, iou_loss = 23.382202, total_loss = 959.481445 
 total_bbox = 2714, rewritten_bbox = 0.921150 % 
 MJPEG-stream sent. 
Loaded: 0.000051 seconds

 (next mAP calculation at 1856 iterations) 
 116: 630.225464, 497.998718 avg loss, 0.000000 rate, 0.145345 seconds, 928 images, 2.374902 hours left
v3 (mse loss, Normalizer: (iou: 0.75, cls: 1.00) Region 16 Avg (IOU: 0.479026, GIOU: 0.467667), Class: 0.534399, Obj: 0.541054, No Obj: 0.523282, .5R: 0.500000, .75R: 0.000000, count: 4, class_loss = 319.010864, iou_loss = 3.436646, total_loss = 322.447510 
v3 (mse loss, Normalizer: (iou: 0.75, cls: 1.00) Region 23 Avg (IOU: 0.000000, GIOU: 0.000000), Class: 0.000000, Obj: 0.000000, No Obj: 0.444255, .5R: 0.000000, .75R: 0.000000, count: 1, class_loss = 925.355957, iou_loss = 0.000000, total_loss = 925.355957 
 total_bbox = 2718, rewritten_bbox = 0.919794 % 
v3 (mse loss, Normalizer: (iou: 0.75, cls: 1.00) Region 16 Avg (IOU: 0.418517, GIOU: 0.270131), Class: 0.286472, Obj: 0.666460, No Obj: 0.522039, .5R: 0.500000, .75R: 0.000000, count: 2, class_loss = 312.962036, iou_loss = 1.166962, total_loss = 314.128998 
v3 (mse loss, Normalizer: (iou: 0.75, cls: 1.00) Region 23 Avg (IOU: 0.000000, GIOU: 0.000000), Class: 0.000000, Obj: 0.000000, No Obj: 0.445294, .5R: 0.000000, .75R: 0.000000, count: 1, class_loss = 928.195862, iou_loss = 0.000000, total_loss = 928.195862 
 total_bbox = 2720, rewritten_bbox = 0.919118 % 
v3 (mse loss, Normalizer: (iou: 0.75, cls: 1.00) Region 16 Avg (IOU: 0.350341, GIOU: 0.335304), Class: 0.501655, Obj: 0.704846, No Obj: 0.524505, .5R: 0.000000, .75R: 0.000000, count: 4, class_loss = 322.238098, iou_loss = 5.748779, total_loss = 327.986877 
v3 (mse loss, Normalizer: (iou: 0.75, cls: 1.00) Region 23 Avg (IOU: 0.229274, GIOU: 0.229274), Class: 0.482697, Obj: 0.478019, No Obj: 0.439306, .5R: 0.000000, .75R: 0.000000, count: 3, class_loss = 920.433716, iou_loss = 5.093872, total_loss = 925.527588 
 total_bbox = 2727, rewritten_bbox = 0.916758 % 
v3 (mse loss, Normalizer: (iou: 0.75, cls: 1.00) Region 16 Avg (IOU: 0.608131, GIOU: 0.524022), Class: 0.622912, Obj: 0.386175, No Obj: 0.524730, .5R: 0.500000, .75R: 0.500000, count: 2, class_loss = 316.950073, iou_loss = 0.602692, total_loss = 317.552765 
v3 (mse loss, Normalizer: (iou: 0.75, cls: 1.00) Region 23 Avg (IOU: 0.000000, GIOU: 0.000000), Class: 0.000000, Obj: 0.000000, No Obj: 0.441822, .5R: 0.000000, .75R: 0.000000, count: 1, class_loss = 913.090088, iou_loss = 0.000000, total_loss = 913.090088 
 total_bbox = 2729, rewritten_bbox = 0.916086 % 
 MJPEG-stream sent. 
Loaded: 0.000048 seconds

 (next mAP calculation at 1856 iterations) 
 117: 621.785706, 510.377411 avg loss, 0.000000 rate, 0.143090 seconds, 936 images, 2.383419 hours left
v3 (mse loss, Normalizer: (iou: 0.75, cls: 1.00) Region 16 Avg (IOU: 0.310639, GIOU: 0.284240), Class: 0.570097, Obj: 0.700692, No Obj: 0.522283, .5R: 0.333333, .75R: 0.000000, count: 3, class_loss = 314.281433, iou_loss = 3.788788, total_loss = 318.070221 
v3 (mse loss, Normalizer: (iou: 0.75, cls: 1.00) Region 23 Avg (IOU: 0.000000, GIOU: 0.000000), Class: 0.000000, Obj: 0.000000, No Obj: 0.441403, .5R: 0.000000, .75R: 0.000000, count: 1, class_loss = 914.686218, iou_loss = 0.000000, total_loss = 914.686218 
 total_bbox = 2732, rewritten_bbox = 0.915081 % 
v3 (mse loss, Normalizer: (iou: 0.75, cls: 1.00) Region 16 Avg (IOU: 0.328535, GIOU: 0.190187), Class: 0.529777, Obj: 0.546696, No Obj: 0.523648, .5R: 0.000000, .75R: 0.000000, count: 2, class_loss = 314.700134, iou_loss = 1.326538, total_loss = 316.026672 
v3 (mse loss, Normalizer: (iou: 0.75, cls: 1.00) Region 23 Avg (IOU: 0.314441, GIOU: 0.279993), Class: 0.519113, Obj: 0.449591, No Obj: 0.439323, .5R: 0.000000, .75R: 0.000000, count: 4, class_loss = 917.688538, iou_loss = 6.345337, total_loss = 924.033875 
 total_bbox = 2738, rewritten_bbox = 0.913075 % 
v3 (mse loss, Normalizer: (iou: 0.75, cls: 1.00) Region 16 Avg (IOU: 0.340545, GIOU: 0.208484), Class: 0.465705, Obj: 0.635458, No Obj: 0.522182, .5R: 0.000000, .75R: 0.000000, count: 3, class_loss = 315.303802, iou_loss = 2.653992, total_loss = 317.957794 
v3 (mse loss, Normalizer: (iou: 0.75, cls: 1.00) Region 23 Avg (IOU: 0.316829, GIOU: 0.248785), Class: 0.489979, Obj: 0.438918, No Obj: 0.442237, .5R: 0.000000, .75R: 0.000000, count: 3, class_loss = 926.453674, iou_loss = 3.098328, total_loss = 929.552002 
 total_bbox = 2744, rewritten_bbox = 0.911079 % 
v3 (mse loss, Normalizer: (iou: 0.75, cls: 1.00) Region 16 Avg (IOU: 0.316161, GIOU: 0.316161), Class: 0.712493, Obj: 0.674078, No Obj: 0.519519, .5R: 0.500000, .75R: 0.000000, count: 2, class_loss = 308.901672, iou_loss = 2.997528, total_loss = 311.899200 
v3 (mse loss, Normalizer: (iou: 0.75, cls: 1.00) Region 23 Avg (IOU: 0.521105, GIOU: 0.444062), Class: 0.461490, Obj: 0.389968, No Obj: 0.444782, .5R: 1.000000, .75R: 0.000000, count: 1, class_loss = 925.568665, iou_loss = 0.589478, total_loss = 926.158142 
 total_bbox = 2747, rewritten_bbox = 0.910084 % 
 MJPEG-stream sent. 
Loaded: 0.000059 seconds

 (next mAP calculation at 1856 iterations) 
 118: 619.797974, 521.319458 avg loss, 0.000000 rate, 0.142991 seconds, 944 images, 2.391349 hours left
v3 (mse loss, Normalizer: (iou: 0.75, cls: 1.00) Region 16 Avg (IOU: 0.377305, GIOU: 0.332836), Class: 0.529033, Obj: 0.494283, No Obj: 0.522731, .5R: 0.500000, .75R: 0.000000, count: 6, class_loss = 324.300110, iou_loss = 8.647919, total_loss = 332.948029 
v3 (mse loss, Normalizer: (iou: 0.75, cls: 1.00) Region 23 Avg (IOU: 0.155165, GIOU: -0.378648), Class: 0.683835, Obj: 0.081268, No Obj: 0.440705, .5R: 0.000000, .75R: 0.000000, count: 1, class_loss = 911.168152, iou_loss = 4.042236, total_loss = 915.210388 
 total_bbox = 2754, rewritten_bbox = 0.907771 % 
v3 (mse loss, Normalizer: (iou: 0.75, cls: 1.00) Region 16 Avg (IOU: 0.441677, GIOU: 0.441677), Class: 0.700300, Obj: 0.465154, No Obj: 0.523045, .5R: 0.000000, .75R: 0.000000, count: 1, class_loss = 312.167114, iou_loss = 0.330322, total_loss = 312.497437 
v3 (mse loss, Normalizer: (iou: 0.75, cls: 1.00) Region 23 Avg (IOU: 0.370264, GIOU: 0.312908), Class: 0.614630, Obj: 0.543613, No Obj: 0.438508, .5R: 0.333333, .75R: 0.000000, count: 9, class_loss = 929.645630, iou_loss = 12.528198, total_loss = 942.173828 
 total_bbox = 2764, rewritten_bbox = 0.904486 % 
v3 (mse loss, Normalizer: (iou: 0.75, cls: 1.00) Region 16 Avg (IOU: 0.411842, GIOU: 0.379381), Class: 0.209908, Obj: 0.583234, No Obj: 0.523416, .5R: 0.500000, .75R: 0.000000, count: 2, class_loss = 314.581238, iou_loss = 1.426300, total_loss = 316.007538 
v3 (mse loss, Normalizer: (iou: 0.75, cls: 1.00) Region 23 Avg (IOU: 0.219714, GIOU: 0.138084), Class: 0.450434, Obj: 0.257844, No Obj: 0.438269, .5R: 0.000000, .75R: 0.000000, count: 2, class_loss = 911.960754, iou_loss = 6.226929, total_loss = 918.187683 
 total_bbox = 2768, rewritten_bbox = 0.903179 % 
v3 (mse loss, Normalizer: (iou: 0.75, cls: 1.00) Region 16 Avg (IOU: 0.302313, GIOU: 0.244317), Class: 0.515327, Obj: 0.766157, No Obj: 0.524293, .5R: 0.000000, .75R: 0.000000, count: 2, class_loss = 315.798157, iou_loss = 1.858032, total_loss = 317.656189 
v3 (mse loss, Normalizer: (iou: 0.75, cls: 1.00) Region 23 Avg (IOU: 0.268238, GIOU: -0.079042), Class: 0.493257, Obj: 0.488723, No Obj: 0.442092, .5R: 0.000000, .75R: 0.000000, count: 3, class_loss = 925.806152, iou_loss = 12.554260, total_loss = 938.360413 
 total_bbox = 2773, rewritten_bbox = 0.901551 % 
 MJPEG-stream sent. 
Loaded: 0.000050 seconds

 (next mAP calculation at 1856 iterations) 
 119: 624.130188, 531.600525 avg loss, 0.000000 rate, 0.145274 seconds, 952 images, 2.399180 hours left
v3 (mse loss, Normalizer: (iou: 0.75, cls: 1.00) Region 16 Avg (IOU: 0.311564, GIOU: 0.214232), Class: 0.498581, Obj: 0.572925, No Obj: 0.522417, .5R: 0.000000, .75R: 0.000000, count: 3, class_loss = 315.639771, iou_loss = 2.933838, total_loss = 318.573608 
v3 (mse loss, Normalizer: (iou: 0.75, cls: 1.00) Region 23 Avg (IOU: 0.000000, GIOU: 0.000000), Class: 0.000000, Obj: 0.000000, No Obj: 0.436582, .5R: 0.000000, .75R: 0.000000, count: 1, class_loss = 896.112671, iou_loss = 0.000000, total_loss = 896.112671 
 total_bbox = 2776, rewritten_bbox = 0.900576 % 
v3 (mse loss, Normalizer: (iou: 0.75, cls: 1.00) Region 16 Avg (IOU: 0.574631, GIOU: 0.566472), Class: 0.496108, Obj: 0.467920, No Obj: 0.520717, .5R: 0.666667, .75R: 0.333333, count: 3, class_loss = 313.704987, iou_loss = 1.656921, total_loss = 315.361908 
v3 (mse loss, Normalizer: (iou: 0.75, cls: 1.00) Region 23 Avg (IOU: 0.276659, GIOU: 0.276501), Class: 0.698272, Obj: 0.313470, No Obj: 0.443623, .5R: 0.000000, .75R: 0.000000, count: 2, class_loss = 924.675842, iou_loss = 2.805359, total_loss = 927.481201 
 total_bbox = 2781, rewritten_bbox = 0.898957 % 
v3 (mse loss, Normalizer: (iou: 0.75, cls: 1.00) Region 16 Avg (IOU: 0.306748, GIOU: 0.128858), Class: 0.457066, Obj: 0.480255, No Obj: 0.522413, .5R: 0.000000, .75R: 0.000000, count: 3, class_loss = 316.406067, iou_loss = 4.963898, total_loss = 321.369965 
v3 (mse loss, Normalizer: (iou: 0.75, cls: 1.00) Region 23 Avg (IOU: 0.267377, GIOU: 0.192217), Class: 0.549805, Obj: 0.379815, No Obj: 0.439853, .5R: 0.076923, .75R: 0.000000, count: 13, class_loss = 945.930725, iou_loss = 21.348511, total_loss = 967.279236 
 total_bbox = 2797, rewritten_bbox = 0.893815 % 
v3 (mse loss, Normalizer: (iou: 0.75, cls: 1.00) Region 16 Avg (IOU: 0.458051, GIOU: 0.425557), Class: 0.441738, Obj: 0.402909, No Obj: 0.521903, .5R: 0.333333, .75R: 0.000000, count: 3, class_loss = 318.511505, iou_loss = 1.457489, total_loss = 319.968994 
v3 (mse loss, Normalizer: (iou: 0.75, cls: 1.00) Region 23 Avg (IOU: 0.371885, GIOU: 0.371886), Class: 0.677924, Obj: 0.209797, No Obj: 0.438926, .5R: 0.000000, .75R: 0.000000, count: 1, class_loss = 907.251892, iou_loss = 0.644714, total_loss = 907.896606 
 total_bbox = 2801, rewritten_bbox = 0.892538 % 
 MJPEG-stream sent. 
Loaded: 0.000051 seconds

 (next mAP calculation at 1856 iterations) 
 120: 621.755493, 540.616028 avg loss, 0.000000 rate, 0.145376 seconds, 960 images, 2.407437 hours left
v3 (mse loss, Normalizer: (iou: 0.75, cls: 1.00) Region 16 Avg (IOU: 0.344425, GIOU: 0.260626), Class: 0.442506, Obj: 0.540908, No Obj: 0.520515, .5R: 0.000000, .75R: 0.000000, count: 2, class_loss = 196.364899, iou_loss = 1.549728, total_loss = 197.914627 
v3 (mse loss, Normalizer: (iou: 0.75, cls: 1.00) Region 23 Avg (IOU: 0.356550, GIOU: 0.175553), Class: 0.467012, Obj: 0.522565, No Obj: 0.438288, .5R: 0.000000, .75R: 0.000000, count: 3, class_loss = 571.148438, iou_loss = 3.378357, total_loss = 574.526794 
 total_bbox = 2806, rewritten_bbox = 0.890948 % 
v3 (mse loss, Normalizer: (iou: 0.75, cls: 1.00) Region 16 Avg (IOU: 0.359041, GIOU: 0.359041), Class: 0.578833, Obj: 0.537436, No Obj: 0.520879, .5R: 0.000000, .75R: 0.000000, count: 1, class_loss = 194.191696, iou_loss = 0.563232, total_loss = 194.754929 
v3 (mse loss, Normalizer: (iou: 0.75, cls: 1.00) Region 23 Avg (IOU: 0.277805, GIOU: -0.042358), Class: 0.589039, Obj: 0.370881, No Obj: 0.437147, .5R: 0.250000, .75R: 0.000000, count: 4, class_loss = 571.143127, iou_loss = 9.418274, total_loss = 580.561401 
 total_bbox = 2811, rewritten_bbox = 0.889363 % 
v3 (mse loss, Normalizer: (iou: 0.75, cls: 1.00) Region 16 Avg (IOU: 0.282616, GIOU: 0.168696), Class: 0.552880, Obj: 0.713050, No Obj: 0.521624, .5R: 0.000000, .75R: 0.000000, count: 2, class_loss = 197.970230, iou_loss = 1.594101, total_loss = 199.564331 
v3 (mse loss, Normalizer: (iou: 0.75, cls: 1.00) Region 23 Avg (IOU: 0.357480, GIOU: 0.170928), Class: 0.597078, Obj: 0.714780, No Obj: 0.436525, .5R: 0.000000, .75R: 0.000000, count: 1, class_loss = 561.993835, iou_loss = 1.071472, total_loss = 563.065308 
 total_bbox = 2814, rewritten_bbox = 0.888415 % 
v3 (mse loss, Normalizer: (iou: 0.75, cls: 1.00) Region 16 Avg (IOU: 0.252745, GIOU: -0.045548), Class: 0.303008, Obj: 0.541410, No Obj: 0.520633, .5R: 0.000000, .75R: 0.000000, count: 1, class_loss = 193.586945, iou_loss = 1.737106, total_loss = 195.324051 
v3 (mse loss, Normalizer: (iou: 0.75, cls: 1.00) Region 23 Avg (IOU: 0.388370, GIOU: 0.368779), Class: 0.575617, Obj: 0.294721, No Obj: 0.438651, .5R: 0.333333, .75R: 0.000000, count: 3, class_loss = 572.798462, iou_loss = 3.351440, total_loss = 576.149902 
 total_bbox = 2818, rewritten_bbox = 0.887154 % 
 MJPEG-stream sent. 
Resizing, random_coef = 1.40 

 480 x 480 
 try to allocate additional workspace_size = 52.43 MB 
 CUDA allocate done! 
Loaded: 0.000041 seconds

 (next mAP calculation at 1856 iterations) 
 121: 385.232666, 525.077698 avg loss, 0.000000 rate, 0.079123 seconds, 968 images, 2.415634 hours left
v3 (mse loss, Normalizer: (iou: 0.75, cls: 1.00) Region 16 Avg (IOU: 0.141445, GIOU: 0.141445), Class: 0.397397, Obj: 0.535962, No Obj: 0.520487, .5R: 0.000000, .75R: 0.000000, count: 1, class_loss = 193.677109, iou_loss = 1.783401, total_loss = 195.460510 
v3 (mse loss, Normalizer: (iou: 0.75, cls: 1.00) Region 23 Avg (IOU: 0.243755, GIOU: -0.099175), Class: 0.507555, Obj: 0.272128, No Obj: 0.438489, .5R: 0.000000, .75R: 0.000000, count: 3, class_loss = 572.918274, iou_loss = 8.664246, total_loss = 581.582520 
 total_bbox = 2822, rewritten_bbox = 0.885897 % 
v3 (mse loss, Normalizer: (iou: 0.75, cls: 1.00) Region 16 Avg (IOU: 0.448939, GIOU: 0.424417), Class: 0.466700, Obj: 0.786462, No Obj: 0.522540, .5R: 0.500000, .75R: 0.000000, count: 2, class_loss = 197.193069, iou_loss = 0.551331, total_loss = 197.744400 
v3 (mse loss, Normalizer: (iou: 0.75, cls: 1.00) Region 23 Avg (IOU: 0.000000, GIOU: 0.000000), Class: 0.000000, Obj: 0.000000, No Obj: 0.436706, .5R: 0.000000, .75R: 0.000000, count: 1, class_loss = 561.248596, iou_loss = 0.000000, total_loss = 561.248596 
 total_bbox = 2824, rewritten_bbox = 0.885269 % 
v3 (mse loss, Normalizer: (iou: 0.75, cls: 1.00) Region 16 Avg (IOU: 0.033010, GIOU: 0.033010), Class: 0.401021, Obj: 0.679546, No Obj: 0.517340, .5R: 0.000000, .75R: 0.000000, count: 1, class_loss = 191.104477, iou_loss = 3.647552, total_loss = 194.752029 
v3 (mse loss, Normalizer: (iou: 0.75, cls: 1.00) Region 23 Avg (IOU: 0.499924, GIOU: 0.465234), Class: 0.539887, Obj: 0.322020, No Obj: 0.443147, .5R: 0.000000, .75R: 0.000000, count: 1, class_loss = 572.820923, iou_loss = 0.595032, total_loss = 573.415955 
 total_bbox = 2826, rewritten_bbox = 0.884643 % 
v3 (mse loss, Normalizer: (iou: 0.75, cls: 1.00) Region 16 Avg (IOU: 0.122661, GIOU: 0.122661), Class: 0.614812, Obj: 0.538332, No Obj: 0.521572, .5R: 0.000000, .75R: 0.000000, count: 1, class_loss = 194.017029, iou_loss = 1.089188, total_loss = 195.106216 
v3 (mse loss, Normalizer: (iou: 0.75, cls: 1.00) Region 23 Avg (IOU: 0.405585, GIOU: 0.268596), Class: 0.575669, Obj: 0.524598, No Obj: 0.438243, .5R: 0.000000, .75R: 0.000000, count: 2, class_loss = 567.812500, iou_loss = 1.790222, total_loss = 569.602722 
 total_bbox = 2829, rewritten_bbox = 0.883704 % 
 MJPEG-stream sent. 
Loaded: 0.000050 seconds

 (next mAP calculation at 1856 iterations) 
 122: 383.614136, 510.931335 avg loss, 0.000000 rate, 0.087987 seconds, 976 images, 2.409046 hours left
v3 (mse loss, Normalizer: (iou: 0.75, cls: 1.00) Region 16 Avg (IOU: 0.573524, GIOU: 0.551975), Class: 0.525263, Obj: 0.532481, No Obj: 0.519397, .5R: 1.000000, .75R: 0.000000, count: 2, class_loss = 195.276749, iou_loss = 0.862518, total_loss = 196.139267 
v3 (mse loss, Normalizer: (iou: 0.75, cls: 1.00) Region 23 Avg (IOU: 0.262858, GIOU: 0.157965), Class: 0.477306, Obj: 0.477230, No Obj: 0.438752, .5R: 0.111111, .75R: 0.000000, count: 9, class_loss = 592.226074, iou_loss = 12.972534, total_loss = 605.198608 
 total_bbox = 2840, rewritten_bbox = 0.880282 % 
v3 (mse loss, Normalizer: (iou: 0.75, cls: 1.00) Region 16 Avg (IOU: 0.580233, GIOU: 0.510142), Class: 0.508449, Obj: 0.592032, No Obj: 0.521257, .5R: 1.000000, .75R: 0.000000, count: 1, class_loss = 194.480377, iou_loss = 0.359146, total_loss = 194.839523 
v3 (mse loss, Normalizer: (iou: 0.75, cls: 1.00) Region 23 Avg (IOU: 0.371135, GIOU: 0.258265), Class: 0.522879, Obj: 0.460879, No Obj: 0.436478, .5R: 0.250000, .75R: 0.000000, count: 4, class_loss = 568.720825, iou_loss = 5.677856, total_loss = 574.398682 
 total_bbox = 2845, rewritten_bbox = 0.878735 % 
v3 (mse loss, Normalizer: (iou: 0.75, cls: 1.00) Region 16 Avg (IOU: 0.195080, GIOU: 0.195080), Class: 0.640723, Obj: 0.442972, No Obj: 0.519022, .5R: 0.000000, .75R: 0.000000, count: 1, class_loss = 191.986969, iou_loss = 1.318573, total_loss = 193.305542 
v3 (mse loss, Normalizer: (iou: 0.75, cls: 1.00) Region 23 Avg (IOU: 0.351925, GIOU: 0.351925), Class: 0.516256, Obj: 0.402679, No Obj: 0.438436, .5R: 0.000000, .75R: 0.000000, count: 1, class_loss = 562.869202, iou_loss = 0.850525, total_loss = 563.719727 
 total_bbox = 2847, rewritten_bbox = 0.878117 % 
v3 (mse loss, Normalizer: (iou: 0.75, cls: 1.00) Region 16 Avg (IOU: 0.215078, GIOU: 0.107982), Class: 0.563674, Obj: 0.710789, No Obj: 0.519310, .5R: 0.000000, .75R: 0.000000, count: 2, class_loss = 195.040436, iou_loss = 2.722351, total_loss = 197.762787 
v3 (mse loss, Normalizer: (iou: 0.75, cls: 1.00) Region 23 Avg (IOU: 0.000000, GIOU: 0.000000), Class: 0.000000, Obj: 0.000000, No Obj: 0.441071, .5R: 0.000000, .75R: 0.000000, count: 1, class_loss = 566.238464, iou_loss = 0.000000, total_loss = 566.238464 
 total_bbox = 2849, rewritten_bbox = 0.877501 % 
 MJPEG-stream sent. 
Loaded: 0.000051 seconds

 (next mAP calculation at 1856 iterations) 
 123: 386.450348, 498.483246 avg loss, 0.000000 rate, 0.089199 seconds, 984 images, 2.404492 hours left
v3 (mse loss, Normalizer: (iou: 0.75, cls: 1.00) Region 16 Avg (IOU: 0.166532, GIOU: 0.153737), Class: 0.536298, Obj: 0.433460, No Obj: 0.519184, .5R: 0.000000, .75R: 0.000000, count: 2, class_loss = 195.724838, iou_loss = 4.733917, total_loss = 200.458755 
v3 (mse loss, Normalizer: (iou: 0.75, cls: 1.00) Region 23 Avg (IOU: 0.204539, GIOU: -0.230931), Class: 0.539976, Obj: 0.387618, No Obj: 0.441614, .5R: 0.000000, .75R: 0.000000, count: 1, class_loss = 572.612305, iou_loss = 2.808411, total_loss = 575.420715 
 total_bbox = 2852, rewritten_bbox = 0.876578 % 
v3 (mse loss, Normalizer: (iou: 0.75, cls: 1.00) Region 16 Avg (IOU: 0.392286, GIOU: 0.392286), Class: 0.589277, Obj: 0.513714, No Obj: 0.521036, .5R: 0.500000, .75R: 0.000000, count: 2, class_loss = 195.856232, iou_loss = 1.620300, total_loss = 197.476532 
v3 (mse loss, Normalizer: (iou: 0.75, cls: 1.00) Region 23 Avg (IOU: 0.000000, GIOU: 0.000000), Class: 0.000000, Obj: 0.000000, No Obj: 0.435789, .5R: 0.000000, .75R: 0.000000, count: 1, class_loss = 557.164307, iou_loss = 0.000000, total_loss = 557.164307 
 total_bbox = 2854, rewritten_bbox = 0.875964 % 
v3 (mse loss, Normalizer: (iou: 0.75, cls: 1.00) Region 16 Avg (IOU: 0.447475, GIOU: 0.321969), Class: 0.420796, Obj: 0.657552, No Obj: 0.520730, .5R: 0.400000, .75R: 0.200000, count: 5, class_loss = 205.758789, iou_loss = 3.987808, total_loss = 209.746597 
v3 (mse loss, Normalizer: (iou: 0.75, cls: 1.00) Region 23 Avg (IOU: 0.000000, GIOU: 0.000000), Class: 0.000000, Obj: 0.000000, No Obj: 0.436424, .5R: 0.000000, .75R: 0.000000, count: 1, class_loss = 559.043396, iou_loss = 0.000000, total_loss = 559.043396 
 total_bbox = 2859, rewritten_bbox = 0.874432 % 
v3 (mse loss, Normalizer: (iou: 0.75, cls: 1.00) Region 16 Avg (IOU: 0.591805, GIOU: 0.590001), Class: 0.495091, Obj: 0.530814, No Obj: 0.520951, .5R: 0.500000, .75R: 0.500000, count: 2, class_loss = 196.503235, iou_loss = 1.210281, total_loss = 197.713516 
v3 (mse loss, Normalizer: (iou: 0.75, cls: 1.00) Region 23 Avg (IOU: 0.308278, GIOU: 0.173571), Class: 0.426584, Obj: 0.488959, No Obj: 0.433829, .5R: 0.156250, .75R: 0.000000, count: 32, class_loss = 639.289551, iou_loss = 56.889099, total_loss = 696.178650 
 total_bbox = 2893, rewritten_bbox = 0.864155 % 
 MJPEG-stream sent. 
Loaded: 0.000053 seconds

 (next mAP calculation at 1856 iterations) 
 124: 399.150299, 488.549957 avg loss, 0.000000 rate, 0.092057 seconds, 992 images, 2.400252 hours left
v3 (mse loss, Normalizer: (iou: 0.75, cls: 1.00) Region 16 Avg (IOU: 0.000000, GIOU: 0.000000), Class: 0.000000, Obj: 0.000000, No Obj: 0.519317, .5R: 0.000000, .75R: 0.000000, count: 1, class_loss = 191.401154, iou_loss = 0.000000, total_loss = 191.401154 
v3 (mse loss, Normalizer: (iou: 0.75, cls: 1.00) Region 23 Avg (IOU: 0.268838, GIOU: 0.051712), Class: 0.611282, Obj: 0.418180, No Obj: 0.433796, .5R: 0.000000, .75R: 0.000000, count: 11, class_loss = 581.571594, iou_loss = 24.125610, total_loss = 605.697205 
 total_bbox = 2904, rewritten_bbox = 0.860882 % 
v3 (mse loss, Normalizer: (iou: 0.75, cls: 1.00) Region 16 Avg (IOU: 0.400822, GIOU: 0.253452), Class: 0.385078, Obj: 0.592660, No Obj: 0.517402, .5R: 0.333333, .75R: 0.000000, count: 3, class_loss = 196.715256, iou_loss = 1.909439, total_loss = 198.624695 
v3 (mse loss, Normalizer: (iou: 0.75, cls: 1.00) Region 23 Avg (IOU: 0.261932, GIOU: 0.093271), Class: 0.778903, Obj: 0.734858, No Obj: 0.439365, .5R: 0.000000, .75R: 0.000000, count: 2, class_loss = 566.670898, iou_loss = 2.542908, total_loss = 569.213806 
 total_bbox = 2909, rewritten_bbox = 0.859402 % 
v3 (mse loss, Normalizer: (iou: 0.75, cls: 1.00) Region 16 Avg (IOU: 0.363493, GIOU: 0.355888), Class: 0.489471, Obj: 0.559208, No Obj: 0.520534, .5R: 0.000000, .75R: 0.000000, count: 3, class_loss = 196.185440, iou_loss = 1.021835, total_loss = 197.207275 
v3 (mse loss, Normalizer: (iou: 0.75, cls: 1.00) Region 23 Avg (IOU: 0.574612, GIOU: 0.526694), Class: 0.875705, Obj: 0.536796, No Obj: 0.435796, .5R: 1.000000, .75R: 0.000000, count: 1, class_loss = 557.566895, iou_loss = 0.665039, total_loss = 558.231934 
 total_bbox = 2913, rewritten_bbox = 0.892551 % 
v3 (mse loss, Normalizer: (iou: 0.75, cls: 1.00) Region 16 Avg (IOU: 0.681682, GIOU: 0.681682), Class: 0.489889, Obj: 0.630363, No Obj: 0.519775, .5R: 1.000000, .75R: 0.000000, count: 1, class_loss = 191.635437, iou_loss = 0.227280, total_loss = 191.862717 
v3 (mse loss, Normalizer: (iou: 0.75, cls: 1.00) Region 23 Avg (IOU: 0.208946, GIOU: 0.208946), Class: 0.781617, Obj: 0.410176, No Obj: 0.438715, .5R: 0.000000, .75R: 0.000000, count: 3, class_loss = 569.083435, iou_loss = 5.877014, total_loss = 574.960449 
 total_bbox = 2917, rewritten_bbox = 0.891327 % 
 MJPEG-stream sent. 
Loaded: 0.000050 seconds

 (next mAP calculation at 1856 iterations) 
 125: 385.899902, 478.284943 avg loss, 0.000000 rate, 0.089824 seconds, 1000 images, 2.396690 hours left
v3 (mse loss, Normalizer: (iou: 0.75, cls: 1.00) Region 16 Avg (IOU: 0.462114, GIOU: 0.365134), Class: 0.590513, Obj: 0.362904, No Obj: 0.519897, .5R: 0.000000, .75R: 0.000000, count: 1, class_loss = 194.605957, iou_loss = 0.594543, total_loss = 195.200500 
v3 (mse loss, Normalizer: (iou: 0.75, cls: 1.00) Region 23 Avg (IOU: 0.313020, GIOU: 0.270888), Class: 0.492762, Obj: 0.478054, No Obj: 0.431250, .5R: 0.000000, .75R: 0.000000, count: 4, class_loss = 555.863770, iou_loss = 4.620544, total_loss = 560.484314 
 total_bbox = 2922, rewritten_bbox = 0.889802 % 
v3 (mse loss, Normalizer: (iou: 0.75, cls: 1.00) Region 16 Avg (IOU: 0.451104, GIOU: 0.428232), Class: 0.462493, Obj: 0.712220, No Obj: 0.518769, .5R: 0.500000, .75R: 0.000000, count: 2, class_loss = 195.408920, iou_loss = 0.884506, total_loss = 196.293427 
v3 (mse loss, Normalizer: (iou: 0.75, cls: 1.00) Region 23 Avg (IOU: 0.000000, GIOU: 0.000000), Class: 0.000000, Obj: 0.000000, No Obj: 0.432758, .5R: 0.000000, .75R: 0.000000, count: 1, class_loss = 549.551331, iou_loss = 0.000000, total_loss = 549.551331 
 total_bbox = 2924, rewritten_bbox = 0.889193 % 
v3 (mse loss, Normalizer: (iou: 0.75, cls: 1.00) Region 16 Avg (IOU: 0.000000, GIOU: 0.000000), Class: 0.000000, Obj: 0.000000, No Obj: 0.519945, .5R: 0.000000, .75R: 0.000000, count: 1, class_loss = 189.720703, iou_loss = 0.000000, total_loss = 189.720703 
v3 (mse loss, Normalizer: (iou: 0.75, cls: 1.00) Region 23 Avg (IOU: 0.251639, GIOU: -0.025965), Class: 0.598297, Obj: 0.255121, No Obj: 0.434611, .5R: 0.000000, .75R: 0.000000, count: 2, class_loss = 557.745544, iou_loss = 5.936279, total_loss = 563.681824 
 total_bbox = 2926, rewritten_bbox = 0.888585 % 
v3 (mse loss, Normalizer: (iou: 0.75, cls: 1.00) Region 16 Avg (IOU: 0.573615, GIOU: 0.533625), Class: 0.524008, Obj: 0.448020, No Obj: 0.519048, .5R: 0.750000, .75R: 0.000000, count: 4, class_loss = 200.848785, iou_loss = 1.472870, total_loss = 202.321655 
v3 (mse loss, Normalizer: (iou: 0.75, cls: 1.00) Region 23 Avg (IOU: 0.393773, GIOU: 0.267784), Class: 0.483508, Obj: 0.451506, No Obj: 0.432966, .5R: 0.000000, .75R: 0.000000, count: 3, class_loss = 555.022095, iou_loss = 2.622498, total_loss = 557.644592 
 total_bbox = 2933, rewritten_bbox = 0.886464 % 
 MJPEG-stream sent. 
Loaded: 0.000049 seconds

 (next mAP calculation at 1856 iterations) 
 126: 376.862305, 468.142670 avg loss, 0.000000 rate, 0.088706 seconds, 1008 images, 2.392666 hours left
v3 (mse loss, Normalizer: (iou: 0.75, cls: 1.00) Region 16 Avg (IOU: 0.264042, GIOU: 0.145797), Class: 0.531938, Obj: 0.405549, No Obj: 0.518538, .5R: 0.000000, .75R: 0.000000, count: 2, class_loss = 194.364456, iou_loss = 2.975754, total_loss = 197.340210 
v3 (mse loss, Normalizer: (iou: 0.75, cls: 1.00) Region 23 Avg (IOU: 0.391451, GIOU: 0.299434), Class: 0.510679, Obj: 0.449577, No Obj: 0.434112, .5R: 0.250000, .75R: 0.000000, count: 4, class_loss = 563.034546, iou_loss = 4.802368, total_loss = 567.836914 
 total_bbox = 2939, rewritten_bbox = 0.884655 % 
v3 (mse loss, Normalizer: (iou: 0.75, cls: 1.00) Region 16 Avg (IOU: 0.259420, GIOU: 0.151069), Class: 0.631519, Obj: 0.672164, No Obj: 0.518733, .5R: 0.000000, .75R: 0.000000, count: 1, class_loss = 192.005096, iou_loss = 1.274597, total_loss = 193.279694 
v3 (mse loss, Normalizer: (iou: 0.75, cls: 1.00) Region 23 Avg (IOU: 0.488809, GIOU: 0.412144), Class: 0.338665, Obj: 0.290016, No Obj: 0.433976, .5R: 0.666667, .75R: 0.333333, count: 3, class_loss = 559.522583, iou_loss = 4.076233, total_loss = 563.598816 
 total_bbox = 2943, rewritten_bbox = 0.883452 % 
v3 (mse loss, Normalizer: (iou: 0.75, cls: 1.00) Region 16 Avg (IOU: 0.462038, GIOU: 0.455985), Class: 0.747206, Obj: 0.594021, No Obj: 0.519520, .5R: 0.000000, .75R: 0.000000, count: 1, class_loss = 191.892761, iou_loss = 0.290695, total_loss = 192.183456 
v3 (mse loss, Normalizer: (iou: 0.75, cls: 1.00) Region 23 Avg (IOU: 0.186979, GIOU: -0.262890), Class: 0.753911, Obj: 0.320004, No Obj: 0.434211, .5R: 0.000000, .75R: 0.000000, count: 3, class_loss = 557.526794, iou_loss = 10.840393, total_loss = 568.367188 
 total_bbox = 2947, rewritten_bbox = 0.882253 % 
v3 (mse loss, Normalizer: (iou: 0.75, cls: 1.00) Region 16 Avg (IOU: 0.440011, GIOU: 0.418655), Class: 0.620213, Obj: 0.609662, No Obj: 0.519401, .5R: 0.000000, .75R: 0.000000, count: 1, class_loss = 192.358475, iou_loss = 0.538910, total_loss = 192.897385 
v3 (mse loss, Normalizer: (iou: 0.75, cls: 1.00) Region 23 Avg (IOU: 0.353319, GIOU: 0.353319), Class: 0.824353, Obj: 0.891628, No Obj: 0.433599, .5R: 0.000000, .75R: 0.000000, count: 1, class_loss = 551.732178, iou_loss = 1.100952, total_loss = 552.833130 
 total_bbox = 2949, rewritten_bbox = 0.881655 % 
 MJPEG-stream sent. 
Loaded: 0.000052 seconds

 (next mAP calculation at 1856 iterations) 
 127: 378.542114, 459.182617 avg loss, 0.000000 rate, 0.089350 seconds, 1016 images, 2.388434 hours left
v3 (mse loss, Normalizer: (iou: 0.75, cls: 1.00) Region 16 Avg (IOU: 0.649824, GIOU: 0.632405), Class: 0.463194, Obj: 0.531972, No Obj: 0.513103, .5R: 1.000000, .75R: 0.000000, count: 1, class_loss = 188.260925, iou_loss = 0.299759, total_loss = 188.560684 
v3 (mse loss, Normalizer: (iou: 0.75, cls: 1.00) Region 23 Avg (IOU: 0.590921, GIOU: 0.589867), Class: 0.476259, Obj: 0.338472, No Obj: 0.437769, .5R: 1.000000, .75R: 0.000000, count: 1, class_loss = 558.182983, iou_loss = 0.608398, total_loss = 558.791382 
 total_bbox = 2951, rewritten_bbox = 0.881057 % 
v3 (mse loss, Normalizer: (iou: 0.75, cls: 1.00) Region 16 Avg (IOU: 0.484449, GIOU: 0.381581), Class: 0.545530, Obj: 0.483388, No Obj: 0.518552, .5R: 0.666667, .75R: 0.333333, count: 3, class_loss = 197.432037, iou_loss = 3.712357, total_loss = 201.144394 
v3 (mse loss, Normalizer: (iou: 0.75, cls: 1.00) Region 23 Avg (IOU: 0.308562, GIOU: 0.224039), Class: 0.512655, Obj: 0.404886, No Obj: 0.432039, .5R: 0.000000, .75R: 0.000000, count: 2, class_loss = 553.784241, iou_loss = 2.696350, total_loss = 556.480591 
 total_bbox = 2956, rewritten_bbox = 0.879567 % 
v3 (mse loss, Normalizer: (iou: 0.75, cls: 1.00) Region 16 Avg (IOU: 0.444211, GIOU: 0.337457), Class: 0.476337, Obj: 0.477992, No Obj: 0.516832, .5R: 0.000000, .75R: 0.000000, count: 2, class_loss = 194.028748, iou_loss = 1.278152, total_loss = 195.306900 
v3 (mse loss, Normalizer: (iou: 0.75, cls: 1.00) Region 23 Avg (IOU: 0.678433, GIOU: 0.678433), Class: 0.608686, Obj: 0.642264, No Obj: 0.432234, .5R: 1.000000, .75R: 0.000000, count: 1, class_loss = 550.080505, iou_loss = 0.249756, total_loss = 550.330261 
 total_bbox = 2959, rewritten_bbox = 0.878675 % 
v3 (mse loss, Normalizer: (iou: 0.75, cls: 1.00) Region 16 Avg (IOU: 0.387314, GIOU: 0.317066), Class: 0.406568, Obj: 0.649093, No Obj: 0.517984, .5R: 0.000000, .75R: 0.000000, count: 2, class_loss = 194.999115, iou_loss = 1.313736, total_loss = 196.312851 
v3 (mse loss, Normalizer: (iou: 0.75, cls: 1.00) Region 23 Avg (IOU: 0.586817, GIOU: 0.586817), Class: 0.644128, Obj: 0.257018, No Obj: 0.432883, .5R: 0.500000, .75R: 0.000000, count: 2, class_loss = 553.915405, iou_loss = 0.834106, total_loss = 554.749512 
 total_bbox = 2963, rewritten_bbox = 0.877489 % 
 MJPEG-stream sent. 
Loaded: 0.000050 seconds

 (next mAP calculation at 1856 iterations) 
 128: 375.209595, 450.785309 avg loss, 0.000000 rate, 0.088873 seconds, 1024 images, 2.384388 hours left
v3 (mse loss, Normalizer: (iou: 0.75, cls: 1.00) Region 16 Avg (IOU: 0.340551, GIOU: 0.211213), Class: 0.604903, Obj: 0.519909, No Obj: 0.517876, .5R: 0.000000, .75R: 0.000000, count: 2, class_loss = 194.067032, iou_loss = 1.412903, total_loss = 195.479935 
v3 (mse loss, Normalizer: (iou: 0.75, cls: 1.00) Region 23 Avg (IOU: 0.203466, GIOU: -0.174578), Class: 0.730954, Obj: 0.245579, No Obj: 0.431568, .5R: 0.000000, .75R: 0.000000, count: 1, class_loss = 547.990723, iou_loss = 2.733459, total_loss = 550.724182 
 total_bbox = 2966, rewritten_bbox = 0.876601 % 
v3 (mse loss, Normalizer: (iou: 0.75, cls: 1.00) Region 16 Avg (IOU: 0.655469, GIOU: 0.637608), Class: 0.314590, Obj: 0.843271, No Obj: 0.518494, .5R: 1.000000, .75R: 0.000000, count: 1, class_loss = 192.694351, iou_loss = 0.502060, total_loss = 193.196411 
v3 (mse loss, Normalizer: (iou: 0.75, cls: 1.00) Region 23 Avg (IOU: 0.357238, GIOU: 0.346148), Class: 0.530177, Obj: 0.404194, No Obj: 0.428441, .5R: 0.166667, .75R: 0.000000, count: 6, class_loss = 556.038940, iou_loss = 8.623291, total_loss = 564.662231 
 total_bbox = 2973, rewritten_bbox = 0.874538 % 
v3 (mse loss, Normalizer: (iou: 0.75, cls: 1.00) Region 16 Avg (IOU: 0.463551, GIOU: 0.296740), Class: 0.461980, Obj: 0.569432, No Obj: 0.518090, .5R: 0.500000, .75R: 0.000000, count: 2, class_loss = 193.892975, iou_loss = 1.795197, total_loss = 195.688171 
v3 (mse loss, Normalizer: (iou: 0.75, cls: 1.00) Region 23 Avg (IOU: 0.416735, GIOU: 0.398241), Class: 0.430909, Obj: 0.457761, No Obj: 0.428843, .5R: 0.333333, .75R: 0.000000, count: 3, class_loss = 547.801697, iou_loss = 2.688660, total_loss = 550.490356 
 total_bbox = 2978, rewritten_bbox = 0.873069 % 
v3 (mse loss, Normalizer: (iou: 0.75, cls: 1.00) Region 16 Avg (IOU: 0.314040, GIOU: 0.246639), Class: 0.511900, Obj: 0.632764, No Obj: 0.516948, .5R: 0.000000, .75R: 0.000000, count: 4, class_loss = 195.572525, iou_loss = 2.539902, total_loss = 198.112427 
v3 (mse loss, Normalizer: (iou: 0.75, cls: 1.00) Region 23 Avg (IOU: 0.000000, GIOU: 0.000000), Class: 0.000000, Obj: 0.000000, No Obj: 0.432646, .5R: 0.000000, .75R: 0.000000, count: 1, class_loss = 549.111206, iou_loss = 0.000000, total_loss = 549.111206 
 total_bbox = 2982, rewritten_bbox = 0.905433 % 
 MJPEG-stream sent. 
Loaded: 0.000049 seconds

 (next mAP calculation at 1856 iterations) 
 129: 374.683105, 443.175079 avg loss, 0.000000 rate, 0.089886 seconds, 1032 images, 2.380275 hours left
v3 (mse loss, Normalizer: (iou: 0.75, cls: 1.00) Region 16 Avg (IOU: 0.379780, GIOU: 0.251258), Class: 0.367113, Obj: 0.512002, No Obj: 0.518443, .5R: 0.285714, .75R: 0.000000, count: 7, class_loss = 207.376511, iou_loss = 6.328812, total_loss = 213.705322 
v3 (mse loss, Normalizer: (iou: 0.75, cls: 1.00) Region 23 Avg (IOU: 0.538159, GIOU: 0.537729), Class: 0.626815, Obj: 0.334382, No Obj: 0.429361, .5R: 0.500000, .75R: 0.500000, count: 4, class_loss = 552.132812, iou_loss = 3.931702, total_loss = 556.064514 
 total_bbox = 2993, rewritten_bbox = 0.902105 % 
v3 (mse loss, Normalizer: (iou: 0.75, cls: 1.00) Region 16 Avg (IOU: 0.324484, GIOU: 0.283332), Class: 0.352214, Obj: 0.661020, No Obj: 0.517150, .5R: 0.500000, .75R: 0.000000, count: 2, class_loss = 193.890503, iou_loss = 1.960861, total_loss = 195.851364 
v3 (mse loss, Normalizer: (iou: 0.75, cls: 1.00) Region 23 Avg (IOU: 0.327461, GIOU: 0.211859), Class: 0.589471, Obj: 0.200770, No Obj: 0.429410, .5R: 0.000000, .75R: 0.000000, count: 1, class_loss = 544.888916, iou_loss = 1.598328, total_loss = 546.487244 
 total_bbox = 2996, rewritten_bbox = 0.901202 % 
v3 (mse loss, Normalizer: (iou: 0.75, cls: 1.00) Region 16 Avg (IOU: 0.468569, GIOU: 0.399592), Class: 0.469194, Obj: 0.548010, No Obj: 0.516207, .5R: 0.333333, .75R: 0.000000, count: 3, class_loss = 195.328201, iou_loss = 1.701080, total_loss = 197.029282 
v3 (mse loss, Normalizer: (iou: 0.75, cls: 1.00) Region 23 Avg (IOU: 0.000000, GIOU: 0.000000), Class: 0.000000, Obj: 0.000000, No Obj: 0.430865, .5R: 0.000000, .75R: 0.000000, count: 1, class_loss = 541.866882, iou_loss = 0.000000, total_loss = 541.866882 
 total_bbox = 2999, rewritten_bbox = 0.900300 % 
v3 (mse loss, Normalizer: (iou: 0.75, cls: 1.00) Region 16 Avg (IOU: 0.326526, GIOU: 0.155163), Class: 0.448456, Obj: 0.687550, No Obj: 0.518658, .5R: 0.000000, .75R: 0.000000, count: 2, class_loss = 195.094345, iou_loss = 1.392319, total_loss = 196.486664 
v3 (mse loss, Normalizer: (iou: 0.75, cls: 1.00) Region 23 Avg (IOU: 0.298439, GIOU: 0.025762), Class: 0.607826, Obj: 0.475023, No Obj: 0.427833, .5R: 0.000000, .75R: 0.000000, count: 1, class_loss = 537.049377, iou_loss = 1.786743, total_loss = 538.836121 
 total_bbox = 3002, rewritten_bbox = 0.899400 % 
 MJPEG-stream sent. 
Loaded: 0.000056 seconds

 (next mAP calculation at 1856 iterations) 
 130: 373.290924, 436.186676 avg loss, 0.000000 rate, 0.089393 seconds, 1040 images, 2.376429 hours left
v3 (mse loss, Normalizer: (iou: 0.75, cls: 1.00) Region 16 Avg (IOU: 0.305718, GIOU: 0.099385), Class: 0.566143, Obj: 0.563764, No Obj: 0.517340, .5R: 0.000000, .75R: 0.000000, count: 5, class_loss = 155.359039, iou_loss = 5.044373, total_loss = 160.403412 
v3 (mse loss, Normalizer: (iou: 0.75, cls: 1.00) Region 23 Avg (IOU: 0.197525, GIOU: 0.197525), Class: 0.547780, Obj: 0.478281, No Obj: 0.428464, .5R: 0.000000, .75R: 0.000000, count: 1, class_loss = 407.340454, iou_loss = 1.742615, total_loss = 409.083069 
 total_bbox = 3008, rewritten_bbox = 0.897606 % 
v3 (mse loss, Normalizer: (iou: 0.75, cls: 1.00) Region 16 Avg (IOU: 0.474266, GIOU: 0.452020), Class: 0.441792, Obj: 0.486687, No Obj: 0.516349, .5R: 0.666667, .75R: 0.000000, count: 3, class_loss = 149.781433, iou_loss = 1.817947, total_loss = 151.599380 
v3 (mse loss, Normalizer: (iou: 0.75, cls: 1.00) Region 23 Avg (IOU: 0.576144, GIOU: 0.565531), Class: 0.491072, Obj: 0.439976, No Obj: 0.429555, .5R: 1.000000, .75R: 0.000000, count: 1, class_loss = 407.604492, iou_loss = 0.239868, total_loss = 407.844360 
 total_bbox = 3012, rewritten_bbox = 0.896414 % 
v3 (mse loss, Normalizer: (iou: 0.75, cls: 1.00) Region 16 Avg (IOU: 0.000000, GIOU: 0.000000), Class: 0.000000, Obj: 0.000000, No Obj: 0.515021, .5R: 0.000000, .75R: 0.000000, count: 1, class_loss = 140.813492, iou_loss = 0.000000, total_loss = 140.813492 
v3 (mse loss, Normalizer: (iou: 0.75, cls: 1.00) Region 23 Avg (IOU: 0.272987, GIOU: 0.150917), Class: 0.459327, Obj: 0.456777, No Obj: 0.431127, .5R: 0.000000, .75R: 0.000000, count: 7, class_loss = 428.885834, iou_loss = 14.753815, total_loss = 443.639648 
 total_bbox = 3019, rewritten_bbox = 0.894336 % 
v3 (mse loss, Normalizer: (iou: 0.75, cls: 1.00) Region 16 Avg (IOU: 0.415754, GIOU: 0.402537), Class: 0.486525, Obj: 0.611704, No Obj: 0.518546, .5R: 0.333333, .75R: 0.000000, count: 3, class_loss = 151.395599, iou_loss = 2.278229, total_loss = 153.673828 
v3 (mse loss, Normalizer: (iou: 0.75, cls: 1.00) Region 23 Avg (IOU: 0.295106, GIOU: 0.187716), Class: 0.668442, Obj: 0.533509, No Obj: 0.426719, .5R: 0.285714, .75R: 0.000000, count: 7, class_loss = 420.090393, iou_loss = 17.269012, total_loss = 437.359406 
 total_bbox = 3029, rewritten_bbox = 0.891383 % 
 MJPEG-stream sent. 
Resizing, random_coef = 1.40 

 416 x 416 
 try to allocate additional workspace_size = 52.43 MB 
 CUDA allocate done! 
Loaded: 0.000039 seconds

 (next mAP calculation at 1856 iterations) 
 131: 288.052063, 421.373230 avg loss, 0.000000 rate, 0.065715 seconds, 1048 images, 2.372512 hours left
v3 (mse loss, Normalizer: (iou: 0.75, cls: 1.00) Region 16 Avg (IOU: 0.568138, GIOU: 0.555741), Class: 0.483260, Obj: 0.518942, No Obj: 0.514593, .5R: 0.500000, .75R: 0.250000, count: 4, class_loss = 151.135391, iou_loss = 1.281830, total_loss = 152.417221 
v3 (mse loss, Normalizer: (iou: 0.75, cls: 1.00) Region 23 Avg (IOU: 0.522465, GIOU: 0.477028), Class: 0.543654, Obj: 0.332093, No Obj: 0.427247, .5R: 1.000000, .75R: 0.000000, count: 1, class_loss = 403.812592, iou_loss = 0.479034, total_loss = 404.291626 
 total_bbox = 3034, rewritten_bbox = 0.889914 % 
v3 (mse loss, Normalizer: (iou: 0.75, cls: 1.00) Region 16 Avg (IOU: 0.000000, GIOU: 0.000000), Class: 0.000000, Obj: 0.000000, No Obj: 0.517663, .5R: 0.000000, .75R: 0.000000, count: 1, class_loss = 142.158493, iou_loss = 0.000000, total_loss = 142.158493 
v3 (mse loss, Normalizer: (iou: 0.75, cls: 1.00) Region 23 Avg (IOU: 0.362063, GIOU: 0.175947), Class: 0.457626, Obj: 0.299138, No Obj: 0.428031, .5R: 0.222222, .75R: 0.000000, count: 9, class_loss = 430.086304, iou_loss = 13.091370, total_loss = 443.177673 
 total_bbox = 3043, rewritten_bbox = 0.887282 % 
v3 (mse loss, Normalizer: (iou: 0.75, cls: 1.00) Region 16 Avg (IOU: 0.520951, GIOU: 0.370125), Class: 0.516010, Obj: 0.480569, No Obj: 0.517587, .5R: 0.500000, .75R: 0.500000, count: 2, class_loss = 148.133270, iou_loss = 1.652817, total_loss = 149.786087 
v3 (mse loss, Normalizer: (iou: 0.75, cls: 1.00) Region 23 Avg (IOU: 0.458633, GIOU: 0.395935), Class: 0.511737, Obj: 0.455722, No Obj: 0.426490, .5R: 0.500000, .75R: 0.000000, count: 6, class_loss = 415.832031, iou_loss = 5.543854, total_loss = 421.375885 
 total_bbox = 3051, rewritten_bbox = 0.884956 % 
v3 (mse loss, Normalizer: (iou: 0.75, cls: 1.00) Region 16 Avg (IOU: 0.355813, GIOU: 0.131407), Class: 0.445348, Obj: 0.635530, No Obj: 0.515308, .5R: 0.000000, .75R: 0.000000, count: 1, class_loss = 143.112259, iou_loss = 0.951279, total_loss = 144.063538 
v3 (mse loss, Normalizer: (iou: 0.75, cls: 1.00) Region 23 Avg (IOU: 0.304630, GIOU: 0.255952), Class: 0.474772, Obj: 0.429225, No Obj: 0.432050, .5R: 0.285714, .75R: 0.000000, count: 7, class_loss = 430.148956, iou_loss = 14.207245, total_loss = 444.356201 
 total_bbox = 3059, rewritten_bbox = 0.882641 % 
 MJPEG-stream sent. 
Loaded: 0.000037 seconds

 (next mAP calculation at 1856 iterations) 
 132: 287.703339, 408.006256 avg loss, 0.000000 rate, 0.073059 seconds, 1056 images, 2.363377 hours left
v3 (mse loss, Normalizer: (iou: 0.75, cls: 1.00) Region 16 Avg (IOU: 0.579963, GIOU: 0.519432), Class: 0.434060, Obj: 0.660947, No Obj: 0.515989, .5R: 0.500000, .75R: 0.000000, count: 2, class_loss = 146.194534, iou_loss = 0.839554, total_loss = 147.034088 
v3 (mse loss, Normalizer: (iou: 0.75, cls: 1.00) Region 23 Avg (IOU: 0.296586, GIOU: 0.073282), Class: 0.431595, Obj: 0.455976, No Obj: 0.424523, .5R: 0.066667, .75R: 0.066667, count: 15, class_loss = 429.837280, iou_loss = 46.216370, total_loss = 476.053650 
 total_bbox = 3076, rewritten_bbox = 0.975293 % 
v3 (mse loss, Normalizer: (iou: 0.75, cls: 1.00) Region 16 Avg (IOU: 0.461395, GIOU: 0.443128), Class: 0.395132, Obj: 0.474911, No Obj: 0.511681, .5R: 0.500000, .75R: 0.000000, count: 2, class_loss = 143.909073, iou_loss = 1.191254, total_loss = 145.100327 
v3 (mse loss, Normalizer: (iou: 0.75, cls: 1.00) Region 23 Avg (IOU: 0.372610, GIOU: 0.288039), Class: 0.410107, Obj: 0.489640, No Obj: 0.430267, .5R: 0.166667, .75R: 0.000000, count: 6, class_loss = 421.936768, iou_loss = 6.375610, total_loss = 428.312378 
 total_bbox = 3084, rewritten_bbox = 0.972763 % 
v3 (mse loss, Normalizer: (iou: 0.75, cls: 1.00) Region 16 Avg (IOU: 0.469490, GIOU: 0.375911), Class: 0.538762, Obj: 0.675257, No Obj: 0.515885, .5R: 0.333333, .75R: 0.000000, count: 3, class_loss = 148.943634, iou_loss = 1.750916, total_loss = 150.694550 
v3 (mse loss, Normalizer: (iou: 0.75, cls: 1.00) Region 23 Avg (IOU: 0.000000, GIOU: 0.000000), Class: 0.000000, Obj: 0.000000, No Obj: 0.426211, .5R: 0.000000, .75R: 0.000000, count: 1, class_loss = 402.288818, iou_loss = 0.000000, total_loss = 402.288818 
 total_bbox = 3087, rewritten_bbox = 0.971817 % 
v3 (mse loss, Normalizer: (iou: 0.75, cls: 1.00) Region 16 Avg (IOU: 0.315988, GIOU: 0.265111), Class: 0.366475, Obj: 0.656421, No Obj: 0.516007, .5R: 0.000000, .75R: 0.000000, count: 4, class_loss = 152.011856, iou_loss = 4.228333, total_loss = 156.240189 
v3 (mse loss, Normalizer: (iou: 0.75, cls: 1.00) Region 23 Avg (IOU: 0.142913, GIOU: 0.142913), Class: 0.782099, Obj: 0.669539, No Obj: 0.426477, .5R: 0.000000, .75R: 0.000000, count: 1, class_loss = 404.508179, iou_loss = 3.385254, total_loss = 407.893433 
 total_bbox = 3092, rewritten_bbox = 0.970246 % 
 MJPEG-stream sent. 
Loaded: 0.000053 seconds

 (next mAP calculation at 1856 iterations) 
 133: 289.202179, 396.125854 avg loss, 0.000000 rate, 0.073281 seconds, 1064 images, 2.355962 hours left
v3 (mse loss, Normalizer: (iou: 0.75, cls: 1.00) Region 16 Avg (IOU: 0.317341, GIOU: 0.067891), Class: 0.663250, Obj: 0.559195, No Obj: 0.515719, .5R: 0.000000, .75R: 0.000000, count: 2, class_loss = 146.087158, iou_loss = 1.866119, total_loss = 147.953278 
v3 (mse loss, Normalizer: (iou: 0.75, cls: 1.00) Region 23 Avg (IOU: 0.450524, GIOU: 0.333851), Class: 0.460720, Obj: 0.274751, No Obj: 0.425421, .5R: 0.333333, .75R: 0.000000, count: 3, class_loss = 408.076385, iou_loss = 2.351196, total_loss = 410.427582 
 total_bbox = 3097, rewritten_bbox = 0.968679 % 
v3 (mse loss, Normalizer: (iou: 0.75, cls: 1.00) Region 16 Avg (IOU: 0.392315, GIOU: 0.392315), Class: 0.537017, Obj: 0.525364, No Obj: 0.515406, .5R: 0.500000, .75R: 0.000000, count: 2, class_loss = 145.621765, iou_loss = 1.451447, total_loss = 147.073212 
v3 (mse loss, Normalizer: (iou: 0.75, cls: 1.00) Region 23 Avg (IOU: 0.726267, GIOU: 0.723605), Class: 0.514190, Obj: 0.564912, No Obj: 0.427485, .5R: 1.000000, .75R: 0.000000, count: 1, class_loss = 404.675323, iou_loss = 0.106873, total_loss = 404.782196 
 total_bbox = 3100, rewritten_bbox = 0.967742 % 
v3 (mse loss, Normalizer: (iou: 0.75, cls: 1.00) Region 16 Avg (IOU: 0.317518, GIOU: 0.315740), Class: 0.378004, Obj: 0.525967, No Obj: 0.515539, .5R: 0.333333, .75R: 0.000000, count: 3, class_loss = 149.439255, iou_loss = 2.599976, total_loss = 152.039230 
v3 (mse loss, Normalizer: (iou: 0.75, cls: 1.00) Region 23 Avg (IOU: 0.343604, GIOU: 0.118622), Class: 0.963891, Obj: 0.233168, No Obj: 0.423909, .5R: 0.000000, .75R: 0.000000, count: 1, class_loss = 398.910278, iou_loss = 1.105804, total_loss = 400.016083 
 total_bbox = 3104, rewritten_bbox = 0.966495 % 
v3 (mse loss, Normalizer: (iou: 0.75, cls: 1.00) Region 16 Avg (IOU: 0.000000, GIOU: 0.000000), Class: 0.000000, Obj: 0.000000, No Obj: 0.515045, .5R: 0.000000, .75R: 0.000000, count: 1, class_loss = 140.605484, iou_loss = 0.000000, total_loss = 140.605484 
v3 (mse loss, Normalizer: (iou: 0.75, cls: 1.00) Region 23 Avg (IOU: 0.413384, GIOU: 0.317814), Class: 0.549551, Obj: 0.397530, No Obj: 0.427999, .5R: 0.363636, .75R: 0.090909, count: 11, class_loss = 433.158905, iou_loss = 13.412354, total_loss = 446.571259 
 total_bbox = 3115, rewritten_bbox = 0.963082 % 
 MJPEG-stream sent. 
Loaded: 0.000056 seconds

 (next mAP calculation at 1856 iterations) 
 134: 281.183533, 384.631622 avg loss, 0.000000 rate, 0.072857 seconds, 1072 images, 2.348674 hours left
v3 (mse loss, Normalizer: (iou: 0.75, cls: 1.00) Region 16 Avg (IOU: 0.449959, GIOU: 0.388155), Class: 0.467611, Obj: 0.516327, No Obj: 0.514810, .5R: 0.000000, .75R: 0.000000, count: 2, class_loss = 147.265366, iou_loss = 1.200256, total_loss = 148.465622 
v3 (mse loss, Normalizer: (iou: 0.75, cls: 1.00) Region 23 Avg (IOU: 0.739015, GIOU: 0.721437), Class: 0.542946, Obj: 0.405544, No Obj: 0.424690, .5R: 1.000000, .75R: 0.000000, count: 1, class_loss = 401.372864, iou_loss = 0.256683, total_loss = 401.629547 
 total_bbox = 3118, rewritten_bbox = 0.962155 % 
v3 (mse loss, Normalizer: (iou: 0.75, cls: 1.00) Region 16 Avg (IOU: 0.531383, GIOU: 0.504166), Class: 0.265480, Obj: 0.443073, No Obj: 0.511352, .5R: 1.000000, .75R: 0.000000, count: 1, class_loss = 142.183517, iou_loss = 0.400177, total_loss = 142.583694 
v3 (mse loss, Normalizer: (iou: 0.75, cls: 1.00) Region 23 Avg (IOU: 0.240263, GIOU: 0.056325), Class: 0.551151, Obj: 0.525255, No Obj: 0.430534, .5R: 0.000000, .75R: 0.000000, count: 4, class_loss = 415.447083, iou_loss = 11.476776, total_loss = 426.923859 
 total_bbox = 3123, rewritten_bbox = 0.960615 % 
v3 (mse loss, Normalizer: (iou: 0.75, cls: 1.00) Region 16 Avg (IOU: 0.286604, GIOU: 0.146113), Class: 0.509715, Obj: 0.455499, No Obj: 0.511781, .5R: 0.200000, .75R: 0.000000, count: 5, class_loss = 153.836960, iou_loss = 13.331421, total_loss = 167.168381 
v3 (mse loss, Normalizer: (iou: 0.75, cls: 1.00) Region 23 Avg (IOU: 0.476200, GIOU: 0.350535), Class: 0.529819, Obj: 0.406571, No Obj: 0.429718, .5R: 0.000000, .75R: 0.000000, count: 1, class_loss = 406.143372, iou_loss = 0.494843, total_loss = 406.638214 
 total_bbox = 3129, rewritten_bbox = 0.958773 % 
v3 (mse loss, Normalizer: (iou: 0.75, cls: 1.00) Region 16 Avg (IOU: 0.000000, GIOU: 0.000000), Class: 0.000000, Obj: 0.000000, No Obj: 0.515055, .5R: 0.000000, .75R: 0.000000, count: 1, class_loss = 140.385452, iou_loss = 0.000000, total_loss = 140.385452 
v3 (mse loss, Normalizer: (iou: 0.75, cls: 1.00) Region 23 Avg (IOU: 0.173577, GIOU: -0.031511), Class: 0.694185, Obj: 0.322373, No Obj: 0.427742, .5R: 0.000000, .75R: 0.000000, count: 3, class_loss = 409.811829, iou_loss = 8.121796, total_loss = 417.933624 
 total_bbox = 3132, rewritten_bbox = 0.957854 % 
 MJPEG-stream sent. 
Loaded: 0.000049 seconds

 (next mAP calculation at 1856 iterations) 
 135: 281.466064, 374.315063 avg loss, 0.000000 rate, 0.072169 seconds, 1080 images, 2.341365 hours left
v3 (mse loss, Normalizer: (iou: 0.75, cls: 1.00) Region 16 Avg (IOU: 0.669367, GIOU: 0.641294), Class: 0.517139, Obj: 0.826120, No Obj: 0.514446, .5R: 1.000000, .75R: 0.000000, count: 1, class_loss = 142.592102, iou_loss = 0.256287, total_loss = 142.848389 
v3 (mse loss, Normalizer: (iou: 0.75, cls: 1.00) Region 23 Avg (IOU: 0.498033, GIOU: 0.426676), Class: 0.560376, Obj: 0.410156, No Obj: 0.425296, .5R: 0.545455, .75R: 0.000000, count: 11, class_loss = 425.983917, iou_loss = 4.426208, total_loss = 430.410126 
 total_bbox = 3144, rewritten_bbox = 0.986005 % 
v3 (mse loss, Normalizer: (iou: 0.75, cls: 1.00) Region 16 Avg (IOU: 0.217402, GIOU: 0.063109), Class: 0.380725, Obj: 0.668255, No Obj: 0.513960, .5R: 0.000000, .75R: 0.000000, count: 2, class_loss = 145.267441, iou_loss = 2.447601, total_loss = 147.715042 
v3 (mse loss, Normalizer: (iou: 0.75, cls: 1.00) Region 23 Avg (IOU: 0.356975, GIOU: 0.272094), Class: 0.570492, Obj: 0.347677, No Obj: 0.420297, .5R: 0.266667, .75R: 0.000000, count: 15, class_loss = 433.341034, iou_loss = 20.249481, total_loss = 453.590515 
 total_bbox = 3161, rewritten_bbox = 0.980702 % 
v3 (mse loss, Normalizer: (iou: 0.75, cls: 1.00) Region 16 Avg (IOU: 0.796059, GIOU: 0.794579), Class: 0.418893, Obj: 0.668563, No Obj: 0.513973, .5R: 1.000000, .75R: 1.000000, count: 1, class_loss = 141.726807, iou_loss = 0.057419, total_loss = 141.784225 
v3 (mse loss, Normalizer: (iou: 0.75, cls: 1.00) Region 23 Avg (IOU: 0.200837, GIOU: -0.044205), Class: 0.159454, Obj: 0.635827, No Obj: 0.425691, .5R: 0.000000, .75R: 0.000000, count: 2, class_loss = 404.833679, iou_loss = 5.420135, total_loss = 410.253815 
 total_bbox = 3164, rewritten_bbox = 0.979772 % 
v3 (mse loss, Normalizer: (iou: 0.75, cls: 1.00) Region 16 Avg (IOU: 0.350194, GIOU: 0.213189), Class: 0.460982, Obj: 0.500194, No Obj: 0.514186, .5R: 0.000000, .75R: 0.000000, count: 1, class_loss = 143.254562, iou_loss = 0.892960, total_loss = 144.147522 
v3 (mse loss, Normalizer: (iou: 0.75, cls: 1.00) Region 23 Avg (IOU: 0.300660, GIOU: 0.224337), Class: 0.502025, Obj: 0.306817, No Obj: 0.423406, .5R: 0.000000, .75R: 0.000000, count: 7, class_loss = 418.695740, iou_loss = 9.446838, total_loss = 428.142578 
 total_bbox = 3172, rewritten_bbox = 0.977301 % 
 MJPEG-stream sent. 
Loaded: 0.000049 seconds

 (next mAP calculation at 1856 iterations) 
 136: 287.361511, 365.619720 avg loss, 0.000000 rate, 0.073681 seconds, 1088 images, 2.333976 hours left
v3 (mse loss, Normalizer: (iou: 0.75, cls: 1.00) Region 16 Avg (IOU: 0.421710, GIOU: 0.414993), Class: 0.538189, Obj: 0.636663, No Obj: 0.513552, .5R: 0.666667, .75R: 0.000000, count: 3, class_loss = 146.211243, iou_loss = 2.704178, total_loss = 148.915421 
v3 (mse loss, Normalizer: (iou: 0.75, cls: 1.00) Region 23 Avg (IOU: 0.111676, GIOU: 0.079517), Class: 0.232921, Obj: 0.701283, No Obj: 0.422566, .5R: 0.000000, .75R: 0.000000, count: 1, class_loss = 394.918793, iou_loss = 4.900726, total_loss = 399.819519 
 total_bbox = 3176, rewritten_bbox = 0.976071 % 
v3 (mse loss, Normalizer: (iou: 0.75, cls: 1.00) Region 16 Avg (IOU: 0.403047, GIOU: 0.285050), Class: 0.454957, Obj: 0.476720, No Obj: 0.515310, .5R: 0.333333, .75R: 0.000000, count: 3, class_loss = 149.853210, iou_loss = 2.342148, total_loss = 152.195358 
v3 (mse loss, Normalizer: (iou: 0.75, cls: 1.00) Region 23 Avg (IOU: 0.289576, GIOU: 0.105304), Class: 0.491216, Obj: 0.359581, No Obj: 0.421924, .5R: 0.100000, .75R: 0.000000, count: 10, class_loss = 422.940125, iou_loss = 22.362671, total_loss = 445.302795 
 total_bbox = 3189, rewritten_bbox = 0.972092 % 
v3 (mse loss, Normalizer: (iou: 0.75, cls: 1.00) Region 16 Avg (IOU: 0.392425, GIOU: 0.202066), Class: 0.253271, Obj: 0.474681, No Obj: 0.516016, .5R: 0.000000, .75R: 0.000000, count: 1, class_loss = 143.469040, iou_loss = 0.602692, total_loss = 144.071732 
v3 (mse loss, Normalizer: (iou: 0.75, cls: 1.00) Region 23 Avg (IOU: 0.367516, GIOU: 0.168180), Class: 0.577515, Obj: 0.311147, No Obj: 0.421261, .5R: 0.200000, .75R: 0.000000, count: 5, class_loss = 406.305756, iou_loss = 8.256592, total_loss = 414.562347 
 total_bbox = 3195, rewritten_bbox = 0.970266 % 
v3 (mse loss, Normalizer: (iou: 0.75, cls: 1.00) Region 16 Avg (IOU: 0.311462, GIOU: 0.205372), Class: 0.618653, Obj: 0.701259, No Obj: 0.514192, .5R: 0.000000, .75R: 0.000000, count: 2, class_loss = 144.761139, iou_loss = 1.757050, total_loss = 146.518188 
v3 (mse loss, Normalizer: (iou: 0.75, cls: 1.00) Region 23 Avg (IOU: 0.000000, GIOU: 0.000000), Class: 0.000000, Obj: 0.000000, No Obj: 0.422048, .5R: 0.000000, .75R: 0.000000, count: 1, class_loss = 392.514832, iou_loss = 0.000000, total_loss = 392.514832 
 total_bbox = 3197, rewritten_bbox = 0.969659 % 
 MJPEG-stream sent. 
Loaded: 0.000052 seconds

 (next mAP calculation at 1856 iterations) 
 137: 280.487518, 357.106506 avg loss, 0.000000 rate, 0.072478 seconds, 1096 images, 2.326995 hours left
v3 (mse loss, Normalizer: (iou: 0.75, cls: 1.00) Region 16 Avg (IOU: 0.463563, GIOU: 0.306249), Class: 0.672661, Obj: 0.537441, No Obj: 0.513876, .5R: 0.333333, .75R: 0.000000, count: 3, class_loss = 146.863571, iou_loss = 1.961472, total_loss = 148.825043 
v3 (mse loss, Normalizer: (iou: 0.75, cls: 1.00) Region 23 Avg (IOU: 0.158209, GIOU: -0.321664), Class: 0.817089, Obj: 0.343677, No Obj: 0.424764, .5R: 0.000000, .75R: 0.000000, count: 1, class_loss = 398.743561, iou_loss = 3.369659, total_loss = 402.113220 
 total_bbox = 3201, rewritten_bbox = 0.968447 % 
v3 (mse loss, Normalizer: (iou: 0.75, cls: 1.00) Region 16 Avg (IOU: 0.192150, GIOU: -0.188553), Class: 0.420261, Obj: 0.874047, No Obj: 0.511970, .5R: 0.000000, .75R: 0.000000, count: 1, class_loss = 141.346237, iou_loss = 1.132965, total_loss = 142.479202 
v3 (mse loss, Normalizer: (iou: 0.75, cls: 1.00) Region 23 Avg (IOU: 0.368127, GIOU: 0.318314), Class: 0.346058, Obj: 0.366457, No Obj: 0.422585, .5R: 0.666667, .75R: 0.000000, count: 3, class_loss = 401.084320, iou_loss = 7.350372, total_loss = 408.434692 
 total_bbox = 3205, rewritten_bbox = 0.967239 % 
v3 (mse loss, Normalizer: (iou: 0.75, cls: 1.00) Region 16 Avg (IOU: 0.454832, GIOU: 0.385575), Class: 0.491810, Obj: 0.537078, No Obj: 0.512793, .5R: 0.166667, .75R: 0.000000, count: 6, class_loss = 155.108994, iou_loss = 3.516998, total_loss = 158.625992 
v3 (mse loss, Normalizer: (iou: 0.75, cls: 1.00) Region 23 Avg (IOU: 0.000000, GIOU: 0.000000), Class: 0.000000, Obj: 0.000000, No Obj: 0.421259, .5R: 0.000000, .75R: 0.000000, count: 1, class_loss = 391.737183, iou_loss = 0.000000, total_loss = 391.737183 
 total_bbox = 3211, rewritten_bbox = 0.965431 % 
v3 (mse loss, Normalizer: (iou: 0.75, cls: 1.00) Region 16 Avg (IOU: 0.328775, GIOU: 0.277398), Class: 0.534543, Obj: 0.582201, No Obj: 0.513216, .5R: 0.000000, .75R: 0.000000, count: 2, class_loss = 144.431015, iou_loss = 1.775330, total_loss = 146.206345 
v3 (mse loss, Normalizer: (iou: 0.75, cls: 1.00) Region 23 Avg (IOU: 0.000000, GIOU: 0.000000), Class: 0.000000, Obj: 0.000000, No Obj: 0.423300, .5R: 0.000000, .75R: 0.000000, count: 1, class_loss = 393.334930, iou_loss = 0.000000, total_loss = 393.334930 
 total_bbox = 3213, rewritten_bbox = 0.964830 % 
 MJPEG-stream sent. 
Loaded: 0.000051 seconds

 (next mAP calculation at 1856 iterations) 
 138: 273.969543, 348.792816 avg loss, 0.000000 rate, 0.072423 seconds, 1104 images, 2.319818 hours left
v3 (mse loss, Normalizer: (iou: 0.75, cls: 1.00) Region 16 Avg (IOU: 0.184359, GIOU: 0.053993), Class: 0.489944, Obj: 0.558684, No Obj: 0.513029, .5R: 0.000000, .75R: 0.000000, count: 2, class_loss = 145.209122, iou_loss = 2.213150, total_loss = 147.422272 
v3 (mse loss, Normalizer: (iou: 0.75, cls: 1.00) Region 23 Avg (IOU: 0.000000, GIOU: 0.000000), Class: 0.000000, Obj: 0.000000, No Obj: 0.419333, .5R: 0.000000, .75R: 0.000000, count: 1, class_loss = 388.865601, iou_loss = 0.000000, total_loss = 388.865601 
 total_bbox = 3215, rewritten_bbox = 0.964230 % 
v3 (mse loss, Normalizer: (iou: 0.75, cls: 1.00) Region 16 Avg (IOU: 0.174211, GIOU: -0.194435), Class: 0.292079, Obj: 0.385986, No Obj: 0.513681, .5R: 0.000000, .75R: 0.000000, count: 2, class_loss = 146.516190, iou_loss = 4.935699, total_loss = 151.451889 
v3 (mse loss, Normalizer: (iou: 0.75, cls: 1.00) Region 23 Avg (IOU: 0.000000, GIOU: 0.000000), Class: 0.000000, Obj: 0.000000, No Obj: 0.420966, .5R: 0.000000, .75R: 0.000000, count: 1, class_loss = 387.562378, iou_loss = 0.000000, total_loss = 387.562378 
 total_bbox = 3217, rewritten_bbox = 0.963631 % 
v3 (mse loss, Normalizer: (iou: 0.75, cls: 1.00) Region 16 Avg (IOU: 0.620908, GIOU: 0.619429), Class: 0.445041, Obj: 0.546261, No Obj: 0.512890, .5R: 0.750000, .75R: 0.500000, count: 4, class_loss = 146.881485, iou_loss = 1.939880, total_loss = 148.821365 
v3 (mse loss, Normalizer: (iou: 0.75, cls: 1.00) Region 23 Avg (IOU: 0.554281, GIOU: 0.512344), Class: 0.420257, Obj: 0.368348, No Obj: 0.422875, .5R: 0.500000, .75R: 0.000000, count: 2, class_loss = 398.644135, iou_loss = 0.588623, total_loss = 399.232758 
 total_bbox = 3223, rewritten_bbox = 0.992864 % 
v3 (mse loss, Normalizer: (iou: 0.75, cls: 1.00) Region 16 Avg (IOU: 0.000000, GIOU: 0.000000), Class: 0.000000, Obj: 0.000000, No Obj: 0.511187, .5R: 0.000000, .75R: 0.000000, count: 1, class_loss = 138.104736, iou_loss = 0.000000, total_loss = 138.104736 
v3 (mse loss, Normalizer: (iou: 0.75, cls: 1.00) Region 23 Avg (IOU: 0.300901, GIOU: 0.135540), Class: 0.360650, Obj: 0.456704, No Obj: 0.420556, .5R: 0.000000, .75R: 0.000000, count: 16, class_loss = 438.409119, iou_loss = 26.476349, total_loss = 464.885468 
 total_bbox = 3239, rewritten_bbox = 0.987959 % 
 MJPEG-stream sent. 
Loaded: 0.000050 seconds

 (next mAP calculation at 1856 iterations) 
 139: 278.293304, 341.742859 avg loss, 0.000000 rate, 0.072499 seconds, 1112 images, 2.312699 hours left
v3 (mse loss, Normalizer: (iou: 0.75, cls: 1.00) Region 16 Avg (IOU: 0.353678, GIOU: 0.153167), Class: 0.288450, Obj: 0.676228, No Obj: 0.511548, .5R: 0.000000, .75R: 0.000000, count: 2, class_loss = 144.897842, iou_loss = 1.889938, total_loss = 146.787781 
v3 (mse loss, Normalizer: (iou: 0.75, cls: 1.00) Region 23 Avg (IOU: 0.266125, GIOU: 0.113782), Class: 0.473882, Obj: 0.362464, No Obj: 0.419302, .5R: 0.125000, .75R: 0.000000, count: 8, class_loss = 411.855377, iou_loss = 15.592102, total_loss = 427.447479 
 total_bbox = 3249, rewritten_bbox = 0.984918 % 
v3 (mse loss, Normalizer: (iou: 0.75, cls: 1.00) Region 16 Avg (IOU: 0.355510, GIOU: 0.316964), Class: 0.541608, Obj: 0.487556, No Obj: 0.512227, .5R: 0.500000, .75R: 0.000000, count: 4, class_loss = 149.986115, iou_loss = 4.287949, total_loss = 154.274063 
v3 (mse loss, Normalizer: (iou: 0.75, cls: 1.00) Region 23 Avg (IOU: 0.453502, GIOU: 0.453502), Class: 0.606519, Obj: 0.422043, No Obj: 0.419690, .5R: 0.000000, .75R: 0.000000, count: 1, class_loss = 391.943878, iou_loss = 0.498383, total_loss = 392.442261 
 total_bbox = 3254, rewritten_bbox = 0.983405 % 
v3 (mse loss, Normalizer: (iou: 0.75, cls: 1.00) Region 16 Avg (IOU: 0.376414, GIOU: 0.364844), Class: 0.350931, Obj: 0.533477, No Obj: 0.511467, .5R: 0.000000, .75R: 0.000000, count: 2, class_loss = 143.650681, iou_loss = 1.668335, total_loss = 145.319016 
v3 (mse loss, Normalizer: (iou: 0.75, cls: 1.00) Region 23 Avg (IOU: 0.566048, GIOU: 0.532199), Class: 0.561077, Obj: 0.397450, No Obj: 0.421186, .5R: 0.750000, .75R: 0.000000, count: 4, class_loss = 400.838135, iou_loss = 1.810883, total_loss = 402.649017 
 total_bbox = 3260, rewritten_bbox = 0.981595 % 
v3 (mse loss, Normalizer: (iou: 0.75, cls: 1.00) Region 16 Avg (IOU: 0.209089, GIOU: -0.141357), Class: 0.475467, Obj: 0.703110, No Obj: 0.509719, .5R: 0.000000, .75R: 0.000000, count: 1, class_loss = 140.062012, iou_loss = 1.654129, total_loss = 141.716141 
v3 (mse loss, Normalizer: (iou: 0.75, cls: 1.00) Region 23 Avg (IOU: 0.395179, GIOU: 0.346329), Class: 0.592781, Obj: 0.436825, No Obj: 0.424239, .5R: 0.285714, .75R: 0.000000, count: 7, class_loss = 410.453979, iou_loss = 5.509644, total_loss = 415.963623 
 total_bbox = 3268, rewritten_bbox = 0.979192 % 
 MJPEG-stream sent. 
Loaded: 0.000053 seconds

 (next mAP calculation at 1856 iterations) 
 140: 278.324921, 335.401062 avg loss, 0.000000 rate, 0.072910 seconds, 1120 images, 2.305669 hours left
v3 (mse loss, Normalizer: (iou: 0.75, cls: 1.00) Region 16 Avg (IOU: 0.320076, GIOU: 0.219495), Class: 0.417833, Obj: 0.614357, No Obj: 0.512080, .5R: 0.000000, .75R: 0.000000, count: 2, class_loss = 143.909760, iou_loss = 2.120544, total_loss = 146.030304 
v3 (mse loss, Normalizer: (iou: 0.75, cls: 1.00) Region 23 Avg (IOU: 0.187332, GIOU: -0.228086), Class: 0.202412, Obj: 0.457083, No Obj: 0.417652, .5R: 0.000000, .75R: 0.000000, count: 1, class_loss = 389.060272, iou_loss = 3.130310, total_loss = 392.190582 
 total_bbox = 3271, rewritten_bbox = 0.978294 % 
v3 (mse loss, Normalizer: (iou: 0.75, cls: 1.00) Region 16 Avg (IOU: 0.373590, GIOU: 0.287293), Class: 0.397058, Obj: 0.599628, No Obj: 0.511062, .5R: 0.000000, .75R: 0.000000, count: 4, class_loss = 149.861694, iou_loss = 3.653488, total_loss = 153.515182 
v3 (mse loss, Normalizer: (iou: 0.75, cls: 1.00) Region 23 Avg (IOU: 0.388969, GIOU: 0.300170), Class: 0.464646, Obj: 0.552592, No Obj: 0.421034, .5R: 0.000000, .75R: 0.000000, count: 3, class_loss = 397.255951, iou_loss = 2.664917, total_loss = 399.920868 
 total_bbox = 3278, rewritten_bbox = 0.976205 % 
v3 (mse loss, Normalizer: (iou: 0.75, cls: 1.00) Region 16 Avg (IOU: 0.402817, GIOU: 0.294327), Class: 0.328252, Obj: 0.536566, No Obj: 0.508275, .5R: 0.333333, .75R: 0.000000, count: 3, class_loss = 145.868149, iou_loss = 2.671432, total_loss = 148.539581 
v3 (mse loss, Normalizer: (iou: 0.75, cls: 1.00) Region 23 Avg (IOU: 0.343195, GIOU: 0.343195), Class: 0.415890, Obj: 0.388194, No Obj: 0.421562, .5R: 0.000000, .75R: 0.000000, count: 1, class_loss = 392.501434, iou_loss = 0.988403, total_loss = 393.489838 
 total_bbox = 3282, rewritten_bbox = 0.975015 % 
v3 (mse loss, Normalizer: (iou: 0.75, cls: 1.00) Region 16 Avg (IOU: 0.349288, GIOU: 0.159151), Class: 0.425812, Obj: 0.526351, No Obj: 0.511154, .5R: 0.000000, .75R: 0.000000, count: 1, class_loss = 141.519470, iou_loss = 0.995209, total_loss = 142.514679 
v3 (mse loss, Normalizer: (iou: 0.75, cls: 1.00) Region 23 Avg (IOU: 0.315325, GIOU: 0.307176), Class: 0.674438, Obj: 0.438394, No Obj: 0.419756, .5R: 0.000000, .75R: 0.000000, count: 8, class_loss = 409.354187, iou_loss = 11.313477, total_loss = 420.667664 
 total_bbox = 3291, rewritten_bbox = 0.972349 % 
 MJPEG-stream sent. 
Resizing, random_coef = 1.40 

 416 x 416 
 try to allocate additional workspace_size = 52.43 MB 
 CUDA allocate done! 
Loaded: 0.000038 seconds

 (next mAP calculation at 1856 iterations) 
 141: 274.608582, 329.321808 avg loss, 0.000000 rate, 0.064742 seconds, 1128 images, 2.298800 hours left
v3 (mse loss, Normalizer: (iou: 0.75, cls: 1.00) Region 16 Avg (IOU: 0.518538, GIOU: 0.517214), Class: 0.540261, Obj: 0.579909, No Obj: 0.510502, .5R: 0.500000, .75R: 0.500000, count: 2, class_loss = 143.801804, iou_loss = 1.367340, total_loss = 145.169144 
v3 (mse loss, Normalizer: (iou: 0.75, cls: 1.00) Region 23 Avg (IOU: 0.372033, GIOU: 0.311860), Class: 0.679823, Obj: 0.371106, No Obj: 0.419677, .5R: 0.285714, .75R: 0.000000, count: 14, class_loss = 423.564697, iou_loss = 18.118256, total_loss = 441.682953 
 total_bbox = 3307, rewritten_bbox = 0.967644 % 
v3 (mse loss, Normalizer: (iou: 0.75, cls: 1.00) Region 16 Avg (IOU: 0.496290, GIOU: 0.496290), Class: 0.531507, Obj: 0.471141, No Obj: 0.510042, .5R: 0.500000, .75R: 0.000000, count: 4, class_loss = 148.054031, iou_loss = 2.285461, total_loss = 150.339493 
v3 (mse loss, Normalizer: (iou: 0.75, cls: 1.00) Region 23 Avg (IOU: 0.316182, GIOU: 0.308850), Class: 0.930073, Obj: 0.584951, No Obj: 0.417766, .5R: 0.000000, .75R: 0.000000, count: 1, class_loss = 388.266724, iou_loss = 1.900177, total_loss = 390.166901 
 total_bbox = 3312, rewritten_bbox = 0.966184 % 
v3 (mse loss, Normalizer: (iou: 0.75, cls: 1.00) Region 16 Avg (IOU: 0.358903, GIOU: 0.315078), Class: 0.361454, Obj: 0.490375, No Obj: 0.510705, .5R: 0.000000, .75R: 0.000000, count: 3, class_loss = 147.679840, iou_loss = 2.519577, total_loss = 150.199417 
v3 (mse loss, Normalizer: (iou: 0.75, cls: 1.00) Region 23 Avg (IOU: 0.000000, GIOU: 0.000000), Class: 0.000000, Obj: 0.000000, No Obj: 0.415654, .5R: 0.000000, .75R: 0.000000, count: 1, class_loss = 383.052307, iou_loss = 0.000000, total_loss = 383.052307 
 total_bbox = 3315, rewritten_bbox = 0.965309 % 
v3 (mse loss, Normalizer: (iou: 0.75, cls: 1.00) Region 16 Avg (IOU: 0.527484, GIOU: 0.527484), Class: 0.270409, Obj: 0.602251, No Obj: 0.510124, .5R: 1.000000, .75R: 0.000000, count: 1, class_loss = 140.946274, iou_loss = 0.185287, total_loss = 141.131561 
v3 (mse loss, Normalizer: (iou: 0.75, cls: 1.00) Region 23 Avg (IOU: 0.346832, GIOU: 0.299631), Class: 0.508037, Obj: 0.391786, No Obj: 0.418228, .5R: 0.272727, .75R: 0.000000, count: 11, class_loss = 416.490173, iou_loss = 12.649139, total_loss = 429.139313 
 total_bbox = 3327, rewritten_bbox = 0.961827 % 
 MJPEG-stream sent. 
Loaded: 0.000038 seconds

 (next mAP calculation at 1856 iterations) 
 142: 278.860138, 324.275635 avg loss, 0.000000 rate, 0.075626 seconds, 1136 images, 2.290185 hours left
v3 (mse loss, Normalizer: (iou: 0.75, cls: 1.00) Region 16 Avg (IOU: 0.181576, GIOU: -0.264091), Class: 0.689890, Obj: 0.606131, No Obj: 0.508520, .5R: 0.000000, .75R: 0.000000, count: 1, class_loss = 139.982727, iou_loss = 3.155350, total_loss = 143.138077 
v3 (mse loss, Normalizer: (iou: 0.75, cls: 1.00) Region 23 Avg (IOU: 0.590983, GIOU: 0.590983), Class: 0.646334, Obj: 0.372645, No Obj: 0.420821, .5R: 1.000000, .75R: 0.000000, count: 1, class_loss = 391.968384, iou_loss = 0.210907, total_loss = 392.179291 
 total_bbox = 3329, rewritten_bbox = 0.961250 % 
v3 (mse loss, Normalizer: (iou: 0.75, cls: 1.00) Region 16 Avg (IOU: 0.443652, GIOU: 0.259933), Class: 0.439679, Obj: 0.440739, No Obj: 0.509814, .5R: 0.500000, .75R: 0.000000, count: 2, class_loss = 143.479736, iou_loss = 1.811188, total_loss = 145.290924 
v3 (mse loss, Normalizer: (iou: 0.75, cls: 1.00) Region 23 Avg (IOU: 0.227345, GIOU: 0.036722), Class: 0.467465, Obj: 0.307088, No Obj: 0.417072, .5R: 0.000000, .75R: 0.000000, count: 5, class_loss = 400.829895, iou_loss = 14.600647, total_loss = 415.430542 
 total_bbox = 3336, rewritten_bbox = 0.959233 % 
v3 (mse loss, Normalizer: (iou: 0.75, cls: 1.00) Region 16 Avg (IOU: 0.487282, GIOU: 0.482487), Class: 0.495765, Obj: 0.429861, No Obj: 0.508175, .5R: 0.500000, .75R: 0.000000, count: 2, class_loss = 142.125885, iou_loss = 1.552475, total_loss = 143.678360 
v3 (mse loss, Normalizer: (iou: 0.75, cls: 1.00) Region 23 Avg (IOU: 0.173495, GIOU: -0.302254), Class: 0.493401, Obj: 0.743762, No Obj: 0.418237, .5R: 0.000000, .75R: 0.000000, count: 3, class_loss = 392.697998, iou_loss = 15.570984, total_loss = 408.268982 
 total_bbox = 3341, rewritten_bbox = 0.957797 % 
v3 (mse loss, Normalizer: (iou: 0.75, cls: 1.00) Region 16 Avg (IOU: 0.348096, GIOU: 0.216280), Class: 0.517176, Obj: 0.394277, No Obj: 0.509150, .5R: 0.000000, .75R: 0.000000, count: 4, class_loss = 148.098206, iou_loss = 4.595749, total_loss = 152.693954 
v3 (mse loss, Normalizer: (iou: 0.75, cls: 1.00) Region 23 Avg (IOU: 0.273868, GIOU: 0.115399), Class: 0.545929, Obj: 0.388514, No Obj: 0.419567, .5R: 0.000000, .75R: 0.000000, count: 3, class_loss = 393.868225, iou_loss = 3.260376, total_loss = 397.128601 
 total_bbox = 3348, rewritten_bbox = 0.955795 % 
 MJPEG-stream sent. 
Loaded: 0.000054 seconds

 (next mAP calculation at 1856 iterations) 
 143: 274.726074, 319.320679 avg loss, 0.000000 rate, 0.071948 seconds, 1144 images, 2.284070 hours left
v3 (mse loss, Normalizer: (iou: 0.75, cls: 1.00) Region 16 Avg (IOU: 0.478251, GIOU: 0.398488), Class: 0.484444, Obj: 0.539479, No Obj: 0.509623, .5R: 0.500000, .75R: 0.000000, count: 4, class_loss = 148.529297, iou_loss = 3.874237, total_loss = 152.403534 
v3 (mse loss, Normalizer: (iou: 0.75, cls: 1.00) Region 23 Avg (IOU: 0.305558, GIOU: 0.087197), Class: 0.310303, Obj: 0.399959, No Obj: 0.416010, .5R: 0.000000, .75R: 0.000000, count: 2, class_loss = 385.963562, iou_loss = 3.716522, total_loss = 389.680084 
 total_bbox = 3354, rewritten_bbox = 0.954085 % 
v3 (mse loss, Normalizer: (iou: 0.75, cls: 1.00) Region 16 Avg (IOU: 0.523706, GIOU: 0.521786), Class: 0.560069, Obj: 0.620973, No Obj: 0.508104, .5R: 0.500000, .75R: 0.000000, count: 2, class_loss = 141.029190, iou_loss = 0.620361, total_loss = 141.649551 
v3 (mse loss, Normalizer: (iou: 0.75, cls: 1.00) Region 23 Avg (IOU: 0.000000, GIOU: 0.000000), Class: 0.000000, Obj: 0.000000, No Obj: 0.420204, .5R: 0.000000, .75R: 0.000000, count: 1, class_loss = 386.839294, iou_loss = 0.000000, total_loss = 386.839294 
 total_bbox = 3356, rewritten_bbox = 0.953516 % 
v3 (mse loss, Normalizer: (iou: 0.75, cls: 1.00) Region 16 Avg (IOU: 0.675131, GIOU: 0.623927), Class: 0.571514, Obj: 0.562670, No Obj: 0.508989, .5R: 0.500000, .75R: 0.500000, count: 2, class_loss = 142.798706, iou_loss = 0.665436, total_loss = 143.464142 
v3 (mse loss, Normalizer: (iou: 0.75, cls: 1.00) Region 23 Avg (IOU: 0.448802, GIOU: 0.401269), Class: 0.617583, Obj: 0.545035, No Obj: 0.419138, .5R: 0.300000, .75R: 0.100000, count: 10, class_loss = 411.442841, iou_loss = 7.330139, total_loss = 418.772980 
 total_bbox = 3368, rewritten_bbox = 0.950119 % 
v3 (mse loss, Normalizer: (iou: 0.75, cls: 1.00) Region 16 Avg (IOU: 0.415908, GIOU: 0.415908), Class: 0.541317, Obj: 0.540138, No Obj: 0.510747, .5R: 0.000000, .75R: 0.000000, count: 2, class_loss = 143.204941, iou_loss = 1.073029, total_loss = 144.277969 
v3 (mse loss, Normalizer: (iou: 0.75, cls: 1.00) Region 23 Avg (IOU: 0.000000, GIOU: 0.000000), Class: 0.000000, Obj: 0.000000, No Obj: 0.420956, .5R: 0.000000, .75R: 0.000000, count: 1, class_loss = 387.468384, iou_loss = 0.000000, total_loss = 387.468384 
 total_bbox = 3370, rewritten_bbox = 0.949555 % 
 MJPEG-stream sent. 
Loaded: 0.000050 seconds

 (next mAP calculation at 1856 iterations) 
 144: 270.569489, 314.445557 avg loss, 0.000000 rate, 0.072151 seconds, 1152 images, 2.277203 hours left
v3 (mse loss, Normalizer: (iou: 0.75, cls: 1.00) Region 16 Avg (IOU: 0.299624, GIOU: 0.299624), Class: 0.502195, Obj: 0.595848, No Obj: 0.506966, .5R: 0.333333, .75R: 0.000000, count: 3, class_loss = 143.300735, iou_loss = 4.535172, total_loss = 147.835907 
v3 (mse loss, Normalizer: (iou: 0.75, cls: 1.00) Region 23 Avg (IOU: 0.269781, GIOU: 0.110530), Class: 0.574077, Obj: 0.386808, No Obj: 0.420008, .5R: 0.250000, .75R: 0.000000, count: 4, class_loss = 397.522095, iou_loss = 19.672180, total_loss = 417.194275 
 total_bbox = 3377, rewritten_bbox = 0.947587 % 
v3 (mse loss, Normalizer: (iou: 0.75, cls: 1.00) Region 16 Avg (IOU: 0.516972, GIOU: 0.482389), Class: 0.407708, Obj: 0.556516, No Obj: 0.507899, .5R: 1.000000, .75R: 0.000000, count: 2, class_loss = 141.940048, iou_loss = 0.858307, total_loss = 142.798355 
v3 (mse loss, Normalizer: (iou: 0.75, cls: 1.00) Region 23 Avg (IOU: 0.224467, GIOU: -0.040035), Class: 0.630317, Obj: 0.298199, No Obj: 0.415417, .5R: 0.000000, .75R: 0.000000, count: 2, class_loss = 386.883881, iou_loss = 4.666504, total_loss = 391.550385 
 total_bbox = 3381, rewritten_bbox = 0.946466 % 
v3 (mse loss, Normalizer: (iou: 0.75, cls: 1.00) Region 16 Avg (IOU: 0.766916, GIOU: 0.766916), Class: 0.353518, Obj: 0.732697, No Obj: 0.508714, .5R: 1.000000, .75R: 1.000000, count: 1, class_loss = 140.062302, iou_loss = 0.114273, total_loss = 140.176575 
v3 (mse loss, Normalizer: (iou: 0.75, cls: 1.00) Region 23 Avg (IOU: 0.520678, GIOU: 0.480080), Class: 0.521995, Obj: 0.324016, No Obj: 0.415825, .5R: 0.400000, .75R: 0.200000, count: 5, class_loss = 395.600464, iou_loss = 3.255676, total_loss = 398.856140 
 total_bbox = 3387, rewritten_bbox = 0.944789 % 
v3 (mse loss, Normalizer: (iou: 0.75, cls: 1.00) Region 16 Avg (IOU: 0.443441, GIOU: 0.413599), Class: 0.372620, Obj: 0.442793, No Obj: 0.509426, .5R: 0.500000, .75R: 0.250000, count: 4, class_loss = 149.030518, iou_loss = 6.087555, total_loss = 155.118073 
v3 (mse loss, Normalizer: (iou: 0.75, cls: 1.00) Region 23 Avg (IOU: 0.357712, GIOU: 0.169228), Class: 0.509153, Obj: 0.465112, No Obj: 0.416623, .5R: 0.142857, .75R: 0.000000, count: 7, class_loss = 399.532990, iou_loss = 9.972168, total_loss = 409.505157 
 total_bbox = 3398, rewritten_bbox = 0.941730 % 
 MJPEG-stream sent. 
Loaded: 0.000058 seconds

 (next mAP calculation at 1856 iterations) 
 145: 275.379364, 310.538940 avg loss, 0.000000 rate, 0.072637 seconds, 1160 images, 2.270450 hours left
v3 (mse loss, Normalizer: (iou: 0.75, cls: 1.00) Region 16 Avg (IOU: 0.327450, GIOU: 0.083287), Class: 0.576750, Obj: 0.518273, No Obj: 0.507155, .5R: 0.333333, .75R: 0.000000, count: 3, class_loss = 143.942123, iou_loss = 4.643753, total_loss = 148.585876 
v3 (mse loss, Normalizer: (iou: 0.75, cls: 1.00) Region 23 Avg (IOU: 0.321614, GIOU: 0.116703), Class: 0.553541, Obj: 0.164343, No Obj: 0.413739, .5R: 0.000000, .75R: 0.000000, count: 3, class_loss = 386.673950, iou_loss = 5.075928, total_loss = 391.749878 
 total_bbox = 3404, rewritten_bbox = 0.940071 % 
